# CCD id	type	mon_nstd_parent_comp_id  (source: https://files.wwpdb.org/pub/pdb/data/monomers/components.cif.gz)
000	NON-POLYMER	?
001	NON-POLYMER	?
002	NON-POLYMER	?
003	NON-POLYMER	?
004	L-PEPTIDE LINKING	?
005	peptide-like	?
006	peptide-like	?
007	NON-POLYMER	?
008	NON-POLYMER	?
009	NON-POLYMER	?
00A	NON-POLYMER	A
00B	L-PEPTIDE LINKING	?
00C	D-PEPTIDE LINKING	?
00D	NON-POLYMER	?
00E	PEPTIDE LINKING	?
00F	peptide-like	?
00G	NON-POLYMER	?
00H	peptide-like	?
00I	peptide-like	?
00J	non-polymer	?
00K	peptide-like	?
00L	peptide-like	?
00M	peptide-like	?
00N	peptide-like	?
00O	D-PEPTIDE LINKING	?
00P	peptide-like	?
00Q	peptide-like	?
00R	peptide-like	?
00S	NON-POLYMER	?
00T	NON-POLYMER	?
00U	peptide-like	?
00V	peptide-like	?
00W	peptide-like	?
00X	NON-POLYMER	?
00Y	peptide-like	?
010	NON-POLYMER	?
011	peptide-like	?
012	NON-POLYMER	?
013	NON-POLYMER	?
014	NON-POLYMER	?
015	peptide-like	?
016	peptide-like	?
017	NON-POLYMER	?
018	NON-POLYMER	?
019	peptide-like	?
01A	NON-POLYMER	?
01B	PEPTIDE-LIKE	?
01C	peptide-like	?
01E	peptide-like	?
01F	NON-POLYMER	?
01G	NON-POLYMER	?
01H	NON-POLYMER	?
01I	NON-POLYMER	?
01J	peptide-like	?
01K	NON-POLYMER	?
01L	peptide-like	?
01M	peptide-like	?
01N	D-PEPTIDE LINKING	?
01O	NON-POLYMER	?
01P	NON-POLYMER	?
01Q	NON-POLYMER	?
01R	NON-POLYMER	?
01S	peptide-like	?
01T	NON-POLYMER	?
01U	NON-POLYMER	?
01V	NON-POLYMER	?
01W	L-PEPTIDE LINKING	?
01X	peptide-like	?
01Y	NON-POLYMER	?
01Z	NON-POLYMER	?
020	NON-POLYMER	?
021	peptide-like	?
022	NON-POLYMER	?
023	non-polymer	?
024	NON-POLYMER	?
025	NON-POLYMER	?
026	NON-POLYMER	?
027	NON-POLYMER	?
028	NON-POLYMER	?
029	peptide-like	?
02A	L-PEPTIDE LINKING	?
02B	NON-POLYMER	?
02C	NON-POLYMER	?
02D	NON-POLYMER	?
02E	NON-POLYMER	?
02F	NON-POLYMER	?
02G	NON-POLYMER	?
02H	NON-POLYMER	?
02I	DNA LINKING	?
02J	PEPTIDE-LIKE	?
02K	PEPTIDE LINKING	ALA
02L	L-PEPTIDE LINKING	ASN
02N	NON-POLYMER	?
02O	L-PEPTIDE LINKING	ALA
02P	peptide-like	?
02Q	NON-POLYMER	?
02R	NON-POLYMER	?
02S	NON-POLYMER	?
02T	NON-POLYMER	?
02U	NON-POLYMER	?
02V	L-PEPTIDE LINKING	?
02W	NON-POLYMER	?
02X	NON-POLYMER	?
02Y	L-PEPTIDE LINKING	ALA
02Z	NON-POLYMER	?
030	NON-POLYMER	?
031	NON-POLYMER	?
032	NON-POLYMER	?
033	NON-POLYMER	VAL
034	NON-POLYMER	?
035	NON-POLYMER	?
036	NON-POLYMER	?
037	L-PEPTIDE LINKING	PRO
038	peptide-like	?
039	NON-POLYMER	?
03A	NON-POLYMER	?
03B	NON-POLYMER	?
03C	NON-POLYMER	?
03D	NON-POLYMER	?
03E	PEPTIDE LINKING	?
03F	NON-POLYMER	?
03G	NON-POLYMER	?
03H	NON-POLYMER	?
03I	NON-POLYMER	?
03J	NON-POLYMER	?
03K	NON-POLYMER	?
03L	NON-POLYMER	?
03M	NON-POLYMER	?
03N	NON-POLYMER	?
03O	NON-POLYMER	?
03P	NON-POLYMER	?
03Q	NON-POLYMER	?
03R	NON-POLYMER	?
03S	NON-POLYMER	?
03T	NON-POLYMER	?
03U	NON-POLYMER	?
03V	NON-POLYMER	?
03W	NON-POLYMER	?
03X	NON-POLYMER	?
03Y	L-PEPTIDE LINKING	CYS
03Z	NON-POLYMER	?
040	NON-POLYMER	?
041	NON-POLYMER	?
042	NON-POLYMER	?
043	NON-POLYMER	?
044	NON-POLYMER	?
045	saccharide	?
046	NON-POLYMER	?
047	NON-POLYMER	?
048	NON-POLYMER	?
049	NON-POLYMER	?
04A	NON-POLYMER	?
04B	NON-POLYMER	?
04C	peptide-like	?
04D	NON-POLYMER	?
04E	NON-POLYMER	?
04F	NON-POLYMER	?
04G	NON-POLYMER	?
04H	non-polymer	?
04J	NON-POLYMER	?
04K	NON-POLYMER	?
04L	NON-POLYMER	?
04M	NON-POLYMER	?
04N	NON-POLYMER	?
04O	NON-POLYMER	?
04P	non-polymer	?
04Q	PEPTIDE LINKING	?
04R	peptide linking	?
04S	NON-POLYMER	?
04T	NON-POLYMER	?
04U	L-PEPTIDE LINKING	PRO
04V	L-PEPTIDE LINKING	PRO
04W	NON-POLYMER	?
04X	L-PEPTIDE LINKING	?
04Y	non-polymer	?
04Z	NON-POLYMER	?
051	non-polymer	?
052	NON-POLYMER	?
053	NON-POLYMER	?
054	NON-POLYMER	?
055	NON-POLYMER	?
056	NON-POLYMER	?
057	NON-POLYMER	?
058	NON-POLYMER	?
059	NON-POLYMER	?
05A	DNA linking	DT, DT
05B	NON-POLYMER	?
05C	non-polymer	?
05D	non-polymer	?
05E	non-polymer	?
05F	non-polymer	?
05G	non-polymer	?
05H	DNA linking	DT, DT
05I	non-polymer	?
05J	non-polymer	?
05K	DNA linking	DT, DT
05L	D-saccharide	?
05M	non-polymer	?
05N	L-PEPTIDE LINKING	PRO
05O	L-peptide linking	?
05Q	non-polymer	?
05R	NON-POLYMER	?
05S	NON-POLYMER	?
05T	NON-POLYMER	?
05U	NON-POLYMER	?
05W	non-polymer	?
05X	non-polymer	?
05Y	non-polymer	?
05Z	non-polymer	?
060	D-peptide linking	?
061	NON-POLYMER	?
062	NON-POLYMER	?
063	NON-POLYMER	?
064	NON-POLYMER	?
065	NON-POLYMER	?
066	NON-POLYMER	?
067	NON-POLYMER	?
068	non-polymer	?
069	non-polymer	?
06A	non-polymer	?
06B	NON-POLYMER	?
06C	NON-POLYMER	?
06D	non-polymer	?
06E	non-polymer	?
06F	NON-POLYMER	?
06G	non-polymer	?
06H	NON-POLYMER	?
06I	non-polymer	?
06J	NON-POLYMER	?
06K	non-polymer	?
06L	non-polymer	?
06M	non-polymer	?
06N	non-polymer	?
06O	non-polymer	?
06P	peptide-like	?
06Q	non-polymer	?
06R	NON-POLYMER	?
06S	NON-POLYMER	?
06T	NON-POLYMER	?
06U	NON-POLYMER	?
06V	NON-POLYMER	?
06W	NON-POLYMER	?
06X	NON-POLYMER	?
06Y	NON-POLYMER	?
06Z	NON-POLYMER	?
070	NON-POLYMER	?
071	NON-POLYMER	?
072	NON-POLYMER	?
073	NON-POLYMER	?
074	PEPTIDE-LIKE	?
075	peptide-like	?
076	PEPTIDE-LIKE	?
077	non-polymer	?
078	NON-POLYMER	?
079	PEPTIDE-LIKE	?
07B	non-polymer	?
07C	non-polymer	?
07D	non-polymer	?
07E	D-saccharide	XYP
07F	non-polymer	?
07G	NON-POLYMER	?
07H	NON-POLYMER	?
07I	non-polymer	?
07J	NON-POLYMER	?
07K	NON-POLYMER	?
07L	NON-POLYMER	?
07M	NON-POLYMER	?
07N	NON-POLYMER	?
07O	L-PEPTIDE LINKING	CYS
07P	NON-POLYMER	?
07Q	NON-POLYMER	?
07R	NON-POLYMER	?
07S	NON-POLYMER	?
07T	NON-POLYMER	?
07U	NON-POLYMER	?
07V	NON-POLYMER	?
07Y	saccharide	?
07Z	NON-POLYMER	?
082	NON-POLYMER	?
083	non-polymer	?
084	NON-POLYMER	?
085	NON-POLYMER	?
087	NON-POLYMER	?
088	NON-POLYMER	?
08A	NON-POLYMER	?
08B	NON-POLYMER	?
08C	non-polymer	?
08D	NON-POLYMER	?
08E	NON-POLYMER	?
08F	NON-POLYMER	?
08G	non-polymer	?
08H	NON-POLYMER	?
08I	non-polymer	?
08J	NON-POLYMER	?
08K	NON-POLYMER	?
08L	peptide-like	?
08M	L-PEPTIDE LINKING	?
08N	non-polymer	?
08O	non-polymer	?
08P	D-PEPTIDE LINKING	DCY
08Q	NON-POLYMER	?
08R	NON-POLYMER	?
08S	non-polymer	?
08T	NON-POLYMER	?
08U	L-saccharide, beta linking	?
08V	non-polymer	?
08W	NON-POLYMER	?
08X	peptide-like	?
08Y	NON-POLYMER	?
08Z	NON-POLYMER	?
090	NON-POLYMER	?
091	NON-POLYMER	?
092	NON-POLYMER	?
093	NON-POLYMER	?
094	NON-POLYMER	?
095	NON-POLYMER	?
096	NON-POLYMER	?
097	NON-POLYMER	?
098	NON-POLYMER	?
099	NON-POLYMER	?
09A	NON-POLYMER	?
09B	NON-POLYMER	?
09C	NON-POLYMER	?
09D	NON-POLYMER	?
09E	NON-POLYMER	?
09F	NON-POLYMER	?
09G	NON-POLYMER	?
09H	NON-POLYMER	?
09I	NON-POLYMER	?
09J	NON-POLYMER	?
09K	NON-POLYMER	?
09L	NON-POLYMER	?
09M	NON-POLYMER	?
09N	NON-POLYMER	?
09O	NON-POLYMER	?
09P	NON-POLYMER	?
09Q	NON-POLYMER	?
09R	NON-POLYMER	?
09S	NON-POLYMER	?
09T	NON-POLYMER	?
09U	NON-POLYMER	?
09V	NON-POLYMER	?
09W	non-polymer	?
09X	L-saccharide, alpha linking	?
09Y	non-polymer	?
09Z	NON-POLYMER	?
0A	L-RNA LINKING	?
0A0	L-PEPTIDE LINKING	ASP
0A1	L-PEPTIDE LINKING	TYR
0A2	L-PEPTIDE LINKING	LYS
0A3	NON-POLYMER	?
0A4	NON-POLYMER	?
0A5	NON-POLYMER	?
0A6	NON-POLYMER	?
0A7	NON-POLYMER	?
0A8	L-PEPTIDE LINKING	CYS
0A9	L-PEPTIDE LINKING	PHE
0AA	L-PEPTIDE LINKING	VAL
0AB	L-PEPTIDE LINKING	VAL
0AC	L-PEPTIDE LINKING	GLY
0AD	DNA LINKING	DG
0AE	non-polymer	?
0AF	L-PEPTIDE LINKING	TRP
0AG	peptide-like	LEU
0AH	L-PEPTIDE LINKING	SER
0AI	NON-POLYMER	?
0AJ	NON-POLYMER	?
0AK	L-PEPTIDE LINKING	ASP
0AL	NON-POLYMER	?
0AM	DNA LINKING	DA
0AN	non-polymer	?
0AO	NON-POLYMER	?
0AP	DNA LINKING	DC
0AQ	non-polymer	?
0AR	L-PEPTIDE LINKING	ARG
0AS	NON-POLYMER	?
0AT	D-SACCHARIDE	?
0AU	DNA LINKING	DU
0AV	DNA LINKING	DA
0AW	non-polymer	?
0AX	non-polymer	?
0AY	peptide-like	?
0AZ	D-PEPTIDE LINKING	?
0B0	non-polymer	?
0B1	NON-POLYMER	?
0B2	NON-POLYMER	?
0B3	NON-POLYMER	?
0B4	NON-POLYMER	?
0B5	NON-POLYMER	?
0B6	NON-POLYMER	?
0B7	non-polymer	?
0B8	non-polymer	?
0B9	non-polymer	?
0BA	non-polymer	?
0BB	NON-POLYMER	?
0BC	NON-POLYMER	?
0BD	D-saccharide	?
0BE	NON-POLYMER	?
0BF	non-polymer	?
0BG	non-polymer	?
0BH	non-polymer	?
0BI	NON-POLYMER	?
0BJ	non-polymer	?
0BK	non-polymer	?
0BL	non-polymer	?
0BM	NON-POLYMER	?
0BN	L-PEPTIDE LINKING	PHE
0BO	non-polymer	?
0BP	NON-POLYMER	?
0BQ	non-polymer	?
0BR	NON-POLYMER	?
0BS	non-polymer	?
0BT	NON-POLYMER	?
0BU	NON-POLYMER	?
0BV	NON-POLYMER	?
0BW	NON-POLYMER	?
0BX	NON-POLYMER	?
0BY	NON-POLYMER	?
0BZ	NON-POLYMER	?
0C	L-RNA LINKING	?
0C0	NON-POLYMER	?
0C1	NON-POLYMER	?
0C2	NON-POLYMER	?
0C3	NON-POLYMER	?
0C4	NON-POLYMER	?
0C5	NON-POLYMER	?
0C6	NON-POLYMER	?
0C7	NON-POLYMER	?
0C8	NON-POLYMER	?
0C9	NON-POLYMER	?
0CA	NON-POLYMER	?
0CB	NON-POLYMER	?
0CC	non-polymer	?
0CE	NON-POLYMER	?
0CG	NON-POLYMER	?
0CH	NON-POLYMER	?
0CI	non-polymer	?
0CJ	NON-POLYMER	?
0CK	NON-POLYMER	?
0CL	NON-POLYMER	?
0CM	NON-POLYMER	?
0CN	NON-POLYMER	?
0CO	NON-POLYMER	?
0CP	NON-POLYMER	?
0CR	NON-POLYMER	?
0CS	L-PEPTIDE LINKING	ALA
0CT	NON-POLYMER	?
0CU	NON-POLYMER	?
0CV	NON-POLYMER	?
0CX	NON-POLYMER	?
0CZ	NON-POLYMER	?
0D1	NON-POLYMER	?
0D2	NON-POLYMER	?
0D3	peptide-like	?
0D6	peptide-like	?
0D8	NON-POLYMER	?
0DA	L-DNA LINKING	?
0DB	peptide-like	?
0DC	L-DNA LINKING	?
0DF	NON-POLYMER	?
0DG	L-DNA LINKING	?
0DI	NON-POLYMER	?
0DJ	NON-POLYMER	?
0DN	NON-POLYMER	?
0DO	peptide-like	?
0DQ	NON-POLYMER	?
0DS	peptide-like	?
0DT	L-DNA LINKING	?
0DU	NON-POLYMER	?
0DV	NON-POLYMER	?
0DX	NON-POLYMER	?
0DY	peptide-like	?
0E0	NON-POLYMER	?
0E1	NON-POLYMER	?
0E5	L-PEPTIDE LINKING	THR
0E6	peptide-like	?
0E7	peptide-like	?
0E8	peptide-like	?
0E9	peptide-like	?
0EA	L-PEPTIDE LINKING	TYR
0EC	NON-POLYMER	?
0ED	peptide-like	?
0EF	peptide-like	?
0EG	peptide-like	?
0EH	D-PEPTIDE LINKING	?
0EI	non-polymer	?
0EJ	NON-POLYMER	?
0EK	peptide-like	?
0EL	peptide-like	?
0EM	peptide-like	?
0EN	NON-POLYMER	?
0EO	peptide-like	?
0ER	non-polymer	?
0ET	NON-POLYMER	?
0EU	NON-POLYMER	?
0EV	NON-POLYMER	?
0EW	non-polymer	?
0EX	NON-POLYMER	?
0EY	NON-POLYMER	?
0EZ	peptide-like	?
0F0	NON-POLYMER	?
0F1	NON-POLYMER	?
0F2	non-polymer	?
0F3	NON-POLYMER	?
0F4	NON-POLYMER	?
0F5	non-polymer	?
0F7	peptide-like	?
0F9	NON-POLYMER	?
0FA	peptide-like	?
0FG	peptide-like	?
0FI	NON-POLYMER	?
0FK	NON-POLYMER	?
0FL	L-PEPTIDE LINKING	ALA
0FN	NON-POLYMER	?
0FO	NON-POLYMER	?
0FP	peptide-like	?
0FQ	NON-POLYMER	?
0FR	NON-POLYMER	?
0FS	NON-POLYMER	?
0FT	NON-POLYMER	?
0FU	NON-POLYMER	?
0FV	NON-POLYMER	?
0FW	NON-POLYMER	?
0FX	NON-POLYMER	?
0FY	NON-POLYMER	?
0FZ	NON-POLYMER	?
0G	L-RNA LINKING	?
0G0	NON-POLYMER	?
0G1	NON-POLYMER	?
0G2	NON-POLYMER	?
0G3	non-polymer	?
0G4	NON-POLYMER	?
0G5	L-PEPTIDE LINKING	?
0G6	peptide-like	?
0G7	peptide-like	?
0G8	NON-POLYMER	?
0GA	NON-POLYMER	?
0GD	non-polymer	?
0GE	peptide-like	?
0GF	NON-POLYMER	?
0GG	D-PEPTIDE LINKING	?
0GH	NON-POLYMER	?
0GI	non-polymer	?
0GJ	peptide-like	?
0GM	peptide-like	?
0GO	NON-POLYMER	?
0GQ	peptide-like	?
0GR	peptide-like	?
0GS	NON-POLYMER	?
0GT	NON-POLYMER	?
0GU	NON-POLYMER	?
0GV	NON-POLYMER	?
0GW	non-polymer	?
0GX	NON-POLYMER	?
0GY	NON-POLYMER	?
0GZ	NON-POLYMER	?
0H0	saccharide	SIA
0H1	non-polymer	?
0H2	NON-POLYMER	?
0H3	NON-POLYMER	?
0H4	NON-POLYMER	?
0H5	NON-POLYMER	?
0H6	NON-POLYMER	?
0H7	NON-POLYMER	?
0H8	peptide-like	?
0H9	NON-POLYMER	?
0HD	NON-POLYMER	?
0HG	peptide-like	?
0HH	peptide-like	?
0HJ	non-polymer	?
0HK	NON-POLYMER	?
0HL	NON-POLYMER	?
0HM	NON-POLYMER	?
0HN	NON-POLYMER	?
0HO	NON-POLYMER	?
0HP	non-polymer	?
0HQ	NON-POLYMER	?
0HT	peptide-like	?
0HV	NON-POLYMER	?
0HW	peptide-like	?
0HX	L-saccharide	?
0HY	NON-POLYMER	?
0HZ	peptide-like	?
0I0	non-polymer	?
0I1	non-polymer	?
0I2	non-polymer	?
0I3	non-polymer	?
0I5	peptide-like	?
0I6	non-polymer	?
0I7	non-polymer	?
0IC	non-polymer	?
0IE	non-polymer	?
0IF	non-polymer	?
0IG	non-polymer	?
0IH	non-polymer	?
0IL	NON-POLYMER	?
0IM	non-polymer	?
0IN	NON-POLYMER	?
0IP	non-polymer	?
0IT	peptide-like	?
0IU	NON-POLYMER	?
0IV	peptide-like	?
0IW	peptide-like	?
0IZ	non-polymer	?
0J0	NON-POLYMER	?
0J1	non-polymer	?
0J2	NON-POLYMER	?
0J3	NON-POLYMER	?
0J4	NON-POLYMER	?
0J5	NON-POLYMER	?
0J6	NON-POLYMER	?
0J7	NON-POLYMER	?
0J8	NON-POLYMER	?
0J9	NON-POLYMER	?
0JA	NON-POLYMER	?
0JB	NON-POLYMER	?
0JC	NON-POLYMER	?
0JD	NON-POLYMER	?
0JE	NON-POLYMER	?
0JF	NON-POLYMER	?
0JG	NON-POLYMER	?
0JH	NON-POLYMER	?
0JI	non-polymer	?
0JJ	NON-POLYMER	?
0JK	NON-POLYMER	?
0JL	NON-POLYMER	?
0JM	NON-POLYMER	?
0JN	NON-POLYMER	?
0JO	NON-POLYMER	?
0JP	NON-POLYMER	?
0JQ	NON-POLYMER	?
0JR	NON-POLYMER	?
0JS	non-polymer	?
0JT	PEPTIDE-LIKE	?
0JU	NON-POLYMER	?
0JV	NON-POLYMER	?
0JW	NON-POLYMER	?
0JX	NON-POLYMER	?
0JY	NON-POLYMER	?
0JZ	NON-POLYMER	?
0K0	NON-POLYMER	?
0K1	NON-POLYMER	?
0K2	NON-POLYMER	?
0K3	NON-POLYMER	?
0K5	NON-POLYMER	?
0K6	NON-POLYMER	?
0K7	NON-POLYMER	?
0K8	non-polymer	?
0K9	NON-POLYMER	?
0KA	NON-POLYMER	?
0KB	NON-POLYMER	?
0KC	NON-POLYMER	?
0KD	NON-POLYMER	?
0KE	NON-POLYMER	?
0KF	NON-POLYMER	?
0KG	NON-POLYMER	?
0KH	NON-POLYMER	?
0KI	non-polymer	?
0KJ	NON-POLYMER	?
0KK	NON-POLYMER	?
0KL	NON-POLYMER	?
0KM	NON-POLYMER	?
0KN	NON-POLYMER	?
0KO	NON-POLYMER	?
0KP	NON-POLYMER	?
0KQ	NON-POLYMER	?
0KR	NON-POLYMER	?
0KS	NON-POLYMER	?
0KT	NON-POLYMER	?
0KU	NON-POLYMER	?
0KV	peptide-like	?
0KW	NON-POLYMER	?
0KX	NON-POLYMER	?
0KY	NON-POLYMER	?
0KZ	DNA LINKING	?
0L0	NON-POLYMER	?
0L1	NON-POLYMER	?
0L3	NON-POLYMER	?
0L4	NON-POLYMER	?
0L5	NON-POLYMER	?
0L6	NON-POLYMER	?
0L7	NON-POLYMER	?
0L8	NON-POLYMER	?
0L9	NON-POLYMER	?
0LA	NON-POLYMER	?
0LB	NON-POLYMER	?
0LC	NON-POLYMER	?
0LD	NON-POLYMER	?
0LF	L-PEPTIDE LINKING	PRO
0LG	NON-POLYMER	?
0LH	NON-POLYMER	?
0LI	NON-POLYMER	?
0LJ	NON-POLYMER	?
0LK	NON-POLYMER	?
0LL	NON-POLYMER	?
0LM	NON-POLYMER	?
0LN	NON-POLYMER	?
0LO	NON-POLYMER	?
0LP	L-saccharide	?
0LQ	NON-POLYMER	?
0LR	NON-POLYMER	?
0LS	NON-POLYMER	?
0LT	NON-POLYMER	?
0LU	NON-POLYMER	?
0LV	NON-POLYMER	?
0LW	NON-POLYMER	?
0LX	NON-POLYMER	?
0LY	NON-POLYMER	?
0LZ	NON-POLYMER	?
0M1	NON-POLYMER	?
0M2	NON-POLYMER	?
0M3	NON-POLYMER	?
0M4	NON-POLYMER	?
0M5	NON-POLYMER	?
0M6	NON-POLYMER	?
0M7	NON-POLYMER	?
0M8	NON-POLYMER	?
0M9	NON-POLYMER	?
0MA	NON-POLYMER	?
0MB	NON-POLYMER	?
0MC	NON-POLYMER	?
0MD	NON-POLYMER	?
0ME	NON-POLYMER	?
0MF	NON-POLYMER	?
0MG	peptide-like	?
0MH	NON-POLYMER	?
0MI	non-polymer	?
0MJ	NON-POLYMER	?
0MK	L-saccharide, beta linking	?
0ML	peptide-like	?
0MM	NON-POLYMER	?
0MN	NON-POLYMER	?
0MO	NON-POLYMER	?
0MP	NON-POLYMER	?
0MQ	NON-POLYMER	?
0MR	NON-POLYMER	?
0MS	NON-POLYMER	?
0MT	NON-POLYMER	?
0MU	D-peptide linking	?
0MV	NON-POLYMER	?
0MW	NON-POLYMER	?
0MX	NON-POLYMER	?
0MY	NON-POLYMER	?
0MZ	NON-POLYMER	?
0N0	NON-POLYMER	?
0N1	NON-POLYMER	?
0N2	NON-POLYMER	?
0N3	NON-POLYMER	?
0N4	NON-POLYMER	?
0N5	NON-POLYMER	?
0N6	NON-POLYMER	?
0N7	NON-POLYMER	?
0N8	NON-POLYMER	?
0N9	NON-POLYMER	?
0NA	NON-POLYMER	?
0NB	NON-POLYMER	?
0NC	L-peptide NH3 amino terminus	ALA
0ND	NON-POLYMER	?
0NE	NON-POLYMER	?
0NF	NON-POLYMER	?
0NG	NON-POLYMER	?
0NH	NON-POLYMER	?
0NI	non-polymer	?
0NJ	NON-POLYMER	?
0NK	NON-POLYMER	?
0NL	NON-POLYMER	?
0NM	NON-POLYMER	?
0NN	NON-POLYMER	?
0NP	NON-POLYMER	?
0NQ	NON-POLYMER	?
0NR	NON-POLYMER	?
0NS	NON-POLYMER	?
0NT	NON-POLYMER	?
0NU	NON-POLYMER	?
0NV	NON-POLYMER	?
0NW	NON-POLYMER	?
0NX	NON-POLYMER	?
0NY	NON-POLYMER	?
0NZ	D-saccharide, beta linking	?
0O0	non-polymer	?
0O1	NON-POLYMER	?
0O2	NON-POLYMER	?
0O3	NON-POLYMER	?
0O4	NON-POLYMER	?
0O5	NON-POLYMER	?
0O6	NON-POLYMER	?
0O7	NON-POLYMER	?
0O8	NON-POLYMER	?
0O9	NON-POLYMER	?
0OA	NON-POLYMER	?
0OB	NON-POLYMER	?
0OC	NON-POLYMER	?
0OD	NON-POLYMER	?
0OE	NON-POLYMER	?
0OF	NON-POLYMER	?
0OG	NON-POLYMER	?
0OH	NON-POLYMER	?
0OI	non-polymer	?
0OJ	NON-POLYMER	?
0OK	NON-POLYMER	?
0OL	NON-POLYMER	?
0OM	NON-POLYMER	?
0ON	NON-POLYMER	?
0OO	NON-POLYMER	?
0OP	NON-POLYMER	?
0OQ	NON-POLYMER	?
0OR	NON-POLYMER	?
0OS	NON-POLYMER	?
0OT	NON-POLYMER	?
0OU	NON-POLYMER	?
0OV	NON-POLYMER	?
0OW	NON-POLYMER	?
0OX	NON-POLYMER	?
0OY	NON-POLYMER	?
0P0	peptide-like	?
0P1	peptide-like	?
0P2	peptide-like	?
0P4	NON-POLYMER	?
0P5	NON-POLYMER	?
0P6	NON-POLYMER	?
0P8	NON-POLYMER	?
0PA	NON-POLYMER	?
0PC	peptide-like	?
0PF	NON-POLYMER	?
0PI	peptide-like	?
0PJ	peptide-like	?
0PK	peptide-like	?
0PL	NON-POLYMER	?
0PO	peptide-like	?
0PP	peptide-like	?
0PQ	peptide-like	?
0PR	L-PEPTIDE LINKING	TYR
0PX	peptide-like	?
0PY	NON-POLYMER	?
0PZ	NON-POLYMER	?
0Q1	NON-POLYMER	?
0Q2	NON-POLYMER	?
0Q4	peptide-like	?
0Q5	NON-POLYMER	?
0Q6	non-polymer	?
0QA	NON-POLYMER	?
0QB	NON-POLYMER	?
0QE	NON-POLYMER	?
0QF	peptide-like	?
0QG	peptide-like	?
0QH	peptide-like	?
0QI	peptide-like	?
0QJ	NON-POLYMER	?
0QK	NON-POLYMER	?
0QL	L-PEPTIDE LINKING	CYS
0QN	peptide-like	?
0QQ	non-polymer	?
0QR	NON-POLYMER	?
0QS	peptide-like	?
0QV	NON-POLYMER	?
0QW	NON-POLYMER	?
0QX	NON-POLYMER	?
0QY	NON-POLYMER	?
0QZ	D-PEPTIDE LINKING	?
0R0	NON-POLYMER	?
0R1	NON-POLYMER	?
0R2	NON-POLYMER	?
0R3	NON-POLYMER	?
0R4	NON-POLYMER	?
0R5	NON-POLYMER	?
0R6	NON-POLYMER	?
0R7	NON-POLYMER	?
0R8	DNA LINKING	DC
0R9	NON-POLYMER	?
0RA	NON-POLYMER	?
0RB	NON-POLYMER	?
0RC	NON-POLYMER	?
0RD	NON-POLYMER	?
0RE	NON-POLYMER	?
0RF	NON-POLYMER	?
0RI	non-polymer	?
0RJ	L-PEPTIDE LINKING	?
0RK	NON-POLYMER	?
0RM	NON-POLYMER	?
0RN	NON-POLYMER	?
0RO	NON-POLYMER	?
0RP	NON-POLYMER	?
0RQ	NON-POLYMER	?
0RR	NON-POLYMER	?
0RS	NON-POLYMER	?
0RT	NON-POLYMER	?
0RU	NON-POLYMER	?
0RV	NON-POLYMER	?
0RW	NON-POLYMER	?
0RX	NON-POLYMER	?
0RY	NON-POLYMER	?
0RZ	NON-POLYMER	?
0S0	NON-POLYMER	?
0S1	NON-POLYMER	?
0S2	NON-POLYMER	?
0S3	NON-POLYMER	?
0S4	NON-POLYMER	?
0S5	NON-POLYMER	?
0S6	NON-POLYMER	?
0S7	NON-POLYMER	?
0S8	NON-POLYMER	?
0S9	NON-POLYMER	?
0SA	NON-POLYMER	?
0SB	NON-POLYMER	?
0SC	NON-POLYMER	?
0SD	NON-POLYMER	?
0SE	NON-POLYMER	?
0SF	NON-POLYMER	?
0SG	NON-POLYMER	?
0SH	NON-POLYMER	?
0SI	non-polymer	?
0SJ	NON-POLYMER	?
0SK	NON-POLYMER	?
0SL	NON-POLYMER	?
0SM	NON-POLYMER	?
0SN	non-polymer	?
0SO	NON-POLYMER	?
0SP	DNA linking	DA
0SQ	NON-POLYMER	?
0SR	NON-POLYMER	?
0SS	NON-POLYMER	?
0ST	NON-POLYMER	?
0SU	NON-POLYMER	?
0SV	NON-POLYMER	?
0SW	NON-POLYMER	?
0SX	NON-POLYMER	?
0SY	NON-POLYMER	?
0SZ	NON-POLYMER	?
0T0	NON-POLYMER	?
0T1	NON-POLYMER	?
0T2	NON-POLYMER	?
0T3	NON-POLYMER	?
0T4	NON-POLYMER	?
0T5	NON-POLYMER	?
0T6	NON-POLYMER	?
0T7	NON-POLYMER	?
0T8	NON-POLYMER	?
0T9	NON-POLYMER	?
0TA	NON-POLYMER	?
0TB	NON-POLYMER	?
0TD	L-PEPTIDE LINKING	ASP
0TE	NON-POLYMER	?
0TF	NON-POLYMER	?
0TH	D-PEPTIDE LINKING	?
0TI	NON-POLYMER	?
0TJ	NON-POLYMER	?
0TK	NON-POLYMER	?
0TL	non-polymer	?
0TM	NON-POLYMER	?
0TN	NON-POLYMER	?
0TO	NON-POLYMER	?
0TP	NON-POLYMER	?
0TQ	NON-POLYMER	?
0TR	NON-POLYMER	?
0TS	saccharide	?
0TT	NON-POLYMER	?
0TU	NON-POLYMER	?
0TX	NON-POLYMER	?
0TZ	NON-POLYMER	?
0U	L-RNA LINKING	?
0U0	NON-POLYMER	?
0U1	L-RNA LINKING	?
0U3	NON-POLYMER	?
0U4	NON-POLYMER	?
0U5	NON-POLYMER	?
0U6	NON-POLYMER	?
0U7	NON-POLYMER	?
0U8	NON-POLYMER	?
0U9	NON-POLYMER	?
0UA	NON-POLYMER	?
0UB	saccharide	?
0UC	NON-POLYMER	?
0UD	non-polymer	?
0UE	NON-POLYMER	?
0UF	NON-POLYMER	?
0UH	DNA LINKING	DG
0UI	non-polymer	?
0UJ	NON-POLYMER	?
0UK	NON-POLYMER	?
0UL	NON-POLYMER	?
0UM	NON-POLYMER	?
0UN	NON-POLYMER	?
0UO	peptide-like	TRP
0UP	NON-POLYMER	?
0UQ	NON-POLYMER	?
0UR	non-polymer	?
0US	NON-POLYMER	?
0UT	NON-POLYMER	?
0UU	NON-POLYMER	?
0UV	NON-POLYMER	?
0UW	non-polymer	?
0UX	NON-POLYMER	?
0UZ	D-PEPTIDE LINKING	?
0V0	NON-POLYMER	?
0V1	non-polymer	?
0V2	NON-POLYMER	?
0V3	NON-POLYMER	?
0V4	D-saccharide	?
0V5	NON-POLYMER	?
0V6	NON-POLYMER	?
0V7	NON-POLYMER	?
0V8	NON-POLYMER	?
0V9	NON-POLYMER	?
0VA	NON-POLYMER	?
0VB	NON-POLYMER	?
0VC	NON-POLYMER	?
0VD	NON-POLYMER	?
0VE	NON-POLYMER	?
0VF	NON-POLYMER	?
0VG	NON-POLYMER	?
0VH	NON-POLYMER	?
0VI	non-polymer	?
0VJ	NON-POLYMER	?
0VK	NON-POLYMER	?
0VL	non-polymer	?
0VM	NON-POLYMER	?
0VN	NON-POLYMER	?
0VO	NON-POLYMER	?
0VP	NON-POLYMER	?
0VQ	NON-POLYMER	?
0VR	NON-POLYMER	?
0VS	NON-POLYMER	?
0VT	NON-POLYMER	?
0VU	NON-POLYMER	?
0VV	NON-POLYMER	?
0VW	NON-POLYMER	?
0VX	NON-POLYMER	?
0VY	NON-POLYMER	?
0VZ	NON-POLYMER	?
0W0	NON-POLYMER	?
0W1	NON-POLYMER	?
0W2	NON-POLYMER	?
0W3	NON-POLYMER	?
0W4	non-polymer	?
0W5	NON-POLYMER	?
0W6	L-PEPTIDE LINKING	?
0W7	NON-POLYMER	?
0W8	NON-POLYMER	?
0WA	NON-POLYMER	?
0WB	NON-POLYMER	?
0WC	NON-POLYMER	?
0WD	NON-POLYMER	?
0WE	NON-POLYMER	?
0WF	NON-POLYMER	?
0WG	NON-POLYMER	?
0WH	NON-POLYMER	?
0WK	D-saccharide	?
0WL	NON-POLYMER	?
0WM	NON-POLYMER	?
0WN	NON-POLYMER	?
0WO	NON-POLYMER	?
0WP	NON-POLYMER	?
0WQ	non-polymer	?
0WR	NON-POLYMER	?
0WS	NON-POLYMER	?
0WT	NON-POLYMER	?
0WU	NON-POLYMER	?
0WV	NON-POLYMER	?
0WW	NON-POLYMER	?
0WX	NON-POLYMER	?
0WY	NON-POLYMER	?
0WZ	L-PEPTIDE LINKING	TYR
0X0	NON-POLYMER	?
0X1	NON-POLYMER	?
0X2	NON-POLYMER	?
0X3	NON-POLYMER	?
0X5	NON-POLYMER	?
0X6	NON-POLYMER	?
0X7	non-polymer	?
0X8	non-polymer	?
0X9	L-peptide linking	ARG
0XA	NON-POLYMER	?
0XB	NON-POLYMER	?
0XC	NON-POLYMER	?
0XD	NON-POLYMER	?
0XE	NON-POLYMER	?
0XF	NON-POLYMER	?
0XG	NON-POLYMER	?
0XH	NON-POLYMER	?
0XI	non-polymer	?
0XJ	NON-POLYMER	?
0XL	PEPTIDE LINKING	?
0XM	NON-POLYMER	?
0XN	NON-POLYMER	?
0XO	D-PEPTIDE LINKING	?
0XP	NON-POLYMER	?
0XQ	D-PEPTIDE LINKING	?
0XR	NON-POLYMER	?
0XS	NON-POLYMER	?
0XT	NON-POLYMER	?
0XU	NON-POLYMER	?
0XV	NON-POLYMER	?
0XW	NON-POLYMER	?
0XX	NON-POLYMER	?
0XY	D-saccharide, alpha linking	?
0XZ	NON-POLYMER	?
0Y0	NON-POLYMER	?
0Y1	NON-POLYMER	?
0Y2	NON-POLYMER	?
0Y3	NON-POLYMER	?
0Y4	NON-POLYMER	?
0Y5	NON-POLYMER	?
0Y7	NON-POLYMER	?
0Y8	L-PEPTIDE LINKING	PRO
0Y9	PEPTIDE LINKING	?
0YA	NON-POLYMER	?
0YB	NON-POLYMER	?
0YC	NON-POLYMER	?
0YD	NON-POLYMER	?
0YE	NON-POLYMER	?
0YF	NON-POLYMER	?
0YG	L-peptide NH3 amino terminus	TYR,GLY
0YH	NON-POLYMER	?
0YI	non-polymer	?
0YJ	NON-POLYMER	?
0YK	non-polymer	?
0YL	NON-POLYMER	?
0YN	NON-POLYMER	?
0YO	NON-POLYMER	?
0YP	NON-POLYMER	?
0YQ	NON-POLYMER	?
0YR	NON-POLYMER	?
0YS	NON-POLYMER	?
0YT	D-saccharide, beta linking	?
0YU	NON-POLYMER	?
0YV	NON-POLYMER	?
0YW	NON-POLYMER	?
0YX	NON-POLYMER	?
0YY	NON-POLYMER	?
0YZ	NON-POLYMER	?
0Z0	peptide-like	?
0Z1	peptide-like	?
0Z2	peptide-like	?
0Z3	peptide-like	?
0Z4	peptide-like	?
0Z6	peptide-like	?
0Z7	NON-POLYMER	?
0Z9	peptide-like	?
0ZA	NON-POLYMER	?
0ZB	peptide-like	?
0ZC	peptide-like	?
0ZD	NON-POLYMER	?
0ZE	peptide-like	?
0ZG	peptide-like	?
0ZI	peptide-like	?
0ZJ	peptide-like	?
0ZL	peptide-like	?
0ZN	peptide-like	?
0ZO	peptide-like	?
0ZP	peptide-like	?
0ZQ	peptide-like	?
0ZR	peptide-like	?
0ZS	peptide-like	?
0ZT	peptide-like	?
0ZW	peptide-like	?
0ZX	peptide-like	?
0ZY	peptide-like	?
0ZZ	peptide-like	?
100	NON-POLYMER	?
101	NON-POLYMER	?
102	NON-POLYMER	G
103	NON-POLYMER	?
104	NON-POLYMER	?
105	NON-POLYMER	?
106	NON-POLYMER	?
107	NON-POLYMER	?
108	NON-POLYMER	?
109	NON-POLYMER	?
10A	NON-POLYMER	?
10B	NON-POLYMER	?
10C	RNA LINKING	C
10D	NON-POLYMER	?
10E	NON-POLYMER	?
10F	NON-POLYMER	?
10G	NON-POLYMER	?
10H	NON-POLYMER	?
10I	non-polymer	?
10J	NON-POLYMER	?
10K	NON-POLYMER	?
10L	non-polymer	?
10M	D-saccharide	?
10N	NON-POLYMER	?
10O	NON-POLYMER	?
10P	peptide-like	?
10Q	NON-POLYMER	?
10R	NON-POLYMER	?
10S	NON-POLYMER	?
10T	NON-POLYMER	?
10U	peptide-like	?
10V	NON-POLYMER	?
10W	NON-POLYMER	?
10X	NON-POLYMER	?
10Y	NON-POLYMER	?
10Z	NON-POLYMER	?
110	NON-POLYMER	?
111	NON-POLYMER	?
112	NON-POLYMER	?
113	NON-POLYMER	?
114	NON-POLYMER	?
115	NON-POLYMER	?
116	NON-POLYMER	?
117	NON-POLYMER	?
118	NON-POLYMER	?
119	NON-POLYMER	?
11A	NON-POLYMER	?
11B	NON-POLYMER	?
11C	NON-POLYMER	?
11D	NON-POLYMER	?
11E	NON-POLYMER	?
11F	NON-POLYMER	?
11G	NON-POLYMER	?
11H	NON-POLYMER	?
11I	non-polymer	?
11J	NON-POLYMER	?
11K	NON-POLYMER	?
11M	NON-POLYMER	?
11N	NON-POLYMER	?
11O	NON-POLYMER	?
11P	NON-POLYMER	?
11Q	L-PEPTIDE LINKING	PRO
11R	NON-POLYMER	?
11S	NON-POLYMER	?
11U	peptide-like	?
11V	NON-POLYMER	?
11W	L-PEPTIDE LINKING	GLU
11X	NON-POLYMER	?
11Y	NON-POLYMER	?
11Z	NON-POLYMER	?
120	NON-POLYMER	?
121	NON-POLYMER	?
122	NON-POLYMER	?
123	NON-POLYMER	?
124	NON-POLYMER	?
125	RNA LINKING	U
126	RNA LINKING	U
127	RNA LINKING	U
128	non-polymer	?
129	NON-POLYMER	?
12A	RNA LINKING	A
12B	NON-POLYMER	?
12C	NON-POLYMER	?
12D	NON-POLYMER	?
12E	D-saccharide	?
12F	NON-POLYMER	?
12G	NON-POLYMER	?
12H	NON-POLYMER	?
12I	non-polymer	?
12J	NON-POLYMER	?
12K	NON-POLYMER	?
12L	L-PEPTIDE LINKING	PRO
12M	NON-POLYMER	?
12N	NON-POLYMER	?
12O	NON-POLYMER	?
12P	NON-POLYMER	?
12Q	NON-POLYMER	?
12R	NON-POLYMER	?
12S	NON-POLYMER	?
12T	NON-POLYMER	?
12U	NON-POLYMER	?
12V	NON-POLYMER	?
12W	NON-POLYMER	?
12X	L-PEPTIDE LINKING	PRO
12Y	L-PEPTIDE LINKING	PRO
12Z	NON-POLYMER	?
130	NON-POLYMER	?
132	NON-POLYMER	?
133	NON-POLYMER	?
134	NON-POLYMER	?
135	NON-POLYMER	?
136	NON-POLYMER	?
137	NON-POLYMER	?
138	NON-POLYMER	?
139	NON-POLYMER	?
13A	NON-POLYMER	?
13C	NON-POLYMER	?
13D	NON-POLYMER	?
13E	L-PEPTIDE LINKING	?
13F	NON-POLYMER	?
13H	non-polymer	?
13I	non-polymer	?
13J	NON-POLYMER	?
13K	NON-POLYMER	?
13L	NON-POLYMER	?
13M	NON-POLYMER	?
13N	NON-POLYMER	?
13P	NON-POLYMER	?
13Q	NON-POLYMER	?
13R	NON-POLYMER	?
13S	NON-POLYMER	?
13T	NON-POLYMER	?
13U	NON-POLYMER	?
13V	NON-POLYMER	?
13W	NON-POLYMER	?
13X	NON-POLYMER	?
13Y	NON-POLYMER	?
13Z	NON-POLYMER	?
140	NON-POLYMER	?
141	NON-POLYMER	?
142	NON-POLYMER	?
143	L-PEPTIDE LINKING	CYS
144	NON-POLYMER	?
145	D-saccharide	GAL
146	NON-POLYMER	?
147	D-saccharide	GAL
148	NON-POLYMER	?
149	D-saccharide	?
14A	NON-POLYMER	?
14B	NON-POLYMER	?
14C	NON-POLYMER	?
14D	NON-POLYMER	?
14E	NON-POLYMER	?
14F	NON-POLYMER	?
14H	NON-POLYMER	?
14I	NON-POLYMER	?
14J	NON-POLYMER	?
14K	NON-POLYMER	?
14L	NON-POLYMER	?
14M	NON-POLYMER	?
14N	NON-POLYMER	?
14O	NON-POLYMER	?
14Q	NON-POLYMER	?
14R	NON-POLYMER	?
14S	NON-POLYMER	?
14T	D-saccharide	NAG
14U	NON-POLYMER	?
14V	NON-POLYMER	?
14W	NON-POLYMER	?
14X	NON-POLYMER	?
14Y	NON-POLYMER	?
14Z	NON-POLYMER	?
150	NON-POLYMER	?
151	NON-POLYMER	?
152	NON-POLYMER	?
153	NON-POLYMER	?
154	NON-POLYMER	?
155	NON-POLYMER	?
156	NON-POLYMER	?
157	NON-POLYMER	?
158	NON-POLYMER	?
159	NON-POLYMER	?
15A	non-polymer	?
15B	NON-POLYMER	?
15C	NON-POLYMER	?
15E	NON-POLYMER	?
15F	non-polymer	?
15G	NON-POLYMER	?
15H	NON-POLYMER	?
15I	non-polymer	?
15J	NON-POLYMER	?
15L	D-saccharide	?
15M	NON-POLYMER	?
15N	NON-POLYMER	?
15O	NON-POLYMER	?
15P	NON-POLYMER	?
15Q	NON-POLYMER	?
15R	NON-POLYMER	?
15S	NON-POLYMER	?
15T	NON-POLYMER	?
15U	peptide-like	?
15V	NON-POLYMER	?
15W	NON-POLYMER	?
15X	NON-POLYMER	?
15Y	NON-POLYMER	?
15Z	NON-POLYMER	?
160	NON-POLYMER	?
161	NON-POLYMER	?
162	peptide-like	?
163	peptide-like	?
164	NON-POLYMER	?
165	peptide-like	?
166	NON-POLYMER	?
167	NON-POLYMER	?
168	NON-POLYMER	?
169	NON-POLYMER	?
16A	NON-POLYMER	?
16B	RNA linking	C
16C	NON-POLYMER	?
16D	NON-POLYMER	?
16E	non-polymer	?
16F	D-saccharide	?
16G	D-saccharide, alpha linking	NDG
16H	NON-POLYMER	?
16I	non-polymer	?
16J	NON-POLYMER	?
16K	NON-POLYMER	?
16L	NON-POLYMER	?
16M	NON-POLYMER	?
16N	NON-POLYMER	?
16O	D-saccharide	?
16P	NON-POLYMER	?
16Q	NON-POLYMER	?
16R	NON-POLYMER	?
16S	NON-POLYMER	?
16T	NON-POLYMER	?
16U	peptide-like	?
16V	NON-POLYMER	?
16W	NON-POLYMER	?
16X	non-polymer	?
16Y	NON-POLYMER	?
16Z	NON-POLYMER	?
170	NON-POLYMER	?
171	NON-POLYMER	?
172	NON-POLYMER	?
173	NON-POLYMER	?
174	NON-POLYMER	?
175	L-PEPTIDE LINKING	ALA, SER, GLY
176	peptide-like	?
177	peptide-like	?
178	NON-POLYMER	?
179	NON-POLYMER	?
17A	NON-POLYMER	?
17B	non-polymer	?
17C	NON-POLYMER	?
17D	NON-POLYMER	?
17E	NON-POLYMER	?
17F	NON-POLYMER	?
17G	NON-POLYMER	?
17H	NON-POLYMER	?
17I	non-polymer	?
17J	NON-POLYMER	?
17K	NON-POLYMER	?
17L	NON-POLYMER	?
17M	NON-POLYMER	?
17N	NON-POLYMER	?
17O	NON-POLYMER	?
17P	NON-POLYMER	?
17Q	non-polymer	?
17R	NON-POLYMER	?
17S	NON-POLYMER	?
17T	D-saccharide	?
17U	NON-POLYMER	?
17V	NON-POLYMER	?
17W	NON-POLYMER	?
17X	NON-POLYMER	?
17Y	NON-POLYMER	?
17Z	NON-POLYMER	?
180	NON-POLYMER	?
181	NON-POLYMER	?
182	NON-POLYMER	?
183	NON-POLYMER	?
184	NON-POLYMER	?
185	NON-POLYMER	?
186	NON-POLYMER	?
187	NON-POLYMER	?
188	NON-POLYMER	?
189	NON-POLYMER	?
18A	NON-POLYMER	?
18B	NON-POLYMER	?
18C	NON-POLYMER	?
18D	D-saccharide, alpha linking	SIA
18E	NON-POLYMER	?
18F	NON-POLYMER	?
18G	NON-POLYMER	?
18H	NON-POLYMER	?
18I	NON-POLYMER	?
18J	NON-POLYMER	?
18K	NON-POLYMER	?
18L	NON-POLYMER	?
18M	RNA linking	G
18N	NON-POLYMER	?
18O	D-saccharide	?
18P	NON-POLYMER	?
18Q	DNA linking	DU
18R	NON-POLYMER	?
18S	NON-POLYMER	?
18T	D-SACCHARIDE	?
18U	NON-POLYMER	?
18V	NON-POLYMER	?
18W	NON-POLYMER	?
18X	NON-POLYMER	?
18Y	non-polymer	?
18Z	NON-POLYMER	?
190	NON-POLYMER	?
191	NON-POLYMER	?
192	PEPTIDE LINKING	?
193	L-PEPTIDE LINKING	?
194	NON-POLYMER	?
195	NON-POLYMER	?
196	NON-POLYMER	?
197	NON-POLYMER	?
198	NON-POLYMER	?
199	NON-POLYMER	?
19A	NON-POLYMER	?
19B	NON-POLYMER	?
19C	NON-POLYMER	?
19D	NON-POLYMER	?
19E	NON-POLYMER	?
19F	NON-POLYMER	?
19G	NON-POLYMER	?
19H	NON-POLYMER	?
19J	peptide-like	?
19K	NON-POLYMER	?
19L	peptide-like	?
19M	peptide-like	?
19N	NON-POLYMER	?
19O	NON-POLYMER	?
19P	NON-POLYMER	?
19Q	NON-POLYMER	?
19R	NON-POLYMER	?
19S	NON-POLYMER	?
19T	NON-POLYMER	?
19U	peptide-like	?
19V	NON-POLYMER	?
19W	L-PEPTIDE LINKING	?
19X	NON-POLYMER	?
19Y	NON-POLYMER	?
19Z	NON-POLYMER	?
1A0	NON-POLYMER	?
1A1	NON-POLYMER	?
1A2	NON-POLYMER	?
1A3	NON-POLYMER	?
1A4	NON-POLYMER	?
1A5	NON-POLYMER	?
1A6	NON-POLYMER	?
1A7	NON-POLYMER	?
1A8	NON-POLYMER	?
1A9	NON-POLYMER	?
1AA	NON-POLYMER	?
1AB	NON-POLYMER	?
1AC	PEPTIDE LINKING	ALA
1AD	NON-POLYMER	?
1AE	NON-POLYMER	?
1AF	NON-POLYMER	?
1AG	NON-POLYMER	?
1AH	NON-POLYMER	?
1AI	non-polymer	?
1AJ	NON-POLYMER	?
1AK	NON-POLYMER	?
1AL	NON-POLYMER	?
1AM	NON-POLYMER	?
1AN	NON-POLYMER	?
1AO	NON-POLYMER	?
1AP	DNA LINKING	DA
1AQ	NON-POLYMER	?
1AR	L-SACCHARIDE	?
1AS	non-polymer	?
1AT	NON-POLYMER	?
1AU	NON-POLYMER	?
1AV	NON-POLYMER	?
1AW	NON-POLYMER	?
1AX	NON-POLYMER	?
1AY	NON-POLYMER	?
1AZ	non-polymer	?
1B0	non-polymer	?
1B1	non-polymer	?
1B2	NON-POLYMER	?
1B3	NON-POLYMER	?
1B4	NON-POLYMER	?
1B5	NON-POLYMER	?
1B6	NON-POLYMER	?
1B7	NON-POLYMER	?
1B8	NON-POLYMER	?
1B9	NON-POLYMER	?
1BA	NON-POLYMER	?
1BB	NON-POLYMER	?
1BC	NON-POLYMER	?
1BD	NON-POLYMER	?
1BE	NON-POLYMER	?
1BF	NON-POLYMER	?
1BG	NON-POLYMER	?
1BH	NON-POLYMER	?
1BI	NON-POLYMER	?
1BJ	NON-POLYMER	?
1BK	NON-POLYMER	?
1BL	NON-POLYMER	?
1BM	NON-POLYMER	?
1BN	NON-POLYMER	?
1BO	NON-POLYMER	?
1BP	NON-POLYMER	?
1BQ	NON-POLYMER	?
1BR	NON-POLYMER	?
1BS	NON-POLYMER	?
1BT	NON-POLYMER	?
1BU	NON-POLYMER	?
1BV	NON-POLYMER	?
1BW	D-SACCHARIDE	?
1BX	NON-POLYMER	?
1BY	NON-POLYMER	?
1BZ	NON-POLYMER	?
1C0	NON-POLYMER	?
1C1	NON-POLYMER	?
1C2	NON-POLYMER	?
1C3	L-PEPTIDE LINKING	?
1C4	NON-POLYMER	?
1C5	NON-POLYMER	?
1C6	NON-POLYMER	?
1C7	NON-POLYMER	?
1C8	NON-POLYMER	?
1C9	NON-POLYMER	?
1CA	NON-POLYMER	?
1CB	NON-POLYMER	?
1CC	DNA LINKING	DC
1CD	NON-POLYMER	?
1CE	NON-POLYMER	?
1CF	L-saccharide	FUL
1CG	NON-POLYMER	?
1CH	NON-POLYMER	?
1CI	NON-POLYMER	?
1CJ	NON-POLYMER	?
1CK	NON-POLYMER	?
1CL	NON-POLYMER	?
1CM	NON-POLYMER	?
1CN	NON-POLYMER	?
1CO	NON-POLYMER	?
1CP	NON-POLYMER	?
1CQ	NON-POLYMER	?
1CR	NON-POLYMER	?
1CS	NON-POLYMER	?
1CT	NON-POLYMER	?
1CU	NON-POLYMER	?
1CV	NON-POLYMER	?
1CW	NON-POLYMER	?
1CX	NON-POLYMER	?
1CY	NON-POLYMER	?
1CZ	NON-POLYMER	?
1D0	NON-POLYMER	?
1D1	NON-POLYMER	?
1D2	non-polymer	?
1D3	NON-POLYMER	?
1D4	non-polymer	?
1D5	NON-POLYMER	?
1D6	NON-POLYMER	?
1D8	NON-POLYMER	?
1D9	NON-POLYMER	?
1DA	NON-POLYMER	?
1DB	NON-POLYMER	?
1DC	NON-POLYMER	?
1DD	NON-POLYMER	?
1DE	NON-POLYMER	?
1DF	NON-POLYMER	?
1DG	NON-POLYMER	?
1DH	NON-POLYMER	?
1DI	NON-POLYMER	?
1DJ	NON-POLYMER	?
1DK	NON-POLYMER	?
1DL	NON-POLYMER	?
1DM	NON-POLYMER	?
1DN	NON-POLYMER	?
1DO	NON-POLYMER	?
1DP	RNA LINKING	?
1DQ	NON-POLYMER	?
1DR	NON-POLYMER	?
1DS	NON-POLYMER	?
1DT	NON-POLYMER	?
1DU	NON-POLYMER	?
1DV	NON-POLYMER	?
1DW	NON-POLYMER	?
1DX	NON-POLYMER	?
1DY	NON-POLYMER	?
1DZ	NON-POLYMER	?
1E0	NON-POLYMER	?
1E1	NON-POLYMER	?
1E2	NON-POLYMER	?
1E3	L-PEPTIDE LINKING	?
1E4	NON-POLYMER	?
1E5	NON-POLYMER	?
1E6	NON-POLYMER	?
1E7	NON-POLYMER	?
1E8	NON-POLYMER	?
1E9	NON-POLYMER	?
1EA	NON-POLYMER	?
1EB	NON-POLYMER	?
1EC	NON-POLYMER	?
1ED	NON-POLYMER	?
1EE	NON-POLYMER	?
1EF	NON-POLYMER	?
1EG	NON-POLYMER	?
1EH	NON-POLYMER	?
1EI	NON-POLYMER	?
1EJ	NON-POLYMER	?
1EK	NON-POLYMER	?
1EL	NON-POLYMER	?
1EM	NON-POLYMER	?
1EN	NON-POLYMER	?
1EO	NON-POLYMER	?
1EP	NON-POLYMER	?
1EQ	NON-POLYMER	?
1ER	NON-POLYMER	?
1ES	NON-POLYMER	?
1ET	NON-POLYMER	?
1EU	NON-POLYMER	?
1EV	NON-POLYMER	?
1EW	NON-POLYMER	?
1EX	NON-POLYMER	?
1EY	NON-POLYMER	?
1EZ	NON-POLYMER	?
1F0	NON-POLYMER	?
1F1	NON-POLYMER	?
1F2	NON-POLYMER	?
1F3	NON-POLYMER	?
1F4	NON-POLYMER	?
1F5	NON-POLYMER	?
1F6	NON-POLYMER	?
1F7	NON-POLYMER	?
1F8	NON-POLYMER	?
1FA	NON-POLYMER	?
1FB	NON-POLYMER	?
1FC	DNA LINKING	DC
1FD	NON-POLYMER	?
1FE	NON-POLYMER	?
1FF	NON-POLYMER	?
1FG	NON-POLYMER	?
1FH	NON-POLYMER	?
1FI	non-polymer	?
1FJ	non-polymer	?
1FK	NON-POLYMER	?
1FL	NON-POLYMER	?
1FM	NON-POLYMER	?
1FN	NON-POLYMER	?
1FO	NON-POLYMER	?
1FP	NON-POLYMER	?
1FQ	NON-POLYMER	?
1FR	NON-POLYMER	?
1FS	NON-POLYMER	?
1FT	saccharide	?
1FV	NON-POLYMER	?
1FW	NON-POLYMER	?
1FX	NON-POLYMER	?
1FY	NON-POLYMER	?
1FZ	NON-POLYMER	?
1G0	NON-POLYMER	?
1G1	peptide-like	?
1G2	L-PEPTIDE LINKING	?
1G3	L-PEPTIDE LINKING	?
1G4	NON-POLYMER	?
1G5	peptide-like	?
1G6	peptide-like	?
1G7	NON-POLYMER	?
1G8	D-PEPTIDE LINKING	?
1G9	NON-POLYMER	?
1GA	NON-POLYMER	?
1GB	NON-POLYMER	?
1GC	NON-POLYMER	?
1GD	NON-POLYMER	?
1GE	NON-POLYMER	?
1GF	non-polymer	?
1GG	NON-POLYMER	?
1GH	non-polymer	?
1GI	non-polymer	?
1GJ	NON-POLYMER	?
1GK	NON-POLYMER	?
1GL	D-saccharide, alpha linking	?
1GM	NON-POLYMER	?
1GN	D-saccharide, beta linking	?
1GO	NON-POLYMER	?
1GP	NON-POLYMER	?
1GQ	NON-POLYMER	?
1GR	NON-POLYMER	?
1GS	NON-POLYMER	?
1GT	NON-POLYMER	?
1GU	NON-POLYMER	?
1GV	NON-POLYMER	?
1GW	NON-POLYMER	?
1GZ	NON-POLYMER	?
1H1	NON-POLYMER	?
1H2	NON-POLYMER	?
1H3	NON-POLYMER	?
1H4	NON-POLYMER	?
1H5	NON-POLYMER	?
1H6	NON-POLYMER	?
1H7	NON-POLYMER	?
1H8	NON-POLYMER	?
1H9	non-polymer	?
1HA	NON-POLYMER	?
1HB	peptide-like	?
1HC	NON-POLYMER	?
1HD	peptide-like	?
1HE	NON-POLYMER	?
1HF	NON-POLYMER	?
1HG	NON-POLYMER	?
1HH	NON-POLYMER	?
1HI	non-polymer	?
1HJ	NON-POLYMER	?
1HK	NON-POLYMER	?
1HL	NON-POLYMER	?
1HM	NON-POLYMER	?
1HN	NON-POLYMER	?
1HO	NON-POLYMER	?
1HP	NON-POLYMER	?
1HQ	NON-POLYMER	?
1HR	NON-POLYMER	?
1HS	NON-POLYMER	?
1HT	NON-POLYMER	?
1HU	NON-POLYMER	?
1HV	NON-POLYMER	?
1HW	NON-POLYMER	?
1HX	NON-POLYMER	?
1HZ	NON-POLYMER	?
1I0	non-polymer	?
1I1	non-polymer	?
1I2	non-polymer	?
1I3	non-polymer	?
1I4	non-polymer	?
1I6	non-polymer	?
1I7	peptide-like	?
1I8	non-polymer	?
1I9	non-polymer	?
1IA	non-polymer	?
1IB	non-polymer	?
1IC	D-peptide linking	?
1IE	non-polymer	?
1IF	non-polymer	?
1IG	NON-POLYMER	?
1IH	non-polymer	?
1II	non-polymer	?
1IJ	non-polymer	?
1IK	non-polymer	?
1IM	non-polymer	?
1IN	NON-POLYMER	?
1IO	non-polymer	?
1IP	L-PEPTIDE LINKING	?
1IQ	NON-POLYMER	?
1IR	NON-POLYMER	?
1IS	NON-POLYMER	?
1IT	non-polymer	?
1IU	non-polymer	?
1IV	non-polymer	?
1IW	non-polymer	?
1IX	non-polymer	?
1IY	non-polymer	?
1IZ	non-polymer	?
1J0	non-polymer	?
1J1	NON-POLYMER	?
1J2	NON-POLYMER	?
1J3	NON-POLYMER	?
1J4	NON-POLYMER	?
1J5	NON-POLYMER	?
1J6	NON-POLYMER	?
1J9	NON-POLYMER	?
1JA	non-polymer	?
1JB	SACCHARIDE	?
1JC	NON-POLYMER	?
1JD	NON-POLYMER	?
1JE	NON-POLYMER	?
1JF	NON-POLYMER	?
1JG	NON-POLYMER	?
1JH	NON-POLYMER	?
1JI	non-polymer	?
1JJ	NON-POLYMER	?
1JK	NON-POLYMER	?
1JL	NON-POLYMER	?
1JM	D-PEPTIDE LINKING	?
1JN	NON-POLYMER	?
1JO	NON-POLYMER	?
1JP	NON-POLYMER	?
1JQ	non-polymer	?
1JR	NON-POLYMER	?
1JS	NON-POLYMER	?
1JT	NON-POLYMER	?
1JU	NON-POLYMER	?
1JV	NON-POLYMER	?
1JW	non-polymer	?
1JX	NON-POLYMER	?
1JY	NON-POLYMER	?
1JZ	NON-POLYMER	?
1K0	NON-POLYMER	?
1K1	non-polymer	?
1K2	non-polymer	?
1K3	NON-POLYMER	?
1K4	NON-POLYMER	?
1K5	NON-POLYMER	?
1K6	NON-POLYMER	?
1K7	NON-POLYMER	?
1K8	non-polymer	?
1K9	NON-POLYMER	?
1KA	NON-POLYMER	?
1KC	NON-POLYMER	?
1KD	non-polymer	?
1KE	non-polymer	?
1KF	non-polymer	?
1KG	NON-POLYMER	?
1KH	NON-POLYMER	?
1KI	non-polymer	?
1KJ	NON-POLYMER	?
1KK	non-polymer	?
1KL	NON-POLYMER	?
1KM	NON-POLYMER	?
1KN	NON-POLYMER	?
1KO	NON-POLYMER	?
1KP	NON-POLYMER	?
1KQ	non-polymer	?
1KR	NON-POLYMER	?
1KS	NON-POLYMER	?
1KT	NON-POLYMER	?
1KU	NON-POLYMER	?
1KV	NON-POLYMER	?
1KW	non-polymer	?
1KX	NON-POLYMER	?
1KY	NON-POLYMER	?
1KZ	NON-POLYMER	?
1L0	non-polymer	?
1L1	D-PEPTIDE LINKING	ALA
1L2	NON-POLYMER	?
1L3	non-polymer	?
1L4	NON-POLYMER	?
1L5	NON-POLYMER	?
1L6	NON-POLYMER	?
1L7	NON-POLYMER	?
1L8	NON-POLYMER	?
1L9	NON-POLYMER	?
1LA	NON-POLYMER	?
1LB	NON-POLYMER	?
1LC	NON-POLYMER	?
1LD	NON-POLYMER	?
1LE	NON-POLYMER	?
1LF	NON-POLYMER	?
1LG	NON-POLYMER	?
1LH	NON-POLYMER	?
1LI	NON-POLYMER	?
1LJ	NON-POLYMER	?
1LK	non-polymer	?
1LL	saccharide	?
1LM	NON-POLYMER	?
1LN	NON-POLYMER	?
1LP	NON-POLYMER	?
1LQ	NON-POLYMER	?
1LR	NON-POLYMER	?
1LS	NON-POLYMER	?
1LT	NON-POLYMER	?
1LU	non-polymer	?
1LW	NON-POLYMER	?
1LX	NON-POLYMER	?
1LY	NON-POLYMER	?
1LZ	NON-POLYMER	?
1M0	NON-POLYMER	?
1M1	NON-POLYMER	?
1M2	NON-POLYMER	?
1M3	NON-POLYMER	?
1M4	NON-POLYMER	?
1M5	NON-POLYMER	?
1M6	NON-POLYMER	?
1M7	NON-POLYMER	?
1M8	NON-POLYMER	?
1M9	NON-POLYMER	?
1MA	RNA LINKING	A
1MB	NON-POLYMER	?
1MC	NON-POLYMER	?
1MD	NON-POLYMER	?
1ME	L-PEPTIDE LINKING	?
1MF	NON-POLYMER	?
1MG	RNA LINKING	G
1MH	L-PEPTIDE LINKING	?
1MI	non-polymer	?
1MJ	NON-POLYMER	?
1MK	NON-POLYMER	?
1ML	NON-POLYMER	?
1MM	NON-POLYMER	?
1MN	NON-POLYMER	?
1MO	NON-POLYMER	?
1MQ	NON-POLYMER	?
1MR	NON-POLYMER	?
1MS	NON-POLYMER	?
1MT	NON-POLYMER	?
1MU	NON-POLYMER	?
1MV	NON-POLYMER	?
1MW	NON-POLYMER	?
1MX	NON-POLYMER	?
1MY	NON-POLYMER	?
1MZ	NON-POLYMER	?
1N	NON-POLYMER	?
1N0	NON-POLYMER	?
1N1	NON-POLYMER	?
1N2	NON-POLYMER	?
1N3	NON-POLYMER	?
1N4	NON-POLYMER	?
1N5	NON-POLYMER	?
1N6	NON-POLYMER	?
1N7	NON-POLYMER	?
1N8	NON-POLYMER	?
1N9	NON-POLYMER	?
1NA	SACCHARIDE	?
1NB	NON-POLYMER	?
1ND	NON-POLYMER	?
1NE	non-polymer	?
1NF	NON-POLYMER	?
1NG	NON-POLYMER	?
1NH	NON-POLYMER	?
1NI	NON-POLYMER	?
1NJ	NON-POLYMER	?
1NK	NON-POLYMER	?
1NL	NON-POLYMER	?
1NM	NON-POLYMER	?
1NN	NON-POLYMER	?
1NO	NON-POLYMER	?
1NP	NON-POLYMER	?
1NQ	NON-POLYMER	?
1NR	NON-POLYMER	?
1NS	NON-POLYMER	?
1NT	NON-POLYMER	?
1NU	NON-POLYMER	?
1NV	NON-POLYMER	?
1NW	NON-POLYMER	?
1NX	non-polymer	?
1NY	NON-POLYMER	?
1NZ	NON-POLYMER	?
1O0	NON-POLYMER	?
1O1	NON-POLYMER	?
1O2	NON-POLYMER	?
1O3	NON-POLYMER	?
1O4	non-polymer	?
1O5	NON-POLYMER	?
1O6	NON-POLYMER	?
1O7	non-polymer	?
1O8	NON-POLYMER	?
1O9	NON-POLYMER	?
1OA	NON-POLYMER	?
1OB	NON-POLYMER	?
1OC	NON-POLYMER	?
1OD	NON-POLYMER	?
1OE	non-polymer	?
1OF	non-polymer	?
1OG	NON-POLYMER	?
1OH	NON-POLYMER	?
1OI	non-polymer	?
1OJ	NON-POLYMER	?
1OK	NON-POLYMER	?
1OL	peptide-like	?
1OM	NON-POLYMER	?
1ON	NON-POLYMER	?
1OO	NON-POLYMER	?
1OP	L-PEPTIDE LINKING	TYR
1OQ	NON-POLYMER	?
1OR	NON-POLYMER	?
1OS	NON-POLYMER	?
1OT	NON-POLYMER	?
1OU	NON-POLYMER	?
1OV	NON-POLYMER	?
1OX	NON-POLYMER	?
1OY	NON-POLYMER	?
1OZ	non-polymer	?
1P0	NON-POLYMER	?
1P1	NON-POLYMER	?
1P2	NON-POLYMER	?
1P3	NON-POLYMER	?
1P4	NON-POLYMER	?
1P5	NON-POLYMER	?
1P6	NON-POLYMER	?
1P7	NON-POLYMER	?
1P8	NON-POLYMER	?
1P9	NON-POLYMER	?
1PA	L-PEPTIDE LINKING	PHE
1PB	NON-POLYMER	?
1PC	NON-POLYMER	?
1PD	NON-POLYMER	?
1PE	NON-POLYMER	?
1PF	NON-POLYMER	?
1PG	NON-POLYMER	?
1PH	NON-POLYMER	?
1PI	L-PEPTIDE LINKING	ALA
1PJ	NON-POLYMER	?
1PK	NON-POLYMER	?
1PL	NON-POLYMER	?
1PM	NON-POLYMER	?
1PN	NON-POLYMER	?
1PO	NON-POLYMER	?
1PP	NON-POLYMER	?
1PQ	NON-POLYMER	?
1PR	RNA LINKING	?
1PS	NON-POLYMER	?
1PT	NON-POLYMER	?
1PU	NON-POLYMER	?
1PV	NON-POLYMER	?
1PW	NON-POLYMER	?
1PX	NON-POLYMER	?
1PY	NON-POLYMER	?
1PZ	NON-POLYMER	?
1Q0	NON-POLYMER	?
1Q1	NON-POLYMER	?
1Q2	NON-POLYMER	?
1Q3	NON-POLYMER	?
1Q4	NON-POLYMER	?
1Q5	NON-POLYMER	?
1Q6	NON-POLYMER	?
1Q7	NON-POLYMER	?
1Q8	NON-POLYMER	?
1Q9	NON-POLYMER	?
1QA	NON-POLYMER	?
1QB	NON-POLYMER	?
1QC	NON-POLYMER	?
1QD	non-polymer	?
1QE	NON-POLYMER	?
1QF	NON-POLYMER	?
1QG	NON-POLYMER	?
1QI	peptide linking	?
1QJ	NON-POLYMER	?
1QK	NON-POLYMER	?
1QL	NON-POLYMER	?
1QM	NON-POLYMER	?
1QN	NON-POLYMER	?
1QO	NON-POLYMER	?
1QP	NON-POLYMER	?
1QQ	non-polymer	?
1QR	NON-POLYMER	?
1QS	NON-POLYMER	?
1QT	NON-POLYMER	?
1QU	NON-POLYMER	?
1QV	NON-POLYMER	?
1QW	NON-POLYMER	?
1QX	NON-POLYMER	?
1QY	NON-POLYMER	?
1QZ	NON-POLYMER	?
1R0	NON-POLYMER	?
1R1	NON-POLYMER	?
1R2	NON-POLYMER	?
1R3	NON-POLYMER	?
1R4	NON-POLYMER	?
1R5	NON-POLYMER	?
1R6	NON-POLYMER	?
1R7	NON-POLYMER	?
1R8	NON-POLYMER	?
1R9	NON-POLYMER	?
1RA	NON-POLYMER	?
1RB	NON-POLYMER	?
1RC	NON-POLYMER	?
1RD	NON-POLYMER	?
1RE	NON-POLYMER	?
1RF	NON-POLYMER	?
1RG	NON-POLYMER	?
1RH	NON-POLYMER	?
1RI	non-polymer	?
1RJ	non-polymer	?
1RK	NON-POLYMER	?
1RL	NON-POLYMER	?
1RM	NON-POLYMER	?
1RN	RNA LINKING	U
1RO	NON-POLYMER	?
1RP	NON-POLYMER	?
1RQ	NON-POLYMER	?
1RR	NON-POLYMER	?
1RS	NON-POLYMER	?
1RT	NON-POLYMER	?
1RU	NON-POLYMER	?
1RV	NON-POLYMER	?
1RY	NON-POLYMER	?
1RZ	NON-POLYMER	?
1S0	NON-POLYMER	?
1S1	NON-POLYMER	?
1S2	non-polymer	?
1S3	D-saccharide	GLC
1S4	D-saccharide, alpha linking	?
1S5	NON-POLYMER	?
1S6	NON-POLYMER	?
1S7	NON-POLYMER	?
1S8	NON-POLYMER	?
1S9	NON-POLYMER	?
1SA	NON-POLYMER	?
1SB	NON-POLYMER	?
1SC	RNA LINKING	C
1SD	D-saccharide	?
1SE	NON-POLYMER	?
1SF	NON-POLYMER	?
1SG	NON-POLYMER	?
1SH	NON-POLYMER	?
1SI	non-polymer	?
1SJ	NON-POLYMER	?
1SK	non-polymer	?
1SL	NON-POLYMER	?
1SM	NON-POLYMER	?
1SN	NON-POLYMER	?
1SO	NON-POLYMER	?
1SP	non-polymer	?
1SQ	NON-POLYMER	?
1SS	NON-POLYMER	?
1ST	NON-POLYMER	?
1SU	NON-POLYMER	?
1SV	NON-POLYMER	?
1SW	NON-POLYMER	?
1SX	NON-POLYMER	?
1SY	NON-POLYMER	?
1SZ	NON-POLYMER	?
1T0	non-polymer	?
1T1	non-polymer	?
1T2	non-polymer	?
1T4	NON-POLYMER	?
1T5	NON-POLYMER	?
1T6	non-polymer	?
1T7	NON-POLYMER	?
1T8	non-polymer	?
1T9	NON-POLYMER	?
1TA	NON-POLYMER	?
1TB	NON-POLYMER	?
1TC	non-polymer	?
1TD	NON-POLYMER	?
1TE	NON-POLYMER	?
1TF	non-polymer	?
1TH	non-polymer	?
1TI	non-polymer	?
1TJ	NON-POLYMER	?
1TK	non-polymer	?
1TL	DNA LINKING	?
1TM	NON-POLYMER	?
1TN	NON-POLYMER	?
1TP	NON-POLYMER	?
1TQ	L-PEPTIDE LINKING	TRP
1TR	NON-POLYMER	?
1TS	peptide-like	?
1TT	NON-POLYMER	?
1TU	NON-POLYMER	?
1TW	DNA LINKING	?
1TX	L-PEPTIDE LINKING	?
1TY	L-PEPTIDE LINKING	TYR
1TZ	NON-POLYMER	?
1U0	NON-POLYMER	?
1U1	NON-POLYMER	?
1U2	NON-POLYMER	?
1U3	NON-POLYMER	?
1U4	NON-POLYMER	?
1U5	NON-POLYMER	?
1U6	NON-POLYMER	?
1U7	NON-POLYMER	?
1U8	L-PEPTIDE LINKING	?
1U9	NON-POLYMER	?
1UA	NON-POLYMER	?
1UC	NON-POLYMER	?
1UD	NON-POLYMER	?
1UE	NON-POLYMER	?
1UF	NON-POLYMER	?
1UG	NON-POLYMER	?
1UH	NON-POLYMER	?
1UI	non-polymer	?
1UJ	NON-POLYMER	?
1UK	NON-POLYMER	?
1UL	NON-POLYMER	?
1UN	NON-POLYMER	?
1UO	NON-POLYMER	?
1UP	NON-POLYMER	?
1UQ	NON-POLYMER	?
1UR	NON-POLYMER	?
1US	NON-POLYMER	?
1UT	NON-POLYMER	?
1UV	NON-POLYMER	?
1UW	NON-POLYMER	?
1UX	NON-POLYMER	?
1UZ	NON-POLYMER	?
1V0	NON-POLYMER	?
1V1	NON-POLYMER	?
1V2	NON-POLYMER	?
1V3	NON-POLYMER	?
1V4	NON-POLYMER	?
1V5	NON-POLYMER	?
1V6	NON-POLYMER	?
1V7	non-polymer	?
1V8	NON-POLYMER	?
1V9	NON-POLYMER	?
1VA	NON-POLYMER	?
1VB	NON-POLYMER	?
1VC	NON-POLYMER	?
1VD	NON-POLYMER	?
1VE	NON-POLYMER	?
1VF	NON-POLYMER	?
1VG	NON-POLYMER	?
1VI	NON-POLYMER	?
1VJ	NON-POLYMER	?
1VK	NON-POLYMER	?
1VL	NON-POLYMER	?
1VM	NON-POLYMER	?
1VN	NON-POLYMER	?
1VO	NON-POLYMER	?
1VP	peptide-like	?
1VQ	NON-POLYMER	?
1VR	L-PEPTIDE LINKING	?
1VS	NON-POLYMER	?
1VT	NON-POLYMER	?
1VU	NON-POLYMER	?
1VV	NON-POLYMER	?
1VW	NON-POLYMER	?
1VX	NON-POLYMER	?
1VY	NON-POLYMER	?
1VZ	NON-POLYMER	?
1W0	NON-POLYMER	?
1W1	NON-POLYMER	?
1W2	NON-POLYMER	?
1W3	NON-POLYMER	?
1W4	NON-POLYMER	?
1W5	DNA linking	?
1W6	NON-POLYMER	?
1W7	NON-POLYMER	?
1W8	non-polymer	?
1W9	NON-POLYMER	?
1WA	DNA LINKING	?
1WB	NON-POLYMER	?
1WC	NON-POLYMER	?
1WD	NON-POLYMER	?
1WE	NON-POLYMER	?
1WF	NON-POLYMER	?
1WG	NON-POLYMER	?
1WH	NON-POLYMER	?
1WI	non-polymer	?
1WJ	NON-POLYMER	?
1WK	NON-POLYMER	?
1WL	NON-POLYMER	?
1WM	NON-POLYMER	?
1WN	NON-POLYMER	?
1WO	NON-POLYMER	?
1WP	NON-POLYMER	?
1WQ	NON-POLYMER	?
1WR	non-polymer	?
1WS	non-polymer	?
1WT	NON-POLYMER	?
1WU	NON-POLYMER	?
1WV	NON-POLYMER	?
1WW	NON-POLYMER	?
1WX	NON-POLYMER	?
1WY	NON-POLYMER	?
1WZ	NON-POLYMER	?
1X0	NON-POLYMER	?
1X1	NON-POLYMER	?
1X2	NON-POLYMER	?
1X3	NON-POLYMER	?
1X4	D-saccharide, alpha linking	?
1X5	NON-POLYMER	?
1X6	L-PEPTIDE LINKING	SER
1X7	NON-POLYMER	?
1X8	NON-POLYMER	?
1X9	NON-POLYMER	?
1XA	NON-POLYMER	?
1XB	NON-POLYMER	?
1XC	NON-POLYMER	?
1XD	NON-POLYMER	?
1XE	NON-POLYMER	?
1XF	NON-POLYMER	?
1XG	NON-POLYMER	?
1XH	NON-POLYMER	?
1XI	non-polymer	?
1XJ	NON-POLYMER	?
1XK	non-polymer	?
1XL	NON-POLYMER	?
1XM	NON-POLYMER	?
1XN	NON-POLYMER	?
1XO	NON-POLYMER	?
1XP	NON-POLYMER	?
1XQ	NON-POLYMER	?
1XR	non-polymer	?
1XS	NON-POLYMER	?
1XT	NON-POLYMER	?
1XU	NON-POLYMER	?
1XV	NON-POLYMER	?
1XW	L-PEPTIDE LINKING	?
1XX	NON-POLYMER	?
1XY	NON-POLYMER	?
1XZ	non-polymer	?
1Y0	PEPTIDE-LIKE	?
1Y1	NON-POLYMER	?
1Y2	NON-POLYMER	?
1Y3	NON-POLYMER	?
1Y4	NON-POLYMER	?
1Y5	NON-POLYMER	?
1Y6	NON-POLYMER	?
1Y7	NON-POLYMER	?
1Y8	NON-POLYMER	?
1Y9	NON-POLYMER	?
1YA	NON-POLYMER	?
1YC	NON-POLYMER	?
1YD	NON-POLYMER	?
1YE	NON-POLYMER	?
1YF	NON-POLYMER	?
1YG	NON-POLYMER	?
1YH	peptide-like	?
1YI	non-polymer	?
1YJ	NON-POLYMER	?
1YK	NON-POLYMER	?
1YL	NON-POLYMER	?
1YM	NON-POLYMER	?
1YN	NON-POLYMER	?
1YO	NON-POLYMER	?
1YP	NON-POLYMER	?
1YQ	NON-POLYMER	?
1YR	NON-POLYMER	?
1YS	NON-POLYMER	?
1YT	NON-POLYMER	?
1YU	NON-POLYMER	?
1YV	NON-POLYMER	?
1YW	NON-POLYMER	?
1YX	NON-POLYMER	?
1YY	NON-POLYMER	?
1YZ	NON-POLYMER	?
1Z0	peptide-like	?
1Z1	peptide-like	?
1Z6	NON-POLYMER	?
1Z7	peptide-like	?
1Z8	NON-POLYMER	?
1ZB	peptide-like	?
1ZC	NON-POLYMER	?
1ZD	peptide-like	?
1ZG	peptide-like	?
1ZK	peptide-like	?
1ZN	PEPTIDE-LIKE	?
1ZQ	NON-POLYMER	?
1ZT	peptide-like	?
1ZV	peptide-like	?
1ZW	NON-POLYMER	?
1ZZ	NON-POLYMER	?
200	L-PEPTIDE LINKING	PHE
201	NON-POLYMER	?
202	NON-POLYMER	?
203	NON-POLYMER	?
204	NON-POLYMER	?
205	NON-POLYMER	?
207	NON-POLYMER	?
208	NON-POLYMER	?
209	NON-POLYMER	?
20A	NON-POLYMER	?
20B	NON-POLYMER	?
20C	NON-POLYMER	?
20D	NON-POLYMER	?
20E	NON-POLYMER	?
20F	NON-POLYMER	?
20G	NON-POLYMER	?
20H	NON-POLYMER	?
20J	NON-POLYMER	?
20K	NON-POLYMER	?
20L	non-polymer	?
20M	NON-POLYMER	?
20N	NON-POLYMER	?
20O	NON-POLYMER	?
20P	NON-POLYMER	?
20Q	NON-POLYMER	?
20R	NON-POLYMER	?
20S	saccharide	?
20T	NON-POLYMER	?
20U	NON-POLYMER	?
20V	NON-POLYMER	?
20W	NON-POLYMER	?
20X	D-saccharide	?
20Y	NON-POLYMER	?
20Z	NON-POLYMER	?
210	NON-POLYMER	?
211	NON-POLYMER	?
212	NON-POLYMER	?
213	NON-POLYMER	?
214	NON-POLYMER	?
215	NON-POLYMER	?
216	NON-POLYMER	?
217	NON-POLYMER	?
218	NON-POLYMER	?
219	NON-POLYMER	?
21A	NON-POLYMER	?
21B	NON-POLYMER	?
21C	NON-POLYMER	?
21D	NON-POLYMER	?
21E	NON-POLYMER	?
21F	NON-POLYMER	?
21G	NON-POLYMER	?
21H	NON-POLYMER	?
21I	non-polymer	?
21J	NON-POLYMER	?
21K	NON-POLYMER	?
21L	NON-POLYMER	?
21M	NON-POLYMER	?
21N	NON-POLYMER	?
21O	non-polymer	?
21P	NON-POLYMER	?
21Q	NON-POLYMER	?
21R	NON-POLYMER	?
21S	NON-POLYMER	?
21T	NON-POLYMER	?
21U	NON-POLYMER	?
21V	NON-POLYMER	?
21W	NON-POLYMER	?
21X	NON-POLYMER	?
21Y	NON-POLYMER	?
21Z	NON-POLYMER	?
220	NON-POLYMER	?
221	NON-POLYMER	?
222	NON-POLYMER	?
223	NON-POLYMER	?
224	NON-POLYMER	?
225	NON-POLYMER	?
226	NON-POLYMER	?
227	NON-POLYMER	?
228	NON-POLYMER	?
229	NON-POLYMER	?
22A	NON-POLYMER	?
22B	NON-POLYMER	?
22C	NON-POLYMER	?
22D	NON-POLYMER	?
22E	NON-POLYMER	?
22F	NON-POLYMER	?
22G	L-PEPTIDE LINKING	?
22H	NON-POLYMER	?
22J	NON-POLYMER	?
22K	NON-POLYMER	?
22L	NON-POLYMER	?
22M	NON-POLYMER	?
22N	NON-POLYMER	?
22O	D-saccharide	?
22P	NON-POLYMER	?
22Q	NON-POLYMER	?
22R	non-polymer	?
22S	D-saccharide	?
22T	non-polymer	?
22U	peptide-like	?
22W	NON-POLYMER	?
22X	NON-POLYMER	?
22Y	NON-POLYMER	?
22Z	NON-POLYMER	?
230	NON-POLYMER	?
231	NON-POLYMER	?
232	NON-POLYMER	?
233	NON-POLYMER	?
234	NON-POLYMER	?
235	NON-POLYMER	?
237	NON-POLYMER	?
238	NON-POLYMER	?
239	NON-POLYMER	?
23A	NON-POLYMER	?
23B	NON-POLYMER	?
23C	NON-POLYMER	?
23D	NON-POLYMER	?
23E	NON-POLYMER	?
23F	PEPTIDE LINKING	PHE
23G	RNA OH 3 prime terminus	G
23H	NON-POLYMER	?
23I	NON-POLYMER	?
23J	NON-POLYMER	?
23K	NON-POLYMER	?
23L	NON-POLYMER	?
23M	NON-POLYMER	?
23N	NON-POLYMER	?
23P	L-PEPTIDE LINKING	ALA
23Q	NON-POLYMER	?
23R	NON-POLYMER	?
23S	L-PEPTIDE LINKING	?
23T	NON-POLYMER	?
23U	NON-POLYMER	?
23V	D-saccharide	?
23W	NON-POLYMER	?
23X	NON-POLYMER	?
23Y	NON-POLYMER	?
23Z	NON-POLYMER	?
240	NON-POLYMER	?
241	NON-POLYMER	?
242	NON-POLYMER	?
243	NON-POLYMER	?
244	NON-POLYMER	?
245	NON-POLYMER	?
246	NON-POLYMER	?
247	NON-POLYMER	?
24A	NON-POLYMER	?
24B	NON-POLYMER	?
24D	NON-POLYMER	?
24E	NON-POLYMER	?
24F	NON-POLYMER	?
24G	NON-POLYMER	?
24H	NON-POLYMER	?
24I	NON-POLYMER	?
24K	NON-POLYMER	?
24L	NON-POLYMER	?
24M	peptide-like	?
24N	non-polymer	?
24O	peptide-like	?
24P	NON-POLYMER	?
24Q	NON-POLYMER	?
24R	NON-POLYMER	?
24S	D-saccharide	?
24T	NON-POLYMER	?
24U	NON-POLYMER	?
24V	NON-POLYMER	?
24W	NON-POLYMER	?
24X	NON-POLYMER	?
24Y	NON-POLYMER	?
24Z	NON-POLYMER	?
250	NON-POLYMER	?
251	NON-POLYMER	?
252	NON-POLYMER	?
253	NON-POLYMER	?
254	NON-POLYMER	?
255	NON-POLYMER	?
256	NON-POLYMER	?
258	NON-POLYMER	?
259	NON-POLYMER	?
25A	NON-POLYMER	?
25B	NON-POLYMER	?
25D	NON-POLYMER	?
25E	D-saccharide	?
25F	NON-POLYMER	?
25G	NON-POLYMER	?
25H	NON-POLYMER	?
25I	non-polymer	?
25J	non-polymer	?
25K	NON-POLYMER	?
25L	NON-POLYMER	?
25N	NON-POLYMER	?
25O	NON-POLYMER	?
25P	NON-POLYMER	?
25Q	NON-POLYMER	?
25R	NON-POLYMER	?
25S	non-polymer	?
25T	NON-POLYMER	?
25U	NON-POLYMER	?
25V	NON-POLYMER	?
25W	NON-POLYMER	?
25X	NON-POLYMER	?
25Y	NON-POLYMER	?
25Z	NON-POLYMER	?
260	NON-POLYMER	?
261	NON-POLYMER	?
262	NON-POLYMER	?
263	NON-POLYMER	?
264	NON-POLYMER	?
265	NON-POLYMER	?
266	NON-POLYMER	?
267	NON-POLYMER	?
268	NON-POLYMER	?
269	NON-POLYMER	?
26A	NON-POLYMER	A
26B	L-peptide COOH carboxy terminus	THR
26C	NON-POLYMER	?
26D	NON-POLYMER	?
26E	NON-POLYMER	?
26F	NON-POLYMER	?
26G	NON-POLYMER	?
26J	NON-POLYMER	?
26K	NON-POLYMER	?
26L	NON-POLYMER	?
26M	SACCHARIDE	?
26N	NON-POLYMER	?
26O	D-saccharide	?
26P	NON-POLYMER	?
26Q	SACCHARIDE	?
26R	SACCHARIDE	?
26S	NON-POLYMER	?
26T	NON-POLYMER	?
26U	NON-POLYMER	?
26V	SACCHARIDE	?
26W	SACCHARIDE	?
26X	non-polymer	?
26Y	SACCHARIDE	?
26Z	NON-POLYMER	?
270	NON-POLYMER	?
271	NON-POLYMER	?
272	NON-POLYMER	?
273	NON-POLYMER	?
274	NON-POLYMER	?
275	NON-POLYMER	?
276	NON-POLYMER	?
277	NON-POLYMER	?
278	NON-POLYMER	?
279	NON-POLYMER	?
27A	NON-POLYMER	?
27B	NON-POLYMER	?
27C	D-saccharide, alpha linking	?
27D	NON-POLYMER	?
27E	NON-POLYMER	?
27F	non-polymer	?
27G	NON-POLYMER	?
27H	NON-POLYMER	?
27I	NON-POLYMER	?
27J	NON-POLYMER	?
27K	NON-POLYMER	?
27L	NON-POLYMER	?
27M	NON-POLYMER	?
27N	NON-POLYMER	?
27O	NON-POLYMER	?
27P	NON-POLYMER	?
27Q	NON-POLYMER	?
27R	NON-POLYMER	?
27S	NON-POLYMER	?
27U	NON-POLYMER	?
27V	NON-POLYMER	?
27W	NON-POLYMER	?
27X	non-polymer	?
27Y	NON-POLYMER	?
27Z	NON-POLYMER	?
280	NON-POLYMER	?
281	NON-POLYMER	?
282	NON-POLYMER	?
283	NON-POLYMER	?
284	NON-POLYMER	?
285	NON-POLYMER	?
286	NON-POLYMER	?
287	NON-POLYMER	?
288	NON-POLYMER	?
289	D-saccharide, alpha linking	?
28A	NON-POLYMER	?
28B	NON-POLYMER	?
28C	NON-POLYMER	?
28D	NON-POLYMER	?
28E	NON-POLYMER	?
28F	NON-POLYMER	?
28G	NON-POLYMER	?
28H	NON-POLYMER	?
28I	NON-POLYMER	?
28J	D-PEPTIDE LINKING	?
28K	NON-POLYMER	?
28L	NON-POLYMER	?
28M	NON-POLYMER	?
28N	NON-POLYMER	?
28O	NON-POLYMER	?
28P	NON-POLYMER	?
28Q	NON-POLYMER	?
28R	NON-POLYMER	?
28S	NON-POLYMER	?
28T	NON-POLYMER	?
28U	NON-POLYMER	?
28V	NON-POLYMER	?
28W	NON-POLYMER	?
28X	L-peptide linking	THR
28Y	NON-POLYMER	?
28Z	NON-POLYMER	?
290	NON-POLYMER	?
291	D-saccharide	GMH
292	NON-POLYMER	?
293	D-saccharide, alpha linking	?
294	NON-POLYMER	?
295	NON-POLYMER	?
296	NON-POLYMER	?
297	NON-POLYMER	?
298	NON-POLYMER	?
299	NON-POLYMER	?
29A	NON-POLYMER	?
29B	NON-POLYMER	?
29C	NON-POLYMER	?
29D	NON-POLYMER	?
29E	NON-POLYMER	?
29F	NON-POLYMER	?
29G	NON-POLYMER	?
29H	NON-POLYMER	?
29I	non-polymer	?
29J	NON-POLYMER	?
29K	NON-POLYMER	?
29L	NON-POLYMER	?
29M	NON-POLYMER	?
29N	NON-POLYMER	?
29O	NON-POLYMER	?
29P	NON-POLYMER	?
29Q	NON-POLYMER	?
29R	non-polymer	?
29S	NON-POLYMER	?
29T	NON-POLYMER	?
29U	NON-POLYMER	?
29V	NON-POLYMER	?
29W	NON-POLYMER	?
29X	NON-POLYMER	?
29Y	NON-POLYMER	?
29Z	NON-POLYMER	?
2A0	peptide-like	?
2A1	NON-POLYMER	?
2A2	NON-POLYMER	?
2A3	NON-POLYMER	?
2A4	NON-POLYMER	?
2A5	NON-POLYMER	?
2A6	NON-POLYMER	?
2A7	non-polymer	?
2A8	non-polymer	?
2A9	non-polymer	?
2AA	NON-POLYMER	?
2AB	NON-POLYMER	?
2AC	NON-POLYMER	?
2AD	L-PEPTIDE LINKING	?
2AE	non-polymer	?
2AF	NON-POLYMER	?
2AG	L-PEPTIDE LINKING	ALA
2AH	NON-POLYMER	?
2AI	NON-POLYMER	?
2AJ	NON-POLYMER	?
2AK	NON-POLYMER	?
2AL	NON-POLYMER	?
2AM	NON-POLYMER	?
2AN	NON-POLYMER	?
2AO	L-PEPTIDE LINKING	?
2AP	NON-POLYMER	?
2AQ	NON-POLYMER	?
2AR	DNA LINKING	DA
2AS	L-peptide linking	?
2AT	RNA LINKING	DT
2AU	RNA LINKING	U
2AV	NON-POLYMER	?
2AW	NON-POLYMER	?
2AX	NON-POLYMER	?
2AY	NON-POLYMER	?
2AZ	NON-POLYMER	?
2B0	NON-POLYMER	?
2B1	NON-POLYMER	?
2B2	NON-POLYMER	?
2B3	NON-POLYMER	?
2B4	NON-POLYMER	?
2B5	NON-POLYMER	?
2B6	NON-POLYMER	?
2B7	NON-POLYMER	?
2B8	NON-POLYMER	?
2B9	NON-POLYMER	?
2BA	NON-POLYMER	?
2BB	NON-POLYMER	?
2BC	NON-POLYMER	?
2BD	DNA LINKING	DI
2BE	NON-POLYMER	?
2BF	NON-POLYMER	?
2BG	NON-POLYMER	?
2BH	NON-POLYMER	?
2BI	NON-POLYMER	?
2BJ	NON-POLYMER	?
2BK	NON-POLYMER	?
2BL	NON-POLYMER	?
2BM	NON-POLYMER	?
2BN	NON-POLYMER	?
2BO	NON-POLYMER	?
2BP	NON-POLYMER	?
2BQ	NON-POLYMER	?
2BR	NON-POLYMER	?
2BS	NON-POLYMER	?
2BT	RNA LINKING	DT
2BU	DNA LINKING	DA
2BV	NON-POLYMER	?
2BW	NON-POLYMER	?
2BX	NON-POLYMER	?
2BY	NON-POLYMER	?
2BZ	NON-POLYMER	?
2C0	NON-POLYMER	?
2C1	NON-POLYMER	?
2C2	NON-POLYMER	?
2C3	NON-POLYMER	?
2C4	NON-POLYMER	?
2C5	NON-POLYMER	?
2C6	NON-POLYMER	?
2C7	NON-POLYMER	?
2C8	NON-POLYMER	?
2C9	NON-POLYMER	?
2CA	NON-POLYMER	?
2CB	NON-POLYMER	?
2CC	NON-POLYMER	?
2CD	NON-POLYMER	?
2CE	NON-POLYMER	?
2CF	NON-POLYMER	?
2CG	NON-POLYMER	?
2CH	NON-POLYMER	?
2CJ	NON-POLYMER	?
2CK	NON-POLYMER	?
2CL	NON-POLYMER	?
2CM	NON-POLYMER	?
2CN	NON-POLYMER	?
2CO	L-PEPTIDE LINKING	CYS
2CP	NON-POLYMER	?
2CQ	NON-POLYMER	?
2CR	NON-POLYMER	?
2CS	NON-POLYMER	?
2CT	NON-POLYMER	?
2CU	NON-POLYMER	?
2CV	non-polymer	?
2CW	NON-POLYMER	?
2CX	NON-POLYMER	?
2CY	NON-POLYMER	?
2CZ	NON-POLYMER	?
2D0	NON-POLYMER	?
2D1	NON-POLYMER	?
2D2	NON-POLYMER	?
2D3	non-polymer	?
2D4	non-polymer	?
2D5	NON-POLYMER	?
2D6	NON-POLYMER	?
2D7	NON-POLYMER	?
2D8	NON-POLYMER	?
2D9	NON-POLYMER	?
2DA	DNA LINKING	DA
2DB	NON-POLYMER	?
2DC	NON-POLYMER	?
2DD	NON-POLYMER	?
2DE	NON-POLYMER	?
2DF	DNA LINKING	?
2DG	D-saccharide, alpha linking	?
2DH	NON-POLYMER	?
2DI	NON-POLYMER	?
2DJ	NON-POLYMER	?
2DK	NON-POLYMER	?
2DL	NON-POLYMER	?
2DM	DNA LINKING	?
2DN	NON-POLYMER	?
2DO	L-PEPTIDE LINKING	?
2DP	NON-POLYMER	?
2DQ	NON-POLYMER	?
2DR	D-saccharide, beta linking	?
2DS	NON-POLYMER	?
2DT	DNA LINKING	DT
2DU	NON-POLYMER	?
2DV	NON-POLYMER	?
2DW	NON-POLYMER	?
2DX	NON-POLYMER	?
2DY	NON-POLYMER	?
2DZ	NON-POLYMER	?
2E1	NON-POLYMER	?
2E2	NON-POLYMER	?
2E3	NON-POLYMER	?
2E4	NON-POLYMER	?
2E5	NON-POLYMER	?
2E6	NON-POLYMER	?
2E7	NON-POLYMER	?
2E8	NON-POLYMER	?
2E9	NON-POLYMER	?
2EA	NON-POLYMER	?
2EB	NON-POLYMER	?
2EC	non-polymer	?
2ED	NON-POLYMER	?
2EE	NON-POLYMER	?
2EF	NON-POLYMER	?
2EG	DNA LINKING	G
2EH	NON-POLYMER	?
2EI	non-polymer	?
2EJ	NON-POLYMER	?
2EK	NON-POLYMER	?
2EL	NON-POLYMER	?
2EM	NON-POLYMER	?
2EN	NON-POLYMER	?
2EO	NON-POLYMER	?
2EP	NON-POLYMER	?
2EQ	non-polymer	?
2ER	NON-POLYMER	?
2ES	NON-POLYMER	?
2ET	NON-POLYMER	?
2EU	NON-POLYMER	?
2EV	NON-POLYMER	?
2EW	NON-POLYMER	?
2EX	NON-POLYMER	?
2EY	NON-POLYMER	?
2EZ	NON-POLYMER	?
2F0	NON-POLYMER	?
2F1	NON-POLYMER	?
2F2	NON-POLYMER	?
2F3	NON-POLYMER	?
2F4	NON-POLYMER	?
2F5	NON-POLYMER	?
2F6	NON-POLYMER	?
2F7	NON-POLYMER	?
2F8	D-saccharide	NDG
2F9	NON-POLYMER	?
2FA	NON-POLYMER	?
2FB	non-polymer	?
2FC	NON-POLYMER	?
2FD	NON-POLYMER	?
2FE	DNA linking	?
2FF	NON-POLYMER	?
2FG	D-saccharide, beta linking	?
2FH	NON-POLYMER	?
2FI	DNA linking	?
2FJ	NON-POLYMER	?
2FK	NON-POLYMER	?
2FL	saccharide	?
2FM	L-PEPTIDE LINKING	MET
2FN	NON-POLYMER	?
2FO	NON-POLYMER	?
2FP	SACCHARIDE	?
2FQ	NON-POLYMER	?
2FR	NON-POLYMER	?
2FS	NON-POLYMER	?
2FT	NON-POLYMER	?
2FU	NON-POLYMER	?
2FX	NON-POLYMER	?
2FY	non-polymer	?
2FZ	NON-POLYMER	?
2G0	NON-POLYMER	?
2G1	NON-POLYMER	?
2G2	NON-POLYMER	?
2G3	NON-POLYMER	?
2G4	NON-POLYMER	?
2G5	NON-POLYMER	?
2G6	peptide-like	?
2G7	NON-POLYMER	?
2G8	PEPTIDE-LIKE	?
2G9	PEPTIDE-LIKE	?
2GA	non-polymer	?
2GB	NON-POLYMER	?
2GC	PEPTIDE-LIKE	?
2GD	NON-POLYMER	?
2GE	NON-POLYMER	?
2GF	DNA LINKING	?
2GG	NON-POLYMER	?
2GH	NON-POLYMER	?
2GI	non-polymer	?
2GJ	non-polymer	?
2GK	NON-POLYMER	?
2GL	D-saccharide, beta linking	?
2GM	NON-POLYMER	?
2GN	non-polymer	?
2GO	NON-POLYMER	?
2GP	NON-POLYMER	?
2GQ	NON-POLYMER	?
2GR	NON-POLYMER	?
2GS	D-saccharide, alpha linking	GLA
2GT	RNA LINKING	DT
2GU	NON-POLYMER	?
2GV	NON-POLYMER	?
2GW	NON-POLYMER	?
2GX	L-peptide linking	PHE
2GY	NON-POLYMER	?
2GZ	peptide-like	?
2H0	peptide-like	?
2H1	NON-POLYMER	?
2H2	NON-POLYMER	?
2H3	NON-POLYMER	?
2H4	NON-POLYMER	?
2H5	D-saccharide, beta linking	?
2H7	NON-POLYMER	?
2H8	NON-POLYMER	?
2H9	NON-POLYMER	?
2HA	saccharide	?
2HB	NON-POLYMER	?
2HC	NON-POLYMER	?
2HD	NON-POLYMER	?
2HE	NON-POLYMER	?
2HF	L-PEPTIDE LINKING	HIS
2HG	NON-POLYMER	?
2HH	NON-POLYMER	?
2HI	NON-POLYMER	?
2HJ	NON-POLYMER	?
2HK	NON-POLYMER	?
2HL	NON-POLYMER	?
2HM	peptide-like	?
2HN	non-polymer	?
2HO	NON-POLYMER	?
2HP	NON-POLYMER	?
2HQ	NON-POLYMER	?
2HR	NON-POLYMER	?
2HS	NON-POLYMER	?
2HT	NON-POLYMER	?
2HU	NON-POLYMER	?
2HV	NON-POLYMER	?
2HW	NON-POLYMER	?
2HX	NON-POLYMER	?
2HY	NON-POLYMER	?
2HZ	NON-POLYMER	?
2I0	non-polymer	?
2I2	non-polymer	?
2I3	non-polymer	?
2I4	non-polymer	?
2I5	non-polymer	?
2I6	non-polymer	?
2I7	non-polymer	?
2I8	non-polymer	?
2I9	non-polymer	?
2IA	DNA LINKING	?
2IB	NON-POLYMER	?
2IC	NON-POLYMER	?
2ID	NON-POLYMER	?
2IE	non-polymer	?
2IF	non-polymer	?
2IG	NON-POLYMER	?
2IH	NON-POLYMER	?
2II	non-polymer	?
2IJ	non-polymer	?
2IK	non-polymer	?
2IL	NON-POLYMER	?
2IM	NON-POLYMER	?
2IN	NON-POLYMER	?
2IO	non-polymer	?
2IP	NON-POLYMER	?
2IQ	non-polymer	?
2IR	non-polymer	?
2IT	NON-POLYMER	?
2IU	non-polymer	?
2IV	non-polymer	?
2IW	NON-POLYMER	?
2IX	non-polymer	?
2IY	non-polymer	?
2IZ	non-polymer	?
2J0	NON-POLYMER	?
2J1	NON-POLYMER	?
2J2	NON-POLYMER	?
2J3	NON-POLYMER	?
2J4	non-polymer	?
2J5	NON-POLYMER	?
2J6	NON-POLYMER	?
2J7	NON-POLYMER	?
2J8	NON-POLYMER	?
2J9	NON-POLYMER	?
2JA	NON-POLYMER	?
2JC	L-PEPTIDE LINKING	?
2JD	NON-POLYMER	?
2JE	NON-POLYMER	?
2JF	L-PEPTIDE LINKING	?
2JG	L-PEPTIDE LINKING	SER
2JH	L-PEPTIDE LINKING	?
2JI	non-polymer	?
2JJ	D-PEPTIDE LINKING	?
2JK	NON-POLYMER	?
2JL	NON-POLYMER	?
2JM	NON-POLYMER	?
2JN	D-PEPTIDE LINKING	?
2JP	NON-POLYMER	?
2JQ	NON-POLYMER	?
2JR	NON-POLYMER	?
2JT	NON-POLYMER	?
2JU	DNA LINKING	?
2JV	DNA LINKING	DG
2JW	NON-POLYMER	?
2JX	NON-POLYMER	?
2JY	NON-POLYMER	?
2JZ	NON-POLYMER	?
2K0	NON-POLYMER	?
2K1	NON-POLYMER	?
2K2	NON-POLYMER	?
2K3	non-polymer	?
2K4	non-polymer	?
2K5	NON-POLYMER	?
2K6	NON-POLYMER	?
2K7	NON-POLYMER	?
2K8	NON-POLYMER	?
2K9	NON-POLYMER	?
2KA	NON-POLYMER	?
2KB	NON-POLYMER	?
2KC	NON-POLYMER	?
2KD	NON-POLYMER	?
2KE	NON-POLYMER	?
2KF	NON-POLYMER	?
2KG	NON-POLYMER	?
2KH	NON-POLYMER	?
2KJ	NON-POLYMER	?
2KK	L-PEPTIDE LINKING	LYS
2KL	NON-POLYMER	?
2KM	non-polymer	?
2KN	NON-POLYMER	?
2KO	NON-POLYMER	?
2KP	L-PEPTIDE LINKING	LYS
2KQ	NON-POLYMER	?
2KR	NON-POLYMER	?
2KS	NON-POLYMER	?
2KT	NON-POLYMER	?
2KU	NON-POLYMER	?
2KV	NON-POLYMER	?
2KW	NON-POLYMER	?
2KX	NON-POLYMER	?
2KY	L-PEPTIDE LINKING	?
2KZ	D-peptide linking	?
2L0	peptide-like	?
2L1	NON-POLYMER	?
2L2	NON-POLYMER	?
2L3	NON-POLYMER	?
2L4	NON-POLYMER	?
2L5	L-PEPTIDE LINKING	?
2L6	L-PEPTIDE LINKING	?
2L7	NON-POLYMER	?
2L8	DNA LINKING	?
2L9	L-PEPTIDE LINKING	?
2LA	DNA LINKING	?
2LB	NON-POLYMER	?
2LC	NON-POLYMER	?
2LD	NON-POLYMER	?
2LE	NON-POLYMER	?
2LF	DNA LINKING	?
2LG	NON-POLYMER	?
2LI	NON-POLYMER	?
2LJ	NON-POLYMER	?
2LK	NON-POLYMER	?
2LL	NON-POLYMER	?
2LM	NON-POLYMER	?
2LN	NON-POLYMER	?
2LO	NON-POLYMER	?
2LP	NON-POLYMER	?
2LQ	NON-POLYMER	?
2LR	peptide-like	?
2LS	NON-POLYMER	?
2LT	L-PEPTIDE LINKING	TYR
2LU	L-PEPTIDE LINKING	LEU
2LV	peptide-like	?
2LW	NON-POLYMER	?
2LX	NON-POLYMER	?
2LY	NON-POLYMER	?
2LZ	non-polymer	?
2M0	NON-POLYMER	?
2M1	peptide-like	?
2M2	NON-POLYMER	?
2M3	NON-POLYMER	?
2M4	saccharide	?
2M5	D-saccharide	MAN
2M7	NON-POLYMER	?
2M8	D-saccharide, alpha linking	MAN
2M9	NON-POLYMER	?
2MA	RNA LINKING	A
2MB	NON-POLYMER	?
2MC	NON-POLYMER	?
2MD	NON-POLYMER	?
2ME	NON-POLYMER	?
2MG	RNA LINKING	G
2MH	NON-POLYMER	?
2MI	NON-POLYMER	?
2MJ	NON-POLYMER	?
2MK	PEPTIDE-LIKE	?
2ML	L-PEPTIDE LINKING	LEU
2MM	NON-POLYMER	?
2MN	NON-POLYMER	?
2MO	NON-POLYMER	?
2MP	NON-POLYMER	?
2MQ	NON-POLYMER	?
2MR	L-PEPTIDE LINKING	ARG
2MT	L-PEPTIDE LINKING	PRO
2MU	RNA LINKING	U
2MV	NON-POLYMER	?
2MX	NON-POLYMER	?
2MY	NON-POLYMER	?
2MZ	NON-POLYMER	?
2N0	NON-POLYMER	?
2N2	NON-POLYMER	?
2N5	NON-POLYMER	?
2N6	NON-POLYMER	?
2N7	NON-POLYMER	?
2N8	NON-POLYMER	?
2N9	NON-POLYMER	?
2NA	NON-POLYMER	?
2NB	NON-POLYMER	?
2NC	peptide-like	?
2ND	NON-POLYMER	?
2NE	NON-POLYMER	?
2NF	NON-POLYMER	?
2NG	NON-POLYMER	?
2NH	NON-POLYMER	?
2NI	NON-POLYMER	?
2NJ	NON-POLYMER	?
2NK	NON-POLYMER	?
2NL	NON-POLYMER	?
2NM	NON-POLYMER	?
2NO	NON-POLYMER	?
2NP	NON-POLYMER	?
2NQ	NON-POLYMER	?
2NR	NON-POLYMER	?
2NS	NON-POLYMER	?
2NT	RNA LINKING	DT
2NU	non-polymer	?
2NV	NON-POLYMER	?
2NW	NON-POLYMER	?
2NX	NON-POLYMER	?
2NY	NON-POLYMER	?
2NZ	NON-POLYMER	?
2O0	NON-POLYMER	?
2O1	NON-POLYMER	?
2O2	NON-POLYMER	?
2O3	NON-POLYMER	?
2O4	NON-POLYMER	?
2O5	NON-POLYMER	?
2O6	NON-POLYMER	?
2O7	NON-POLYMER	?
2O8	NON-POLYMER	?
2OA	NON-POLYMER	?
2OB	NON-POLYMER	?
2OD	NON-POLYMER	?
2OE	NON-POLYMER	?
2OF	NON-POLYMER	?
2OG	NON-POLYMER	?
2OH	NON-POLYMER	?
2OI	non-polymer	?
2OJ	NON-POLYMER	?
2OK	NON-POLYMER	?
2OL	NON-POLYMER	?
2OM	RNA LINKING	U
2ON	NON-POLYMER	?
2OO	NON-POLYMER	?
2OP	NON-POLYMER	?
2OQ	NON-POLYMER	?
2OR	L-PEPTIDE LINKING	ARG
2OS	saccharide	?
2OT	RNA LINKING	DT
2OU	NON-POLYMER	?
2OV	NON-POLYMER	?
2OW	NON-POLYMER	?
2OX	NON-POLYMER	?
2OY	peptide-like	?
2OZ	NON-POLYMER	?
2P0	L-peptide linking	PRO
2P1	NON-POLYMER	?
2P2	NON-POLYMER	?
2P3	NON-POLYMER	?
2P4	NON-POLYMER	?
2P5	NON-POLYMER	?
2P6	NON-POLYMER	?
2P7	non-polymer	?
2P8	NON-POLYMER	?
2P9	NON-POLYMER	?
2PA	NON-POLYMER	?
2PB	NON-POLYMER	?
2PC	NON-POLYMER	?
2PD	NON-POLYMER	?
2PE	NON-POLYMER	?
2PF	NON-POLYMER	?
2PG	NON-POLYMER	?
2PH	NON-POLYMER	?
2PI	L-PEPTIDE LINKING	?
2PJ	NON-POLYMER	?
2PK	non-polymer	?
2PL	NON-POLYMER	?
2PM	NON-POLYMER	?
2PN	NON-POLYMER	?
2PO	NON-POLYMER	?
2PP	NON-POLYMER	?
2PQ	NON-POLYMER	?
2PR	DNA LINKING	DG
2PS	peptide-like	?
2PT	NON-POLYMER	?
2PU	NON-POLYMER	?
2PV	non-polymer	?
2PW	non-polymer	?
2PX	NON-POLYMER	?
2PY	NON-POLYMER	?
2PZ	NON-POLYMER	?
2Q0	non-polymer	?
2Q2	NON-POLYMER	?
2Q4	NON-POLYMER	?
2Q5	NON-POLYMER	?
2Q6	NON-POLYMER	?
2Q7	non-polymer	?
2Q8	NON-POLYMER	?
2Q9	NON-POLYMER	?
2QA	NON-POLYMER	?
2QB	NON-POLYMER	?
2QC	NON-POLYMER	?
2QD	L-PEPTIDE LINKING	?
2QE	NON-POLYMER	?
2QF	NON-POLYMER	?
2QG	NON-POLYMER	?
2QH	NON-POLYMER	?
2QI	non-polymer	?
2QJ	NON-POLYMER	?
2QK	NON-POLYMER	?
2QL	NON-POLYMER	?
2QM	NON-POLYMER	?
2QN	NON-POLYMER	?
2QO	NON-POLYMER	?
2QP	NON-POLYMER	?
2QQ	NON-POLYMER	?
2QR	NON-POLYMER	?
2QS	NON-POLYMER	?
2QT	NON-POLYMER	?
2QU	NON-POLYMER	?
2QV	NON-POLYMER	?
2QW	NON-POLYMER	?
2QX	NON-POLYMER	?
2QY	PEPTIDE LINKING	?
2QZ	L-PEPTIDE LINKING	THR
2R1	PEPTIDE LINKING	?
2R2	NON-POLYMER	?
2R3	L-PEPTIDE LINKING	TYR
2R4	NON-POLYMER	?
2R5	NON-POLYMER	?
2R6	NON-POLYMER	?
2R7	NON-POLYMER	?
2R8	NON-POLYMER	?
2R9	NON-POLYMER	?
2RA	D-peptide linking	ALA
2RB	NON-POLYMER	?
2RC	NON-POLYMER	?
2RD	NON-POLYMER	?
2RE	NON-POLYMER	?
2RF	NON-POLYMER	?
2RG	NON-POLYMER	?
2RH	NON-POLYMER	?
2RI	non-polymer	?
2RJ	NON-POLYMER	?
2RK	NON-POLYMER	?
2RL	NON-POLYMER	?
2RM	NON-POLYMER	?
2RN	NON-POLYMER	?
2RO	NON-POLYMER	?
2RP	NON-POLYMER	?
2RQ	NON-POLYMER	?
2RR	NON-POLYMER	?
2RS	NON-POLYMER	?
2RT	NON-POLYMER	?
2RU	NON-POLYMER	?
2RV	NON-POLYMER	?
2RW	NON-POLYMER	?
2RX	L-PEPTIDE LINKING	SER
2RY	non-polymer	?
2RZ	NON-POLYMER	?
2S0	NON-POLYMER	?
2S1	NON-POLYMER	?
2S2	NON-POLYMER	?
2S3	NON-POLYMER	?
2S4	NON-POLYMER	?
2S6	NON-POLYMER	?
2S7	NON-POLYMER	?
2S8	NON-POLYMER	?
2S9	NON-POLYMER	?
2SA	RNA LINKING	?
2SB	NON-POLYMER	?
2SC	NON-POLYMER	?
2SE	NON-POLYMER	?
2SF	NON-POLYMER	?
2SG	RNA LINKING	G
2SH	NON-POLYMER	?
2SI	L-saccharide, alpha linking	?
2SJ	NON-POLYMER	?
2SK	NON-POLYMER	?
2SL	NON-POLYMER	?
2SM	NON-POLYMER	?
2SN	non-polymer	?
2SO	L-peptide linking	HIS
2SP	NON-POLYMER	?
2SQ	NON-POLYMER	?
2SR	NON-POLYMER	?
2SS	non-polymer	?
2ST	DNA LINKING	DT
2SU	NON-POLYMER	?
2SW	NON-POLYMER	?
2SX	NON-POLYMER	?
2SY	NON-POLYMER	?
2SZ	NON-POLYMER	?
2T0	NON-POLYMER	?
2T1	NON-POLYMER	?
2T2	NON-POLYMER	?
2T3	NON-POLYMER	?
2T4	NON-POLYMER	?
2T5	NON-POLYMER	?
2T6	NON-POLYMER	?
2T7	NON-POLYMER	?
2T8	NON-POLYMER	?
2T9	NON-POLYMER	?
2TA	NON-POLYMER	?
2TB	NON-POLYMER	?
2TC	non-polymer	?
2TD	NON-POLYMER	?
2TE	NON-POLYMER	?
2TF	NON-POLYMER	?
2TG	NON-POLYMER	?
2TH	NON-POLYMER	?
2TI	non-polymer	?
2TJ	NON-POLYMER	?
2TK	NON-POLYMER	?
2TL	D-peptide linking	?
2TM	NON-POLYMER	?
2TN	NON-POLYMER	?
2TO	NON-POLYMER	?
2TP	NON-POLYMER	?
2TQ	NON-POLYMER	?
2TR	non-polymer	?
2TS	peptide-like	?
2TT	NON-POLYMER	?
2TU	NON-POLYMER	?
2TV	NON-POLYMER	?
2TW	NON-POLYMER	?
2TX	NON-POLYMER	?
2TY	L-PEPTIDE LINKING	TYR
2TZ	NON-POLYMER	?
2U0	NON-POLYMER	?
2U1	NON-POLYMER	?
2U2	NON-POLYMER	?
2U3	NON-POLYMER	?
2U4	NON-POLYMER	?
2U5	NON-POLYMER	?
2U6	NON-POLYMER	?
2U7	NON-POLYMER	?
2U8	NON-POLYMER	?
2U9	NON-POLYMER	?
2UA	peptide-like	?
2UB	NON-POLYMER	?
2UC	NON-POLYMER	?
2UD	NON-POLYMER	?
2UE	NON-POLYMER	?
2UF	NON-POLYMER	?
2UG	NON-POLYMER	?
2UH	NON-POLYMER	?
2UI	non-polymer	?
2UJ	NON-POLYMER	?
2UK	NON-POLYMER	?
2UL	NON-POLYMER	?
2UN	NON-POLYMER	?
2UO	NON-POLYMER	?
2UP	NON-POLYMER	?
2UQ	NON-POLYMER	?
2UR	NON-POLYMER	?
2US	NON-POLYMER	?
2UT	NON-POLYMER	?
2UU	NON-POLYMER	?
2UV	NON-POLYMER	?
2UW	NON-POLYMER	?
2UX	NON-POLYMER	?
2UY	NON-POLYMER	?
2UZ	NON-POLYMER	?
2V0	NON-POLYMER	?
2V1	NON-POLYMER	?
2V2	NON-POLYMER	?
2V3	NON-POLYMER	?
2V4	NON-POLYMER	?
2V5	NON-POLYMER	?
2V6	NON-POLYMER	?
2V7	NON-POLYMER	?
2V8	NON-POLYMER	?
2V9	NON-POLYMER	?
2VA	L-PEPTIDE LINKING	VAL
2VC	NON-POLYMER	?
2VD	NON-POLYMER	?
2VE	NON-POLYMER	?
2VF	NON-POLYMER	?
2VG	NON-POLYMER	?
2VH	NON-POLYMER	?
2VI	non-polymer	?
2VJ	NON-POLYMER	?
2VK	NON-POLYMER	?
2VL	NON-POLYMER	?
2VM	NON-POLYMER	?
2VN	NON-POLYMER	?
2VO	NON-POLYMER	?
2VP	NON-POLYMER	?
2VQ	NON-POLYMER	?
2VR	NON-POLYMER	?
2VS	NON-POLYMER	?
2VT	NON-POLYMER	?
2VU	NON-POLYMER	?
2VV	NON-POLYMER	?
2VW	NON-POLYMER	?
2VX	NON-POLYMER	?
2VY	NON-POLYMER	?
2VZ	NON-POLYMER	?
2W0	NON-POLYMER	?
2W1	NON-POLYMER	?
2W2	NON-POLYMER	?
2W3	NON-POLYMER	?
2W4	NON-POLYMER	?
2W5	NON-POLYMER	?
2W6	NON-POLYMER	?
2W7	NON-POLYMER	?
2W8	NON-POLYMER	?
2W9	NON-POLYMER	?
2WA	NON-POLYMER	?
2WB	NON-POLYMER	?
2WC	non-polymer	?
2WD	NON-POLYMER	?
2WE	non-polymer	?
2WF	NON-POLYMER	?
2WG	NON-POLYMER	?
2WH	NON-POLYMER	?
2WI	non-polymer	?
2WJ	NON-POLYMER	?
2WK	NON-POLYMER	?
2WL	NON-POLYMER	?
2WM	NON-POLYMER	?
2WN	NON-POLYMER	?
2WP	D-saccharide, alpha linking	?
2WQ	NON-POLYMER	?
2WR	NON-POLYMER	?
2WS	saccharide	?
2WT	NON-POLYMER	?
2WU	NON-POLYMER	?
2WV	non-polymer	?
2WW	NON-POLYMER	?
2WX	NON-POLYMER	?
2WY	NON-POLYMER	?
2WZ	NON-POLYMER	?
2X0	NON-POLYMER	?
2X1	NON-POLYMER	?
2X3	NON-POLYMER	?
2X4	NON-POLYMER	?
2X5	NON-POLYMER	?
2X6	NON-POLYMER	?
2X7	NON-POLYMER	?
2X9	NON-POLYMER	?
2XA	L-PEPTIDE LINKING	CYS
2XB	NON-POLYMER	?
2XC	NON-POLYMER	?
2XD	NON-POLYMER	?
2XE	NON-POLYMER	?
2XF	NON-POLYMER	?
2XG	NON-POLYMER	?
2XH	NON-POLYMER	?
2XI	non-polymer	?
2XJ	NON-POLYMER	?
2XK	NON-POLYMER	?
2XL	NON-POLYMER	?
2XM	NON-POLYMER	?
2XN	NON-POLYMER	?
2XO	NON-POLYMER	?
2XP	NON-POLYMER	?
2XQ	non-polymer	?
2XR	NON-POLYMER	?
2XS	NON-POLYMER	?
2XT	NON-POLYMER	?
2XU	NON-POLYMER	?
2XW	NON-POLYMER	?
2XX	NON-POLYMER	?
2XY	NON-POLYMER	?
2XZ	NON-POLYMER	?
2Y0	NON-POLYMER	?
2Y1	NON-POLYMER	?
2Y2	peptide-like	?
2Y3	peptide-like	?
2Y4	peptide-like	?
2Y5	NON-POLYMER	?
2Y6	NON-POLYMER	?
2Y7	NON-POLYMER	?
2Y8	NON-POLYMER	?
2Y9	NON-POLYMER	?
2YA	NON-POLYMER	?
2YB	NON-POLYMER	?
2YC	L-PEPTIDE LINKING	?
2YD	NON-POLYMER	?
2YE	non-polymer	?
2YF	L-PEPTIDE LINKING	?
2YG	L-PEPTIDE LINKING	?
2YH	L-PEPTIDE LINKING	?
2YI	non-polymer	?
2YJ	L-PEPTIDE LINKING	?
2YK	NON-POLYMER	?
2YL	NON-POLYMER	?
2YM	NON-POLYMER	?
2YN	NON-POLYMER	?
2YO	NON-POLYMER	?
2YP	NON-POLYMER	?
2YQ	NON-POLYMER	?
2YR	NON-POLYMER	?
2YS	peptide-like	?
2YT	peptide-like	?
2YU	NON-POLYMER	?
2YV	NON-POLYMER	?
2YW	NON-POLYMER	?
2YX	NON-POLYMER	?
2YY	NON-POLYMER	?
2YZ	NON-POLYMER	?
2Z0	peptide-like	?
2Z3	peptide-like	?
2Z4	peptide-like	?
2Z5	peptide-like	?
2ZC	L-PEPTIDE LINKING	SER
2ZE	NON-POLYMER	?
2ZF	peptide-like	?
2ZI	non-polymer	?
2ZL	NON-POLYMER	?
2ZM	NON-POLYMER	?
2ZO	NON-POLYMER	?
2ZQ	NON-POLYMER	?
2ZS	peptide-like	?
2ZT	NON-POLYMER	?
2ZU	NON-POLYMER	?
2ZV	NON-POLYMER	?
2ZW	NON-POLYMER	?
2ZX	NON-POLYMER	?
2ZY	NON-POLYMER	?
2ZZ	NON-POLYMER	?
300	NON-POLYMER	?
301	NON-POLYMER	?
302	NON-POLYMER	?
303	NON-POLYMER	?
304	NON-POLYMER	?
306	NON-POLYMER	?
307	NON-POLYMER	?
308	NON-POLYMER	?
30A	non-polymer	?
30B	NON-POLYMER	?
30E	non-polymer	?
30F	PEPTIDE LINKING	SEC
30G	NON-POLYMER	?
30H	NON-POLYMER	?
30I	NON-POLYMER	?
30J	NON-POLYMER	?
30K	non-polymer	?
30L	NON-POLYMER	?
30M	NON-POLYMER	?
30N	NON-POLYMER	?
30O	NON-POLYMER	?
30P	NON-POLYMER	?
30Q	NON-POLYMER	?
30R	NON-POLYMER	?
30S	NON-POLYMER	?
30T	NON-POLYMER	?
30U	NON-POLYMER	?
30V	L-PEPTIDE LINKING	CYS
30W	NON-POLYMER	?
30X	NON-POLYMER	?
30Y	NON-POLYMER	?
30Z	non-polymer	?
310	NON-POLYMER	?
311	NON-POLYMER	?
312	NON-POLYMER	?
313	NON-POLYMER	?
314	NON-POLYMER	?
315	NON-POLYMER	?
316	NON-POLYMER	?
317	NON-POLYMER	?
318	NON-POLYMER	?
319	NON-POLYMER	?
31A	non-polymer	?
31B	NON-POLYMER	?
31D	NON-POLYMER	?
31E	NON-POLYMER	?
31F	non-polymer	?
31G	NON-POLYMER	?
31H	RNA LINKING	A
31I	NON-POLYMER	?
31J	NON-POLYMER	?
31K	NON-POLYMER	?
31L	NON-POLYMER	?
31M	RNA LINKING	A
31N	NON-POLYMER	?
31O	NON-POLYMER	?
31P	NON-POLYMER	?
31Q	L-PEPTIDE LINKING	CYS
31R	NON-POLYMER	?
31S	NON-POLYMER	?
31T	NON-POLYMER	?
31U	NON-POLYMER	?
31V	NON-POLYMER	?
31W	NON-POLYMER	?
31X	NON-POLYMER	?
31Y	NON-POLYMER	?
31Z	NON-POLYMER	?
320	NON-POLYMER	?
321	NON-POLYMER	?
322	NON-POLYMER	?
323	NON-POLYMER	?
324	NON-POLYMER	?
325	NON-POLYMER	?
326	NON-POLYMER	?
327	NON-POLYMER	?
328	NON-POLYMER	?
329	NON-POLYMER	?
32A	NON-POLYMER	?
32B	NON-POLYMER	?
32C	NON-POLYMER	?
32D	non-polymer	?
32E	NON-POLYMER	?
32F	non-polymer	?
32G	NON-POLYMER	?
32H	NON-POLYMER	?
32I	NON-POLYMER	?
32J	NON-POLYMER	?
32K	NON-POLYMER	?
32L	L-PEPTIDE LINKING	?
32M	NON-POLYMER	?
32N	non-polymer	?
32O	L-saccharide, beta linking	?
32P	NON-POLYMER	?
32Q	NON-POLYMER	?
32R	NON-POLYMER	?
32S	L-PEPTIDE LINKING	TRP
32T	L-PEPTIDE LINKING	TRP
32U	peptide-like	?
32V	NON-POLYMER	?
32W	non-polymer	?
32X	NON-POLYMER	?
32Y	NON-POLYMER	?
32Z	NON-POLYMER	?
330	NON-POLYMER	?
331	NON-POLYMER	?
332	NON-POLYMER	?
333	NON-POLYMER	?
334	NON-POLYMER	?
335	NON-POLYMER	?
336	NON-POLYMER	?
337	NON-POLYMER	?
338	NON-POLYMER	?
339	NON-POLYMER	?
33A	NON-POLYMER	?
33B	NON-POLYMER	?
33C	NON-POLYMER	?
33D	NON-POLYMER	?
33E	NON-POLYMER	?
33F	NON-POLYMER	?
33G	NON-POLYMER	?
33H	NON-POLYMER	?
33I	non-polymer	?
33J	NON-POLYMER	?
33K	NON-POLYMER	?
33L	NON-POLYMER	?
33M	NON-POLYMER	?
33N	NON-POLYMER	?
33O	NON-POLYMER	?
33P	NON-POLYMER	?
33R	NON-POLYMER	?
33S	L-peptide linking	PHE
33T	NON-POLYMER	?
33U	peptide-like	?
33V	NON-POLYMER	?
33W	L-peptide linking	ALA
33X	D-PEPTIDE LINKING	?
33Y	NON-POLYMER	?
33Z	NON-POLYMER	?
340	NON-POLYMER	?
341	NON-POLYMER	?
342	NON-POLYMER	?
343	NON-POLYMER	?
344	NON-POLYMER	?
345	NON-POLYMER	?
346	NON-POLYMER	?
347	NON-POLYMER	?
348	NON-POLYMER	?
349	NON-POLYMER	?
34A	NON-POLYMER	?
34B	NON-POLYMER	?
34C	NON-POLYMER	?
34D	NON-POLYMER	?
34E	L-PEPTIDE LINKING	VAL
34F	NON-POLYMER	?
34G	NON-POLYMER	?
34H	NON-POLYMER	?
34I	NON-POLYMER	?
34J	NON-POLYMER	?
34K	NON-POLYMER	?
34L	NON-POLYMER	?
34M	NON-POLYMER	?
34N	NON-POLYMER	?
34O	NON-POLYMER	?
34P	peptide-like	?
34Q	NON-POLYMER	?
34R	NON-POLYMER	?
34S	NON-POLYMER	?
34T	NON-POLYMER	?
34U	NON-POLYMER	?
34V	L-saccharide, beta linking	?
34W	NON-POLYMER	?
34X	non-polymer	?
34Y	NON-POLYMER	?
34Z	NON-POLYMER	?
351	NON-POLYMER	?
352	NON-POLYMER	?
353	NON-POLYMER	?
354	NON-POLYMER	?
355	NON-POLYMER	?
356	NON-POLYMER	?
357	NON-POLYMER	?
358	NON-POLYMER	?
359	NON-POLYMER	?
35A	NON-POLYMER	?
35B	NON-POLYMER	?
35C	NON-POLYMER	?
35D	NON-POLYMER	?
35E	NON-POLYMER	?
35F	NON-POLYMER	?
35G	NON-POLYMER	?
35H	NON-POLYMER	?
35I	NON-POLYMER	?
35J	NON-POLYMER	?
35K	NON-POLYMER	?
35L	non-polymer	?
35M	non-polymer	?
35N	NON-POLYMER	?
35O	NON-POLYMER	?
35P	NON-POLYMER	?
35Q	NON-POLYMER	?
35R	NON-POLYMER	?
35S	NON-POLYMER	?
35T	NON-POLYMER	?
35V	NON-POLYMER	?
35W	NON-POLYMER	?
35X	NON-POLYMER	?
35Y	L-PEPTIDE LINKING	?
35Z	non-polymer	?
361	NON-POLYMER	?
362	NON-POLYMER	?
363	NON-POLYMER	?
364	NON-POLYMER	?
365	NON-POLYMER	?
367	NON-POLYMER	?
368	NON-POLYMER	?
369	NON-POLYMER	?
36A	NON-POLYMER	?
36C	NON-POLYMER	?
36D	NON-POLYMER	?
36E	NON-POLYMER	?
36F	NON-POLYMER	?
36G	non-polymer	?
36H	non-polymer	?
36I	NON-POLYMER	?
36J	NON-POLYMER	?
36K	non-polymer	?
36L	NON-POLYMER	?
36M	NON-POLYMER	?
36N	NON-POLYMER	?
36O	NON-POLYMER	?
36P	non-polymer	?
36Q	NON-POLYMER	?
36R	NON-POLYMER	?
36S	NON-POLYMER	?
36U	NON-POLYMER	?
36V	NON-POLYMER	?
36X	NON-POLYMER	?
36Y	NON-POLYMER	?
36Z	NON-POLYMER	?
370	NON-POLYMER	?
371	NON-POLYMER	?
372	NON-POLYMER	?
373	NON-POLYMER	?
374	non-polymer	?
376	NON-POLYMER	?
377	NON-POLYMER	?
378	NON-POLYMER	?
379	NON-POLYMER	?
37A	NON-POLYMER	?
37B	NON-POLYMER	?
37D	NON-POLYMER	?
37E	NON-POLYMER	?
37F	NON-POLYMER	?
37G	NON-POLYMER	?
37H	NON-POLYMER	?
37I	non-polymer	?
37J	NON-POLYMER	?
37K	NON-POLYMER	?
37L	NON-POLYMER	?
37M	NON-POLYMER	?
37N	NON-POLYMER	?
37O	NON-POLYMER	?
37P	NON-POLYMER	?
37Q	NON-POLYMER	?
37R	NON-POLYMER	?
37T	NON-POLYMER	?
37U	peptide-like	?
37V	NON-POLYMER	?
37W	NON-POLYMER	?
37X	NON-POLYMER	?
37Y	peptide-like	?
37Z	NON-POLYMER	?
380	NON-POLYMER	?
381	NON-POLYMER	?
382	NON-POLYMER	?
383	NON-POLYMER	?
384	NON-POLYMER	?
385	NON-POLYMER	?
386	NON-POLYMER	?
387	NON-POLYMER	?
388	NON-POLYMER	?
389	NON-POLYMER	?
38A	NON-POLYMER	?
38B	NON-POLYMER	?
38C	NON-POLYMER	?
38D	NON-POLYMER	?
38E	NON-POLYMER	?
38F	NON-POLYMER	?
38G	NON-POLYMER	?
38H	NON-POLYMER	?
38I	NON-POLYMER	?
38J	saccharide	?
38K	NON-POLYMER	?
38L	NON-POLYMER	?
38M	NON-POLYMER	?
38N	peptide-like	?
38O	NON-POLYMER	?
38P	NON-POLYMER	?
38Q	NON-POLYMER	?
38R	non-polymer	?
38S	NON-POLYMER	?
38T	NON-POLYMER	?
38U	NON-POLYMER	?
38V	NON-POLYMER	?
38W	NON-POLYMER	?
38X	peptide-like	?
38Y	NON-POLYMER	?
38Z	NON-POLYMER	?
390	NON-POLYMER	?
391	NON-POLYMER	?
392	NON-POLYMER	?
393	NON-POLYMER	?
394	NON-POLYMER	?
395	NON-POLYMER	?
396	NON-POLYMER	?
397	NON-POLYMER	?
398	non-polymer	?
39A	NON-POLYMER	?
39B	NON-POLYMER	?
39C	NON-POLYMER	?
39D	NON-POLYMER	?
39E	NON-POLYMER	?
39F	NON-POLYMER	?
39G	NON-POLYMER	?
39H	NON-POLYMER	?
39I	non-polymer	?
39J	non-polymer	?
39K	NON-POLYMER	?
39L	NON-POLYMER	?
39N	NON-POLYMER	?
39O	NON-POLYMER	?
39P	NON-POLYMER	?
39Q	peptide-like	?
39R	NON-POLYMER	?
39S	peptide-like	?
39U	NON-POLYMER	?
39V	peptide-like	?
39W	NON-POLYMER	?
39X	NON-POLYMER	?
39Y	NON-POLYMER	?
39Z	NON-POLYMER	?
3A0	NON-POLYMER	?
3A1	peptide-like	?
3A2	peptide-like	?
3A3	NON-POLYMER	?
3A4	NON-POLYMER	?
3A5	L-PEPTIDE LINKING	?
3A6	NON-POLYMER	?
3A7	NON-POLYMER	?
3A8	NON-POLYMER	?
3A9	NON-POLYMER	?
3AA	NON-POLYMER	?
3AB	NON-POLYMER	?
3AC	NON-POLYMER	?
3AD	NON-POLYMER	?
3AE	NON-POLYMER	?
3AF	NON-POLYMER	?
3AG	NON-POLYMER	?
3AH	L-PEPTIDE LINKING	HIS
3AI	peptide-like	?
3AJ	NON-POLYMER	?
3AK	NON-POLYMER	?
3AL	NON-POLYMER	?
3AM	NON-POLYMER	?
3AN	NON-POLYMER	?
3AO	NON-POLYMER	?
3AP	NON-POLYMER	?
3AQ	NON-POLYMER	?
3AR	L-PEPTIDE LINKING	?
3AS	NON-POLYMER	?
3AT	NON-POLYMER	?
3AU	RNA linking	U
3AV	NON-POLYMER	?
3AW	non-polymer	?
3AX	NON-POLYMER	?
3AY	NON-POLYMER	?
3AZ	peptide-like	?
3B0	NON-POLYMER	?
3B1	NON-POLYMER	?
3B2	NON-POLYMER	?
3B3	NON-POLYMER	?
3B4	NON-POLYMER	?
3B5	NON-POLYMER	?
3B6	NON-POLYMER	?
3B7	NON-POLYMER	?
3B8	NON-POLYMER	?
3B9	NON-POLYMER	?
3BA	NON-POLYMER	?
3BB	NON-POLYMER	?
3BC	NON-POLYMER	?
3BD	NON-POLYMER	?
3BE	NON-POLYMER	?
3BF	NON-POLYMER	?
3BG	NON-POLYMER	?
3BH	NON-POLYMER	?
3BI	NON-POLYMER	?
3BJ	NON-POLYMER	?
3BK	NON-POLYMER	?
3BL	NON-POLYMER	?
3BM	NON-POLYMER	?
3BN	NON-POLYMER	?
3BO	NON-POLYMER	?
3BP	NON-POLYMER	?
3BQ	NON-POLYMER	?
3BR	NON-POLYMER	?
3BS	NON-POLYMER	?
3BT	NON-POLYMER	?
3BU	L-saccharide	?
3BV	peptide-like	?
3BW	NON-POLYMER	?
3BX	NON-POLYMER	?
3BY	L-PEPTIDE LINKING	PRO
3BZ	NON-POLYMER	?
3C0	NON-POLYMER	?
3C1	NON-POLYMER	?
3C2	NON-POLYMER	?
3C3	NON-POLYMER	?
3C4	NON-POLYMER	?
3C5	NON-POLYMER	?
3C6	NON-POLYMER	?
3C7	NON-POLYMER	?
3C8	NON-POLYMER	?
3C9	NON-POLYMER	?
3CA	NON-POLYMER	?
3CB	NON-POLYMER	?
3CC	NON-POLYMER	?
3CD	non-polymer	?
3CE	NON-POLYMER	?
3CF	L-PEPTIDE LINKING	PHE
3CG	NON-POLYMER	?
3CH	NON-POLYMER	?
3CI	non-polymer	?
3CJ	NON-POLYMER	?
3CK	NON-POLYMER	?
3CL	NON-POLYMER	?
3CM	D-SACCHARIDE	?
3CN	NON-POLYMER	?
3CO	NON-POLYMER	?
3CP	NON-POLYMER	?
3CQ	NON-POLYMER	?
3CR	NON-POLYMER	?
3CS	NON-POLYMER	?
3CT	L-PEPTIDE LINKING	TYR
3CU	non-polymer	?
3CW	non-polymer	?
3CX	NON-POLYMER	?
3CY	NON-POLYMER	?
3CZ	NON-POLYMER	?
3D0	NON-POLYMER	?
3D1	NON-POLYMER	?
3D2	NON-POLYMER	?
3D3	NON-POLYMER	?
3D4	NON-POLYMER	?
3D5	NON-POLYMER	?
3D6	NON-POLYMER	?
3D7	non-polymer	?
3D8	NON-POLYMER	?
3D9	NON-POLYMER	?
3DA	RNA LINKING	DA
3DB	NON-POLYMER	?
3DC	NON-POLYMER	?
3DD	NON-POLYMER	?
3DE	NON-POLYMER	?
3DG	NON-POLYMER	?
3DH	NON-POLYMER	?
3DI	non-polymer	?
3DJ	NON-POLYMER	?
3DK	NON-POLYMER	?
3DL	NON-POLYMER	?
3DM	NON-POLYMER	?
3DN	NON-POLYMER	?
3DO	D-saccharide, beta linking	?
3DP	NON-POLYMER	?
3DQ	non-polymer	?
3DR	DNA LINKING	?
3DS	NON-POLYMER	?
3DT	non-polymer	?
3DU	NON-POLYMER	?
3DV	NON-POLYMER	?
3DW	NON-POLYMER	?
3DX	NON-POLYMER	?
3DY	L-saccharide	?
3DZ	NON-POLYMER	?
3E0	NON-POLYMER	?
3E1	NON-POLYMER	?
3E2	NON-POLYMER	?
3E3	NON-POLYMER	?
3E4	NON-POLYMER	?
3E5	peptide-like	?
3E6	non-polymer	?
3E7	NON-POLYMER	?
3E8	NON-POLYMER	?
3E9	NON-POLYMER	?
3EA	NON-POLYMER	?
3EB	non-polymer	?
3EC	NON-POLYMER	?
3ED	non-polymer	?
3EE	NON-POLYMER	?
3EF	NON-POLYMER	?
3EG	L-PEPTIDE LINKING	?
3EH	NON-POLYMER	?
3EI	non-polymer	?
3EJ	NON-POLYMER	?
3EK	NON-POLYMER	?
3EL	NON-POLYMER	?
3EM	NON-POLYMER	?
3EN	NON-POLYMER	?
3EO	NON-POLYMER	?
3EP	NON-POLYMER	?
3EQ	NON-POLYMER	?
3ER	NON-POLYMER	?
3ES	non-polymer	?
3ET	NON-POLYMER	?
3EU	NON-POLYMER	?
3EV	NON-POLYMER	?
3EW	NON-POLYMER	?
3EX	NON-POLYMER	?
3EY	NON-POLYMER	?
3EZ	NON-POLYMER	?
3F0	NON-POLYMER	?
3F1	NON-POLYMER	?
3F2	NON-POLYMER	?
3F3	non-polymer	?
3F4	non-polymer	?
3F5	NON-POLYMER	?
3F6	NON-POLYMER	?
3F7	NON-POLYMER	?
3F8	NON-POLYMER	?
3F9	NON-POLYMER	?
3FA	NON-POLYMER	?
3FB	NON-POLYMER	?
3FC	NON-POLYMER	?
3FD	NON-POLYMER	?
3FE	NON-POLYMER	?
3FF	NON-POLYMER	?
3FG	L-PEPTIDE LINKING	?
3FH	NON-POLYMER	?
3FI	NON-POLYMER	?
3FK	NON-POLYMER	?
3FL	NON-POLYMER	?
3FM	D-saccharide, alpha linking	MAN
3FN	NON-POLYMER	?
3FO	peptide-like	?
3FP	NON-POLYMER	?
3FQ	NON-POLYMER	?
3FR	NON-POLYMER	?
3FS	peptide-like	?
3FT	NON-POLYMER	?
3FU	peptide-like	?
3FV	NON-POLYMER	?
3FW	NON-POLYMER	?
3FX	NON-POLYMER	?
3FY	NON-POLYMER	?
3FZ	NON-POLYMER	?
3G0	NON-POLYMER	?
3G1	NON-POLYMER	?
3G3	NON-POLYMER	?
3G4	NON-POLYMER	?
3G5	NON-POLYMER	?
3G6	NON-POLYMER	?
3G7	NON-POLYMER	?
3G8	NON-POLYMER	?
3G9	NON-POLYMER	?
3GA	L-peptide linking	ALA
3GB	NON-POLYMER	?
3GC	NON-POLYMER	?
3GD	NON-POLYMER	?
3GE	NON-POLYMER	?
3GF	NON-POLYMER	?
3GG	NON-POLYMER	?
3GH	NON-POLYMER	?
3GJ	NON-POLYMER	?
3GK	NON-POLYMER	?
3GL	L-PEPTIDE LINKING	GLU
3GM	non-polymer	?
3GN	NON-POLYMER	?
3GO	NON-POLYMER	?
3GP	NON-POLYMER	?
3GQ	NON-POLYMER	?
3GR	D-saccharide	?
3GS	NON-POLYMER	?
3GT	NON-POLYMER	?
3GU	NON-POLYMER	?
3GV	NON-POLYMER	?
3GW	NON-POLYMER	?
3GX	NON-POLYMER	?
3GY	NON-POLYMER	?
3GZ	NON-POLYMER	?
3H0	NON-POLYMER	?
3H1	NON-POLYMER	?
3H2	NON-POLYMER	?
3H3	NON-POLYMER	?
3H4	NON-POLYMER	?
3H5	non-polymer	?
3H6	NON-POLYMER	?
3H7	NON-POLYMER	?
3H8	NON-POLYMER	?
3H9	NON-POLYMER	?
3HA	NON-POLYMER	?
3HB	NON-POLYMER	?
3HC	NON-POLYMER	?
3HD	D-saccharide	?
3HE	NON-POLYMER	?
3HF	NON-POLYMER	?
3HG	NON-POLYMER	?
3HH	NON-POLYMER	?
3HI	NON-POLYMER	?
3HJ	NON-POLYMER	?
3HK	NON-POLYMER	?
3HL	NON-POLYMER	?
3HM	NON-POLYMER	?
3HN	NON-POLYMER	?
3HO	NON-POLYMER	?
3HP	NON-POLYMER	?
3HQ	NON-POLYMER	?
3HR	NON-POLYMER	?
3HS	NON-POLYMER	?
3HT	NON-POLYMER	?
3HU	NON-POLYMER	?
3HV	NON-POLYMER	?
3HW	NON-POLYMER	?
3HX	NON-POLYMER	?
3HY	NON-POLYMER	?
3HZ	NON-POLYMER	?
3I0	non-polymer	?
3I2	non-polymer	?
3I3	non-polymer	?
3I4	non-polymer	?
3I5	non-polymer	?
3I6	non-polymer	?
3I7	NON-POLYMER	?
3IA	non-polymer	?
3IB	NON-POLYMER	?
3ID	NON-POLYMER	?
3IE	non-polymer	?
3IF	non-polymer	?
3IG	NON-POLYMER	?
3IH	NON-POLYMER	?
3II	NON-POLYMER	?
3IK	non-polymer	?
3IL	NON-POLYMER	?
3IM	non-polymer	?
3IN	NON-POLYMER	?
3IO	NON-POLYMER	?
3IP	NON-POLYMER	?
3IQ	non-polymer	?
3IR	non-polymer	?
3IS	non-polymer	?
3IT	NON-POLYMER	?
3IU	non-polymer	?
3IV	non-polymer	?
3IW	NON-POLYMER	?
3IX	non-polymer	?
3IY	non-polymer	?
3IZ	non-polymer	?
3J0	NON-POLYMER	?
3J1	NON-POLYMER	?
3J2	NON-POLYMER	?
3J3	D-saccharide	?
3J4	L-saccharide	?
3J5	NON-POLYMER	?
3J6	NON-POLYMER	?
3J7	NON-POLYMER	?
3J8	NON-POLYMER	?
3J9	NON-POLYMER	?
3JA	NON-POLYMER	?
3JB	NON-POLYMER	?
3JC	NON-POLYMER	?
3JD	NON-POLYMER	?
3JE	NON-POLYMER	?
3JF	NON-POLYMER	?
3JG	NON-POLYMER	?
3JH	NON-POLYMER	?
3JI	non-polymer	?
3JJ	NON-POLYMER	?
3JK	NON-POLYMER	?
3JL	NON-POLYMER	?
3JM	NON-POLYMER	?
3JN	NON-POLYMER	?
3JO	NON-POLYMER	?
3JP	NON-POLYMER	?
3JQ	NON-POLYMER	?
3JR	NON-POLYMER	?
3JS	NON-POLYMER	?
3JT	NON-POLYMER	?
3JU	NON-POLYMER	?
3JV	NON-POLYMER	?
3JW	non-polymer	?
3JX	NON-POLYMER	?
3JY	NON-POLYMER	?
3JZ	NON-POLYMER	?
3K0	NON-POLYMER	?
3K1	NON-POLYMER	?
3K2	NON-POLYMER	?
3K3	NON-POLYMER	?
3K4	L-PEPTIDE LINKING	?
3K5	NON-POLYMER	?
3K6	NON-POLYMER	?
3K7	NON-POLYMER	?
3K8	NON-POLYMER	?
3K9	NON-POLYMER	?
3KA	NON-POLYMER	?
3KB	NON-POLYMER	?
3KC	NON-POLYMER	?
3KD	NON-POLYMER	?
3KE	NON-POLYMER	?
3KF	NON-POLYMER	?
3KG	NON-POLYMER	?
3KH	NON-POLYMER	?
3KI	non-polymer	?
3KJ	NON-POLYMER	?
3KK	NON-POLYMER	?
3KL	NON-POLYMER	?
3KM	NON-POLYMER	?
3KN	NON-POLYMER	?
3KO	NON-POLYMER	?
3KP	NON-POLYMER	?
3KQ	NON-POLYMER	?
3KR	NON-POLYMER	?
3KS	NON-POLYMER	?
3KT	NON-POLYMER	?
3KU	NON-POLYMER	?
3KV	NON-POLYMER	?
3KW	NON-POLYMER	?
3KX	NON-POLYMER	?
3KY	NON-POLYMER	?
3KZ	NON-POLYMER	?
3L0	NON-POLYMER	?
3L1	NON-POLYMER	?
3L2	NON-POLYMER	?
3L3	NON-POLYMER	?
3L4	NON-POLYMER	?
3L5	NON-POLYMER	?
3L6	NON-POLYMER	?
3L7	NON-POLYMER	?
3L8	NON-POLYMER	?
3L9	NON-POLYMER	?
3LA	non-polymer	?
3LB	NON-POLYMER	?
3LC	NON-POLYMER	?
3LD	NON-POLYMER	?
3LE	NON-POLYMER	?
3LF	NON-POLYMER	?
3LG	NON-POLYMER	?
3LH	NON-POLYMER	?
3LI	NON-POLYMER	?
3LJ	D-saccharide, alpha linking	?
3LK	NON-POLYMER	?
3LL	NON-POLYMER	?
3LM	NON-POLYMER	?
3LN	NON-POLYMER	?
3LO	NON-POLYMER	?
3LP	NON-POLYMER	?
3LQ	NON-POLYMER	?
3LR	L-saccharide	?
3LS	NON-POLYMER	?
3LT	NON-POLYMER	?
3LU	NON-POLYMER	?
3LV	NON-POLYMER	?
3LW	NON-POLYMER	?
3LX	NON-POLYMER	?
3LY	non-polymer	?
3LZ	NON-POLYMER	?
3M0	NON-POLYMER	?
3M1	NON-POLYMER	?
3M2	NON-POLYMER	?
3M3	NON-POLYMER	?
3M4	NON-POLYMER	?
3M5	NON-POLYMER	?
3M6	NON-POLYMER	?
3M7	NON-POLYMER	?
3M8	NON-POLYMER	?
3M9	NON-POLYMER	?
3MA	NON-POLYMER	?
3MB	NON-POLYMER	?
3MC	NON-POLYMER	?
3MD	L-PEPTIDE LINKING	ASP
3ME	RNA LINKING	U
3MF	SACCHARIDE	?
3MG	D-saccharide, beta linking	BGC
3MH	NON-POLYMER	?
3MI	NON-POLYMER	?
3MJ	NON-POLYMER	?
3MK	L-saccharide, beta linking	?
3ML	NON-POLYMER	?
3MM	D-PEPTIDE NH3 AMINO TERMINUS	?
3MN	NON-POLYMER	?
3MO	NON-POLYMER	?
3MP	NON-POLYMER	?
3MQ	NON-POLYMER	?
3MR	NON-POLYMER	?
3MS	NON-POLYMER	?
3MT	NON-POLYMER	?
3MU	RNA LINKING	U
3MV	NON-POLYMER	?
3MW	NON-POLYMER	?
3MX	NON-POLYMER	?
3MY	D-PEPTIDE LINKING	TYR
3MZ	NON-POLYMER	?
3N0	NON-POLYMER	?
3N1	NON-POLYMER	?
3N2	NON-POLYMER	?
3N3	NON-POLYMER	?
3N4	NON-POLYMER	?
3N5	NON-POLYMER	?
3N6	NON-POLYMER	?
3N7	NON-POLYMER	?
3N8	NON-POLYMER	?
3N9	NON-POLYMER	?
3NA	NON-POLYMER	?
3NB	NON-POLYMER	?
3NC	NON-POLYMER	?
3ND	NON-POLYMER	?
3NE	NON-POLYMER	?
3NF	L-PEPTIDE LINKING	TYR
3NG	NON-POLYMER	?
3NH	NON-POLYMER	?
3NI	NON-POLYMER	?
3NJ	NON-POLYMER	?
3NK	NON-POLYMER	?
3NL	NON-POLYMER	?
3NM	NON-POLYMER	?
3NP	NON-POLYMER	?
3NQ	NON-POLYMER	?
3NR	NON-POLYMER	?
3NS	peptide-like	?
3NT	NON-POLYMER	?
3NU	NON-POLYMER	?
3NV	NON-POLYMER	?
3NW	NON-POLYMER	?
3NX	NON-POLYMER	?
3NY	NON-POLYMER	?
3NZ	NON-POLYMER	?
3O0	NON-POLYMER	?
3O1	NON-POLYMER	?
3O2	NON-POLYMER	?
3O3	L-peptide linking	GLU
3O4	non-polymer	?
3O5	NON-POLYMER	?
3O6	NON-POLYMER	?
3O7	NON-POLYMER	?
3O8	NON-POLYMER	?
3OA	NON-POLYMER	?
3OB	NON-POLYMER	?
3OC	NON-POLYMER	?
3OD	NON-POLYMER	?
3OE	PEPTIDE-LIKE	?
3OF	NON-POLYMER	?
3OG	NON-POLYMER	?
3OH	NON-POLYMER	?
3OJ	NON-POLYMER	?
3OK	NON-POLYMER	?
3OL	NON-POLYMER	?
3OM	NON-POLYMER	?
3ON	NON-POLYMER	?
3OO	NON-POLYMER	?
3OP	NON-POLYMER	?
3OQ	NON-POLYMER	?
3OR	NON-POLYMER	?
3OS	NON-POLYMER	?
3OT	NON-POLYMER	?
3OU	NON-POLYMER	?
3OV	NON-POLYMER	?
3OW	NON-POLYMER	?
3OX	NON-POLYMER	?
3OY	NON-POLYMER	?
3OZ	NON-POLYMER	?
3P0	NON-POLYMER	?
3P1	NON-POLYMER	?
3P2	NON-POLYMER	?
3P3	NON-POLYMER	?
3P4	NON-POLYMER	?
3P5	NON-POLYMER	?
3P6	NON-POLYMER	?
3P7	NON-POLYMER	?
3P8	NON-POLYMER	?
3P9	NON-POLYMER	?
3PA	NON-POLYMER	?
3PB	NON-POLYMER	?
3PC	NON-POLYMER	?
3PD	NON-POLYMER	?
3PE	NON-POLYMER	?
3PF	NON-POLYMER	?
3PG	NON-POLYMER	?
3PH	NON-POLYMER	?
3PI	NON-POLYMER	?
3PJ	NON-POLYMER	?
3PK	NON-POLYMER	?
3PL	NON-POLYMER	?
3PM	L-PEPTIDE LINKING	?
3PO	NON-POLYMER	?
3PP	NON-POLYMER	?
3PQ	NON-POLYMER	?
3PS	NON-POLYMER	?
3PT	NON-POLYMER	?
3PU	NON-POLYMER	?
3PW	NON-POLYMER	?
3PX	L-peptide linking	PRO
3PY	NON-POLYMER	?
3PZ	NON-POLYMER	?
3Q0	NON-POLYMER	?
3Q1	NON-POLYMER	?
3Q2	NON-POLYMER	?
3Q3	NON-POLYMER	?
3Q4	NON-POLYMER	?
3Q5	NON-POLYMER	?
3Q6	NON-POLYMER	?
3Q7	NON-POLYMER	?
3Q8	NON-POLYMER	?
3Q9	NON-POLYMER	?
3QA	NON-POLYMER	?
3QB	NON-POLYMER	?
3QC	NON-POLYMER	?
3QD	NON-POLYMER	?
3QE	NON-POLYMER	?
3QF	NON-POLYMER	?
3QG	NON-POLYMER	?
3QH	non-polymer	?
3QI	NON-POLYMER	?
3QJ	NON-POLYMER	?
3QK	NON-POLYMER	?
3QL	NON-POLYMER	?
3QM	NON-POLYMER	?
3QN	L-PEPTIDE LINKING	LYS
3QO	NON-POLYMER	?
3QP	PEPTIDE-LIKE	?
3QQ	NON-POLYMER	?
3QR	NON-POLYMER	?
3QS	NON-POLYMER	?
3QT	NON-POLYMER	?
3QU	NON-POLYMER	?
3QV	NON-POLYMER	?
3QW	NON-POLYMER	?
3QX	NON-POLYMER	?
3QY	NON-POLYMER	?
3QZ	NON-POLYMER	?
3R0	NON-POLYMER	?
3R1	NON-POLYMER	?
3R2	NON-POLYMER	?
3R3	D-saccharide	RIB
3R4	NON-POLYMER	?
3R5	NON-POLYMER	?
3R6	NON-POLYMER	?
3R7	NON-POLYMER	?
3R9	NON-POLYMER	?
3RA	NON-POLYMER	?
3RB	NON-POLYMER	?
3RC	NON-POLYMER	?
3RD	NON-POLYMER	?
3RE	NON-POLYMER	?
3RF	NON-POLYMER	?
3RG	NON-POLYMER	?
3RH	NON-POLYMER	?
3RI	NON-POLYMER	?
3RJ	NON-POLYMER	?
3RK	NON-POLYMER	?
3RL	NON-POLYMER	?
3RM	NON-POLYMER	?
3RN	NON-POLYMER	?
3RO	NON-POLYMER	?
3RP	NON-POLYMER	?
3RQ	NON-POLYMER	?
3RR	NON-POLYMER	?
3RS	NON-POLYMER	?
3RT	NON-POLYMER	?
3RU	NON-POLYMER	?
3RV	NON-POLYMER	?
3RW	NON-POLYMER	?
3RX	NON-POLYMER	?
3RY	NON-POLYMER	?
3RZ	NON-POLYMER	?
3S0	NON-POLYMER	?
3S1	NON-POLYMER	?
3S2	NON-POLYMER	?
3S3	NON-POLYMER	?
3S4	NON-POLYMER	?
3S5	NON-POLYMER	?
3S6	D-saccharide	GZL
3S9	NON-POLYMER	?
3SA	saccharide	?
3SB	NON-POLYMER	?
3SC	NON-POLYMER	?
3SD	PEPTIDE-LIKE	?
3SE	NON-POLYMER	?
3SF	NON-POLYMER	?
3SG	NON-POLYMER	?
3SH	NON-POLYMER	?
3SJ	NON-POLYMER	?
3SK	NON-POLYMER	?
3SL	NON-POLYMER	?
3SM	NON-POLYMER	?
3SN	NON-POLYMER	?
3SO	NON-POLYMER	?
3SP	peptide-like	?
3SQ	NON-POLYMER	?
3SR	NON-POLYMER	?
3SS	NON-POLYMER	?
3ST	NON-POLYMER	?
3SU	NON-POLYMER	?
3SV	NON-POLYMER	?
3SW	NON-POLYMER	?
3SX	NON-POLYMER	?
3SY	NON-POLYMER	?
3SZ	NON-POLYMER	?
3T0	NON-POLYMER	?
3T1	NON-POLYMER	?
3T2	NON-POLYMER	?
3T3	NON-POLYMER	?
3T4	NON-POLYMER	?
3T5	NON-POLYMER	?
3T7	NON-POLYMER	?
3T8	NON-POLYMER	?
3T9	NON-POLYMER	?
3TA	NON-POLYMER	?
3TB	NON-POLYMER	?
3TC	NON-POLYMER	?
3TD	RNA LINKING	U
3TE	NON-POLYMER	?
3TF	NON-POLYMER	?
3TG	NON-POLYMER	?
3TH	NON-POLYMER	?
3TI	NON-POLYMER	?
3TJ	NON-POLYMER	?
3TK	NON-POLYMER	?
3TL	peptide-like	?
3TM	NON-POLYMER	?
3TN	NON-POLYMER	?
3TO	NON-POLYMER	?
3TP	NON-POLYMER	?
3TQ	NON-POLYMER	?
3TR	NON-POLYMER	?
3TS	NON-POLYMER	?
3TT	NON-POLYMER	PRO
3TU	NON-POLYMER	?
3TV	NON-POLYMER	?
3TW	NON-POLYMER	?
3TX	NON-POLYMER	?
3TY	L-PEPTIDE LINKING	TYR
3TZ	NON-POLYMER	?
3U0	L-peptide NH3 amino terminus	?
3U1	NON-POLYMER	?
3U2	NON-POLYMER	?
3U3	NON-POLYMER	?
3U4	NON-POLYMER	?
3U5	NON-POLYMER	?
3U6	NON-POLYMER	?
3U7	NON-POLYMER	?
3U8	NON-POLYMER	?
3U9	non-polymer	?
3UA	NON-POLYMER	?
3UB	NON-POLYMER	?
3UC	NON-POLYMER	?
3UD	NON-POLYMER	?
3UE	NON-POLYMER	?
3UF	NON-POLYMER	?
3UG	NON-POLYMER	?
3UH	NON-POLYMER	?
3UI	non-polymer	?
3UJ	NON-POLYMER	?
3UK	NON-POLYMER	?
3UL	NON-POLYMER	?
3UM	NON-POLYMER	?
3UN	NON-POLYMER	?
3UO	NON-POLYMER	?
3UP	NON-POLYMER	?
3UQ	NON-POLYMER	?
3UR	NON-POLYMER	?
3US	NON-POLYMER	?
3UT	NON-POLYMER	?
3UW	NON-POLYMER	?
3UX	NON-POLYMER	?
3UY	NON-POLYMER	?
3UZ	NON-POLYMER	?
3V0	NON-POLYMER	?
3V1	NON-POLYMER	?
3V2	NON-POLYMER	?
3V3	NON-POLYMER	?
3V4	NON-POLYMER	?
3V5	NON-POLYMER	?
3V6	NON-POLYMER	?
3V7	NON-POLYMER	?
3V8	NON-POLYMER	?
3V9	NON-POLYMER	?
3VB	NON-POLYMER	?
3VC	NON-POLYMER	?
3VD	NON-POLYMER	?
3VE	NON-POLYMER	?
3VF	NON-POLYMER	?
3VH	peptide-like	?
3VI	non-polymer	?
3VJ	NON-POLYMER	?
3VK	NON-POLYMER	?
3VL	NON-POLYMER	?
3VM	NON-POLYMER	?
3VN	NON-POLYMER	?
3VO	NON-POLYMER	?
3VP	NON-POLYMER	?
3VQ	NON-POLYMER	?
3VR	NON-POLYMER	?
3VS	NON-POLYMER	?
3VT	NON-POLYMER	?
3VU	NON-POLYMER	?
3VV	NON-POLYMER	?
3VW	NON-POLYMER	?
3VX	NON-POLYMER	?
3VY	NON-POLYMER	?
3VZ	NON-POLYMER	?
3W1	NON-POLYMER	?
3W2	NON-POLYMER	?
3W3	NON-POLYMER	?
3W4	non-polymer	?
3W5	NON-POLYMER	?
3W6	NON-POLYMER	?
3W7	NON-POLYMER	?
3W8	NON-POLYMER	?
3W9	NON-POLYMER	?
3WA	NON-POLYMER	?
3WB	NON-POLYMER	?
3WC	non-polymer	?
3WD	peptide-like	?
3WE	NON-POLYMER	?
3WF	NON-POLYMER	?
3WG	NON-POLYMER	?
3WH	NON-POLYMER	?
3WJ	NON-POLYMER	?
3WK	NON-POLYMER	?
3WL	NON-POLYMER	?
3WM	NON-POLYMER	?
3WN	NON-POLYMER	?
3WO	NON-POLYMER	?
3WP	NON-POLYMER	?
3WQ	NON-POLYMER	?
3WR	NON-POLYMER	?
3WS	L-peptide linking	ALA
3WT	peptide-like	?
3WU	peptide-like	?
3WV	peptide-like	?
3WW	peptide-like	?
3WX	peptide-like	PRO
3WY	peptide-like	?
3WZ	peptide-like	?
3X0	NON-POLYMER	?
3X1	NON-POLYMER	?
3X2	NON-POLYMER	?
3X3	non-polymer	?
3X4	NON-POLYMER	?
3X5	NON-POLYMER	?
3X6	NON-POLYMER	?
3X7	NON-POLYMER	?
3X8	non-polymer	?
3X9	L-PEPTIDE LINKING	CYS
3XA	NON-POLYMER	?
3XB	NON-POLYMER	?
3XC	NON-POLYMER	?
3XD	NON-POLYMER	?
3XE	NON-POLYMER	?
3XF	NON-POLYMER	?
3XG	NON-POLYMER	?
3XH	L-peptide linking	GLY
3XI	peptide-like	?
3XJ	NON-POLYMER	?
3XK	NON-POLYMER	?
3XL	NON-POLYMER	?
3XM	NON-POLYMER	?
3XN	NON-POLYMER	?
3XO	NON-POLYMER	?
3XQ	NON-POLYMER	?
3XR	NON-POLYMER	?
3XS	NON-POLYMER	?
3XT	NON-POLYMER	?
3XU	NON-POLYMER	?
3XV	NON-POLYMER	?
3XW	NON-POLYMER	?
3XX	NON-POLYMER	?
3XY	NON-POLYMER	?
3XZ	NON-POLYMER	?
3Y0	NON-POLYMER	?
3Y1	NON-POLYMER	?
3Y2	NON-POLYMER	?
3Y3	NON-POLYMER	?
3Y4	NON-POLYMER	?
3Y5	NON-POLYMER	?
3Y6	NON-POLYMER	?
3Y7	NON-POLYMER	?
3Y8	NON-POLYMER	?
3Y9	NON-POLYMER	?
3YA	NON-POLYMER	?
3YB	NON-POLYMER	?
3YC	NON-POLYMER	?
3YD	NON-POLYMER	?
3YE	NON-POLYMER	?
3YF	NON-POLYMER	?
3YG	NON-POLYMER	?
3YH	NON-POLYMER	?
3YI	NON-POLYMER	?
3YJ	non-polymer	?
3YM	L-PEPTIDE LINKING	TYR
3YN	NON-POLYMER	?
3YO	NON-POLYMER	?
3YP	NON-POLYMER	?
3YQ	NON-POLYMER	?
3YR	NON-POLYMER	?
3YS	NON-POLYMER	?
3YT	NON-POLYMER	?
3YU	NON-POLYMER	?
3YV	NON-POLYMER	?
3YW	D-saccharide	NDG
3YX	NON-POLYMER	?
3YY	NON-POLYMER	?
3YZ	NON-POLYMER	?
3Z0	NON-POLYMER	?
3Z1	NON-POLYMER	?
3Z2	NON-POLYMER	?
3Z3	NON-POLYMER	?
3Z4	NON-POLYMER	?
3Z5	NON-POLYMER	?
3Z6	NON-POLYMER	?
3Z7	NON-POLYMER	?
3Z8	NON-POLYMER	?
3Z9	NON-POLYMER	?
3ZA	NON-POLYMER	?
3ZB	NON-POLYMER	?
3ZC	NON-POLYMER	?
3ZD	non-polymer	?
3ZE	NON-POLYMER	?
3ZF	NON-POLYMER	?
3ZG	NON-POLYMER	?
3ZH	L-peptide linking	HIS
3ZI	non-polymer	?
3ZJ	NON-POLYMER	?
3ZK	NON-POLYMER	?
3ZL	L-peptide linking	?
3ZM	NON-POLYMER	?
3ZN	NON-POLYMER	?
3ZO	DNA LINKING	?
3ZP	NON-POLYMER	?
3ZQ	NON-POLYMER	?
3ZR	NON-POLYMER	?
3ZS	NON-POLYMER	?
3ZU	NON-POLYMER	?
3ZV	NON-POLYMER	?
3ZZ	NON-POLYMER	?
400	non-polymer	?
401	NON-POLYMER	?
402	NON-POLYMER	?
403	NON-POLYMER	?
404	NON-POLYMER	?
405	NON-POLYMER	?
406	NON-POLYMER	?
407	NON-POLYMER	?
408	NON-POLYMER	?
409	NON-POLYMER	?
40A	PEPTIDE-LIKE	?
40B	NON-POLYMER	?
40C	PEPTIDE-LIKE	?
40D	NON-POLYMER	?
40E	NON-POLYMER	?
40F	NON-POLYMER	?
40G	peptide-like	?
40H	NON-POLYMER	?
40I	peptide-like	?
40J	saccharide	?
40K	NON-POLYMER	?
40L	NON-POLYMER	?
40M	NON-POLYMER	?
40N	NON-POLYMER	?
40O	NON-POLYMER	?
40P	NON-POLYMER	?
40Q	NON-POLYMER	?
40R	NON-POLYMER	?
40S	NON-POLYMER	?
40T	PEPTIDE-LIKE	?
40U	NON-POLYMER	?
40V	NON-POLYMER	?
40W	NON-POLYMER	?
40X	NON-POLYMER	?
40Y	NON-POLYMER	?
40Z	NON-POLYMER	?
410	NON-POLYMER	?
411	NON-POLYMER	?
412	NON-POLYMER	?
413	NON-POLYMER	?
414	NON-POLYMER	?
415	NON-POLYMER	?
416	NON-POLYMER	?
417	NON-POLYMER	?
418	NON-POLYMER	?
419	NON-POLYMER	?
41A	NON-POLYMER	?
41B	NON-POLYMER	?
41D	NON-POLYMER	?
41E	NON-POLYMER	?
41F	NON-POLYMER	?
41G	non-polymer	?
41H	L-PEPTIDE LINKING	PHE
41I	non-polymer	?
41J	NON-POLYMER	?
41K	NON-POLYMER	?
41L	NON-POLYMER	?
41M	NON-POLYMER	?
41N	NON-POLYMER	?
41O	NON-POLYMER	?
41P	NON-POLYMER	?
41Q	L-PEPTIDE LINKING	ASN
41R	NON-POLYMER	?
41S	NON-POLYMER	?
41T	NON-POLYMER	?
41U	NON-POLYMER	?
41V	NON-POLYMER	?
41W	NON-POLYMER	?
41X	NON-POLYMER	?
41Y	non-polymer	?
41Z	NON-POLYMER	?
420	NON-POLYMER	?
421	NON-POLYMER	?
422	NON-POLYMER	?
423	NON-POLYMER	?
424	NON-POLYMER	?
425	NON-POLYMER	?
426	NON-POLYMER	?
427	NON-POLYMER	?
428	NON-POLYMER	?
429	NON-POLYMER	?
42A	NON-POLYMER	?
42B	NON-POLYMER	?
42C	NON-POLYMER	?
42D	D-saccharide, alpha linking	?
42E	NON-POLYMER	?
42F	NON-POLYMER	?
42G	NON-POLYMER	?
42H	NON-POLYMER	?
42I	non-polymer	?
42J	NON-POLYMER	?
42K	NON-POLYMER	?
42L	NON-POLYMER	?
42M	NON-POLYMER	?
42O	NON-POLYMER	?
42P	NON-POLYMER	?
42Q	NON-POLYMER	?
42R	NON-POLYMER	?
42S	NON-POLYMER	?
42T	NON-POLYMER	?
42U	NON-POLYMER	?
42V	NON-POLYMER	?
42W	NON-POLYMER	?
42X	NON-POLYMER	?
42Y	NON-POLYMER	SER
42Z	NON-POLYMER	?
430	non-polymer	?
431	NON-POLYMER	?
432	L-peptide linking	SER
433	NON-POLYMER	?
434	NON-POLYMER	?
435	NON-POLYMER	?
436	NON-POLYMER	?
437	NON-POLYMER	?
438	NON-POLYMER	?
439	non-polymer	?
43A	NON-POLYMER	?
43B	NON-POLYMER	?
43C	NON-POLYMER	?
43D	NON-POLYMER	?
43E	NON-POLYMER	?
43F	NON-POLYMER	?
43G	NON-POLYMER	?
43H	NON-POLYMER	?
43I	non-polymer	?
43J	NON-POLYMER	?
43K	NON-POLYMER	?
43L	NON-POLYMER	?
43M	NON-POLYMER	?
43N	NON-POLYMER	?
43O	NON-POLYMER	?
43P	NON-POLYMER	?
43Q	NON-POLYMER	?
43R	NON-POLYMER	?
43S	NON-POLYMER	?
43T	NON-POLYMER	?
43U	NON-POLYMER	?
43V	NON-POLYMER	?
43W	NON-POLYMER	?
43X	NON-POLYMER	?
43Y	NON-POLYMER	?
43Z	NON-POLYMER	?
440	NON-POLYMER	?
442	NON-POLYMER	?
443	NON-POLYMER	?
444	NON-POLYMER	?
445	D-saccharide	?
446	NON-POLYMER	?
447	non-polymer	?
448	NON-POLYMER	?
449	NON-POLYMER	?
44A	NON-POLYMER	?
44B	NON-POLYMER	?
44C	NON-POLYMER	?
44D	NON-POLYMER	?
44E	NON-POLYMER	?
44F	NON-POLYMER	?
44G	NON-POLYMER	?
44H	NON-POLYMER	?
44I	NON-POLYMER	?
44J	NON-POLYMER	?
44K	NON-POLYMER	?
44L	NON-POLYMER	?
44M	NON-POLYMER	?
44N	NON-POLYMER	?
44O	NON-POLYMER	?
44P	NON-POLYMER	?
44Q	NON-POLYMER	?
44R	NON-POLYMER	?
44S	D-saccharide, beta linking	?
44T	non-polymer	?
44U	NON-POLYMER	?
44V	NON-POLYMER	?
44W	NON-POLYMER	?
44X	NON-POLYMER	?
44Z	NON-POLYMER	?
450	NON-POLYMER	?
451	NON-POLYMER	?
452	NON-POLYMER	?
453	NON-POLYMER	?
454	NON-POLYMER	?
455	NON-POLYMER	?
456	NON-POLYMER	?
458	NON-POLYMER	?
459	NON-POLYMER	?
45A	RNA LINKING	A
45B	NON-POLYMER	?
45C	NON-POLYMER	?
45D	NON-POLYMER	?
45E	NON-POLYMER	?
45F	NON-POLYMER	PRO
45H	NON-POLYMER	?
45I	non-polymer	?
45J	NON-POLYMER	?
45K	NON-POLYMER	?
45L	NON-POLYMER	?
45M	NON-POLYMER	?
45N	NON-POLYMER	?
45O	NON-POLYMER	?
45P	NON-POLYMER	?
45Q	NON-POLYMER	?
45R	NON-POLYMER	?
45S	NON-POLYMER	?
45T	NON-POLYMER	?
45U	peptide-like	?
45V	NON-POLYMER	?
45W	D-peptide linking	?
45X	NON-POLYMER	?
45Y	NON-POLYMER	?
45Z	NON-POLYMER	?
460	NON-POLYMER	?
461	non-polymer	?
462	NON-POLYMER	?
463	NON-POLYMER	?
464	NON-POLYMER	?
465	NON-POLYMER	?
466	non-polymer	?
467	NON-POLYMER	?
468	NON-POLYMER	?
469	NON-POLYMER	?
46A	NON-POLYMER	?
46B	NON-POLYMER	?
46C	NON-POLYMER	?
46D	saccharide	?
46E	NON-POLYMER	?
46F	NON-POLYMER	?
46G	NON-POLYMER	?
46H	NON-POLYMER	?
46I	non-polymer	?
46J	NON-POLYMER	?
46K	NON-POLYMER	?
46L	NON-POLYMER	?
46M	D-SACCHARIDE	?
46O	NON-POLYMER	?
46P	NON-POLYMER	?
46Q	NON-POLYMER	?
46R	NON-POLYMER	?
46S	NON-POLYMER	?
46T	NON-POLYMER	?
46U	peptide-like	?
46V	NON-POLYMER	?
46W	NON-POLYMER	?
46X	NON-POLYMER	?
46Y	NON-POLYMER	?
46Z	D-saccharide, alpha linking	?
470	NON-POLYMER	?
471	NON-POLYMER	?
472	NON-POLYMER	?
474	NON-POLYMER	?
475	D-saccharide	?
476	NON-POLYMER	?
477	NON-POLYMER	?
478	NON-POLYMER	?
479	NON-POLYMER	?
47A	NON-POLYMER	?
47B	NON-POLYMER	?
47C	DNA LINKING	DC
47D	NON-POLYMER	?
47E	NON-POLYMER	?
47F	non-polymer	?
47G	NON-POLYMER	?
47H	NON-POLYMER	?
47I	non-polymer	?
47J	NON-POLYMER	?
47K	NON-POLYMER	?
47L	NON-POLYMER	?
47M	NON-POLYMER	?
47N	non-polymer	?
47P	NON-POLYMER	?
47Q	NON-POLYMER	?
47R	NON-POLYMER	?
47S	NON-POLYMER	?
47T	NON-POLYMER	?
47U	NON-POLYMER	?
47V	NON-POLYMER	?
47W	NON-POLYMER	?
47X	NON-POLYMER	?
47Y	NON-POLYMER	?
47Z	non-polymer	?
480	NON-POLYMER	?
481	NON-POLYMER	?
482	NON-POLYMER	?
483	NON-POLYMER	?
484	NON-POLYMER	?
485	NON-POLYMER	?
486	NON-POLYMER	?
487	NON-POLYMER	?
488	NON-POLYMER	?
489	NON-POLYMER	?
48B	NON-POLYMER	?
48C	NON-POLYMER	?
48D	NON-POLYMER	?
48E	NON-POLYMER	?
48F	NON-POLYMER	?
48G	non-polymer	?
48H	NON-POLYMER	?
48I	NON-POLYMER	?
48J	non-polymer	?
48K	NON-POLYMER	?
48L	NON-POLYMER	?
48M	NON-POLYMER	?
48N	NON-POLYMER	?
48O	NON-POLYMER	?
48P	non-polymer	?
48Q	NON-POLYMER	?
48R	NON-POLYMER	?
48S	NON-POLYMER	?
48T	non-polymer	?
48U	NON-POLYMER	?
48V	peptide-like	?
48W	NON-POLYMER	?
48X	NON-POLYMER	?
48Y	NON-POLYMER	?
48Z	D-saccharide, alpha linking	?
490	NON-POLYMER	?
491	D-saccharide	NDG
492	NON-POLYMER	?
493	NON-POLYMER	?
494	NON-POLYMER	?
495	NON-POLYMER	?
496	NON-POLYMER	?
497	NON-POLYMER	?
498	NON-POLYMER	?
499	NON-POLYMER	?
49A	D-saccharide	?
49B	NON-POLYMER	?
49C	NON-POLYMER	?
49D	NON-POLYMER	?
49E	NON-POLYMER	?
49F	NON-POLYMER	?
49G	NON-POLYMER	?
49H	NON-POLYMER	?
49I	non-polymer	?
49J	NON-POLYMER	?
49K	NON-POLYMER	?
49L	NON-POLYMER	?
49M	NON-POLYMER	?
49N	NON-POLYMER	?
49O	NON-POLYMER	?
49P	NON-POLYMER	?
49Q	NON-POLYMER	?
49R	NON-POLYMER	?
49S	D-saccharide, beta linking	?
49T	D-saccharide, alpha linking	?
49U	NON-POLYMER	?
49V	L-saccharide, alpha linking	?
49W	NON-POLYMER	?
49X	NON-POLYMER	?
49Y	NON-POLYMER	?
49Z	NON-POLYMER	?
4A0	NON-POLYMER	?
4A1	NON-POLYMER	?
4A2	non-polymer	?
4A3	NON-POLYMER	?
4A5	NON-POLYMER	?
4A6	NON-POLYMER	?
4A7	NON-POLYMER	?
4A8	NON-POLYMER	?
4A9	NON-POLYMER	?
4AA	NON-POLYMER	?
4AB	NON-POLYMER	?
4AC	RNA LINKING	C
4AD	NON-POLYMER	?
4AE	NON-POLYMER	?
4AF	L-PEPTIDE LINKING	PHE
4AG	NON-POLYMER	?
4AH	NON-POLYMER	?
4AI	non-polymer	?
4AJ	NON-POLYMER	?
4AK	L-peptide linking	LYS
4AL	NON-POLYMER	?
4AM	D-saccharide	?
4AN	NON-POLYMER	?
4AO	NON-POLYMER	?
4AP	NON-POLYMER	?
4AQ	NON-POLYMER	?
4AR	L-PEPTIDE LINKING	ARG
4AS	NON-POLYMER	?
4AT	NON-POLYMER	?
4AU	non-polymer	?
4AV	NON-POLYMER	?
4AW	L-PEPTIDE LINKING	TRP
4AX	NON-POLYMER	?
4AY	NON-POLYMER	?
4AZ	NON-POLYMER	?
4B0	NON-POLYMER	?
4B1	NON-POLYMER	?
4B2	NON-POLYMER	?
4B3	NON-POLYMER	?
4B5	peptide-like	?
4B6	non-polymer	?
4B7	NON-POLYMER	?
4B8	NON-POLYMER	?
4BA	NON-POLYMER	?
4BB	NON-POLYMER	?
4BC	NON-POLYMER	?
4BD	NON-POLYMER	?
4BE	NON-POLYMER	?
4BF	L-PEPTIDE LINKING	TYR
4BG	NON-POLYMER	?
4BH	NON-POLYMER	?
4BI	NON-POLYMER	?
4BJ	NON-POLYMER	?
4BK	NON-POLYMER	?
4BL	NON-POLYMER	?
4BM	NON-POLYMER	?
4BN	NON-POLYMER	?
4BO	NON-POLYMER	?
4BP	NON-POLYMER	?
4BQ	NON-POLYMER	?
4BR	NON-POLYMER	?
4BS	NON-POLYMER	?
4BT	NON-POLYMER	?
4BU	NON-POLYMER	?
4BV	NON-POLYMER	?
4BW	NON-POLYMER	?
4BX	NON-POLYMER	?
4BY	NON-POLYMER	?
4BZ	NON-POLYMER	?
4C0	NON-POLYMER	?
4C1	NON-POLYMER	?
4C2	NON-POLYMER	?
4C4	NON-POLYMER	?
4C5	NON-POLYMER	?
4C6	NON-POLYMER	?
4C7	NON-POLYMER	?
4C8	NON-POLYMER	?
4C9	NON-POLYMER	?
4CA	NON-POLYMER	?
4CB	NON-POLYMER	?
4CC	NON-POLYMER	?
4CD	NON-POLYMER	?
4CE	NON-POLYMER	?
4CF	L-PEPTIDE LINKING	PHE
4CG	peptide linking	?
4CH	NON-POLYMER	?
4CI	non-polymer	?
4CJ	non-polymer	?
4CK	NON-POLYMER	?
4CL	NON-POLYMER	?
4CM	NON-POLYMER	?
4CN	NON-POLYMER	?
4CO	NON-POLYMER	?
4CP	NON-POLYMER	?
4CQ	saccharide	?
4CR	NON-POLYMER	?
4CS	NON-POLYMER	?
4CT	NON-POLYMER	?
4CU	NON-POLYMER	?
4CV	NON-POLYMER	?
4CW	NON-POLYMER	?
4CX	NON-POLYMER	?
4CY	L-PEPTIDE LINKING	MET
4CZ	NON-POLYMER	?
4D0	NON-POLYMER	?
4D1	NON-POLYMER	?
4D2	non-polymer	?
4D3	NON-POLYMER	?
4D4	L-peptide linking	ARG
4D5	NON-POLYMER	?
4D6	NON-POLYMER	?
4D7	NON-POLYMER	?
4D8	NON-POLYMER	?
4D9	NON-POLYMER	?
4DB	L-PEPTIDE LINKING	?
4DC	NON-POLYMER	?
4DD	NON-POLYMER	?
4DE	NON-POLYMER	?
4DF	NON-POLYMER	?
4DG	DNA OH 3 prime terminus	?
4DH	NON-POLYMER	?
4DI	NON-POLYMER	?
4DJ	NON-POLYMER	?
4DK	NON-POLYMER	?
4DL	NON-POLYMER	?
4DM	NON-POLYMER	?
4DN	NON-POLYMER	?
4DO	NON-POLYMER	?
4DP	L-PEPTIDE LINKING	TRP
4DQ	NON-POLYMER	?
4DS	NON-POLYMER	?
4DT	NON-POLYMER	?
4DU	DNA LINKING	?
4DV	NON-POLYMER	?
4DW	NON-POLYMER	?
4DX	NON-POLYMER	?
4DY	NON-POLYMER	?
4DZ	NON-POLYMER	?
4E0	non-polymer	?
4E1	NON-POLYMER	?
4E2	NON-POLYMER	?
4E3	NON-POLYMER	?
4E4	NON-POLYMER	?
4E5	NON-POLYMER	?
4E6	NON-POLYMER	?
4E7	NON-POLYMER	?
4E8	NON-POLYMER	?
4E9	DNA LINKING	?
4EA	NON-POLYMER	?
4EB	NON-POLYMER	?
4ED	NON-POLYMER	?
4EE	NON-POLYMER	?
4EF	NON-POLYMER	?
4EG	NON-POLYMER	?
4EH	NON-POLYMER	?
4EI	non-polymer	?
4EJ	NON-POLYMER	?
4EK	NON-POLYMER	?
4EL	NON-POLYMER	?
4EM	NON-POLYMER	?
4EN	DNA LINKING	?
4EO	NON-POLYMER	?
4EP	NON-POLYMER	?
4EQ	NON-POLYMER	?
4ER	NON-POLYMER	?
4ES	NON-POLYMER	?
4ET	NON-POLYMER	?
4EU	NON-POLYMER	?
4EV	NON-POLYMER	?
4EW	NON-POLYMER	?
4EX	NON-POLYMER	?
4EY	NON-POLYMER	?
4EZ	NON-POLYMER	?
4F0	NON-POLYMER	?
4F1	NON-POLYMER	?
4F2	NON-POLYMER	?
4F3	L-PEPTIDE LINKING	GLY, TYR, GLY
4F4	NON-POLYMER	?
4F5	NON-POLYMER	?
4F6	NON-POLYMER	?
4F7	NON-POLYMER	?
4F8	non-polymer	?
4F9	NON-POLYMER	?
4FA	NON-POLYMER	?
4FB	L-PEPTIDE LINKING	PRO
4FC	NON-POLYMER	?
4FD	NON-POLYMER	?
4FE	NON-POLYMER	?
4FF	non-polymer	?
4FG	NON-POLYMER	?
4FH	NON-POLYMER	?
4FI	NON-POLYMER	?
4FJ	NON-POLYMER	?
4FK	non-polymer	?
4FL	NON-POLYMER	?
4FM	NON-POLYMER	?
4FN	NON-POLYMER	?
4FO	D-PEPTIDE LINKING	?
4FP	NON-POLYMER	?
4FQ	NON-POLYMER	?
4FR	NON-POLYMER	?
4FS	NON-POLYMER	?
4FT	NON-POLYMER	?
4FU	NON-POLYMER	?
4FV	NON-POLYMER	?
4FW	L-PEPTIDE LINKING	TRP
4FX	NON-POLYMER	?
4FY	non-polymer	?
4FZ	NON-POLYMER	?
4G0	NON-POLYMER	?
4G1	NON-POLYMER	?
4G2	non-polymer	?
4G3	NON-POLYMER	?
4G4	NON-POLYMER	?
4G5	non-polymer	?
4G6	NON-POLYMER	?
4G7	NON-POLYMER	?
4G8	non-polymer	?
4G9	NON-POLYMER	?
4GA	NON-POLYMER	?
4GB	NON-POLYMER	?
4GC	saccharide	?
4GD	NON-POLYMER	?
4GE	non-polymer	?
4GF	NON-POLYMER	?
4GG	NON-POLYMER	?
4GH	NON-POLYMER	?
4GI	NON-POLYMER	?
4GJ	L-PEPTIDE LINKING	CYS
4GK	NON-POLYMER	?
4GL	D-saccharide, alpha linking	?
4GM	NON-POLYMER	?
4GN	NON-POLYMER	?
4GO	NON-POLYMER	?
4GP	D-saccharide	?
4GQ	NON-POLYMER	?
4GR	NON-POLYMER	?
4GS	NON-POLYMER	?
4GT	NON-POLYMER	?
4GU	NON-POLYMER	?
4GW	NON-POLYMER	?
4GX	NON-POLYMER	?
4GY	NON-POLYMER	?
4GZ	NON-POLYMER	?
4H0	peptide-like	?
4H1	NON-POLYMER	?
4H2	NON-POLYMER	?
4H3	NON-POLYMER	?
4H4	NON-POLYMER	?
4H5	NON-POLYMER	?
4H6	NON-POLYMER	?
4H7	NON-POLYMER	?
4H8	NON-POLYMER	?
4H9	NON-POLYMER	?
4HA	NON-POLYMER	?
4HB	non-polymer	?
4HC	NON-POLYMER	?
4HD	non-polymer	?
4HE	NON-POLYMER	?
4HF	NON-POLYMER	?
4HG	NON-POLYMER	?
4HH	L-PEPTIDE LINKING	SER
4HI	NON-POLYMER	?
4HJ	L-PEPTIDE LINKING	SER
4HK	NON-POLYMER	?
4HL	L-PEPTIDE LINKING	TYR
4HM	NON-POLYMER	?
4HN	NON-POLYMER	?
4HO	NON-POLYMER	?
4HP	NON-POLYMER	?
4HQ	NON-POLYMER	?
4HR	NON-POLYMER	?
4HS	NON-POLYMER	?
4HT	L-PEPTIDE LINKING	TRP
4HU	NON-POLYMER	?
4HV	NON-POLYMER	?
4HW	NON-POLYMER	?
4HX	NON-POLYMER	?
4HY	NON-POLYMER	?
4HZ	NON-POLYMER	?
4I0	non-polymer	?
4I1	non-polymer	?
4I2	non-polymer	?
4I4	non-polymer	?
4I5	NON-POLYMER	?
4I6	non-polymer	?
4I7	NON-POLYMER	?
4I8	NON-POLYMER	?
4I9	non-polymer	?
4IA	NON-POLYMER	?
4IB	NON-POLYMER	?
4IC	NON-POLYMER	?
4ID	NON-POLYMER	?
4IE	non-polymer	?
4IF	non-polymer	?
4IG	NON-POLYMER	?
4IH	NON-POLYMER	?
4II	L-peptide linking	PHE
4IJ	non-polymer	?
4IK	L-peptide linking	?
4IL	non-polymer	?
4IM	non-polymer	?
4IN	L-PEPTIDE LINKING	TRP
4IO	non-polymer	?
4IP	NON-POLYMER	?
4IQ	non-polymer	?
4IR	NON-POLYMER	?
4IS	non-polymer	?
4IT	non-polymer	?
4IU	non-polymer	?
4IV	non-polymer	?
4IW	non-polymer	?
4IX	non-polymer	?
4IZ	non-polymer	?
4J0	NON-POLYMER	?
4J1	non-polymer	?
4J2	D-PEPTIDE LINKING	?
4J3	NON-POLYMER	?
4J4	L-PEPTIDE LINKING	CYS
4J5	L-PEPTIDE LINKING	ARG
4J6	NON-POLYMER	?
4J7	NON-POLYMER	?
4J8	NON-POLYMER	?
4J9	NON-POLYMER	?
4JA	D-saccharide	YYK
4JC	NON-POLYMER	?
4JE	NON-POLYMER	?
4JF	NON-POLYMER	?
4JG	NON-POLYMER	?
4JH	NON-POLYMER	?
4JI	non-polymer	?
4JJ	NON-POLYMER	?
4JK	non-polymer	?
4JL	NON-POLYMER	?
4JM	NON-POLYMER	?
4JN	NON-POLYMER	?
4JO	NON-POLYMER	?
4JP	NON-POLYMER	?
4JQ	NON-POLYMER	?
4JR	NON-POLYMER	?
4JS	NON-POLYMER	?
4JT	NON-POLYMER	?
4JU	NON-POLYMER	?
4JV	NON-POLYMER	?
4JW	NON-POLYMER	?
4JX	NON-POLYMER	?
4JY	NON-POLYMER	?
4JZ	NON-POLYMER	?
4K0	non-polymer	?
4K1	NON-POLYMER	?
4K2	NON-POLYMER	?
4K3	NON-POLYMER	?
4K4	NON-POLYMER	?
4K5	NON-POLYMER	?
4K6	NON-POLYMER	?
4K7	NON-POLYMER	?
4K8	NON-POLYMER	?
4K9	NON-POLYMER	?
4KA	NON-POLYMER	?
4KB	NON-POLYMER	?
4KC	NON-POLYMER	?
4KD	NON-POLYMER	?
4KE	NON-POLYMER	?
4KF	NON-POLYMER	?
4KG	NON-POLYMER	?
4KH	NON-POLYMER	?
4KJ	NON-POLYMER	?
4KK	NON-POLYMER	?
4KL	NON-POLYMER	?
4KM	NON-POLYMER	?
4KN	NON-POLYMER	?
4KO	NON-POLYMER	?
4KP	NON-POLYMER	?
4KQ	NON-POLYMER	?
4KR	NON-POLYMER	?
4KS	NON-POLYMER	?
4KT	NON-POLYMER	?
4KU	NON-POLYMER	?
4KV	NON-POLYMER	?
4KW	NON-POLYMER	?
4KX	NON-POLYMER	?
4KY	peptide linking	PRO
4KZ	NON-POLYMER	?
4L0	L-peptide linking	PRO
4L1	NON-POLYMER	?
4L2	NON-POLYMER	?
4L3	NON-POLYMER	?
4L4	NON-POLYMER	?
4L5	NON-POLYMER	?
4L6	NON-POLYMER	?
4L7	NON-POLYMER	?
4L8	L-peptide linking	?
4L9	NON-POLYMER	?
4LA	NON-POLYMER	?
4LB	NON-POLYMER	?
4LC	NON-POLYMER	?
4LD	NON-POLYMER	?
4LE	NON-POLYMER	?
4LF	NON-POLYMER	?
4LG	NON-POLYMER	?
4LH	NON-POLYMER	?
4LI	NON-POLYMER	?
4LJ	NON-POLYMER	?
4LK	NON-POLYMER	?
4LL	NON-POLYMER	?
4LM	NON-POLYMER	?
4LN	NON-POLYMER	?
4LO	NON-POLYMER	?
4LP	NON-POLYMER	?
4LQ	NON-POLYMER	?
4LR	NON-POLYMER	?
4LS	NON-POLYMER	?
4LT	NON-POLYMER	?
4LU	NON-POLYMER	?
4LV	NON-POLYMER	?
4LW	NON-POLYMER	?
4LX	NON-POLYMER	?
4LY	non-polymer	?
4LZ	L-PEPTIDE LINKING	TYR
4M0	NON-POLYMER	?
4M1	NON-POLYMER	?
4M2	non-polymer	?
4M3	NON-POLYMER	?
4M4	NON-POLYMER	?
4M5	NON-POLYMER	?
4M6	NON-POLYMER	?
4M7	NON-POLYMER	?
4M8	L-peptide linking	?
4M9	L-peptide linking	GLN, TRP, GLY
4MA	NON-POLYMER	?
4MB	NON-POLYMER	?
4MC	NON-POLYMER	?
4MD	NON-POLYMER	?
4ME	non-polymer	?
4MF	DNA LINKING	?
4MG	NON-POLYMER	?
4MH	NON-POLYMER	?
4MI	NON-POLYMER	?
4MJ	NON-POLYMER	?
4MK	NON-POLYMER	?
4ML	NON-POLYMER	?
4MM	L-peptide NH3 amino terminus	MET
4MN	non-polymer	?
4MO	NON-POLYMER	?
4MP	NON-POLYMER	?
4MQ	non-polymer	?
4MR	NON-POLYMER	?
4MS	NON-POLYMER	?
4MT	NON-POLYMER	?
4MU	NON-POLYMER	?
4MV	NON-POLYMER	?
4MW	NON-POLYMER	?
4MX	NON-POLYMER	?
4MY	NON-POLYMER	?
4MZ	NON-POLYMER	?
4N0	non-polymer	?
4N1	NON-POLYMER	?
4N2	L-saccharide, beta linking	?
4N3	D-PEPTIDE LINKING	?
4N5	NON-POLYMER	?
4N6	NON-POLYMER	?
4N7	L-peptide NH3 amino terminus	PRO
4N8	L-peptide NH3 amino terminus	PRO
4N9	L-peptide COOH carboxy terminus	PRO
4NA	NON-POLYMER	?
4NB	NON-POLYMER	?
4NC	NON-POLYMER	?
4ND	NON-POLYMER	?
4NE	NON-POLYMER	?
4NF	NON-POLYMER	?
4NG	NON-POLYMER	?
4NH	NON-POLYMER	?
4NI	NON-POLYMER	?
4NJ	NON-POLYMER	?
4NK	NON-POLYMER	?
4NL	NON-POLYMER	?
4NM	non-polymer	?
4NN	D-saccharide	?
4NO	NON-POLYMER	?
4NP	NON-POLYMER	?
4NQ	non-polymer	?
4NR	non-polymer	?
4NS	NON-POLYMER	?
4NT	L-peptide linking	THR, TYR, GLY
4NU	L-peptide linking	THR, TYR, GLY
4NX	NON-POLYMER	?
4NY	NON-POLYMER	?
4NZ	NON-POLYMER	?
4O0	NON-POLYMER	?
4O1	NON-POLYMER	?
4O2	NON-POLYMER	?
4O3	NON-POLYMER	?
4O4	NON-POLYMER	?
4O5	NON-POLYMER	?
4O6	NON-POLYMER	?
4O7	NON-POLYMER	?
4O8	NON-POLYMER	?
4O9	NON-POLYMER	?
4OA	NON-POLYMER	?
4OB	NON-POLYMER	?
4OC	RNA LINKING	C
4OD	NON-POLYMER	?
4OE	NON-POLYMER	?
4OF	non-polymer	?
4OG	L-peptide linking	TRP
4OH	NON-POLYMER	?
4OI	non-polymer	?
4OJ	non-polymer	?
4OK	NON-POLYMER	?
4OL	NON-POLYMER	?
4ON	non-polymer	?
4OO	NON-POLYMER	?
4OP	D-PEPTIDE LINKING	?
4OQ	NON-POLYMER	?
4OR	NON-POLYMER	?
4OS	NON-POLYMER	?
4OT	NON-POLYMER	?
4OU	L-PEPTIDE LINKING	PHE
4OV	L-peptide linking	SER
4OW	non-polymer	?
4OX	NON-POLYMER	?
4OY	non-polymer	?
4OZ	peptide-like	SER
4P0	NON-POLYMER	?
4P1	NON-POLYMER	?
4P2	peptide-like	?
4P3	NON-POLYMER	?
4P4	NON-POLYMER	?
4P5	NON-POLYMER	?
4P6	NON-POLYMER	?
4P7	NON-POLYMER	?
4P8	NON-POLYMER	?
4P9	NON-POLYMER	?
4PA	NON-POLYMER	?
4PB	NON-POLYMER	?
4PC	DNA LINKING	DC
4PD	DNA LINKING	DC
4PE	DNA LINKING	DC
4PF	NON-POLYMER	?
4PG	NON-POLYMER	?
4PH	L-peptide linking	PHE
4PI	NON-POLYMER	?
4PJ	non-polymer	?
4PK	peptide-like	?
4PL	NON-POLYMER	?
4PN	NON-POLYMER	?
4PO	NON-POLYMER	?
4PP	NON-POLYMER	?
4PQ	L-peptide linking	TRP
4PR	NON-POLYMER	?
4PS	NON-POLYMER	?
4PT	NON-POLYMER	?
4PU	NON-POLYMER	?
4PV	NON-POLYMER	?
4PW	NON-POLYMER	?
4PX	NON-POLYMER	?
4PY	NON-POLYMER	?
4PZ	NON-POLYMER	?
4Q0	NON-POLYMER	?
4Q1	NON-POLYMER	?
4Q2	NON-POLYMER	?
4Q3	NON-POLYMER	?
4Q4	non-polymer	?
4Q5	peptide-like	?
4Q6	non-polymer	?
4Q7	NON-POLYMER	?
4Q8	non-polymer	?
4Q9	NON-POLYMER	?
4QA	NON-POLYMER	?
4QB	NON-POLYMER	?
4QC	NON-POLYMER	?
4QD	NON-POLYMER	?
4QE	non-polymer	?
4QF	NON-POLYMER	?
4QG	NON-POLYMER	?
4QH	NON-POLYMER	?
4QI	non-polymer	?
4QJ	NON-POLYMER	?
4QK	L-PEPTIDE LINKING	?
4QL	NON-POLYMER	?
4QM	NON-POLYMER	?
4QO	NON-POLYMER	?
4QP	NON-POLYMER	?
4QQ	NON-POLYMER	?
4QR	non-polymer	?
4QS	non-polymer	?
4QT	NON-POLYMER	?
4QU	non-polymer	?
4QV	NON-POLYMER	?
4QW	NON-POLYMER	?
4QX	NON-POLYMER	?
4QY	D-saccharide, beta linking	NAG
4QZ	NON-POLYMER	?
4R0	NON-POLYMER	?
4R1	D-saccharide, beta linking	GCS
4R2	non-polymer	?
4R3	non-polymer	?
4R5	NON-POLYMER	?
4R6	non-polymer	?
4R7	non-polymer	?
4R8	non-polymer	?
4R9	non-polymer	?
4RA	NON-POLYMER	?
4RB	NON-POLYMER	?
4RC	NON-POLYMER	?
4RD	NON-POLYMER	?
4RF	NON-POLYMER	?
4RG	NON-POLYMER	?
4RH	non-polymer	?
4RI	non-polymer	?
4RJ	NON-POLYMER	?
4RK	NON-POLYMER	?
4RL	NON-POLYMER	?
4RM	NON-POLYMER	?
4RN	NON-POLYMER	?
4RO	NON-POLYMER	?
4RP	NON-POLYMER	?
4RQ	NON-POLYMER	?
4RR	NON-POLYMER	?
4RS	saccharide	?
4RT	NON-POLYMER	?
4RU	NON-POLYMER	?
4RV	NON-POLYMER	?
4RW	NON-POLYMER	?
4RX	NON-POLYMER	?
4RY	NON-POLYMER	?
4RZ	NON-POLYMER	?
4S0	non-polymer	?
4S1	NON-POLYMER	?
4S2	NON-POLYMER	?
4S3	NON-POLYMER	?
4S4	NON-POLYMER	?
4S7	NON-POLYMER	?
4S8	NON-POLYMER	?
4S9	NON-POLYMER	?
4SA	NON-POLYMER	?
4SB	NON-POLYMER	?
4SC	DNA LINKING	DC
4SD	NON-POLYMER	?
4SF	peptide-like	?
4SG	D-saccharide, alpha linking	?
4SH	peptide-like	?
4SI	non-polymer	?
4SJ	L-peptide linking	PHE
4SL	peptide-like	?
4SM	NON-POLYMER	?
4SN	NON-POLYMER	?
4SO	NON-POLYMER	?
4SP	NON-POLYMER	?
4SQ	NON-POLYMER	?
4SR	NON-POLYMER	?
4SS	NON-POLYMER	?
4ST	NON-POLYMER	?
4SU	RNA LINKING	U
4SV	non-polymer	?
4SW	non-polymer	?
4SX	NON-POLYMER	?
4SY	NON-POLYMER	?
4SZ	NON-POLYMER	?
4T0	NON-POLYMER	?
4T1	NON-POLYMER	?
4T2	NON-POLYMER	?
4T3	NON-POLYMER	?
4T4	NON-POLYMER	?
4T5	NON-POLYMER	?
4T6	NON-POLYMER	?
4T7	NON-POLYMER	?
4T8	NON-POLYMER	?
4T9	non-polymer	?
4TA	RNA LINKING	?
4TB	NON-POLYMER	?
4TC	NON-POLYMER	?
4TD	NON-POLYMER	?
4TE	NON-POLYMER	?
4TF	NON-POLYMER	?
4TG	NON-POLYMER	?
4TH	NON-POLYMER	?
4TI	NON-POLYMER	?
4TJ	NON-POLYMER	?
4TK	NON-POLYMER	?
4TL	NON-POLYMER	?
4TM	NON-POLYMER	?
4TN	NON-POLYMER	?
4TO	NON-POLYMER	?
4TP	NON-POLYMER	?
4TQ	NON-POLYMER	?
4TR	NON-POLYMER	?
4TS	non-polymer	?
4TT	NON-POLYMER	?
4TU	NON-POLYMER	?
4TV	NON-POLYMER	?
4TW	NON-POLYMER	?
4TX	NON-POLYMER	?
4TY	NON-POLYMER	?
4TZ	NON-POLYMER	?
4U0	saccharide	?
4U1	saccharide	?
4U2	saccharide	?
4U3	DNA linking	DC
4U5	NON-POLYMER	?
4U6	NON-POLYMER	?
4U7	L-peptide linking	ALA
4U8	NON-POLYMER	?
4U9	NON-POLYMER	?
4UA	non-polymer	?
4UB	non-polymer	?
4UC	NON-POLYMER	?
4UD	L-peptide linking	?
4UE	NON-POLYMER	?
4UF	NON-POLYMER	?
4UG	NON-POLYMER	?
4UH	non-polymer	?
4UI	non-polymer	?
4UJ	NON-POLYMER	?
4UK	NON-POLYMER	?
4UL	NON-POLYMER	?
4UM	NON-POLYMER	?
4UN	NON-POLYMER	?
4UO	NON-POLYMER	?
4UP	NON-POLYMER	?
4UQ	NON-POLYMER	?
4UR	NON-POLYMER	?
4US	NON-POLYMER	?
4UT	NON-POLYMER	?
4UU	NON-POLYMER	?
4UV	NON-POLYMER	?
4UW	NON-POLYMER	?
4UX	NON-POLYMER	?
4UY	NON-POLYMER	?
4UZ	D-saccharide, beta linking	GCS
4V0	NON-POLYMER	?
4V1	NON-POLYMER	?
4V2	non-polymer	?
4V3	NON-POLYMER	?
4V4	NON-POLYMER	?
4V5	D-saccharide, alpha linking	PA1
4V6	NON-POLYMER	?
4V7	NON-POLYMER	?
4V8	NON-POLYMER	?
4V9	NON-POLYMER	?
4VA	NON-POLYMER	?
4VB	NON-POLYMER	?
4VC	NON-POLYMER	?
4VD	NON-POLYMER	?
4VE	NON-POLYMER	?
4VF	NON-POLYMER	?
4VG	NON-POLYMER	?
4VH	non-polymer	?
4VI	non-polymer	ARG
4VJ	NON-POLYMER	?
4VK	NON-POLYMER	?
4VL	NON-POLYMER	?
4VM	NON-POLYMER	?
4VN	NON-POLYMER	?
4VO	NON-POLYMER	?
4VP	NON-POLYMER	?
4VQ	non-polymer	?
4VR	NON-POLYMER	?
4VS	NON-POLYMER	?
4VT	NON-POLYMER	?
4VU	NON-POLYMER	?
4VV	NON-POLYMER	?
4VW	non-polymer	?
4VX	non-polymer	?
4VY	non-polymer	?
4VZ	non-polymer	?
4W0	NON-POLYMER	?
4W1	NON-POLYMER	?
4W4	NON-POLYMER	?
4W5	NON-POLYMER	?
4W6	NON-POLYMER	?
4W8	non-polymer	?
4W9	NON-POLYMER	?
4WA	NON-POLYMER	?
4WB	non-polymer	?
4WC	NON-POLYMER	?
4WD	non-polymer	?
4WE	NON-POLYMER	?
4WF	non-polymer	?
4WG	NON-POLYMER	?
4WH	NON-POLYMER	?
4WI	non-polymer	?
4WJ	NON-POLYMER	?
4WK	NON-POLYMER	?
4WL	non-polymer	?
4WM	NON-POLYMER	?
4WN	NON-POLYMER	?
4WO	NON-POLYMER	?
4WP	NON-POLYMER	?
4WQ	L-peptide linking	ALA
4WR	NON-POLYMER	?
4WS	NON-POLYMER	?
4WT	NON-POLYMER	?
4WU	NON-POLYMER	?
4WV	NON-POLYMER	?
4WW	NON-POLYMER	?
4WX	NON-POLYMER	?
4WY	NON-POLYMER	?
4WZ	NON-POLYMER	?
4X1	NON-POLYMER	?
4X2	NON-POLYMER	?
4X3	NON-POLYMER	?
4X4	NON-POLYMER	?
4X6	NON-POLYMER	?
4X7	NON-POLYMER	?
4X8	NON-POLYMER	?
4X9	NON-POLYMER	?
4XA	NON-POLYMER	?
4XB	NON-POLYMER	?
4XC	NON-POLYMER	?
4XD	NON-POLYMER	?
4XE	NON-POLYMER	?
4XF	NON-POLYMER	?
4XG	NON-POLYMER	?
4XH	non-polymer	?
4XI	non-polymer	?
4XJ	NON-POLYMER	?
4XK	NON-POLYMER	?
4XL	NON-POLYMER	?
4XM	NON-POLYMER	?
4XN	NON-POLYMER	?
4XO	NON-POLYMER	?
4XP	NON-POLYMER	?
4XQ	NON-POLYMER	?
4XR	NON-POLYMER	?
4XS	NON-POLYMER	?
4XU	NON-POLYMER	?
4XV	NON-POLYMER	?
4XW	NON-POLYMER	?
4XX	NON-POLYMER	?
4XY	NON-POLYMER	?
4Y0	non-polymer	?
4Y1	NON-POLYMER	?
4Y2	NON-POLYMER	?
4Y3	NON-POLYMER	?
4Y4	non-polymer	?
4Y5	NON-POLYMER	?
4Y6	NON-POLYMER	?
4Y7	NON-POLYMER	?
4Y8	NON-POLYMER	?
4YA	NON-POLYMER	?
4YB	NON-POLYMER	?
4YC	NON-POLYMER	?
4YD	NON-POLYMER	?
4YE	NON-POLYMER	?
4YF	NON-POLYMER	?
4YG	non-polymer	?
4YH	NON-POLYMER	?
4YI	non-polymer	?
4YJ	non-polymer	?
4YK	NON-POLYMER	?
4YL	NON-POLYMER	?
4YM	NON-POLYMER	?
4YN	NON-POLYMER	?
4YO	NON-POLYMER	?
4YP	NON-POLYMER	?
4YQ	non-polymer	?
4YR	NON-POLYMER	?
4YS	NON-POLYMER	?
4YT	NON-POLYMER	?
4YU	NON-POLYMER	?
4YV	NON-POLYMER	?
4YW	NON-POLYMER	?
4YX	NON-POLYMER	?
4YY	NON-POLYMER	?
4YZ	NON-POLYMER	?
4Z0	NON-POLYMER	?
4Z1	NON-POLYMER	?
4Z2	NON-POLYMER	?
4Z3	NON-POLYMER	?
4Z4	NON-POLYMER	?
4Z5	NON-POLYMER	?
4Z8	NON-POLYMER	?
4Z9	NON-POLYMER	?
4ZA	NON-POLYMER	?
4ZB	NON-POLYMER	?
4ZC	NON-POLYMER	?
4ZD	NON-POLYMER	?
4ZE	NON-POLYMER	?
4ZF	NON-POLYMER	?
4ZG	NON-POLYMER	?
4ZH	NON-POLYMER	?
4ZI	non-polymer	?
4ZJ	NON-POLYMER	?
4ZK	NON-POLYMER	?
4ZL	NON-POLYMER	?
4ZM	NON-POLYMER	?
4ZN	NON-POLYMER	?
4ZO	NON-POLYMER	?
4ZP	NON-POLYMER	?
4ZQ	NON-POLYMER	?
4ZR	NON-POLYMER	?
4ZS	NON-POLYMER	?
4ZT	NON-POLYMER	?
4ZU	NON-POLYMER	?
4ZV	NON-POLYMER	?
4ZW	NON-POLYMER	?
4ZX	NON-POLYMER	?
4ZY	non-polymer	?
4ZZ	NON-POLYMER	?
501	NON-POLYMER	?
502	NON-POLYMER	?
503	NON-POLYMER	?
504	NON-POLYMER	?
505	non-polymer	?
506	NON-POLYMER	?
507	NON-POLYMER	?
508	NON-POLYMER	?
509	NON-POLYMER	?
50A	D-saccharide, alpha linking	?
50B	NON-POLYMER	?
50C	NON-POLYMER	?
50D	NON-POLYMER	?
50E	NON-POLYMER	?
50F	NON-POLYMER	?
50G	NON-POLYMER	?
50H	NON-POLYMER	?
50I	NON-POLYMER	?
50J	NON-POLYMER	?
50K	NON-POLYMER	?
50L	RNA linking	?
50M	NON-POLYMER	?
50N	RNA linking	?
50O	NON-POLYMER	?
50P	NON-POLYMER	?
50Q	non-polymer	?
50R	NON-POLYMER	?
50T	non-polymer	?
50U	peptide-like	?
50V	NON-POLYMER	?
50W	NON-POLYMER	?
50X	NON-POLYMER	?
50Y	NON-POLYMER	?
50Z	NON-POLYMER	?
510	L-saccharide	?
511	NON-POLYMER	?
512	NON-POLYMER	?
513	NON-POLYMER	?
514	NON-POLYMER	?
515	NON-POLYMER	?
516	NON-POLYMER	?
517	NON-POLYMER	?
518	NON-POLYMER	?
519	NON-POLYMER	?
51A	non-polymer	?
51B	non-polymer	?
51C	NON-POLYMER	?
51D	NON-POLYMER	?
51E	NON-POLYMER	?
51F	NON-POLYMER	?
51G	NON-POLYMER	?
51H	NON-POLYMER	?
51I	non-polymer	?
51J	non-polymer	?
51K	NON-POLYMER	?
51M	NON-POLYMER	?
51N	D-saccharide	RIB
51O	NON-POLYMER	?
51P	NON-POLYMER	?
51Q	NON-POLYMER	?
51R	NON-POLYMER	?
51S	NON-POLYMER	?
51T	L-peptide linking	TYR
51U	peptide-like	?
51V	NON-POLYMER	?
51W	NON-POLYMER	?
51X	NON-POLYMER	?
51Y	NON-POLYMER	?
520	NON-POLYMER	?
521	NON-POLYMER	?
522	NON-POLYMER	?
523	NON-POLYMER	?
524	NON-POLYMER	?
525	NON-POLYMER	?
526	NON-POLYMER	?
527	NON-POLYMER	?
528	NON-POLYMER	?
529	NON-POLYMER	?
52A	NON-POLYMER	?
52B	NON-POLYMER	?
52C	NON-POLYMER	?
52D	NON-POLYMER	?
52E	NON-POLYMER	?
52F	NON-POLYMER	?
52G	NON-POLYMER	?
52H	NON-POLYMER	?
52I	NON-POLYMER	?
52J	NON-POLYMER	?
52K	NON-POLYMER	?
52L	NON-POLYMER	?
52M	NON-POLYMER	?
52N	NON-POLYMER	?
52O	NON-POLYMER	?
52P	NON-POLYMER	?
52Q	NON-POLYMER	?
52R	non-polymer	?
52T	NON-POLYMER	?
52U	NON-POLYMER	?
52V	NON-POLYMER	?
52W	NON-POLYMER	?
52X	NON-POLYMER	?
52Y	NON-POLYMER	?
52Z	NON-POLYMER	?
530	NON-POLYMER	?
531	NON-POLYMER	?
532	NON-POLYMER	?
533	NON-POLYMER	?
534	non-polymer	?
535	NON-POLYMER	?
536	NON-POLYMER	?
537	NON-POLYMER	?
538	NON-POLYMER	?
539	NON-POLYMER	?
53A	NON-POLYMER	?
53B	NON-POLYMER	?
53C	NON-POLYMER	?
53D	non-polymer	?
53E	NON-POLYMER	?
53F	NON-POLYMER	?
53G	NON-POLYMER	?
53H	NON-POLYMER	?
53I	NON-POLYMER	?
53J	NON-POLYMER	?
53K	NON-POLYMER	?
53L	NON-POLYMER	?
53M	NON-POLYMER	?
53N	NON-POLYMER	?
53O	NON-POLYMER	?
53P	non-polymer	?
53Q	NON-POLYMER	?
53R	NON-POLYMER	?
53S	NON-POLYMER	?
53T	NON-POLYMER	?
53U	peptide-like	?
53V	NON-POLYMER	?
53W	NON-POLYMER	?
53X	NON-POLYMER	?
53Y	NON-POLYMER	?
53Z	NON-POLYMER	?
540	NON-POLYMER	?
541	NON-POLYMER	?
542	NON-POLYMER	?
543	NON-POLYMER	?
544	NON-POLYMER	?
545	NON-POLYMER	?
546	NON-POLYMER	?
547	NON-POLYMER	?
548	NON-POLYMER	?
549	NON-POLYMER	?
54B	NON-POLYMER	?
54C	L-peptide linking	TRP
54D	NON-POLYMER	?
54E	NON-POLYMER	?
54F	NON-POLYMER	?
54G	NON-POLYMER	?
54H	NON-POLYMER	?
54I	non-polymer	?
54J	NON-POLYMER	?
54K	NON-POLYMER	?
54L	NON-POLYMER	?
54M	non-polymer	?
54N	non-polymer	?
54O	NON-POLYMER	?
54P	NON-POLYMER	?
54Q	NON-POLYMER	?
54R	NON-POLYMER	?
54S	NON-POLYMER	?
54T	NON-POLYMER	?
54U	NON-POLYMER	?
54V	NON-POLYMER	?
54W	NON-POLYMER	?
54X	NON-POLYMER	?
54Y	NON-POLYMER	?
54Z	NON-POLYMER	?
550	NON-POLYMER	?
551	NON-POLYMER	?
552	NON-POLYMER	?
553	NON-POLYMER	?
554	non-polymer	?
555	NON-POLYMER	?
556	NON-POLYMER	?
557	NON-POLYMER	?
558	NON-POLYMER	?
559	NON-POLYMER	?
55A	NON-POLYMER	?
55B	NON-POLYMER	?
55C	NON-POLYMER	?
55D	NON-POLYMER	?
55E	NON-POLYMER	?
55F	NON-POLYMER	?
55G	NON-POLYMER	?
55H	NON-POLYMER	?
55I	L-peptide linking	PHE
55J	NON-POLYMER	?
55K	NON-POLYMER	?
55L	NON-POLYMER	?
55M	NON-POLYMER	?
55N	peptide linking	?
55P	NON-POLYMER	?
55Q	peptide-like	?
55R	NON-POLYMER	?
55S	NON-POLYMER	?
55T	NON-POLYMER	?
55U	NON-POLYMER	?
55V	NON-POLYMER	?
55W	NON-POLYMER	?
55X	NON-POLYMER	?
55Y	NON-POLYMER	?
55Z	non-polymer	?
560	non-polymer	?
561	NON-POLYMER	?
562	L-peptide linking	?
563	NON-POLYMER	?
564	NON-POLYMER	?
565	NON-POLYMER	?
566	NON-POLYMER	?
567	NON-POLYMER	?
568	NON-POLYMER	?
569	NON-POLYMER	?
56A	L-peptide linking	HIS
56B	RNA linking	?
56C	L-peptide linking	?
56D	NON-POLYMER	?
56E	NON-POLYMER	?
56F	NON-POLYMER	?
56G	NON-POLYMER	?
56H	NON-POLYMER	?
56I	non-polymer	?
56J	NON-POLYMER	?
56K	NON-POLYMER	?
56L	NON-POLYMER	?
56M	NON-POLYMER	?
56N	D-saccharide	GAL
56O	NON-POLYMER	?
56P	NON-POLYMER	?
56Q	NON-POLYMER	?
56R	NON-POLYMER	?
56S	NON-POLYMER	?
56T	NON-POLYMER	?
56U	NON-POLYMER	?
56V	NON-POLYMER	?
56W	non-polymer	?
56X	non-polymer	?
56Y	NON-POLYMER	?
56Z	NON-POLYMER	?
570	NON-POLYMER	?
571	non-polymer	?
572	NON-POLYMER	?
573	NON-POLYMER	?
574	RNA LINKING	?
575	NON-POLYMER	?
576	non-polymer	?
577	NON-POLYMER	?
578	NON-POLYMER	?
579	NON-POLYMER	?
57C	NON-POLYMER	?
57D	NON-POLYMER	?
57E	NON-POLYMER	?
57F	NON-POLYMER	?
57G	NON-POLYMER	?
57H	NON-POLYMER	?
57I	non-polymer	?
57J	NON-POLYMER	?
57K	NON-POLYMER	?
57L	NON-POLYMER	?
57M	NON-POLYMER	?
57N	NON-POLYMER	?
57O	NON-POLYMER	?
57P	NON-POLYMER	?
57Q	NON-POLYMER	?
57R	NON-POLYMER	?
57S	D-saccharide	NAG
57T	NON-POLYMER	?
57U	NON-POLYMER	?
57V	NON-POLYMER	?
57W	NON-POLYMER	?
57X	NON-POLYMER	?
57Y	NON-POLYMER	?
57Z	NON-POLYMER	?
580	NON-POLYMER	?
581	NON-POLYMER	?
582	NON-POLYMER	?
583	NON-POLYMER	?
584	NON-POLYMER	?
585	NON-POLYMER	?
586	NON-POLYMER	?
587	NON-POLYMER	?
588	NON-POLYMER	?
589	NON-POLYMER	?
58A	NON-POLYMER	?
58B	NON-POLYMER	?
58C	NON-POLYMER	?
58D	NON-POLYMER	?
58E	NON-POLYMER	?
58F	NON-POLYMER	?
58G	NON-POLYMER	?
58H	NON-POLYMER	?
58I	non-polymer	PUT
58J	NON-POLYMER	?
58K	NON-POLYMER	?
58L	NON-POLYMER	?
58M	NON-POLYMER	?
58N	NON-POLYMER	?
58O	NON-POLYMER	?
58P	NON-POLYMER	?
58Q	NON-POLYMER	?
58R	NON-POLYMER	?
58T	non-polymer	?
58U	NON-POLYMER	?
58V	NON-POLYMER	?
58W	NON-POLYMER	?
58X	NON-POLYMER	?
58Y	NON-POLYMER	?
58Z	NON-POLYMER	?
590	NON-POLYMER	?
591	NON-POLYMER	?
592	non-polymer	?
593	NON-POLYMER	?
594	NON-POLYMER	?
595	NON-POLYMER	?
596	NON-POLYMER	?
598	NON-POLYMER	?
599	NON-POLYMER	?
59A	NON-POLYMER	?
59B	NON-POLYMER	?
59C	NON-POLYMER	?
59D	NON-POLYMER	?
59E	NON-POLYMER	?
59F	NON-POLYMER	?
59G	NON-POLYMER	?
59H	NON-POLYMER	?
59I	non-polymer	?
59J	NON-POLYMER	?
59K	NON-POLYMER	?
59L	NON-POLYMER	?
59M	NON-POLYMER	?
59N	NON-POLYMER	?
59O	non-polymer	?
59P	NON-POLYMER	?
59Q	NON-POLYMER	?
59R	NON-POLYMER	?
59S	peptide-like	?
59T	NON-POLYMER	?
59U	NON-POLYMER	?
59V	NON-POLYMER	?
59W	NON-POLYMER	?
59X	NON-POLYMER	?
59Y	NON-POLYMER	?
59Z	NON-POLYMER	?
5A0	NON-POLYMER	?
5A1	NON-POLYMER	?
5A2	NON-POLYMER	?
5A3	NON-POLYMER	?
5A4	non-polymer	?
5A5	non-polymer	?
5A6	peptide linking	?
5A7	NON-POLYMER	?
5A8	NON-POLYMER	?
5A9	NON-POLYMER	?
5AA	RNA LINKING	DA
5AB	L-peptide linking	ALA
5AC	NON-POLYMER	?
5AD	NON-POLYMER	?
5AE	NON-POLYMER	?
5AF	NON-POLYMER	?
5AG	NON-POLYMER	?
5AH	non-polymer	?
5AI	non-polymer	?
5AJ	NON-POLYMER	?
5AK	NON-POLYMER	?
5AL	NON-POLYMER	?
5AM	NON-POLYMER	?
5AN	NON-POLYMER	?
5AO	NON-POLYMER	?
5AP	NON-POLYMER	?
5AQ	NON-POLYMER	?
5AR	NON-POLYMER	?
5AS	NON-POLYMER	?
5AT	DNA LINKING	DT
5AU	NON-POLYMER	?
5AV	NON-POLYMER	?
5AW	NON-POLYMER	?
5AX	NON-POLYMER	?
5AY	NON-POLYMER	?
5AZ	NON-POLYMER	?
5B0	non-polymer	?
5B1	NON-POLYMER	?
5B2	NON-POLYMER	?
5B3	NON-POLYMER	?
5B4	NON-POLYMER	?
5B5	NON-POLYMER	?
5B6	NON-POLYMER	?
5B7	NON-POLYMER	?
5B8	NON-POLYMER	?
5B9	NON-POLYMER	?
5BA	NON-POLYMER	?
5BB	NON-POLYMER	?
5BC	NON-POLYMER	?
5BD	NON-POLYMER	?
5BE	NON-POLYMER	?
5BF	NON-POLYMER	?
5BG	NON-POLYMER	?
5BH	NON-POLYMER	?
5BI	non-polymer	?
5BJ	NON-POLYMER	?
5BK	NON-POLYMER	?
5BL	NON-POLYMER	?
5BM	NON-POLYMER	?
5BN	NON-POLYMER	?
5BO	NON-POLYMER	?
5BP	NON-POLYMER	?
5BQ	NON-POLYMER	?
5BR	NON-POLYMER	?
5BS	NON-POLYMER	?
5BT	NON-POLYMER	?
5BU	RNA LINKING	U
5BV	NON-POLYMER	?
5BW	NON-POLYMER	?
5BX	NON-POLYMER	?
5BY	NON-POLYMER	?
5BZ	NON-POLYMER	?
5C0	NON-POLYMER	?
5C1	NON-POLYMER	?
5C2	NON-POLYMER	?
5C3	non-polymer	?
5C4	NON-POLYMER	?
5C5	NON-POLYMER	?
5C6	NON-POLYMER	?
5C7	NON-POLYMER	?
5C8	NON-POLYMER	?
5C9	NON-POLYMER	?
5CA	NON-POLYMER	?
5CB	NON-POLYMER	?
5CC	NON-POLYMER	?
5CD	NON-POLYMER	?
5CE	NON-POLYMER	?
5CF	RNA LINKING	?
5CG	RNA LINKING	DG
5CH	NON-POLYMER	?
5CI	NON-POLYMER	?
5CJ	NON-POLYMER	?
5CK	NON-POLYMER	?
5CL	NON-POLYMER	?
5CM	DNA LINKING	DC
5CN	NON-POLYMER	?
5CO	NON-POLYMER	?
5CP	NON-POLYMER	?
5CQ	NON-POLYMER	?
5CR	L-PEPTIDE LINKING	PHE
5CS	L-PEPTIDE LINKING	CYS
5CT	peptide linking	LYS
5CU	NON-POLYMER	?
5CV	NON-POLYMER	?
5CW	L-PEPTIDE LINKING	TRP
5CX	NON-POLYMER	?
5CY	NON-POLYMER	?
5CZ	NON-POLYMER	?
5D0	NON-POLYMER	?
5D1	NON-POLYMER	?
5D2	NON-POLYMER	?
5D3	non-polymer	?
5D4	non-polymer	?
5D5	NON-POLYMER	?
5D6	NON-POLYMER	?
5D7	NON-POLYMER	?
5D8	NON-POLYMER	?
5D9	NON-POLYMER	?
5DA	NON-POLYMER	?
5DB	DNA linking	?
5DD	NON-POLYMER	?
5DE	NON-POLYMER	?
5DF	NON-POLYMER	?
5DG	NON-POLYMER	?
5DH	NON-POLYMER	?
5DI	D-SACCHARIDE	?
5DJ	NON-POLYMER	?
5DK	NON-POLYMER	?
5DL	NON-POLYMER	?
5DM	peptide-like	?
5DN	NON-POLYMER	?
5DP	NON-POLYMER	?
5DQ	non-polymer	?
5DR	NON-POLYMER	?
5DS	NON-POLYMER	?
5DT	NON-POLYMER	?
5DU	NON-POLYMER	?
5DV	NON-POLYMER	?
5DW	L-peptide linking	?
5DX	NON-POLYMER	?
5DY	NON-POLYMER	?
5DZ	NON-POLYMER	?
5E0	NON-POLYMER	?
5E1	NON-POLYMER	?
5E2	NON-POLYMER	?
5E3	non-polymer	?
5E4	NON-POLYMER	?
5E5	NON-POLYMER	?
5E6	NON-POLYMER	?
5E7	NON-POLYMER	?
5E8	NON-POLYMER	?
5E9	NON-POLYMER	?
5EA	NON-POLYMER	?
5EB	NON-POLYMER	?
5EC	NON-POLYMER	?
5ED	NON-POLYMER	?
5EE	NON-POLYMER	?
5EF	NON-POLYMER	?
5EG	NON-POLYMER	?
5EH	NON-POLYMER	?
5EI	non-polymer	?
5EJ	DNA linking	?
5EK	NON-POLYMER	?
5EL	NON-POLYMER	?
5EM	NON-POLYMER	?
5EN	NON-POLYMER	?
5EO	NON-POLYMER	?
5EP	NON-POLYMER	?
5EQ	NON-POLYMER	?
5ER	NON-POLYMER	?
5ES	NON-POLYMER	?
5ET	NON-POLYMER	?
5EU	NON-POLYMER	?
5EV	NON-POLYMER	?
5EW	NON-POLYMER	?
5EX	NON-POLYMER	?
5EY	non-polymer	?
5EZ	non-polymer	?
5F0	L-peptide linking	?
5F1	NON-POLYMER	?
5F2	NON-POLYMER	?
5F3	NON-POLYMER	?
5F4	NON-POLYMER	?
5F5	NON-POLYMER	?
5F6	NON-POLYMER	?
5F7	NON-POLYMER	?
5F8	NON-POLYMER	?
5F9	NON-POLYMER	?
5FA	RNA LINKING	A
5FB	NON-POLYMER	?
5FC	DNA LINKING	DC
5FD	NON-POLYMER	?
5FE	peptide-like	?
5FF	NON-POLYMER	?
5FH	non-polymer	?
5FI	NON-POLYMER	?
5FJ	NON-POLYMER	?
5FK	NON-POLYMER	?
5FL	NON-POLYMER	?
5FN	non-polymer	?
5FO	NON-POLYMER	?
5FP	peptide-like	?
5FQ	L-peptide linking	ALA
5FR	NON-POLYMER	?
5FS	NON-POLYMER	?
5FT	NON-POLYMER	?
5FU	RNA LINKING	U
5FV	NON-POLYMER	?
5FW	non-polymer	?
5FX	non-polymer	?
5FY	NON-POLYMER	?
5FZ	non-polymer	?
5G0	non-polymer	?
5G1	NON-POLYMER	?
5G2	NON-POLYMER	?
5G3	NON-POLYMER	?
5G4	NON-POLYMER	?
5G5	NON-POLYMER	?
5G6	NON-POLYMER	?
5G7	NON-POLYMER	?
5G8	NON-POLYMER	?
5G9	NON-POLYMER	?
5GA	NON-POLYMER	?
5GB	NON-POLYMER	?
5GC	NON-POLYMER	?
5GD	NON-POLYMER	?
5GF	D-saccharide, beta linking	BGC
5GG	L-peptide linking	Lys
5GH	NON-POLYMER	?
5GI	NON-POLYMER	?
5GJ	NON-POLYMER	?
5GK	non-polymer	?
5GL	NON-POLYMER	?
5GM	L-peptide linking	ILE
5GN	NON-POLYMER	?
5GO	saccharide	?
5GP	NON-POLYMER	?
5GQ	NON-POLYMER	?
5GR	NON-POLYMER	?
5GS	NON-POLYMER	?
5GT	NON-POLYMER	?
5GU	NON-POLYMER	?
5GV	NON-POLYMER	?
5GW	NON-POLYMER	?
5GX	non-polymer	?
5GY	NON-POLYMER	?
5GZ	NON-POLYMER	?
5H	NON-POLYMER	?
5H0	non-polymer	?
5H1	NON-POLYMER	?
5H2	NON-POLYMER	?
5H3	NON-POLYMER	?
5H4	NON-POLYMER	?
5H5	NON-POLYMER	?
5H6	NON-POLYMER	?
5H7	NON-POLYMER	?
5H8	NON-POLYMER	?
5H9	NON-POLYMER	?
5HA	NON-POLYMER	?
5HB	NON-POLYMER	?
5HC	DNA LINKING	DC
5HD	NON-POLYMER	?
5HE	non-polymer	?
5HF	NON-POLYMER	?
5HG	NON-POLYMER	?
5HH	NON-POLYMER	?
5HI	NON-POLYMER	?
5HJ	NON-POLYMER	?
5HK	NON-POLYMER	?
5HL	NON-POLYMER	?
5HM	RNA LINKING	C
5HN	NON-POLYMER	?
5HO	NON-POLYMER	?
5HP	L-PEPTIDE LINKING	GLU
5HQ	NON-POLYMER	?
5HR	NON-POLYMER	?
5HS	NON-POLYMER	?
5HT	DNA LINKING	DT
5HU	DNA LINKING	DU
5HV	NON-POLYMER	?
5HW	NON-POLYMER	?
5HX	NON-POLYMER	?
5HY	NON-POLYMER	?
5HZ	NON-POLYMER	?
5I0	non-polymer	?
5I1	NON-POLYMER	?
5I2	non-polymer	?
5I4	non-polymer	?
5I5	NON-POLYMER	?
5I6	non-polymer	?
5I7	non-polymer	?
5I8	non-polymer	?
5I9	non-polymer	?
5IA	non-polymer	?
5IB	non-polymer	?
5IC	RNA LINKING	C
5ID	NON-POLYMER	?
5IE	non-polymer	?
5IF	non-polymer	?
5IG	NON-POLYMER	?
5IH	non-polymer	?
5II	D-saccharide, alpha linking	?
5IJ	non-polymer	?
5IK	non-polymer	?
5IL	non-polymer	?
5IM	non-polymer	?
5IN	NON-POLYMER	?
5IO	NON-POLYMER	?
5IP	NON-POLYMER	?
5IQ	NON-POLYMER	?
5IR	NON-POLYMER	?
5IS	non-polymer	?
5IT	DNA LINKING	DT
5IU	DNA LINKING	DU
5IV	non-polymer	?
5IW	peptide-like	?
5IX	non-polymer	?
5IY	non-polymer	?
5IZ	peptide-like	?
5J0	NON-POLYMER	?
5J1	NON-POLYMER	?
5J2	NON-POLYMER	?
5J4	NON-POLYMER	?
5J5	NON-POLYMER	?
5J6	NON-POLYMER	?
5J7	NON-POLYMER	?
5J8	NON-POLYMER	?
5J9	NON-POLYMER	?
5JA	NON-POLYMER	?
5JB	non-polymer	?
5JC	NON-POLYMER	?
5JD	NON-POLYMER	?
5JE	non-polymer	?
5JF	NON-POLYMER	?
5JG	NON-POLYMER	?
5JH	non-polymer	?
5JJ	NON-POLYMER	?
5JK	NON-POLYMER	?
5JL	NON-POLYMER	?
5JM	NON-POLYMER	?
5JN	NON-POLYMER	?
5JO	RNA LINKING	?
5JP	NON-POLYMER	SER
5JQ	NON-POLYMER	?
5JR	non-polymer	?
5JS	non-polymer	?
5JT	NON-POLYMER	?
5JU	NON-POLYMER	?
5JV	NON-POLYMER	?
5JW	NON-POLYMER	?
5JX	NON-POLYMER	?
5JY	NON-POLYMER	?
5JZ	NON-POLYMER	?
5K0	NON-POLYMER	?
5K1	NON-POLYMER	?
5K2	NON-POLYMER	?
5K3	non-polymer	?
5K4	NON-POLYMER	?
5K5	NON-POLYMER	?
5K7	NON-POLYMER	?
5K8	NON-POLYMER	?
5K9	non-polymer	?
5KA	NON-POLYMER	?
5KB	NON-POLYMER	?
5KC	non-polymer	?
5KD	NON-POLYMER	?
5KE	NON-POLYMER	?
5KF	NON-POLYMER	?
5KG	NON-POLYMER	?
5KH	NON-POLYMER	?
5KI	non-polymer	?
5KJ	NON-POLYMER	?
5KK	NON-POLYMER	?
5KL	NON-POLYMER	?
5KM	non-polymer	?
5KN	NON-POLYMER	?
5KO	NON-POLYMER	?
5KP	NON-POLYMER	?
5KQ	L-saccharide, beta linking	?
5KR	NON-POLYMER	?
5KS	D-saccharide	?
5KT	D-saccharide	?
5KU	NON-POLYMER	?
5KV	D-saccharide, beta linking	GCS
5KW	NON-POLYMER	?
5KX	NON-POLYMER	?
5KY	NON-POLYMER	?
5KZ	NON-POLYMER	?
5L0	NON-POLYMER	?
5L1	non-polymer	?
5L2	D-saccharide	?
5L3	D-saccharide	?
5L4	NON-POLYMER	?
5L5	non-polymer	?
5L6	NON-POLYMER	?
5L7	NON-POLYMER	?
5L8	NON-POLYMER	?
5L9	NON-POLYMER	?
5LA	NON-POLYMER	?
5LB	peptide linking	?
5LC	non-polymer	?
5LD	NON-POLYMER	?
5LE	peptide linking	?
5LF	peptide linking	?
5LG	peptide-like	?
5LH	peptide-like	?
5LI	NON-POLYMER	?
5LJ	peptide-like	?
5LK	NON-POLYMER	?
5LL	NON-POLYMER	?
5LM	NON-POLYMER	?
5LN	NON-POLYMER	?
5LO	NON-POLYMER	?
5LP	NON-POLYMER	?
5LQ	NON-POLYMER	?
5LR	NON-POLYMER	?
5LS	D-saccharide, alpha linking	GLC
5LT	D-saccharide, alpha linking	GLC
5LU	NON-POLYMER	?
5LV	non-polymer	?
5LW	NON-POLYMER	?
5LX	NON-POLYMER	?
5LY	NON-POLYMER	?
5LZ	NON-POLYMER	?
5M0	NON-POLYMER	?
5M1	NON-POLYMER	?
5M2	NON-POLYMER	?
5M5	non-polymer	?
5M6	NON-POLYMER	?
5M7	NON-POLYMER	?
5M8	NON-POLYMER	?
5M9	NON-POLYMER	?
5MA	NON-POLYMER	?
5MB	NON-POLYMER	?
5MC	RNA LINKING	C
5MD	DNA LINKING	?
5ME	NON-POLYMER	?
5MF	NON-POLYMER	?
5MG	NON-POLYMER	?
5MH	NON-POLYMER	?
5MI	non-polymer	?
5MJ	NON-POLYMER	?
5MK	NON-POLYMER	?
5ML	NON-POLYMER	?
5MM	D-saccharide	?
5MN	NON-POLYMER	?
5MO	NON-POLYMER	?
5MP	NON-POLYMER	?
5MQ	NON-POLYMER	?
5MR	NON-POLYMER	?
5MS	NON-POLYMER	?
5MT	NON-POLYMER	?
5MU	RNA LINKING	U
5MV	NON-POLYMER	?
5MW	L-peptide linking	LYS
5MX	NON-POLYMER	?
5MY	NON-POLYMER	?
5MZ	NON-POLYMER	?
5N0	non-polymer	?
5N1	NON-POLYMER	?
5N2	NON-POLYMER	?
5N3	NON-POLYMER	?
5N4	NON-POLYMER	?
5N5	NON-POLYMER	?
5N6	D-saccharide, alpha linking	SIA
5N7	NON-POLYMER	?
5N8	NON-POLYMER	?
5N9	non-polymer	?
5NA	NON-POLYMER	?
5NB	NON-POLYMER	?
5NC	DNA LINKING	DC
5ND	non-polymer	?
5NE	NON-POLYMER	?
5NF	non-polymer	?
5NG	NON-POLYMER	?
5NH	NON-POLYMER	?
5NI	NON-POLYMER	?
5NJ	NON-POLYMER	?
5NK	NON-POLYMER	?
5NL	non-polymer	?
5NM	NON-POLYMER	?
5NN	NON-POLYMER	?
5NO	NON-POLYMER	?
5NP	NON-POLYMER	?
5NQ	NON-POLYMER	?
5NR	NON-POLYMER	?
5NS	NON-POLYMER	?
5NT	NON-POLYMER	?
5NU	NON-POLYMER	?
5NV	NON-POLYMER	?
5NW	NON-POLYMER	?
5NX	NON-POLYMER	?
5NY	NON-POLYMER	?
5NZ	NON-POLYMER	?
5O0	NON-POLYMER	?
5O1	NON-POLYMER	?
5O2	NON-POLYMER	?
5O3	NON-POLYMER	?
5O4	NON-POLYMER	?
5O5	NON-POLYMER	?
5O6	NON-POLYMER	?
5O7	NON-POLYMER	?
5O8	NON-POLYMER	?
5OA	NON-POLYMER	?
5OB	NON-POLYMER	?
5OC	DNA LINKING	?
5OD	NON-POLYMER	?
5OE	NON-POLYMER	?
5OF	NON-POLYMER	?
5OG	NON-POLYMER	?
5OH	L-peptide linking	ALA
5OI	non-polymer	?
5OJ	NON-POLYMER	?
5OK	NON-POLYMER	?
5OL	L-peptide linking	?
5OM	L-peptide linking	?
5ON	NON-POLYMER	?
5OO	NON-POLYMER	?
5OP	NON-POLYMER	?
5OQ	NON-POLYMER	?
5OR	NON-POLYMER	?
5OS	NON-POLYMER	?
5OT	NON-POLYMER	?
5OU	NON-POLYMER	?
5OV	non-polymer	?
5OW	L-peptide linking	LYS
5OX	NON-POLYMER	?
5OY	NON-POLYMER	?
5OZ	NON-POLYMER	?
5P0	non-polymer	?
5P1	NON-POLYMER	?
5P2	NON-POLYMER	?
5P3	NON-POLYMER	?
5P4	NON-POLYMER	?
5P5	NON-POLYMER	?
5P6	non-polymer	?
5P7	non-polymer	?
5P8	NON-POLYMER	?
5P9	non-polymer	?
5PA	NON-POLYMER	?
5PB	NON-POLYMER	?
5PC	DNA LINKING	DC
5PD	NON-POLYMER	?
5PE	NON-POLYMER	?
5PF	NON-POLYMER	?
5PG	L-PEPTIDE LINKING	GLY
5PH	NON-POLYMER	?
5PI	NON-POLYMER	?
5PJ	NON-POLYMER	?
5PK	NON-POLYMER	?
5PL	NON-POLYMER	?
5PM	NON-POLYMER	?
5PN	NON-POLYMER	?
5PP	NON-POLYMER	?
5PQ	NON-POLYMER	?
5PR	NON-POLYMER	?
5PS	non-polymer	?
5PT	non-polymer	?
5PU	NON-POLYMER	?
5PV	NON-POLYMER	?
5PW	NON-POLYMER	?
5PX	NON-POLYMER	?
5PY	DNA LINKING	DT
5PZ	NON-POLYMER	?
5Q0	NON-POLYMER	?
5Q1	NON-POLYMER	?
5Q2	NON-POLYMER	?
5Q3	NON-POLYMER	?
5Q4	NON-POLYMER	?
5Q5	NON-POLYMER	?
5Q6	NON-POLYMER	?
5Q7	NON-POLYMER	?
5Q8	NON-POLYMER	?
5Q9	NON-POLYMER	?
5QA	NON-POLYMER	?
5QB	NON-POLYMER	?
5QC	NON-POLYMER	?
5QD	NON-POLYMER	?
5QE	NON-POLYMER	?
5QF	NON-POLYMER	?
5QG	NON-POLYMER	?
5QH	NON-POLYMER	?
5QI	non-polymer	?
5QJ	NON-POLYMER	?
5QK	NON-POLYMER	?
5QL	NON-POLYMER	?
5QM	NON-POLYMER	?
5QN	NON-POLYMER	?
5QO	NON-POLYMER	?
5QP	D-saccharide	GLC
5QQ	NON-POLYMER	?
5QR	NON-POLYMER	?
5QS	NON-POLYMER	?
5QT	NON-POLYMER	?
5QU	NON-POLYMER	?
5QV	NON-POLYMER	?
5QW	NON-POLYMER	?
5QX	NON-POLYMER	?
5QY	NON-POLYMER	?
5QZ	non-polymer	?
5R0	NON-POLYMER	?
5R1	non-polymer	?
5R2	NON-POLYMER	?
5R3	non-polymer	?
5R4	non-polymer	?
5R5	L-peptide linking	SER
5R6	NON-POLYMER	?
5R7	NON-POLYMER	?
5R8	NON-POLYMER	?
5R9	NON-POLYMER	?
5RA	NON-POLYMER	?
5RB	non-polymer	?
5RC	NON-POLYMER	?
5RD	NON-POLYMER	?
5RE	NON-POLYMER	?
5RF	NON-POLYMER	?
5RG	NON-POLYMER	?
5RH	NON-POLYMER	?
5RI	non-polymer	?
5RJ	non-polymer	?
5RK	non-polymer	?
5RL	NON-POLYMER	?
5RM	NON-POLYMER	?
5RN	NON-POLYMER	?
5RO	NON-POLYMER	?
5RP	SACCHARIDE	?
5RQ	non-polymer	?
5RS	NON-POLYMER	?
5RT	NON-POLYMER	?
5RU	NON-POLYMER	?
5RV	NON-POLYMER	?
5RW	NON-POLYMER	?
5RX	NON-POLYMER	?
5RY	NON-POLYMER	?
5RZ	NON-POLYMER	?
5S4	PEPTIDE-LIKE	?
5S5	NON-POLYMER	?
5S6	NON-POLYMER	?
5S7	NON-POLYMER	?
5S8	NON-POLYMER	?
5S9	NON-POLYMER	?
5SA	SACCHARIDE	?
5SB	NON-POLYMER	?
5SC	NON-POLYMER	?
5SD	NON-POLYMER	?
5SE	DNA LINKING	DU
5SF	NON-POLYMER	?
5SG	NON-POLYMER	?
5SH	NON-POLYMER	?
5SI	NON-POLYMER	?
5SJ	NON-POLYMER	?
5SK	NON-POLYMER	?
5SL	NON-POLYMER	?
5SM	NON-POLYMER	?
5SN	NON-POLYMER	?
5SO	NON-POLYMER	?
5SP	saccharide	?
5SQ	L-peptide linking	HIS, TYR, GLY
5SR	NON-POLYMER	?
5SS	NON-POLYMER	?
5ST	NON-POLYMER	?
5SU	NON-POLYMER	?
5SV	NON-POLYMER	?
5SW	NON-POLYMER	?
5SY	NON-POLYMER	?
5SZ	NON-POLYMER	?
5T0	NON-POLYMER	?
5T1	NON-POLYMER	?
5T2	NON-POLYMER	?
5T3	L-peptide linking	LYS
5T4	NON-POLYMER	?
5T5	NON-POLYMER	?
5T6	NON-POLYMER	?
5T7	NON-POLYMER	?
5T8	NON-POLYMER	?
5T9	NON-POLYMER	?
5TA	NON-POLYMER	?
5TB	NON-POLYMER	?
5TC	NON-POLYMER	?
5TD	NON-POLYMER	?
5TE	NON-POLYMER	?
5TF	non-polymer	?
5TG	NON-POLYMER	?
5TH	D-saccharide, alpha linking	GLC
5TI	non-polymer	?
5TJ	D-saccharide, alpha linking	GLC
5TK	D-saccharide, alpha linking	GLC
5TL	NON-POLYMER	?
5TM	D-saccharide, alpha linking	GLC
5TN	NON-POLYMER	?
5TO	NON-POLYMER	?
5TP	peptide-like	?
5TQ	NON-POLYMER	?
5TR	NON-POLYMER	?
5TS	NON-POLYMER	?
5TT	NON-POLYMER	?
5TU	NON-POLYMER	?
5TV	non-polymer	?
5TW	NON-POLYMER	?
5TX	NON-POLYMER	?
5TY	NON-POLYMER	?
5TZ	NON-POLYMER	?
5U0	NON-POLYMER	?
5U1	non-polymer	?
5U2	NON-POLYMER	?
5U3	NON-POLYMER	?
5U4	NON-POLYMER	?
5U5	NON-POLYMER	?
5U6	NON-POLYMER	?
5U7	NON-POLYMER	?
5U8	NON-POLYMER	?
5U9	NON-POLYMER	?
5UA	DNA LINKING	?
5UB	NON-POLYMER	?
5UC	NON-POLYMER	?
5UD	NON-POLYMER	?
5UE	NON-POLYMER	?
5UF	NON-POLYMER	?
5UG	NON-POLYMER	?
5UH	NON-POLYMER	?
5UI	non-polymer	?
5UJ	NON-POLYMER	?
5UK	NON-POLYMER	?
5UL	NON-POLYMER	?
5UM	NON-POLYMER	?
5UN	NON-POLYMER	?
5UO	NON-POLYMER	?
5UP	NON-POLYMER	?
5UQ	non-polymer	?
5UR	non-polymer	?
5US	NON-POLYMER	?
5UT	NON-POLYMER	?
5UU	NON-POLYMER	?
5UV	NON-POLYMER	?
5UW	NON-POLYMER	?
5UX	NON-POLYMER	?
5UY	NON-POLYMER	?
5UZ	non-polymer	?
5V0	NON-POLYMER	?
5V1	NON-POLYMER	?
5V2	non-polymer	?
5V3	NON-POLYMER	?
5V4	NON-POLYMER	?
5V5	NON-POLYMER	?
5V6	NON-POLYMER	?
5V7	NON-POLYMER	?
5V8	NON-POLYMER	?
5V9	NON-POLYMER	?
5VA	NON-POLYMER	?
5VB	NON-POLYMER	?
5VC	NON-POLYMER	?
5VD	NON-POLYMER	?
5VE	NON-POLYMER	?
5VF	NON-POLYMER	?
5VG	NON-POLYMER	?
5VH	NON-POLYMER	?
5VI	non-polymer	?
5VJ	NON-POLYMER	?
5VK	NON-POLYMER	?
5VL	NON-POLYMER	?
5VM	NON-POLYMER	?
5VN	NON-POLYMER	?
5VO	NON-POLYMER	?
5VP	non-polymer	?
5VQ	NON-POLYMER	?
5VR	NON-POLYMER	?
5VS	NON-POLYMER	?
5VT	NON-POLYMER	?
5VU	NON-POLYMER	?
5VV	L-peptide linking	ASN
5VW	NON-POLYMER	?
5VX	non-polymer	?
5VY	NON-POLYMER	?
5VZ	NON-POLYMER	?
5W0	NON-POLYMER	?
5W1	NON-POLYMER	?
5W2	NON-POLYMER	?
5W3	NON-POLYMER	?
5W4	NON-POLYMER	?
5W5	NON-POLYMER	?
5W6	NON-POLYMER	?
5W7	NON-POLYMER	?
5W8	NON-POLYMER	?
5W9	NON-POLYMER	?
5WA	NON-POLYMER	?
5WB	NON-POLYMER	?
5WC	NON-POLYMER	?
5WD	NON-POLYMER	?
5WE	NON-POLYMER	?
5WF	NON-POLYMER	?
5WH	NON-POLYMER	?
5WI	non-polymer	?
5WJ	NON-POLYMER	?
5WK	NON-POLYMER	?
5WL	NON-POLYMER	?
5WM	NON-POLYMER	?
5WN	NON-POLYMER	?
5WO	NON-POLYMER	?
5WP	NON-POLYMER	?
5WQ	NON-POLYMER	?
5WR	NON-POLYMER	?
5WS	NON-POLYMER	?
5WT	NON-POLYMER	?
5WU	NON-POLYMER	?
5WV	NON-POLYMER	?
5WW	NON-POLYMER	?
5WX	NON-POLYMER	?
5WY	NON-POLYMER	?
5WZ	NON-POLYMER	?
5X	NON-POLYMER	?
5X0	NON-POLYMER	?
5X1	NON-POLYMER	?
5X2	NON-POLYMER	?
5X3	NON-POLYMER	?
5X4	NON-POLYMER	?
5X6	non-polymer	?
5X7	non-polymer	?
5X8	L-peptide linking	?
5X9	non-polymer	?
5XA	NON-POLYMER	?
5XB	NON-POLYMER	?
5XC	NON-POLYMER	?
5XD	NON-POLYMER	?
5XE	NON-POLYMER	?
5XF	NON-POLYMER	?
5XG	NON-POLYMER	?
5XH	NON-POLYMER	?
5XI	non-polymer	?
5XJ	NON-POLYMER	?
5XK	NON-POLYMER	?
5XL	NON-POLYMER	?
5XM	NON-POLYMER	?
5XN	NON-POLYMER	?
5XO	NON-POLYMER	?
5XP	NON-POLYMER	?
5XQ	NON-POLYMER	?
5XR	NON-POLYMER	?
5XS	NON-POLYMER	?
5XT	NON-POLYMER	?
5XU	L-peptide linking	ALA
5XV	NON-POLYMER	?
5XW	NON-POLYMER	?
5XX	NON-POLYMER	?
5XY	NON-POLYMER	?
5XZ	NON-POLYMER	?
5Y0	non-polymer	?
5Y1	non-polymer	?
5Y2	NON-POLYMER	?
5Y3	NON-POLYMER	?
5Y4	NON-POLYMER	?
5Y5	NON-POLYMER	?
5Y6	NON-POLYMER	?
5Y7	NON-POLYMER	?
5Y8	NON-POLYMER	?
5Y9	NON-POLYMER	?
5YA	NON-POLYMER	?
5YB	NON-POLYMER	?
5YC	NON-POLYMER	?
5YD	NON-POLYMER	?
5YE	NON-POLYMER	?
5YF	NON-POLYMER	?
5YG	non-polymer	?
5YH	non-polymer	?
5YI	NON-POLYMER	?
5YJ	non-polymer	?
5YK	non-polymer	?
5YL	NON-POLYMER	?
5YM	non-polymer	?
5YN	non-polymer	?
5YO	non-polymer	?
5YP	non-polymer	?
5YQ	NON-POLYMER	?
5YR	non-polymer	?
5YS	non-polymer	?
5YT	non-polymer	?
5YU	non-polymer	?
5YV	non-polymer	?
5YW	non-polymer	?
5YX	non-polymer	?
5YY	non-polymer	?
5YZ	non-polymer	?
5Z0	non-polymer	?
5Z1	non-polymer	?
5Z2	non-polymer	?
5Z3	non-polymer	?
5Z4	non-polymer	?
5Z5	NON-POLYMER	?
5Z6	non-polymer	?
5Z7	non-polymer	?
5Z8	non-polymer	?
5Z9	non-polymer	?
5ZA	L-PEPTIDE LINKING	THR, TRP, GLY
5ZB	non-polymer	?
5ZD	non-polymer	?
5ZE	NON-POLYMER	?
5ZF	non-polymer	?
5ZG	non-polymer	?
5ZH	non-polymer	?
5ZI	NON-POLYMER	?
5ZJ	non-polymer	?
5ZK	non-polymer	?
5ZL	non-polymer	?
5ZM	non-polymer	?
5ZN	non-polymer	?
5ZO	non-polymer	?
5ZP	non-polymer	?
5ZQ	non-polymer	?
5ZR	non-polymer	?
5ZS	non-polymer	?
5ZT	non-polymer	?
5ZU	non-polymer	?
5ZV	non-polymer	?
5ZW	non-polymer	?
5ZX	non-polymer	?
5ZY	non-polymer	?
5ZZ	NON-POLYMER	?
600	NON-POLYMER	?
601	NON-POLYMER	?
602	NON-POLYMER	?
603	NON-POLYMER	?
604	D-saccharide, alpha linking	?
605	NON-POLYMER	?
606	NON-POLYMER	?
607	NON-POLYMER	?
608	NON-POLYMER	?
609	NON-POLYMER	?
60A	NON-POLYMER	?
60B	NON-POLYMER	?
60C	NON-POLYMER	?
60D	NON-POLYMER	?
60E	NON-POLYMER	?
60F	L-peptide linking	CYS
60G	NON-POLYMER	?
60H	NON-POLYMER	?
60I	non-polymer	?
60J	non-polymer	?
60K	NON-POLYMER	?
60L	NON-POLYMER	?
60M	NON-POLYMER	?
60N	NON-POLYMER	?
60O	NON-POLYMER	?
60P	NON-POLYMER	?
60Q	NON-POLYMER	?
60R	NON-POLYMER	?
60S	NON-POLYMER	?
60T	NON-POLYMER	?
60U	NON-POLYMER	?
60V	NON-POLYMER	?
60W	NON-POLYMER	?
60X	NON-POLYMER	?
60Y	NON-POLYMER	?
60Z	NON-POLYMER	?
610	NON-POLYMER	?
611	NON-POLYMER	?
612	NON-POLYMER	?
613	NON-POLYMER	?
614	NON-POLYMER	?
615	NON-POLYMER	?
616	NON-POLYMER	?
617	NON-POLYMER	?
618	NON-POLYMER	?
619	NON-POLYMER	?
61C	NON-POLYMER	?
61D	non-polymer	?
61E	NON-POLYMER	?
61F	non-polymer	?
61G	NON-POLYMER	?
61H	NON-POLYMER	?
61I	non-polymer	?
61J	D-saccharide	?
61K	NON-POLYMER	?
61L	NON-POLYMER	?
61M	NON-POLYMER	?
61N	NON-POLYMER	?
61O	NON-POLYMER	?
61P	NON-POLYMER	?
61Q	NON-POLYMER	?
61S	NON-POLYMER	?
61T	NON-POLYMER	?
61U	non-polymer	?
61V	NON-POLYMER	?
61W	NON-POLYMER	?
61X	NON-POLYMER	?
61Y	NON-POLYMER	?
61Z	non-polymer	?
620	NON-POLYMER	?
621	NON-POLYMER	?
622	NON-POLYMER	?
623	NON-POLYMER	?
624	NON-POLYMER	?
625	NON-POLYMER	?
626	NON-POLYMER	?
627	NON-POLYMER	?
628	NON-POLYMER	?
629	NON-POLYMER	?
62A	NON-POLYMER	?
62B	NON-POLYMER	?
62C	NON-POLYMER	?
62D	NON-POLYMER	?
62E	NON-POLYMER	?
62F	NON-POLYMER	?
62G	NON-POLYMER	?
62H	L-peptide linking	?
62I	D-saccharide	?
62J	NON-POLYMER	?
62K	NON-POLYMER	?
62L	NON-POLYMER	?
62M	NON-POLYMER	?
62N	NON-POLYMER	?
62O	NON-POLYMER	?
62P	NON-POLYMER	?
62Q	NON-POLYMER	?
62R	NON-POLYMER	?
62S	non-polymer	?
62T	NON-POLYMER	?
62U	NON-POLYMER	?
62V	NON-POLYMER	?
62W	NON-POLYMER	?
62X	NON-POLYMER	?
62Y	non-polymer	?
630	NON-POLYMER	?
631	NON-POLYMER	?
632	NON-POLYMER	?
633	NON-POLYMER	?
634	NON-POLYMER	?
635	NON-POLYMER	?
636	NON-POLYMER	?
637	NON-POLYMER	?
638	NON-POLYMER	?
639	NON-POLYMER	?
63A	NON-POLYMER	?
63B	NON-POLYMER	?
63C	NON-POLYMER	?
63D	NON-POLYMER	?
63E	NON-POLYMER	?
63F	NON-POLYMER	?
63G	DNA LINKING	DG
63H	DNA LINKING	DG
63I	non-polymer	?
63J	NON-POLYMER	?
63K	NON-POLYMER	?
63L	NON-POLYMER	?
63M	NON-POLYMER	?
63N	NON-POLYMER	?
63O	NON-POLYMER	?
63P	NON-POLYMER	?
63Q	NON-POLYMER	?
63R	NON-POLYMER	?
63T	NON-POLYMER	?
63U	NON-POLYMER	?
63V	NON-POLYMER	?
63W	NON-POLYMER	?
63X	NON-POLYMER	?
63Y	NON-POLYMER	?
63Z	non-polymer	?
640	non-polymer	?
641	NON-POLYMER	?
642	NON-POLYMER	?
643	NON-POLYMER	?
644	NON-POLYMER	?
645	NON-POLYMER	?
646	NON-POLYMER	?
647	NON-POLYMER	?
648	NON-POLYMER	?
649	NON-POLYMER	?
64A	NON-POLYMER	?
64B	NON-POLYMER	?
64C	NON-POLYMER	?
64D	non-polymer	?
64E	NON-POLYMER	?
64F	NON-POLYMER	?
64I	NON-POLYMER	?
64J	NON-POLYMER	?
64K	D-saccharide, alpha linking	?
64L	NON-POLYMER	?
64M	NON-POLYMER	?
64N	NON-POLYMER	?
64O	NON-POLYMER	?
64P	DNA LINKING	?
64Q	NON-POLYMER	?
64R	NON-POLYMER	?
64S	NON-POLYMER	?
64T	DNA LINKING	DT
64U	peptide-like	?
64V	non-polymer	?
64W	non-polymer	?
64X	non-polymer	?
64Z	NON-POLYMER	?
650	NON-POLYMER	?
651	NON-POLYMER	?
652	NON-POLYMER	?
653	NON-POLYMER	?
654	NON-POLYMER	?
655	NON-POLYMER	?
656	NON-POLYMER	?
657	NON-POLYMER	?
658	NON-POLYMER	?
659	NON-POLYMER	?
65A	NON-POLYMER	?
65B	NON-POLYMER	?
65C	NON-POLYMER	?
65D	NON-POLYMER	?
65H	NON-POLYMER	?
65I	non-polymer	?
65J	NON-POLYMER	?
65K	NON-POLYMER	?
65L	non-polymer	?
65M	non-polymer	?
65N	NON-POLYMER	?
65O	NON-POLYMER	?
65P	NON-POLYMER	?
65Q	NON-POLYMER	?
65R	NON-POLYMER	?
65S	NON-POLYMER	?
65T	L-peptide NH3 amino terminus	FB2
65U	NON-POLYMER	?
65V	NON-POLYMER	?
65W	NON-POLYMER	?
65X	NON-POLYMER	?
65Y	NON-POLYMER	?
65Z	NON-POLYMER	?
660	NON-POLYMER	?
661	non-polymer	?
662	NON-POLYMER	?
663	NON-POLYMER	?
664	non-polymer	?
665	NON-POLYMER	?
666	NON-POLYMER	?
667	NON-POLYMER	?
668	NON-POLYMER	?
669	NON-POLYMER	?
66A	NON-POLYMER	?
66B	NON-POLYMER	?
66C	L-peptide linking	?
66D	L-peptide linking	ILE
66E	L-peptide linking	?
66F	NON-POLYMER	?
66G	NON-POLYMER	?
66H	NON-POLYMER	?
66I	non-polymer	?
66J	NON-POLYMER	?
66K	NON-POLYMER	?
66L	NON-POLYMER	?
66M	NON-POLYMER	?
66N	NON-POLYMER	?
66O	L-saccharide, alpha linking	?
66P	NON-POLYMER	?
66R	NON-POLYMER	?
66S	NON-POLYMER	?
66T	NON-POLYMER	?
66U	NON-POLYMER	?
66V	NON-POLYMER	?
66X	NON-POLYMER	?
66Y	NON-POLYMER	?
66Z	NON-POLYMER	?
670	NON-POLYMER	?
671	NON-POLYMER	?
672	NON-POLYMER	?
673	NON-POLYMER	?
674	NON-POLYMER	?
675	NON-POLYMER	?
676	non-polymer	?
677	NON-POLYMER	?
678	NON-POLYMER	?
679	NON-POLYMER	?
67A	NON-POLYMER	?
67B	NON-POLYMER	?
67C	NON-POLYMER	?
67D	NON-POLYMER	?
67F	NON-POLYMER	?
67G	NON-POLYMER	?
67H	NON-POLYMER	?
67I	non-polymer	?
67J	NON-POLYMER	?
67K	NON-POLYMER	?
67L	NON-POLYMER	?
67M	NON-POLYMER	?
67N	NON-POLYMER	?
67O	NON-POLYMER	?
67P	NON-POLYMER	?
67Q	NON-POLYMER	?
67R	NON-POLYMER	?
67S	NON-POLYMER	?
67T	NON-POLYMER	?
67U	NON-POLYMER	?
67V	non-polymer	?
67W	NON-POLYMER	?
67X	NON-POLYMER	?
67Y	NON-POLYMER	?
67Z	NON-POLYMER	?
680	NON-POLYMER	?
681	NON-POLYMER	?
682	NON-POLYMER	?
683	NON-POLYMER	?
684	NON-POLYMER	?
685	NON-POLYMER	?
686	NON-POLYMER	?
687	NON-POLYMER	?
688	NON-POLYMER	?
689	NON-POLYMER	?
68A	NON-POLYMER	?
68B	NON-POLYMER	?
68C	NON-POLYMER	?
68D	NON-POLYMER	?
68E	NON-POLYMER	?
68F	NON-POLYMER	?
68G	NON-POLYMER	?
68H	non-polymer	?
68J	NON-POLYMER	?
68K	NON-POLYMER	?
68L	NON-POLYMER	?
68M	NON-POLYMER	?
68N	NON-POLYMER	?
68O	NON-POLYMER	?
68P	NON-POLYMER	?
68Q	NON-POLYMER	?
68R	NON-POLYMER	?
68T	NON-POLYMER	?
68U	NON-POLYMER	?
68V	NON-POLYMER	?
68W	NON-POLYMER	?
68X	non-polymer	?
68Y	NON-POLYMER	?
68Z	DNA LINKING	DG
690	NON-POLYMER	?
691	NON-POLYMER	?
692	NON-POLYMER	?
693	NON-POLYMER	?
694	NON-POLYMER	?
695	NON-POLYMER	?
696	NON-POLYMER	?
697	NON-POLYMER	?
698	NON-POLYMER	?
699	NON-POLYMER	?
69A	NON-POLYMER	?
69B	NON-POLYMER	?
69C	NON-POLYMER	?
69D	NON-POLYMER	?
69E	NON-POLYMER	?
69F	NON-POLYMER	?
69G	NON-POLYMER	?
69H	NON-POLYMER	?
69I	non-polymer	?
69J	NON-POLYMER	?
69K	NON-POLYMER	?
69M	NON-POLYMER	?
69O	NON-POLYMER	?
69P	NON-POLYMER	?
69Q	NON-POLYMER	?
69R	NON-POLYMER	?
69S	NON-POLYMER	?
69T	NON-POLYMER	?
69U	NON-POLYMER	?
69V	NON-POLYMER	?
69W	NON-POLYMER	?
69X	non-polymer	?
69Y	NON-POLYMER	?
69Z	NON-POLYMER	?
6A0	NON-POLYMER	?
6A1	NON-POLYMER	?
6A4	NON-POLYMER	?
6A5	NON-POLYMER	?
6A6	NON-POLYMER	?
6A7	NON-POLYMER	?
6A8	NON-POLYMER	?
6A9	NON-POLYMER	?
6AB	NON-POLYMER	?
6AC	NON-POLYMER	?
6AD	NON-POLYMER	?
6AE	NON-POLYMER	?
6AF	NON-POLYMER	?
6AH	NON-POLYMER	?
6AI	NON-POLYMER	?
6AJ	NON-POLYMER	?
6AK	NON-POLYMER	?
6AL	NON-POLYMER	?
6AM	NON-POLYMER	?
6AN	non-polymer	?
6AO	non-polymer	?
6AP	NON-POLYMER	?
6AQ	NON-POLYMER	?
6AR	NON-POLYMER	?
6AS	NON-POLYMER	?
6AT	NON-POLYMER	?
6AU	NON-POLYMER	?
6AV	NON-POLYMER	?
6AW	NON-POLYMER	?
6AX	NON-POLYMER	?
6AY	NON-POLYMER	?
6AZ	NON-POLYMER	?
6B0	NON-POLYMER	?
6B1	NON-POLYMER	?
6B2	NON-POLYMER	?
6B3	NON-POLYMER	?
6B4	NON-POLYMER	?
6B5	NON-POLYMER	?
6B6	NON-POLYMER	?
6B7	NON-POLYMER	?
6B8	NON-POLYMER	?
6B9	NON-POLYMER	?
6BB	NON-POLYMER	?
6BC	non-polymer	?
6BD	NON-POLYMER	?
6BE	NON-POLYMER	?
6BF	NON-POLYMER	?
6BG	D-saccharide, beta linking	?
6BH	NON-POLYMER	?
6BI	non-polymer	?
6BJ	NON-POLYMER	?
6BK	NON-POLYMER	?
6BL	NON-POLYMER	?
6BM	NON-POLYMER	?
6BN	NON-POLYMER	?
6BP	non-polymer	?
6BQ	NON-POLYMER	?
6BR	L-peptide linking	THR
6BS	NON-POLYMER	?
6BT	NON-POLYMER	?
6BU	NON-POLYMER	?
6BV	non-polymer	?
6BW	NON-POLYMER	?
6BX	NON-POLYMER	?
6BY	NON-POLYMER	?
6BZ	NON-POLYMER	?
6C0	NON-POLYMER	?
6C1	NON-POLYMER	?
6C2	D-saccharide	?
6C3	NON-POLYMER	?
6C4	NON-POLYMER	?
6C5	NON-POLYMER	?
6C6	NON-POLYMER	?
6C7	NON-POLYMER	?
6C8	NON-POLYMER	?
6C9	NON-POLYMER	?
6CA	NON-POLYMER	?
6CB	NON-POLYMER	?
6CC	NON-POLYMER	?
6CD	NON-POLYMER	?
6CE	NON-POLYMER	?
6CF	non-polymer	?
6CG	NON-POLYMER	?
6CH	NON-POLYMER	?
6CI	non-polymer	?
6CJ	NON-POLYMER	?
6CK	NON-POLYMER	?
6CL	L-PEPTIDE LINKING	LYS
6CM	NON-POLYMER	?
6CN	NON-POLYMER	?
6CO	NON-POLYMER	?
6CP	NON-POLYMER	?
6CQ	NON-POLYMER	?
6CR	NON-POLYMER	?
6CS	NON-POLYMER	?
6CT	DNA LINKING	DT
6CU	NON-POLYMER	?
6CV	L-peptide linking	ALA
6CW	L-PEPTIDE LINKING	TRP
6CX	NON-POLYMER	?
6CY	NON-POLYMER	?
6CZ	NON-POLYMER	?
6D0	NON-POLYMER	?
6D1	NON-POLYMER	?
6D2	NON-POLYMER	?
6D3	NON-POLYMER	?
6D4	NON-POLYMER	?
6D5	NON-POLYMER	?
6D6	NON-POLYMER	?
6D7	NON-POLYMER	?
6D8	NON-POLYMER	?
6DA	NON-POLYMER	?
6DB	NON-POLYMER	?
6DC	NON-POLYMER	?
6DD	NON-POLYMER	?
6DE	NON-POLYMER	?
6DF	NON-POLYMER	?
6DG	NON-POLYMER	?
6DH	NON-POLYMER	?
6DJ	NON-POLYMER	?
6DK	NON-POLYMER	?
6DL	NON-POLYMER	?
6DM	saccharide	?
6DN	NON-POLYMER	LYS
6DO	NON-POLYMER	?
6DP	NON-POLYMER	?
6DQ	NON-POLYMER	?
6DR	NON-POLYMER	?
6DS	NON-POLYMER	?
6DT	NON-POLYMER	?
6DU	L-peptide linking	?
6DV	NON-POLYMER	?
6DW	NON-POLYMER	?
6DX	NON-POLYMER	?
6DY	NON-POLYMER	?
6DZ	NON-POLYMER	?
6E0	NON-POLYMER	?
6E1	NON-POLYMER	?
6E2	NON-POLYMER	?
6E3	NON-POLYMER	?
6E4	L-peptide linking	?
6E5	NON-POLYMER	?
6E6	NON-POLYMER	?
6E7	NON-POLYMER	?
6E8	NON-POLYMER	?
6E9	NON-POLYMER	?
6EA	NON-POLYMER	?
6EB	NON-POLYMER	?
6EC	NON-POLYMER	?
6ED	NON-POLYMER	?
6EE	NON-POLYMER	?
6EF	NON-POLYMER	?
6EG	NON-POLYMER	?
6EH	NON-POLYMER	?
6EI	non-polymer	?
6EJ	NON-POLYMER	?
6EK	NON-POLYMER	?
6EL	NON-POLYMER	?
6EM	NON-POLYMER	?
6EN	NON-POLYMER	?
6EO	NON-POLYMER	?
6EP	NON-POLYMER	?
6EQ	NON-POLYMER	?
6ER	NON-POLYMER	?
6ES	NON-POLYMER	?
6ET	NON-POLYMER	?
6EU	NON-POLYMER	?
6EV	NON-POLYMER	?
6EW	NON-POLYMER	?
6EX	NON-POLYMER	?
6EY	NON-POLYMER	?
6EZ	NON-POLYMER	?
6F0	NON-POLYMER	?
6F1	NON-POLYMER	?
6F2	non-polymer	?
6F3	NON-POLYMER	?
6F4	NON-POLYMER	?
6F5	NON-POLYMER	?
6F6	NON-POLYMER	?
6F7	RNA linking	?
6F8	NON-POLYMER	?
6F9	NON-POLYMER	?
6FA	NON-POLYMER	?
6FB	NON-POLYMER	?
6FC	RNA LINKING	?
6FD	NON-POLYMER	?
6FE	non-polymer	?
6FF	NON-POLYMER	?
6FG	NON-POLYMER	?
6FH	NON-POLYMER	?
6FI	non-polymer	?
6FJ	NON-POLYMER	?
6FK	DNA linking	DG
6FL	L-PEPTIDE LINKING	?
6FM	DNA linking	DA
6FN	NON-POLYMER	?
6FP	NON-POLYMER	?
6FQ	NON-POLYMER	?
6FR	NON-POLYMER	?
6FS	non-polymer	?
6FT	NON-POLYMER	?
6FU	RNA LINKING	?
6FV	NON-POLYMER	?
6FW	NON-POLYMER	?
6FX	NON-POLYMER	?
6FY	NON-POLYMER	?
6FZ	NON-POLYMER	?
6G0	NON-POLYMER	?
6G1	NON-POLYMER	?
6G2	NON-POLYMER	?
6G3	NON-POLYMER	?
6G4	peptide linking	Lys
6G5	L-peptide linking	?
6G6	NON-POLYMER	?
6G7	NON-POLYMER	?
6G8	non-polymer	?
6G9	NON-POLYMER	?
6GA	NON-POLYMER	?
6GB	saccharide	?
6GC	NON-POLYMER	?
6GD	NON-POLYMER	?
6GE	NON-POLYMER	?
6GF	NON-POLYMER	?
6GG	NON-POLYMER	?
6GH	NON-POLYMER	?
6GI	non-polymer	?
6GJ	NON-POLYMER	?
6GK	NON-POLYMER	?
6GL	L-PEPTIDE LINKING	ALA
6GM	NON-POLYMER	?
6GN	NON-POLYMER	?
6GO	NON-POLYMER	?
6GP	D-saccharide	?
6GQ	NON-POLYMER	?
6GR	L-saccharide	Z6H
6GS	NON-POLYMER	?
6GT	NON-POLYMER	?
6GU	NON-POLYMER	?
6GV	NON-POLYMER	?
6GW	NON-POLYMER	?
6GX	NON-POLYMER	?
6GY	NON-POLYMER	?
6GZ	NON-POLYMER	?
6H0	NON-POLYMER	?
6H1	NON-POLYMER	?
6H2	NON-POLYMER	?
6H3	NON-POLYMER	?
6H4	NON-POLYMER	?
6H5	NON-POLYMER	?
6H6	NON-POLYMER	?
6H7	non-polymer	?
6H8	NON-POLYMER	?
6H9	NON-POLYMER	?
6HA	DNA LINKING	DA
6HB	DNA LINKING	DA
6HC	DNA LINKING	DC
6HD	NON-POLYMER	?
6HE	NON-POLYMER	?
6HF	NON-POLYMER	?
6HG	DNA LINKING	DG
6HH	NON-POLYMER	?
6HI	NON-POLYMER	?
6HJ	NON-POLYMER	?
6HK	NON-POLYMER	?
6HL	NON-POLYMER	?
6HM	NON-POLYMER	?
6HN	L-PEPTIDE LINKING	LYS
6HO	NON-POLYMER	?
6HP	NON-POLYMER	?
6HQ	NON-POLYMER	?
6HR	NON-POLYMER	?
6HS	NON-POLYMER	?
6HT	DNA LINKING	DT
6HU	NON-POLYMER	?
6HV	NON-POLYMER	?
6HW	NON-POLYMER	?
6HX	NON-POLYMER	?
6HY	NON-POLYMER	?
6HZ	NON-POLYMER	?
6I0	non-polymer	?
6I1	non-polymer	?
6I2	non-polymer	?
6I3	non-polymer	?
6I4	non-polymer	?
6I5	non-polymer	?
6I6	non-polymer	?
6I7	non-polymer	?
6I9	non-polymer	?
6IA	RNA LINKING	A
6IB	non-polymer	?
6IC	non-polymer	?
6ID	non-polymer	?
6IF	non-polymer	?
6IG	NON-POLYMER	?
6IH	non-polymer	?
6II	non-polymer	?
6IK	non-polymer	?
6IL	non-polymer	?
6IM	non-polymer	?
6IN	NON-POLYMER	?
6IO	non-polymer	?
6IP	NON-POLYMER	?
6IQ	non-polymer	?
6IR	NON-POLYMER	?
6IT	non-polymer	?
6IU	non-polymer	?
6IV	non-polymer	?
6IW	non-polymer	?
6IX	non-polymer	?
6IY	non-polymer	?
6IZ	non-polymer	?
6J0	NON-POLYMER	?
6J1	NON-POLYMER	?
6J2	NON-POLYMER	?
6J3	NON-POLYMER	?
6J4	NON-POLYMER	?
6J5	NON-POLYMER	?
6J6	NON-POLYMER	?
6J7	NON-POLYMER	?
6J8	NON-POLYMER	?
6J9	NON-POLYMER	?
6JA	NON-POLYMER	?
6JB	NON-POLYMER	?
6JC	NON-POLYMER	?
6JD	NON-POLYMER	?
6JE	NON-POLYMER	?
6JF	NON-POLYMER	?
6JG	NON-POLYMER	?
6JH	NON-POLYMER	?
6JI	non-polymer	?
6JJ	NON-POLYMER	?
6JM	NON-POLYMER	?
6JN	NON-POLYMER	?
6JO	NON-POLYMER	?
6JP	NON-POLYMER	?
6JQ	NON-POLYMER	?
6JR	NON-POLYMER	?
6JS	NON-POLYMER	?
6JT	NON-POLYMER	?
6JU	NON-POLYMER	?
6JV	NON-POLYMER	?
6JW	NON-POLYMER	?
6JX	NON-POLYMER	?
6JY	NON-POLYMER	?
6JZ	NON-POLYMER	?
6K0	NON-POLYMER	?
6K1	NON-POLYMER	?
6K2	NON-POLYMER	?
6K3	D-saccharide	?
6K4	NON-POLYMER	?
6K5	NON-POLYMER	?
6K6	NON-POLYMER	?
6K7	NON-POLYMER	?
6K8	NON-POLYMER	?
6K9	NON-POLYMER	?
6KA	NON-POLYMER	?
6KB	NON-POLYMER	?
6KC	NON-POLYMER	?
6KD	NON-POLYMER	?
6KE	NON-POLYMER	?
6KF	NON-POLYMER	?
6KG	NON-POLYMER	?
6KH	D-saccharide	?
6KI	non-polymer	?
6KJ	NON-POLYMER	?
6KK	NON-POLYMER	?
6KL	D-saccharide	?
6KM	L-peptide linking	?
6KN	NON-POLYMER	?
6KO	NON-POLYMER	?
6KP	NON-POLYMER	?
6KQ	NON-POLYMER	?
6KR	NON-POLYMER	?
6KS	D-saccharide	?
6KT	NON-POLYMER	?
6KU	D-saccharide	?
6KV	non-polymer	?
6KW	D-saccharide	?
6KX	NON-POLYMER	?
6KY	L-peptide linking	?
6KZ	non-polymer	?
6L0	NON-POLYMER	?
6L1	NON-POLYMER	?
6L2	NON-POLYMER	?
6L3	NON-POLYMER	?
6L4	NON-POLYMER	?
6L5	NON-POLYMER	?
6L6	NON-POLYMER	?
6L7	NON-POLYMER	?
6L8	NON-POLYMER	?
6L9	NON-POLYMER	?
6LA	D-saccharide	?
6LB	NON-POLYMER	?
6LC	NON-POLYMER	?
6LD	NON-POLYMER	?
6LE	NON-POLYMER	?
6LF	NON-POLYMER	?
6LG	NON-POLYMER	?
6LH	NON-POLYMER	?
6LI	NON-POLYMER	?
6LJ	NON-POLYMER	?
6LK	NON-POLYMER	?
6LL	non-polymer	?
6LM	NON-POLYMER	?
6LN	NON-POLYMER	?
6LO	NON-POLYMER	?
6LP	NON-POLYMER	?
6LQ	non-polymer	?
6LR	NON-POLYMER	?
6LS	D-saccharide	?
6LT	NON-POLYMER	?
6LU	NON-POLYMER	?
6LV	non-polymer	?
6LW	L-saccharide	?
6LX	non-polymer	?
6LY	NON-POLYMER	?
6LZ	NON-POLYMER	?
6M0	NON-POLYMER	?
6M1	NON-POLYMER	?
6M3	NON-POLYMER	?
6M4	NON-POLYMER	?
6M5	NON-POLYMER	?
6M6	L-PEPTIDE LINKING	CYS
6M7	NON-POLYMER	?
6M8	non-polymer	?
6M9	NON-POLYMER	?
6MA	DNA LINKING	A
6MB	NON-POLYMER	?
6MC	RNA LINKING	A
6MD	NON-POLYMER	?
6ME	NON-POLYMER	?
6MG	NON-POLYMER	?
6MH	NON-POLYMER	?
6MI	DNA LINKING	?
6MJ	D-saccharide	XYP
6MK	non-polymer	?
6ML	NON-POLYMER	?
6MM	NON-POLYMER	?
6MN	D-saccharide, alpha linking	95Z
6MO	NON-POLYMER	?
6MP	NON-POLYMER	A
6MQ	NON-POLYMER	?
6MR	NON-POLYMER	?
6MS	NON-POLYMER	?
6MT	RNA LINKING	A
6MU	NON-POLYMER	?
6MV	NON-POLYMER	?
6MW	NON-POLYMER	?
6MX	NON-POLYMER	?
6MY	NON-POLYMER	?
6MZ	RNA LINKING	A
6N0	non-polymer	?
6N1	NON-POLYMER	?
6N2	NON-POLYMER	?
6N3	NON-POLYMER	?
6N4	non-polymer	?
6N5	NON-POLYMER	?
6N6	NON-POLYMER	?
6N8	non-polymer	?
6N9	non-polymer	?
6NA	NON-POLYMER	?
6NB	NON-POLYMER	?
6NC	non-polymer	?
6ND	NON-POLYMER	?
6NE	NON-POLYMER	?
6NF	non-polymer	?
6NG	NON-POLYMER	?
6NH	NON-POLYMER	?
6NI	NON-POLYMER	?
6NJ	NON-POLYMER	?
6NK	NON-POLYMER	?
6NL	NON-POLYMER	?
6NM	non-polymer	?
6NN	NON-POLYMER	?
6NO	NON-POLYMER	?
6NP	NON-POLYMER	?
6NQ	NON-POLYMER	?
6NR	NON-POLYMER	?
6NS	NON-POLYMER	?
6NT	non-polymer	?
6NU	NON-POLYMER	?
6NV	NON-POLYMER	?
6NW	RNA linking	A
6NX	non-polymer	?
6NY	NON-POLYMER	?
6NZ	NON-POLYMER	?
6O0	NON-POLYMER	?
6O1	NON-POLYMER	?
6O2	NON-POLYMER	?
6O3	NON-POLYMER	?
6O5	NON-POLYMER	?
6O6	NON-POLYMER	?
6O7	NON-POLYMER	?
6O8	NON-POLYMER	?
6O9	NON-POLYMER	?
6OA	NON-POLYMER	?
6OB	non-polymer	?
6OC	non-polymer	?
6OD	NON-POLYMER	?
6OE	NON-POLYMER	?
6OG	DNA LINKING	DG
6OH	NON-POLYMER	?
6OI	non-polymer	?
6OJ	non-polymer	?
6OK	NON-POLYMER	?
6OL	NON-POLYMER	?
6OM	NON-POLYMER	?
6ON	NON-POLYMER	?
6OO	RNA linking	C
6OP	RNA linking	?
6OQ	NON-POLYMER	?
6OR	NON-POLYMER	?
6OS	NON-POLYMER	?
6OT	NON-POLYMER	?
6OU	NON-POLYMER	?
6OV	NON-POLYMER	?
6OW	NON-POLYMER	?
6OX	NON-POLYMER	?
6OY	NON-POLYMER	?
6OZ	NON-POLYMER	?
6P0	NON-POLYMER	?
6P1	NON-POLYMER	?
6P2	NON-POLYMER	?
6P3	NON-POLYMER	?
6P4	NON-POLYMER	?
6P5	NON-POLYMER	?
6P6	NON-POLYMER	?
6P8	NON-POLYMER	?
6P9	NON-POLYMER	?
6PB	NON-POLYMER	?
6PC	NON-POLYMER	?
6PD	NON-POLYMER	?
6PE	NON-POLYMER	?
6PF	NON-POLYMER	?
6PG	D-SACCHARIDE	?
6PH	NON-POLYMER	?
6PJ	NON-POLYMER	?
6PK	NON-POLYMER	?
6PL	NON-POLYMER	?
6PM	NON-POLYMER	?
6PN	NON-POLYMER	?
6PO	DNA LINKING	DG
6PP	NON-POLYMER	?
6PQ	NON-POLYMER	?
6PR	NON-POLYMER	?
6PS	NON-POLYMER	?
6PT	NON-POLYMER	?
6PU	NON-POLYMER	?
6PV	NON-POLYMER	?
6PW	NON-POLYMER	?
6PX	NON-POLYMER	?
6PY	D-saccharide	?
6PZ	D-saccharide, beta linking	?
6Q0	NON-POLYMER	?
6Q1	NON-POLYMER	?
6Q2	NON-POLYMER	?
6Q3	non-polymer	?
6Q4	NON-POLYMER	?
6Q5	NON-POLYMER	?
6Q6	NON-POLYMER	?
6Q7	NON-POLYMER	?
6Q8	NON-POLYMER	?
6Q9	NON-POLYMER	?
6QA	NON-POLYMER	?
6QB	NON-POLYMER	?
6QC	NON-POLYMER	?
6QD	NON-POLYMER	?
6QE	NON-POLYMER	?
6QF	NON-POLYMER	?
6QG	NON-POLYMER	?
6QH	NON-POLYMER	?
6QI	non-polymer	?
6QJ	NON-POLYMER	?
6QK	NON-POLYMER	?
6QL	NON-POLYMER	?
6QM	non-polymer	?
6QN	NON-POLYMER	?
6QO	NON-POLYMER	?
6QP	NON-POLYMER	?
6QQ	NON-POLYMER	?
6QR	NON-POLYMER	?
6QS	NON-POLYMER	?
6QT	NON-POLYMER	?
6QU	NON-POLYMER	?
6QV	NON-POLYMER	?
6QW	NON-POLYMER	?
6QX	NON-POLYMER	?
6QY	NON-POLYMER	?
6QZ	NON-POLYMER	?
6R0	NON-POLYMER	?
6R1	NON-POLYMER	?
6R2	NON-POLYMER	?
6R3	NON-POLYMER	?
6R4	NON-POLYMER	?
6R5	NON-POLYMER	?
6R6	NON-POLYMER	?
6R7	NON-POLYMER	?
6R8	NON-POLYMER	?
6R9	NON-POLYMER	?
6RA	non-polymer	?
6RB	NON-POLYMER	?
6RC	NON-POLYMER	?
6RD	NON-POLYMER	?
6RE	NON-POLYMER	?
6RF	NON-POLYMER	?
6RG	NON-POLYMER	?
6RH	NON-POLYMER	?
6RI	non-polymer	?
6RJ	NON-POLYMER	?
6RK	L-peptide linking	?
6RL	NON-POLYMER	?
6RM	NON-POLYMER	?
6RN	NON-POLYMER	?
6RO	NON-POLYMER	?
6RP	NON-POLYMER	?
6RQ	NON-POLYMER	?
6RR	NON-POLYMER	?
6RS	NON-POLYMER	?
6RT	NON-POLYMER	?
6RU	NON-POLYMER	?
6RV	NON-POLYMER	?
6RW	NON-POLYMER	?
6RX	NON-POLYMER	?
6RY	NON-POLYMER	?
6RZ	NON-POLYMER	?
6S0	NON-POLYMER	?
6S1	NON-POLYMER	?
6S2	D-saccharide	NAG
6S3	NON-POLYMER	?
6S4	NON-POLYMER	?
6S5	NON-POLYMER	?
6S6	NON-POLYMER	?
6S7	NON-POLYMER	?
6S8	NON-POLYMER	?
6S9	NON-POLYMER	?
6SA	SACCHARIDE	?
6SB	NON-POLYMER	?
6SC	NON-POLYMER	?
6SD	NON-POLYMER	?
6SE	NON-POLYMER	?
6SF	NON-POLYMER	?
6SG	NON-POLYMER	?
6SH	NON-POLYMER	?
6SI	non-polymer	?
6SJ	NON-POLYMER	?
6SK	NON-POLYMER	?
6SL	NON-POLYMER	?
6SM	NON-POLYMER	?
6SN	NON-POLYMER	?
6SO	NON-POLYMER	?
6SP	NON-POLYMER	?
6SQ	NON-POLYMER	?
6SR	NON-POLYMER	?
6SS	NON-POLYMER	?
6ST	NON-POLYMER	?
6SU	NON-POLYMER	?
6SV	NON-POLYMER	?
6SW	NON-POLYMER	?
6SX	NON-POLYMER	?
6SY	NON-POLYMER	?
6SZ	NON-POLYMER	?
6T0	NON-POLYMER	?
6T1	NON-POLYMER	?
6T2	NON-POLYMER	?
6T3	NON-POLYMER	?
6T4	NON-POLYMER	?
6T5	NON-POLYMER	?
6T6	non-polymer	?
6T7	NON-POLYMER	?
6T8	NON-POLYMER	?
6T9	non-polymer	?
6TA	NON-POLYMER	?
6TB	NON-POLYMER	?
6TC	NON-POLYMER	?
6TD	NON-POLYMER	?
6TE	NON-POLYMER	?
6TF	NON-POLYMER	?
6TG	non-polymer	?
6TH	NON-POLYMER	?
6TI	non-polymer	?
6TJ	NON-POLYMER	?
6TL	NON-POLYMER	?
6TM	NON-POLYMER	?
6TN	NON-POLYMER	?
6TO	NON-POLYMER	?
6TP	NON-POLYMER	?
6TS	NON-POLYMER	?
6TT	NON-POLYMER	?
6TU	NON-POLYMER	?
6TV	NON-POLYMER	?
6TW	NON-POLYMER	?
6TX	NON-POLYMER	?
6TY	NON-POLYMER	?
6TZ	NON-POLYMER	?
6U0	NON-POLYMER	?
6U1	NON-POLYMER	?
6U2	NON-POLYMER	?
6U3	NON-POLYMER	?
6U4	NON-POLYMER	?
6U5	NON-POLYMER	?
6U6	NON-POLYMER	?
6U7	NON-POLYMER	?
6U8	NON-POLYMER	?
6U9	NON-POLYMER	?
6UA	NON-POLYMER	?
6UB	non-polymer	?
6UC	NON-POLYMER	?
6UD	D-saccharide	?
6UE	NON-POLYMER	?
6UF	NON-POLYMER	?
6UG	NON-POLYMER	?
6UH	NON-POLYMER	?
6UI	non-polymer	?
6UJ	NON-POLYMER	?
6UK	NON-POLYMER	?
6UL	NON-POLYMER	?
6UM	NON-POLYMER	?
6UN	NON-POLYMER	?
6UO	NON-POLYMER	?
6UP	NON-POLYMER	?
6UQ	NON-POLYMER	?
6UR	NON-POLYMER	?
6US	NON-POLYMER	?
6UT	NON-POLYMER	?
6UU	NON-POLYMER	?
6UV	NON-POLYMER	?
6UW	NON-POLYMER	?
6UX	NON-POLYMER	?
6UY	NON-POLYMER	?
6UZ	non-polymer	?
6V0	NON-POLYMER	?
6V1	L-PEPTIDE LINKING	CYS
6V2	non-polymer	?
6V3	NON-POLYMER	?
6V4	NON-POLYMER	?
6V5	NON-POLYMER	?
6V6	NON-POLYMER	?
6V7	NON-POLYMER	?
6V8	NON-POLYMER	?
6V9	peptide linking	?
6VA	NON-POLYMER	?
6VB	NON-POLYMER	?
6VC	NON-POLYMER	?
6VD	non-polymer	?
6VF	NON-POLYMER	?
6VG	NON-POLYMER	?
6VH	NON-POLYMER	?
6VJ	NON-POLYMER	?
6VK	NON-POLYMER	?
6VL	NON-POLYMER	?
6VM	NON-POLYMER	?
6VN	NON-POLYMER	?
6VO	NON-POLYMER	?
6VP	NON-POLYMER	?
6VQ	NON-POLYMER	?
6VR	NON-POLYMER	?
6VS	NON-POLYMER	?
6VT	NON-POLYMER	?
6VU	NON-POLYMER	?
6VV	NON-POLYMER	?
6VW	NON-POLYMER	?
6VX	NON-POLYMER	?
6VY	NON-POLYMER	?
6VZ	NON-POLYMER	?
6W0	NON-POLYMER	?
6W1	NON-POLYMER	?
6W2	non-polymer	?
6W3	NON-POLYMER	?
6W4	NON-POLYMER	?
6W5	NON-POLYMER	?
6W6	NON-POLYMER	?
6W7	NON-POLYMER	?
6W8	NON-POLYMER	?
6W9	NON-POLYMER	?
6WA	NON-POLYMER	?
6WB	NON-POLYMER	?
6WC	NON-POLYMER	?
6WD	NON-POLYMER	?
6WE	NON-POLYMER	?
6WF	NON-POLYMER	?
6WG	NON-POLYMER	?
6WH	NON-POLYMER	?
6WI	non-polymer	?
6WJ	NON-POLYMER	?
6WK	L-PEPTIDE LINKING	CYS
6WL	NON-POLYMER	?
6WM	NON-POLYMER	?
6WN	NON-POLYMER	?
6WO	NON-POLYMER	?
6WP	NON-POLYMER	?
6WQ	NON-POLYMER	?
6WR	NON-POLYMER	?
6WS	NON-POLYMER	?
6WT	NON-POLYMER	?
6WU	NON-POLYMER	?
6WV	NON-POLYMER	?
6WW	NON-POLYMER	?
6WX	NON-POLYMER	?
6WY	NON-POLYMER	?
6WZ	NON-POLYMER	?
6X0	NON-POLYMER	?
6X1	NON-POLYMER	?
6X2	NON-POLYMER	?
6X3	NON-POLYMER	?
6X4	NON-POLYMER	?
6X5	NON-POLYMER	?
6X6	NON-POLYMER	?
6X7	NON-POLYMER	?
6X8	NON-POLYMER	?
6X9	NON-POLYMER	?
6XA	NON-POLYMER	?
6XB	NON-POLYMER	?
6XC	non-polymer	?
6XD	NON-POLYMER	?
6XE	non-polymer	?
6XF	NON-POLYMER	?
6XG	NON-POLYMER	?
6XH	NON-POLYMER	?
6XI	NON-POLYMER	?
6XJ	NON-POLYMER	?
6XK	NON-POLYMER	?
6XL	NON-POLYMER	?
6XM	NON-POLYMER	?
6XN	NON-POLYMER	?
6XO	NON-POLYMER	?
6XP	non-polymer	?
6XQ	NON-POLYMER	?
6XR	NON-POLYMER	?
6XS	non-polymer	?
6XT	NON-POLYMER	?
6XU	NON-POLYMER	?
6XV	NON-POLYMER	?
6XW	NON-POLYMER	?
6XX	NON-POLYMER	?
6XY	NON-POLYMER	?
6XZ	NON-POLYMER	?
6Y0	NON-POLYMER	?
6Y1	NON-POLYMER	?
6Y2	NON-POLYMER	?
6Y3	NON-POLYMER	?
6Y4	NON-POLYMER	?
6Y5	NON-POLYMER	?
6Y6	D-saccharide	?
6Y7	NON-POLYMER	?
6Y8	NON-POLYMER	?
6Y9	D-peptide linking	PRO
6YA	NON-POLYMER	?
6YB	NON-POLYMER	?
6YC	NON-POLYMER	?
6YD	NON-POLYMER	?
6YE	NON-POLYMER	?
6YF	non-polymer	?
6YG	non-polymer	?
6YH	NON-POLYMER	?
6YI	non-polymer	?
6YJ	peptide linking	?
6YK	PEPTIDE-LIKE	?
6YL	NON-POLYMER	?
6YN	NON-POLYMER	?
6YP	NON-POLYMER	?
6YQ	NON-POLYMER	?
6YR	L-saccharide	?
6YS	NON-POLYMER	?
6YT	non-polymer	?
6YU	NON-POLYMER	?
6YV	NON-POLYMER	?
6YW	NON-POLYMER	?
6YX	NON-POLYMER	?
6YY	NON-POLYMER	?
6YZ	NON-POLYMER	?
6Z0	non-polymer	?
6Z1	non-polymer	?
6Z2	NON-POLYMER	?
6Z3	NON-POLYMER	?
6Z4	NON-POLYMER	?
6Z5	NON-POLYMER	?
6Z6	NON-POLYMER	?
6Z7	NON-POLYMER	?
6Z8	NON-POLYMER	?
6Z9	NON-POLYMER	?
6ZA	NON-POLYMER	?
6ZB	NON-POLYMER	?
6ZC	D-saccharide	PA1
6ZD	NON-POLYMER	?
6ZE	NON-POLYMER	?
6ZF	NON-POLYMER	?
6ZG	NON-POLYMER	?
6ZH	NON-POLYMER	?
6ZI	non-polymer	?
6ZJ	non-polymer	?
6ZK	NON-POLYMER	?
6ZL	NON-POLYMER	?
6ZM	NON-POLYMER	?
6ZN	NON-POLYMER	?
6ZO	NON-POLYMER	?
6ZP	NON-POLYMER	?
6ZQ	NON-POLYMER	?
6ZR	NON-POLYMER	?
6ZS	L-peptide linking	?
6ZT	NON-POLYMER	?
6ZU	NON-POLYMER	?
6ZV	NON-POLYMER	?
6ZW	NON-POLYMER	?
6ZX	non-polymer	?
6ZY	NON-POLYMER	?
6ZZ	NON-POLYMER	?
700	NON-POLYMER	?
701	NON-POLYMER	?
702	NON-POLYMER	?
703	NON-POLYMER	?
704	NON-POLYMER	?
705	NON-POLYMER	?
706	NON-POLYMER	?
707	NON-POLYMER	?
708	NON-POLYMER	?
709	NON-POLYMER	?
70A	NON-POLYMER	?
70B	non-polymer	?
70C	NON-POLYMER	?
70D	NON-POLYMER	?
70E	NON-POLYMER	?
70G	NON-POLYMER	?
70H	NON-POLYMER	?
70I	non-polymer	?
70J	NON-POLYMER	?
70K	NON-POLYMER	?
70L	NON-POLYMER	?
70M	NON-POLYMER	?
70N	NON-POLYMER	?
70O	NON-POLYMER	?
70P	NON-POLYMER	?
70Q	NON-POLYMER	?
70R	NON-POLYMER	?
70S	NON-POLYMER	?
70T	NON-POLYMER	?
70U	RNA LINKING	U
70V	NON-POLYMER	?
70W	NON-POLYMER	?
70X	NON-POLYMER	?
70Y	NON-POLYMER	?
70Z	NON-POLYMER	?
710	NON-POLYMER	?
711	NON-POLYMER	?
712	NON-POLYMER	?
713	NON-POLYMER	?
714	NON-POLYMER	?
715	NON-POLYMER	?
716	NON-POLYMER	?
717	NON-POLYMER	?
718	NON-POLYMER	?
719	NON-POLYMER	?
71A	NON-POLYMER	?
71B	NON-POLYMER	?
71C	NON-POLYMER	?
71D	NON-POLYMER	?
71E	NON-POLYMER	?
71F	NON-POLYMER	?
71G	NON-POLYMER	?
71H	NON-POLYMER	?
71I	NON-POLYMER	?
71J	NON-POLYMER	?
71K	NON-POLYMER	?
71L	NON-POLYMER	?
71M	NON-POLYMER	?
71N	NON-POLYMER	?
71O	NON-POLYMER	?
71P	NON-POLYMER	?
71Q	NON-POLYMER	?
71R	NON-POLYMER	?
71S	non-polymer	?
71T	NON-POLYMER	?
71U	NON-POLYMER	?
71V	NON-POLYMER	?
71W	NON-POLYMER	?
71X	NON-POLYMER	?
71Y	NON-POLYMER	?
720	NON-POLYMER	?
721	NON-POLYMER	?
722	NON-POLYMER	?
723	NON-POLYMER	?
724	NON-POLYMER	?
725	NON-POLYMER	?
726	NON-POLYMER	?
727	NON-POLYMER	?
728	NON-POLYMER	?
729	NON-POLYMER	?
72B	NON-POLYMER	?
72C	NON-POLYMER	?
72D	NON-POLYMER	?
72E	NON-POLYMER	?
72F	NON-POLYMER	?
72G	NON-POLYMER	?
72H	NON-POLYMER	?
72I	non-polymer	?
72J	NON-POLYMER	?
72K	NON-POLYMER	?
72L	NON-POLYMER	?
72M	NON-POLYMER	?
72N	NON-POLYMER	?
72O	NON-POLYMER	?
72P	NON-POLYMER	?
72Q	NON-POLYMER	?
72R	NON-POLYMER	?
72S	NON-POLYMER	?
72T	NON-POLYMER	?
72U	NON-POLYMER	?
72V	NON-POLYMER	?
72W	NON-POLYMER	?
72X	NON-POLYMER	?
72Y	NON-POLYMER	?
730	NON-POLYMER	?
731	NON-POLYMER	?
732	NON-POLYMER	?
733	NON-POLYMER	?
734	NON-POLYMER	?
735	NON-POLYMER	?
736	NON-POLYMER	?
737	NON-POLYMER	?
738	NON-POLYMER	?
739	NON-POLYMER	?
73A	NON-POLYMER	?
73B	non-polymer	?
73C	L-peptide linking	SER
73D	NON-POLYMER	?
73E	D-saccharide	?
73F	NON-POLYMER	?
73G	NON-POLYMER	?
73H	NON-POLYMER	?
73I	non-polymer	?
73J	NON-POLYMER	?
73K	NON-POLYMER	?
73L	NON-POLYMER	?
73M	NON-POLYMER	?
73N	L-PEPTIDE LINKING	ARG
73O	L-PEPTIDE LINKING	TYR
73P	L-PEPTIDE LINKING	LYS
73Q	NON-POLYMER	?
73R	NON-POLYMER	?
73S	NON-POLYMER	?
73T	NON-POLYMER	?
73U	NON-POLYMER	?
73V	NON-POLYMER	?
73W	RNA linking	C
73X	NON-POLYMER	?
73Y	NON-POLYMER	?
73Z	NON-POLYMER	?
740	NON-POLYMER	?
741	NON-POLYMER	?
742	NON-POLYMER	?
743	NON-POLYMER	?
744	NON-POLYMER	?
745	NON-POLYMER	?
746	NON-POLYMER	?
747	NON-POLYMER	?
748	NON-POLYMER	?
749	NON-POLYMER	?
74A	NON-POLYMER	?
74B	NON-POLYMER	?
74C	NON-POLYMER	?
74D	NON-POLYMER	?
74E	NON-POLYMER	?
74F	NON-POLYMER	?
74G	NON-POLYMER	?
74H	NON-POLYMER	?
74I	non-polymer	?
74J	NON-POLYMER	?
74K	NON-POLYMER	?
74L	NON-POLYMER	?
74M	NON-POLYMER	?
74N	NON-POLYMER	?
74O	NON-POLYMER	?
74P	L-peptide linking	LYS
74Q	NON-POLYMER	?
74S	NON-POLYMER	?
74T	NON-POLYMER	?
74U	NON-POLYMER	?
74V	NON-POLYMER	?
74W	non-polymer	?
74X	non-polymer	?
74Y	NON-POLYMER	?
74Z	NON-POLYMER	?
750	NON-POLYMER	?
751	NON-POLYMER	?
752	NON-POLYMER	?
753	NON-POLYMER	?
754	NON-POLYMER	?
755	NON-POLYMER	?
756	NON-POLYMER	?
757	NON-POLYMER	?
758	NON-POLYMER	?
759	NON-POLYMER	?
75A	peptide-like	?
75B	RNA linking	U
75C	NON-POLYMER	?
75D	NON-POLYMER	?
75E	NON-POLYMER	?
75F	NON-POLYMER	?
75G	NON-POLYMER	?
75H	NON-POLYMER	?
75I	non-polymer	?
75J	NON-POLYMER	?
75K	non-polymer	?
75L	NON-POLYMER	?
75M	NON-POLYMER	?
75N	NON-POLYMER	?
75O	NON-POLYMER	?
75P	NON-POLYMER	?
75Q	NON-POLYMER	?
75R	NON-POLYMER	?
75S	NON-POLYMER	?
75T	NON-POLYMER	?
75U	NON-POLYMER	?
75V	NON-POLYMER	?
75W	NON-POLYMER	?
75X	NON-POLYMER	?
75Y	NON-POLYMER	?
75Z	NON-POLYMER	?
760	NON-POLYMER	?
761	NON-POLYMER	?
762	NON-POLYMER	?
763	NON-POLYMER	?
765	NON-POLYMER	?
766	NON-POLYMER	?
767	NON-POLYMER	?
768	NON-POLYMER	?
769	NON-POLYMER	?
76A	NON-POLYMER	?
76B	NON-POLYMER	?
76C	NON-POLYMER	?
76D	NON-POLYMER	?
76E	non-polymer	?
76F	non-polymer	?
76G	NON-POLYMER	?
76H	NON-POLYMER	?
76I	non-polymer	?
76J	NON-POLYMER	?
76K	NON-POLYMER	?
76L	NON-POLYMER	?
76M	NON-POLYMER	?
76N	non-polymer	?
76O	NON-POLYMER	?
76P	NON-POLYMER	?
76Q	NON-POLYMER	?
76R	NON-POLYMER	?
76S	NON-POLYMER	?
76T	NON-POLYMER	?
76U	NON-POLYMER	?
76V	NON-POLYMER	?
76X	NON-POLYMER	?
76Y	NON-POLYMER	?
76Z	NON-POLYMER	?
770	NON-POLYMER	?
771	NON-POLYMER	?
772	NON-POLYMER	?
773	NON-POLYMER	?
774	NON-POLYMER	?
775	NON-POLYMER	?
777	NON-POLYMER	?
778	NON-POLYMER	?
779	NON-POLYMER	?
77A	NON-POLYMER	?
77B	NON-POLYMER	?
77C	NON-POLYMER	?
77D	NON-POLYMER	?
77E	NON-POLYMER	?
77F	NON-POLYMER	?
77G	NON-POLYMER	?
77H	NON-POLYMER	?
77I	non-polymer	?
77J	NON-POLYMER	?
77K	NON-POLYMER	?
77L	NON-POLYMER	?
77M	NON-POLYMER	?
77N	NON-POLYMER	?
77O	NON-POLYMER	?
77P	NON-POLYMER	?
77Q	NON-POLYMER	?
77R	NON-POLYMER	?
77S	NON-POLYMER	?
77T	NON-POLYMER	?
77U	NON-POLYMER	?
77V	NON-POLYMER	?
77W	NON-POLYMER	?
77X	NON-POLYMER	?
77Y	DNA linking	DU
77Z	NON-POLYMER	?
780	NON-POLYMER	?
781	NON-POLYMER	?
782	NON-POLYMER	?
783	NON-POLYMER	?
784	NON-POLYMER	?
785	NON-POLYMER	?
786	NON-POLYMER	?
787	NON-POLYMER	?
788	non-polymer	?
789	NON-POLYMER	?
78A	NON-POLYMER	?
78B	NON-POLYMER	?
78C	non-polymer	?
78D	NON-POLYMER	?
78E	peptide-like	?
78F	NON-POLYMER	?
78G	NON-POLYMER	?
78H	NON-POLYMER	?
78I	non-polymer	?
78J	non-polymer	?
78K	NON-POLYMER	?
78L	NON-POLYMER	?
78M	NON-POLYMER	?
78N	NON-POLYMER	?
78O	NON-POLYMER	?
78P	NON-POLYMER	?
78Q	NON-POLYMER	?
78R	peptide-like	?
78S	NON-POLYMER	?
78T	NON-POLYMER	?
78U	NON-POLYMER	?
78V	NON-POLYMER	?
78W	NON-POLYMER	?
78X	peptide-like	?
78Y	NON-POLYMER	?
78Z	NON-POLYMER	?
790	NON-POLYMER	?
791	NON-POLYMER	?
792	NON-POLYMER	?
793	NON-POLYMER	?
794	NON-POLYMER	?
795	NON-POLYMER	?
796	NON-POLYMER	?
797	NON-POLYMER	?
798	NON-POLYMER	?
799	NON-POLYMER	?
79A	NON-POLYMER	?
79B	NON-POLYMER	?
79C	NON-POLYMER	?
79D	NON-POLYMER	?
79E	NON-POLYMER	?
79F	NON-POLYMER	?
79G	NON-POLYMER	?
79H	NON-POLYMER	?
79I	non-polymer	?
79J	D-saccharide, alpha linking	?
79K	NON-POLYMER	?
79L	NON-POLYMER	?
79M	non-polymer	?
79N	NON-POLYMER	?
79O	non-polymer	?
79P	NON-POLYMER	?
79Q	NON-POLYMER	?
79R	NON-POLYMER	?
79S	NON-POLYMER	?
79T	NON-POLYMER	?
79U	NON-POLYMER	?
79V	NON-POLYMER	?
79W	non-polymer	?
79X	NON-POLYMER	?
79Y	NON-POLYMER	?
79Z	NON-POLYMER	?
7A0	NON-POLYMER	?
7A1	NON-POLYMER	?
7A2	NON-POLYMER	?
7A3	NON-POLYMER	?
7A4	NON-POLYMER	?
7A5	NON-POLYMER	?
7A6	NON-POLYMER	?
7A7	NON-POLYMER	?
7A8	NON-POLYMER	?
7A9	NON-POLYMER	?
7AA	NON-POLYMER	?
7AB	NON-POLYMER	?
7AC	NON-POLYMER	?
7AD	NON-POLYMER	?
7AE	NON-POLYMER	?
7AF	NON-POLYMER	?
7AG	NON-POLYMER	?
7AH	non-polymer	?
7AI	non-polymer	?
7AJ	NON-POLYMER	?
7AK	non-polymer	?
7AL	NON-POLYMER	?
7AM	NON-POLYMER	?
7AN	NON-POLYMER	?
7AO	NON-POLYMER	?
7AP	NON-POLYMER	?
7AR	NON-POLYMER	?
7AS	NON-POLYMER	?
7AT	RNA LINKING	A
7AU	NON-POLYMER	?
7AV	NON-POLYMER	?
7AW	NON-POLYMER	?
7AX	NON-POLYMER	?
7AY	NON-POLYMER	?
7AZ	NON-POLYMER	?
7B0	NON-POLYMER	?
7B1	NON-POLYMER	?
7B2	NON-POLYMER	?
7B3	NON-POLYMER	?
7B4	NON-POLYMER	?
7B5	NON-POLYMER	?
7B6	NON-POLYMER	?
7B7	NON-POLYMER	?
7B8	NON-POLYMER	?
7B9	NON-POLYMER	?
7BA	NON-POLYMER	?
7BB	peptide-like	?
7BC	NON-POLYMER	?
7BD	NON-POLYMER	?
7BE	NON-POLYMER	?
7BF	NON-POLYMER	?
7BG	DNA linking	DG
7BH	NON-POLYMER	?
7BI	non-polymer	?
7BJ	NON-POLYMER	?
7BK	NON-POLYMER	?
7BL	NON-POLYMER	?
7BN	NON-POLYMER	?
7BO	NON-POLYMER	?
7BP	NON-POLYMER	?
7BQ	NON-POLYMER	?
7BR	NON-POLYMER	?
7BS	NON-POLYMER	?
7BT	NON-POLYMER	?
7BU	NON-POLYMER	?
7BV	NON-POLYMER	?
7BW	NON-POLYMER	?
7BX	NON-POLYMER	?
7BY	NON-POLYMER	?
7BZ	NON-POLYMER	?
7C0	NON-POLYMER	?
7C1	NON-POLYMER	?
7C2	NON-POLYMER	?
7C3	NON-POLYMER	?
7C4	NON-POLYMER	?
7C5	NON-POLYMER	?
7C6	NON-POLYMER	?
7C7	peptide-like	?
7C8	NON-POLYMER	?
7C9	L-peptide linking	?
7CA	NON-POLYMER	?
7CB	NON-POLYMER	?
7CC	L-peptide linking	?
7CD	NON-POLYMER	?
7CE	non-polymer	?
7CF	NON-POLYMER	?
7CG	NON-POLYMER	?
7CH	NON-POLYMER	?
7CI	NON-POLYMER	?
7CJ	NON-POLYMER	?
7CK	NON-POLYMER	?
7CL	NON-POLYMER	?
7CM	NON-POLYMER	?
7CN	NON-POLYMER	?
7CO	NON-POLYMER	?
7CP	NON-POLYMER	?
7CQ	NON-POLYMER	?
7CR	NON-POLYMER	?
7CS	NON-POLYMER	?
7CT	NON-POLYMER	?
7CU	NON-POLYMER	?
7CV	L-saccharide, alpha linking	RAM
7CW	NON-POLYMER	?
7CY	NON-POLYMER	?
7CZ	NON-POLYMER	?
7D0	NON-POLYMER	?
7D1	D-saccharide	?
7D2	NON-POLYMER	?
7D3	NON-POLYMER	?
7D4	NON-POLYMER	?
7D5	NON-POLYMER	?
7D6	NON-POLYMER	?
7D7	NON-POLYMER	?
7D8	NON-POLYMER	?
7D9	NON-POLYMER	?
7DA	DNA LINKING	DA
7DB	NON-POLYMER	?
7DC	NON-POLYMER	?
7DD	NON-POLYMER	?
7DE	NON-POLYMER	?
7DF	NON-POLYMER	?
7DG	NON-POLYMER	?
7DH	NON-POLYMER	?
7DI	peptide-like	?
7DJ	NON-POLYMER	?
7DK	NON-POLYMER	?
7DL	NON-POLYMER	?
7DM	non-polymer	?
7DN	NON-POLYMER	?
7DP	NON-POLYMER	?
7DQ	NON-POLYMER	?
7DR	NON-POLYMER	?
7DS	NON-POLYMER	?
7DT	NON-POLYMER	?
7DU	NON-POLYMER	?
7DV	NON-POLYMER	?
7DW	NON-POLYMER	?
7DX	NON-POLYMER	?
7DY	NON-POLYMER	?
7DZ	NON-POLYMER	?
7E0	NON-POLYMER	?
7E1	NON-POLYMER	?
7E3	NON-POLYMER	?
7E4	NON-POLYMER	?
7E5	NON-POLYMER	?
7E7	NON-POLYMER	?
7E8	NON-POLYMER	?
7E9	NON-POLYMER	?
7EA	NON-POLYMER	?
7EB	NON-POLYMER	?
7EC	NON-POLYMER	?
7ED	NON-POLYMER	?
7EE	NON-POLYMER	?
7EF	NON-POLYMER	?
7EG	NON-POLYMER	?
7EH	NON-POLYMER	?
7EI	non-polymer	?
7EJ	NON-POLYMER	?
7EK	NON-POLYMER	?
7EL	NON-POLYMER	?
7EM	NON-POLYMER	?
7EN	NON-POLYMER	?
7EO	NON-POLYMER	?
7EP	NON-POLYMER	?
7EQ	NON-POLYMER	?
7ER	NON-POLYMER	?
7ES	NON-POLYMER	?
7ET	NON-POLYMER	?
7EV	NON-POLYMER	?
7EX	NON-POLYMER	?
7EY	NON-POLYMER	?
7EZ	NON-POLYMER	?
7F1	non-polymer	?
7F2	NON-POLYMER	?
7F3	non-polymer	?
7F4	NON-POLYMER	?
7F5	NON-POLYMER	?
7F6	NON-POLYMER	?
7F7	NON-POLYMER	?
7F9	NON-POLYMER	?
7FA	NON-POLYMER	?
7FB	NON-POLYMER	?
7FC	NON-POLYMER	?
7FD	NON-POLYMER	?
7FE	NON-POLYMER	?
7FF	NON-POLYMER	?
7FG	NON-POLYMER	?
7FH	NON-POLYMER	?
7FI	non-polymer	?
7FJ	NON-POLYMER	?
7FK	non-polymer	?
7FL	NON-POLYMER	?
7FM	NON-POLYMER	?
7FN	NON-POLYMER	?
7FO	NON-POLYMER	?
7FP	NON-POLYMER	?
7FQ	NON-POLYMER	?
7FR	NON-POLYMER	?
7FS	NON-POLYMER	?
7FT	NON-POLYMER	?
7FU	NON-POLYMER	?
7FV	NON-POLYMER	?
7FW	NON-POLYMER	?
7FX	NON-POLYMER	?
7FY	NON-POLYMER	?
7FZ	NON-POLYMER	?
7G0	NON-POLYMER	?
7G1	NON-POLYMER	?
7G2	NON-POLYMER	?
7G3	NON-POLYMER	?
7G4	NON-POLYMER	?
7G5	NON-POLYMER	?
7G6	NON-POLYMER	?
7G7	NON-POLYMER	?
7G8	NON-POLYMER	?
7G9	NON-POLYMER	?
7GA	non-polymer	?
7GB	NON-POLYMER	?
7GC	NON-POLYMER	?
7GD	NON-POLYMER	?
7GE	NON-POLYMER	?
7GF	NON-POLYMER	?
7GG	NON-POLYMER	?
7GI	non-polymer	?
7GJ	NON-POLYMER	?
7GK	NON-POLYMER	?
7GL	NON-POLYMER	?
7GM	non-polymer	?
7GP	D-saccharide	?
7GQ	NON-POLYMER	?
7GR	NON-POLYMER	?
7GS	NON-POLYMER	?
7GT	NON-POLYMER	?
7GU	DNA LINKING	DG
7GV	NON-POLYMER	?
7GW	NON-POLYMER	?
7GX	NON-POLYMER	?
7GY	NON-POLYMER	?
7GZ	NON-POLYMER	?
7H0	NON-POLYMER	?
7H1	NON-POLYMER	?
7H2	NON-POLYMER	?
7H3	NON-POLYMER	?
7H4	NON-POLYMER	?
7H5	NON-POLYMER	?
7H6	NON-POLYMER	?
7H7	NON-POLYMER	?
7H8	NON-POLYMER	?
7H9	NON-POLYMER	?
7HA	L-PEPTIDE LINKING	?
7HC	NON-POLYMER	?
7HD	non-polymer	?
7HE	NON-POLYMER	?
7HF	NON-POLYMER	?
7HG	peptide-like	?
7HH	NON-POLYMER	?
7HI	NON-POLYMER	?
7HJ	NON-POLYMER	?
7HK	NON-POLYMER	?
7HL	NON-POLYMER	?
7HM	NON-POLYMER	?
7HN	non-polymer	?
7HO	NON-POLYMER	?
7HP	NON-POLYMER	?
7HQ	NON-POLYMER	?
7HR	NON-POLYMER	?
7HS	NON-POLYMER	?
7HT	NON-POLYMER	?
7HU	NON-POLYMER	?
7HV	NON-POLYMER	?
7HW	NON-POLYMER	?
7HX	NON-POLYMER	?
7HY	NON-POLYMER	?
7HZ	NON-POLYMER	?
7I0	non-polymer	?
7I1	non-polymer	?
7I2	NON-POLYMER	?
7I3	non-polymer	?
7I4	non-polymer	?
7I5	non-polymer	?
7I6	NON-POLYMER	?
7I7	non-polymer	?
7I8	non-polymer	?
7I9	non-polymer	?
7IA	NON-POLYMER	?
7IB	non-polymer	?
7IC	non-polymer	?
7ID	L-peptide linking	ASP
7IE	non-polymer	?
7IF	non-polymer	?
7IG	NON-POLYMER	?
7IH	non-polymer	?
7II	non-polymer	?
7IJ	non-polymer	?
7IK	non-polymer	?
7IL	non-polymer	?
7IM	NON-POLYMER	?
7IN	NON-POLYMER	?
7IO	non-polymer	?
7IP	NON-POLYMER	?
7IQ	non-polymer	?
7IR	non-polymer	?
7IS	non-polymer	?
7IT	non-polymer	?
7IU	non-polymer	?
7IV	non-polymer	?
7IW	non-polymer	?
7IX	non-polymer	?
7IY	non-polymer	?
7IZ	non-polymer	?
7J0	NON-POLYMER	?
7J1	NON-POLYMER	?
7J2	NON-POLYMER	?
7J3	peptide linking	?
7J4	peptide linking	?
7J5	non-polymer	?
7J6	NON-POLYMER	?
7J8	NON-POLYMER	?
7J9	NON-POLYMER	?
7JA	L-PEPTIDE LINKING	ILE
7JB	NON-POLYMER	?
7JC	NON-POLYMER	?
7JD	NON-POLYMER	?
7JE	NON-POLYMER	?
7JF	NON-POLYMER	?
7JG	NON-POLYMER	?
7JH	NON-POLYMER	?
7JI	non-polymer	?
7JJ	NON-POLYMER	?
7JK	NON-POLYMER	?
7JL	NON-POLYMER	?
7JM	NON-POLYMER	?
7JN	NON-POLYMER	?
7JO	NON-POLYMER	?
7JP	NON-POLYMER	?
7JQ	NON-POLYMER	?
7JR	NON-POLYMER	?
7JS	NON-POLYMER	?
7JT	NON-POLYMER	?
7JU	NON-POLYMER	?
7JV	NON-POLYMER	?
7JW	NON-POLYMER	?
7JX	NON-POLYMER	?
7JY	NON-POLYMER	?
7JZ	D-saccharide, beta linking	?
7K0	NON-POLYMER	?
7K1	NON-POLYMER	?
7K2	D-saccharide	?
7K3	D-saccharide, alpha linking	?
7K4	NON-POLYMER	?
7K6	NON-POLYMER	?
7K7	NON-POLYMER	?
7K8	NON-POLYMER	?
7K9	NON-POLYMER	?
7KA	NON-POLYMER	?
7KB	NON-POLYMER	?
7KC	NON-POLYMER	?
7KD	NON-POLYMER	?
7KE	NON-POLYMER	?
7KF	NON-POLYMER	?
7KG	NON-POLYMER	?
7KH	NON-POLYMER	?
7KI	non-polymer	?
7KJ	NON-POLYMER	?
7KK	NON-POLYMER	?
7KL	NON-POLYMER	?
7KM	NON-POLYMER	?
7KN	NON-POLYMER	?
7KO	NON-POLYMER	?
7KP	NON-POLYMER	?
7KQ	NON-POLYMER	?
7KR	NON-POLYMER	?
7KS	NON-POLYMER	?
7KT	NON-POLYMER	?
7KU	NON-POLYMER	?
7KV	NON-POLYMER	?
7KW	non-polymer	?
7KX	NON-POLYMER	?
7KY	NON-POLYMER	?
7KZ	NON-POLYMER	?
7L0	non-polymer	?
7L1	NON-POLYMER	?
7L2	NON-POLYMER	?
7L3	NON-POLYMER	?
7L4	non-polymer	?
7L5	non-polymer	?
7L6	NON-POLYMER	?
7L7	NON-POLYMER	?
7L8	non-polymer	?
7L9	NON-POLYMER	?
7LB	NON-POLYMER	?
7LD	NON-POLYMER	?
7LE	NON-POLYMER	?
7LF	NON-POLYMER	?
7LG	NON-POLYMER	?
7LH	NON-POLYMER	?
7LI	NON-POLYMER	?
7LK	NON-POLYMER	?
7LL	NON-POLYMER	?
7LM	NON-POLYMER	?
7LN	non-polymer	?
7LO	NON-POLYMER	?
7LP	NON-POLYMER	?
7LQ	NON-POLYMER	?
7LR	NON-POLYMER	?
7LS	NON-POLYMER	?
7LT	NON-POLYMER	?
7LU	NON-POLYMER	?
7LV	NON-POLYMER	?
7LW	NON-POLYMER	?
7LX	NON-POLYMER	?
7LY	NON-POLYMER	?
7LZ	NON-POLYMER	?
7M0	NON-POLYMER	?
7M1	NON-POLYMER	?
7M2	NON-POLYMER	?
7M3	non-polymer	?
7M4	NON-POLYMER	?
7M5	NON-POLYMER	?
7M6	NON-POLYMER	?
7M7	NON-POLYMER	?
7M8	NON-POLYMER	?
7M9	NON-POLYMER	?
7MA	NON-POLYMER	?
7MB	NON-POLYMER	?
7MC	NON-POLYMER	?
7MD	NON-POLYMER	?
7ME	NON-POLYMER	?
7MF	NON-POLYMER	?
7MG	RNA LINKING	G
7MH	NON-POLYMER	?
7MI	NON-POLYMER	?
7MJ	NON-POLYMER	?
7MK	NON-POLYMER	?
7ML	NON-POLYMER	?
7MM	NON-POLYMER	?
7MN	PEPTIDE LINKING	?
7MO	non-polymer	7MD
7MP	NON-POLYMER	?
7MQ	NON-POLYMER	?
7MR	NON-POLYMER	?
7MS	NON-POLYMER	?
7MT	NON-POLYMER	?
7MU	NON-POLYMER	?
7MV	NON-POLYMER	?
7MW	NON-POLYMER	?
7MX	NON-POLYMER	?
7MY	NON-POLYMER	?
7MZ	NON-POLYMER	?
7N0	NON-POLYMER	?
7N1	NON-POLYMER	?
7N2	NON-POLYMER	?
7N3	NON-POLYMER	?
7N4	NON-POLYMER	?
7N5	NON-POLYMER	?
7N6	NON-POLYMER	?
7N7	NON-POLYMER	?
7N8	L-peptide linking	PHE
7N9	NON-POLYMER	?
7NA	NON-POLYMER	?
7NB	NON-POLYMER	?
7NC	NON-POLYMER	?
7ND	NON-POLYMER	?
7NE	non-polymer	?
7NF	NON-POLYMER	?
7NG	NON-POLYMER	?
7NH	NON-POLYMER	?
7NI	NON-POLYMER	?
7NJ	NON-POLYMER	?
7NL	non-polymer	?
7NM	NON-POLYMER	?
7NO	non-polymer	?
7NP	NON-POLYMER	?
7NQ	NON-POLYMER	?
7NR	non-polymer	?
7NS	NON-POLYMER	?
7NT	NON-POLYMER	?
7NU	D-saccharide	BGC
7NV	non-polymer	?
7NW	NON-POLYMER	?
7NX	NON-POLYMER	?
7NZ	non-polymer	?
7O0	NON-POLYMER	?
7O2	NON-POLYMER	?
7O3	NON-POLYMER	?
7O4	NON-POLYMER	?
7O5	L-peptide linking	ALA
7O6	NON-POLYMER	?
7O7	NON-POLYMER	?
7O8	NON-POLYMER	?
7O9	NON-POLYMER	?
7OA	NON-POLYMER	?
7OB	non-polymer	?
7OC	non-polymer	?
7OD	NON-POLYMER	?
7OE	non-polymer	?
7OF	non-polymer	?
7OG	NON-POLYMER	?
7OH	non-polymer	?
7OI	non-polymer	?
7OJ	NON-POLYMER	?
7OK	RNA linking	C
7OL	non-polymer	?
7OM	NON-POLYMER	?
7ON	non-polymer	?
7OO	non-polymer	?
7OP	NON-POLYMER	?
7OQ	non-polymer	?
7OR	non-polymer	?
7OS	NON-POLYMER	?
7OT	non-polymer	SPO
7OU	non-polymer	?
7OV	NON-POLYMER	?
7OW	non-polymer	?
7OX	NON-POLYMER	?
7OY	NON-POLYMER	?
7OZ	L-peptide linking	ALA
7P0	non-polymer	?
7P1	NON-POLYMER	?
7P2	NON-POLYMER	?
7P3	NON-POLYMER	?
7P4	NON-POLYMER	?
7P6	non-polymer	?
7P7	NON-POLYMER	?
7P8	non-polymer	?
7P9	non-polymer	?
7PA	NON-POLYMER	?
7PB	non-polymer	?
7PC	NON-POLYMER	?
7PD	NON-POLYMER	?
7PE	NON-POLYMER	?
7PF	NON-POLYMER	?
7PG	NON-POLYMER	?
7PH	NON-POLYMER	?
7PI	non-polymer	?
7PJ	NON-POLYMER	?
7PK	non-polymer	?
7PL	non-polymer	?
7PM	NON-POLYMER	?
7PN	non-polymer	?
7PO	non-polymer	?
7PP	NON-POLYMER	?
7PQ	NON-POLYMER	?
7PR	NON-POLYMER	?
7PS	NON-POLYMER	?
7PT	NON-POLYMER	?
7PU	non-polymer	?
7PV	NON-POLYMER	?
7PW	non-polymer	?
7PX	non-polymer	?
7PY	NON-POLYMER	?
7PZ	non-polymer	?
7Q0	non-polymer	?
7Q1	NON-POLYMER	?
7Q2	non-polymer	?
7Q3	non-polymer	?
7Q5	non-polymer	?
7Q6	non-polymer	?
7Q7	NON-POLYMER	?
7Q8	non-polymer	?
7Q9	non-polymer	?
7QA	NON-POLYMER	?
7QB	non-polymer	?
7QC	non-polymer	?
7QD	NON-POLYMER	?
7QE	non-polymer	?
7QF	non-polymer	?
7QG	non-polymer	?
7QH	non-polymer	?
7QI	non-polymer	?
7QJ	non-polymer	?
7QK	L-peptide linking	LYS
7QL	non-polymer	?
7QM	NON-POLYMER	?
7QN	non-polymer	?
7QO	non-polymer	?
7QP	non-polymer	?
7QQ	non-polymer	?
7QR	non-polymer	?
7QS	NON-POLYMER	?
7QT	non-polymer	?
7QU	non-polymer	?
7QV	NON-POLYMER	?
7QW	non-polymer	?
7QX	non-polymer	?
7QY	NON-POLYMER	?
7QZ	non-polymer	?
7R0	L-peptide linking	HIS, TYR, GLY
7R1	NON-POLYMER	?
7R2	NON-POLYMER	?
7R3	non-polymer	?
7R4	NON-POLYMER	?
7R5	non-polymer	?
7R6	L-peptide NH3 amino terminus	HIS, TYR, GLY
7R7	NON-POLYMER	?
7R8	non-polymer	?
7R9	non-polymer	?
7RA	NON-POLYMER	?
7RB	non-polymer	?
7RC	non-polymer	?
7RD	non-polymer	?
7RE	non-polymer	?
7RF	non-polymer	?
7RG	NON-POLYMER	?
7RH	non-polymer	?
7RI	non-polymer	?
7RL	non-polymer	?
7RM	NON-POLYMER	?
7RN	non-polymer	?
7RO	non-polymer	?
7RP	NON-POLYMER	?
7RQ	non-polymer	?
7RR	non-polymer	?
7RS	NON-POLYMER	?
7RT	non-polymer	?
7RU	non-polymer	?
7RV	NON-POLYMER	?
7RW	non-polymer	?
7RX	D-peptide linking	?
7RY	NON-POLYMER	?
7RZ	RNA OH 3 prime terminus	A
7S0	non-polymer	?
7S1	NON-POLYMER	?
7S2	non-polymer	?
7S3	RNA linking	G
7S4	NON-POLYMER	?
7S5	non-polymer	?
7S6	non-polymer	?
7S7	non-polymer	?
7S8	DNA linking	DG
7S9	non-polymer	?
7SA	SACCHARIDE	?
7SB	non-polymer	?
7SC	non-polymer	?
7SD	NON-POLYMER	?
7SE	non-polymer	?
7SF	non-polymer	?
7SG	NON-POLYMER	?
7SH	non-polymer	?
7SI	NON-POLYMER	?
7SJ	NON-POLYMER	?
7SK	NON-POLYMER	?
7SL	non-polymer	?
7SM	NON-POLYMER	?
7SN	RNA linking	G
7SO	non-polymer	?
7SP	NON-POLYMER	?
7SQ	non-polymer	?
7SR	non-polymer	?
7SS	NON-POLYMER	?
7ST	non-polymer	?
7SU	non-polymer	?
7SV	NON-POLYMER	?
7SW	non-polymer	?
7SX	NON-POLYMER	?
7SY	NON-POLYMER	?
7SZ	non-polymer	?
7T0	non-polymer	?
7T1	NON-POLYMER	?
7T2	L-peptide linking	PHE
7T5	non-polymer	?
7T6	non-polymer	?
7T7	NON-POLYMER	?
7T8	non-polymer	?
7T9	non-polymer	?
7TA	NON-POLYMER	?
7TB	non-polymer	?
7TC	non-polymer	?
7TD	NON-POLYMER	?
7TE	non-polymer	?
7TF	non-polymer	?
7TG	non-polymer	?
7TH	non-polymer	?
7TI	non-polymer	?
7TJ	NON-POLYMER	?
7TK	L-peptide linking	ASP
7TL	NON-POLYMER	?
7TM	NON-POLYMER	?
7TN	non-polymer	?
7TO	NON-POLYMER	?
7TP	NON-POLYMER	?
7TQ	NON-POLYMER	?
7TR	NON-POLYMER	?
7TS	NON-POLYMER	?
7TT	non-polymer	?
7TU	non-polymer	?
7TV	NON-POLYMER	?
7TW	non-polymer	?
7TX	NON-POLYMER	?
7TY	NON-POLYMER	?
7TZ	non-polymer	?
7U0	non-polymer	?
7U1	NON-POLYMER	?
7U2	non-polymer	?
7U3	NON-POLYMER	?
7U4	NON-POLYMER	?
7U5	non-polymer	?
7U6	NON-POLYMER	?
7U7	NON-POLYMER	?
7U8	non-polymer	?
7U9	NON-POLYMER	?
7UA	NON-POLYMER	?
7UB	non-polymer	?
7UC	NON-POLYMER	?
7UD	NON-POLYMER	?
7UE	non-polymer	?
7UG	NON-POLYMER	?
7UH	non-polymer	?
7UI	non-polymer	?
7UJ	NON-POLYMER	?
7UK	non-polymer	?
7UL	NON-POLYMER	?
7UM	non-polymer	?
7UN	non-polymer	?
7UO	non-polymer	?
7UP	NON-POLYMER	?
7UQ	non-polymer	?
7UR	NON-POLYMER	?
7US	non-polymer	?
7UT	non-polymer	?
7UU	NON-POLYMER	?
7UV	NON-POLYMER	?
7UW	non-polymer	?
7UX	NON-POLYMER	?
7UY	NON-POLYMER	?
7UZ	NON-POLYMER	?
7V1	NON-POLYMER	?
7V2	non-polymer	?
7V3	NON-POLYMER	?
7V4	NON-POLYMER	?
7V5	non-polymer	?
7V6	NON-POLYMER	?
7V7	NON-POLYMER	?
7V8	non-polymer	?
7V9	NON-POLYMER	?
7VA	NON-POLYMER	?
7VB	non-polymer	?
7VC	NON-POLYMER	?
7VD	NON-POLYMER	?
7VE	non-polymer	?
7VF	NON-POLYMER	?
7VG	NON-POLYMER	?
7VH	non-polymer	?
7VI	non-polymer	?
7VJ	NON-POLYMER	?
7VK	non-polymer	?
7VL	NON-POLYMER	?
7VM	NON-POLYMER	?
7VN	L-peptide linking	ALA
7VO	NON-POLYMER	?
7VP	NON-POLYMER	?
7VQ	non-polymer	?
7VR	non-polymer	?
7VS	NON-POLYMER	?
7VT	non-polymer	?
7VU	L-peptide linking	PHE
7VV	NON-POLYMER	?
7VW	non-polymer	?
7VX	NON-POLYMER	?
7VY	NON-POLYMER	?
7VZ	non-polymer	?
7W0	NON-POLYMER	?
7W1	NON-POLYMER	?
7W2	L-peptide linking	PHE
7W3	NON-POLYMER	?
7W4	NON-POLYMER	?
7W5	non-polymer	?
7W6	NON-POLYMER	?
7W7	NON-POLYMER	?
7W8	non-polymer	?
7W9	NON-POLYMER	?
7WA	NON-POLYMER	?
7WB	non-polymer	?
7WC	L-gamma-peptide, C-delta linking	?
7WD	NON-POLYMER	?
7WE	non-polymer	?
7WF	NON-POLYMER	?
7WG	NON-POLYMER	?
7WH	non-polymer	?
7WI	non-polymer	?
7WJ	NON-POLYMER	?
7WK	non-polymer	?
7WL	NON-POLYMER	?
7WN	non-polymer	?
7WO	NON-POLYMER	?
7WP	NON-POLYMER	?
7WQ	NON-POLYMER	?
7WR	NON-POLYMER	?
7WT	non-polymer	?
7WU	NON-POLYMER	?
7WV	NON-POLYMER	?
7WW	non-polymer	?
7WX	NON-POLYMER	?
7WY	NON-POLYMER	?
7WZ	non-polymer	?
7X0	NON-POLYMER	?
7X1	non-polymer	?
7X2	non-polymer	?
7X3	non-polymer	?
7X4	non-polymer	?
7X5	non-polymer	?
7X6	non-polymer	?
7X7	non-polymer	?
7X8	non-polymer	?
7X9	non-polymer	?
7XA	NON-POLYMER	?
7XB	non-polymer	?
7XC	D-peptide linking	PHE
7XD	NON-POLYMER	?
7XE	non-polymer	?
7XF	NON-POLYMER	?
7XG	NON-POLYMER	?
7XH	non-polymer	?
7XI	non-polymer	?
7XJ	NON-POLYMER	?
7XK	non-polymer	?
7XL	NON-POLYMER	?
7XM	NON-POLYMER	?
7XN	non-polymer	?
7XO	NON-POLYMER	?
7XP	NON-POLYMER	?
7XQ	non-polymer	?
7XR	NON-POLYMER	?
7XS	NON-POLYMER	?
7XT	non-polymer	?
7XU	NON-POLYMER	?
7XV	NON-POLYMER	?
7XW	non-polymer	?
7XX	NON-POLYMER	?
7XY	NON-POLYMER	?
7XZ	non-polymer	?
7Y0	NON-POLYMER	?
7Y1	NON-POLYMER	?
7Y2	non-polymer	?
7Y3	NON-POLYMER	?
7Y4	NON-POLYMER	?
7Y5	non-polymer	?
7Y6	non-polymer	?
7Y7	NON-POLYMER	?
7Y8	non-polymer	?
7Y9	NON-POLYMER	?
7YA	NON-POLYMER	?
7YB	non-polymer	?
7YC	NON-POLYMER	?
7YE	non-polymer	?
7YF	peptide-like	?
7YG	non-polymer	?
7YH	non-polymer	?
7YI	non-polymer	?
7YJ	NON-POLYMER	?
7YK	non-polymer	?
7YL	peptide-like	?
7YM	NON-POLYMER	?
7YN	non-polymer	?
7YO	peptide linking	PRO
7YP	NON-POLYMER	?
7YQ	non-polymer	?
7YR	peptide-like	?
7YS	NON-POLYMER	?
7YT	non-polymer	?
7YU	NON-POLYMER	?
7YV	non-polymer	?
7YW	non-polymer	?
7YX	non-polymer	?
7YY	non-polymer	?
7YZ	non-polymer	?
7Z0	NON-POLYMER	?
7Z1	NON-POLYMER	?
7Z2	non-polymer	?
7Z3	non-polymer	?
7Z4	NON-POLYMER	?
7Z5	NON-POLYMER	?
7Z6	NON-POLYMER	?
7Z7	NON-POLYMER	?
7Z8	non-polymer	?
7Z9	NON-POLYMER	?
7ZA	NON-POLYMER	?
7ZB	non-polymer	?
7ZC	NON-POLYMER	?
7ZD	NON-POLYMER	?
7ZE	NON-POLYMER	?
7ZF	NON-POLYMER	?
7ZG	NON-POLYMER	?
7ZH	non-polymer	?
7ZJ	NON-POLYMER	?
7ZK	non-polymer	?
7ZL	NON-POLYMER	?
7ZM	NON-POLYMER	?
7ZN	non-polymer	?
7ZO	NON-POLYMER	?
7ZP	NON-POLYMER	?
7ZQ	non-polymer	?
7ZR	NON-POLYMER	?
7ZS	NON-POLYMER	?
7ZT	non-polymer	?
7ZU	NON-POLYMER	?
7ZV	NON-POLYMER	?
7ZW	non-polymer	?
7ZX	non-polymer	?
7ZY	NON-POLYMER	?
7ZZ	non-polymer	?
800	non-polymer	?
801	NON-POLYMER	?
802	NON-POLYMER	?
803	NON-POLYMER	?
804	NON-POLYMER	?
805	non-polymer	?
806	NON-POLYMER	?
807	non-polymer	?
808	NON-POLYMER	?
809	NON-POLYMER	?
80A	NON-POLYMER	?
80C	non-polymer	?
80D	non-polymer	?
80E	non-polymer	?
80F	NON-POLYMER	?
80G	NON-POLYMER	?
80H	non-polymer	?
80I	non-polymer	?
80J	non-polymer	?
80K	NON-POLYMER	?
80L	NON-POLYMER	?
80M	non-polymer	?
80N	non-polymer	?
80O	non-polymer	?
80P	non-polymer	?
80Q	non-polymer	?
80R	NON-POLYMER	?
80S	non-polymer	?
80T	non-polymer	?
80U	NON-POLYMER	?
80V	non-polymer	?
80W	non-polymer	?
80X	non-polymer	?
80Y	non-polymer	?
80Z	non-polymer	?
810	NON-POLYMER	?
811	non-polymer	?
812	NON-POLYMER	?
813	non-polymer	?
814	non-polymer	?
815	NON-POLYMER	?
816	NON-POLYMER	?
817	NON-POLYMER	?
818	NON-POLYMER	?
819	NON-POLYMER	?
81A	NON-POLYMER	?
81B	NON-POLYMER	?
81C	NON-POLYMER	?
81D	non-polymer	?
81E	non-polymer	?
81F	non-polymer	?
81G	NON-POLYMER	?
81H	non-polymer	?
81I	non-polymer	?
81J	NON-POLYMER	?
81K	non-polymer	?
81L	non-polymer	?
81M	NON-POLYMER	?
81N	non-polymer	?
81O	non-polymer	?
81P	NON-POLYMER	?
81Q	non-polymer	?
81R	L-PEPTIDE LINKING	?
81S	L-PEPTIDE LINKING	?
81T	non-polymer	?
81U	NON-POLYMER	?
81V	NON-POLYMER	?
81X	non-polymer	?
81Y	NON-POLYMER	?
820	non-polymer	?
821	NON-POLYMER	?
822	NON-POLYMER	?
823	L-PEPTIDE LINKING	ASN
824	NON-POLYMER	?
825	NON-POLYMER	?
826	NON-POLYMER	?
827	NON-POLYMER	?
828	non-polymer	?
829	NON-POLYMER	?
82A	NON-POLYMER	?
82B	non-polymer	?
82D	NON-POLYMER	?
82E	NON-POLYMER	?
82F	NON-POLYMER	?
82G	NON-POLYMER	?
82H	non-polymer	?
82I	NON-POLYMER	?
82J	NON-POLYMER	?
82K	non-polymer	?
82L	non-polymer	?
82M	NON-POLYMER	?
82N	NON-POLYMER	?
82O	NON-POLYMER	?
82Q	non-polymer	?
82R	NON-POLYMER	?
82S	NON-POLYMER	?
82T	non-polymer	?
82U	non-polymer	?
82V	NON-POLYMER	?
82W	non-polymer	?
82X	NON-POLYMER	?
82Y	NON-POLYMER	?
82Z	non-polymer	?
830	NON-POLYMER	?
831	NON-POLYMER	?
833	NON-POLYMER	?
834	NON-POLYMER	?
835	non-polymer	?
836	NON-POLYMER	?
837	NON-POLYMER	?
838	NON-POLYMER	?
839	NON-POLYMER	?
83A	NON-POLYMER	?
83B	non-polymer	?
83D	NON-POLYMER	?
83E	non-polymer	?
83F	non-polymer	?
83G	NON-POLYMER	?
83H	NON-POLYMER	?
83I	non-polymer	?
83J	NON-POLYMER	?
83K	non-polymer	?
83L	NON-POLYMER	?
83M	NON-POLYMER	?
83N	non-polymer	?
83O	NON-POLYMER	?
83P	NON-POLYMER	?
83Q	non-polymer	?
83R	NON-POLYMER	?
83S	NON-POLYMER	?
83T	non-polymer	?
83U	NON-POLYMER	?
83V	non-polymer	?
83W	non-polymer	?
83X	NON-POLYMER	?
83Y	L-saccharide, alpha linking	RAM
83Z	non-polymer	?
840	NON-POLYMER	?
841	NON-POLYMER	?
842	NON-POLYMER	?
843	NON-POLYMER	?
844	non-polymer	?
845	non-polymer	?
846	NON-POLYMER	?
847	NON-POLYMER	?
848	NON-POLYMER	?
849	non-polymer	?
84A	NON-POLYMER	?
84C	non-polymer	?
84D	NON-POLYMER	?
84E	DNA linking	DT
84F	NON-POLYMER	?
84G	NON-POLYMER	?
84H	non-polymer	?
84I	non-polymer	?
84J	NON-POLYMER	?
84K	non-polymer	?
84M	NON-POLYMER	?
84N	non-polymer	?
84O	non-polymer	?
84P	NON-POLYMER	?
84Q	non-polymer	?
84R	NON-POLYMER	?
84S	NON-POLYMER	?
84T	non-polymer	?
84U	NON-POLYMER	?
84W	non-polymer	?
84X	NON-POLYMER	?
84Z	non-polymer	?
851	NON-POLYMER	?
852	NON-POLYMER	?
853	NON-POLYMER	?
854	NON-POLYMER	?
855	NON-POLYMER	?
856	NON-POLYMER	?
857	NON-POLYMER	?
858	NON-POLYMER	?
859	NON-POLYMER	?
85A	NON-POLYMER	?
85B	non-polymer	?
85C	NON-POLYMER	?
85D	NON-POLYMER	?
85E	non-polymer	?
85F	L-peptide linking	CYS
85G	L-peptide linking	?
85H	non-polymer	?
85I	non-polymer	?
85J	L-peptide linking	?
85K	non-polymer	?
85L	L-peptide linking	CYS
85M	NON-POLYMER	?
85N	non-polymer	?
85O	non-polymer	?
85P	NON-POLYMER	?
85Q	non-polymer	?
85R	non-polymer	?
85S	NON-POLYMER	?
85T	non-polymer	?
85U	non-polymer	?
85V	NON-POLYMER	?
85W	non-polymer	?
85X	NON-POLYMER	?
85Y	RNA linking	U
85Z	non-polymer	?
860	non-polymer	?
861	NON-POLYMER	?
862	NON-POLYMER	?
863	NON-POLYMER	?
864	NON-POLYMER	?
865	NON-POLYMER	?
866	NON-POLYMER	?
867	non-polymer	?
868	non-polymer	?
869	NON-POLYMER	?
86A	NON-POLYMER	?
86B	NON-POLYMER	?
86C	non-polymer	?
86D	NON-POLYMER	?
86E	non-polymer	?
86F	non-polymer	?
86G	non-polymer	?
86H	non-polymer	?
86I	non-polymer	?
86J	NON-POLYMER	?
86K	non-polymer	?
86L	NON-POLYMER	?
86M	NON-POLYMER	?
86N	L-peptide linking	GLU
86P	NON-POLYMER	?
86Q	non-polymer	?
86S	NON-POLYMER	?
86T	non-polymer	?
86U	NON-POLYMER	?
86V	NON-POLYMER	?
86W	non-polymer	?
86X	NON-POLYMER	?
86Y	NON-POLYMER	?
86Z	non-polymer	?
870	NON-POLYMER	?
871	NON-POLYMER	?
872	NON-POLYMER	?
873	NON-POLYMER	?
874	NON-POLYMER	?
875	non-polymer	?
876	NON-POLYMER	?
877	NON-POLYMER	?
878	NON-POLYMER	?
879	NON-POLYMER	?
87A	non-polymer	?
87B	non-polymer	?
87C	NON-POLYMER	?
87D	NON-POLYMER	?
87E	non-polymer	?
87F	NON-POLYMER	?
87G	NON-POLYMER	?
87H	non-polymer	?
87I	non-polymer	?
87J	NON-POLYMER	?
87K	non-polymer	?
87L	NON-POLYMER	?
87M	NON-POLYMER	?
87N	non-polymer	?
87O	NON-POLYMER	?
87P	NON-POLYMER	?
87Q	non-polymer	?
87R	NON-POLYMER	?
87S	NON-POLYMER	?
87T	NON-POLYMER	?
87U	NON-POLYMER	?
87V	NON-POLYMER	?
87X	NON-POLYMER	?
87Y	NON-POLYMER	?
87Z	non-polymer	?
880	NON-POLYMER	?
881	NON-POLYMER	?
882	NON-POLYMER	?
883	NON-POLYMER	?
884	NON-POLYMER	?
885	NON-POLYMER	?
886	NON-POLYMER	?
887	NON-POLYMER	?
888	NON-POLYMER	?
889	non-polymer	?
88A	non-polymer	?
88B	NON-POLYMER	?
88C	non-polymer	?
88D	NON-POLYMER	?
88E	non-polymer	?
88G	NON-POLYMER	?
88H	non-polymer	?
88I	non-polymer	?
88J	NON-POLYMER	?
88K	non-polymer	?
88L	NON-POLYMER	?
88M	NON-POLYMER	?
88N	non-polymer	?
88O	non-polymer	?
88P	NON-POLYMER	?
88Q	non-polymer	?
88R	non-polymer	?
88S	non-polymer	?
88T	non-polymer	?
88U	NON-POLYMER	?
88V	non-polymer	?
88W	non-polymer	?
88X	NON-POLYMER	?
88Y	NON-POLYMER	?
88Z	NON-POLYMER	?
890	NON-POLYMER	?
891	NON-POLYMER	?
892	NON-POLYMER	?
893	NON-POLYMER	?
894	NON-POLYMER	?
895	NON-POLYMER	?
896	NON-POLYMER	?
897	NON-POLYMER	?
898	non-polymer	?
89A	non-polymer	?
89B	non-polymer	?
89C	NON-POLYMER	?
89D	NON-POLYMER	?
89E	non-polymer	?
89F	NON-POLYMER	?
89G	NON-POLYMER	?
89H	non-polymer	?
89I	NON-POLYMER	?
89J	NON-POLYMER	?
89K	non-polymer	?
89L	NON-POLYMER	?
89M	NON-POLYMER	?
89N	non-polymer	?
89O	NON-POLYMER	?
89P	NON-POLYMER	?
89Q	non-polymer	?
89R	NON-POLYMER	?
89S	NON-POLYMER	?
89T	non-polymer	?
89U	NON-POLYMER	?
89V	NON-POLYMER	?
89W	non-polymer	?
89X	NON-POLYMER	?
89Y	D-saccharide	?
89Z	non-polymer	?
8A0	NON-POLYMER	?
8A1	NON-POLYMER	?
8A2	non-polymer	?
8A3	NON-POLYMER	?
8A4	NON-POLYMER	?
8A5	non-polymer	?
8A6	NON-POLYMER	?
8A7	NON-POLYMER	?
8A8	non-polymer	?
8AA	DNA LINKING	G
8AB	non-polymer	?
8AC	NON-POLYMER	?
8AD	NON-POLYMER	?
8AE	non-polymer	?
8AF	NON-POLYMER	?
8AG	DNA LINKING	DG
8AH	RNA linking	A
8AI	non-polymer	?
8AJ	NON-POLYMER	?
8AK	non-polymer	?
8AM	NON-POLYMER	?
8AN	RNA LINKING	A
8AO	NON-POLYMER	?
8AP	NON-POLYMER	?
8AQ	non-polymer	?
8AR	NON-POLYMER	?
8AS	NON-POLYMER	?
8AT	non-polymer	?
8AU	NON-POLYMER	?
8AV	NON-POLYMER	?
8AW	NON-POLYMER	?
8AX	NON-POLYMER	?
8AY	NON-POLYMER	ALA
8AZ	RNA linking	?
8B0	NON-POLYMER	?
8B1	peptide-like	?
8B2	non-polymer	?
8B3	NON-POLYMER	?
8B4	NON-POLYMER	?
8B5	non-polymer	?
8B6	NON-POLYMER	?
8B7	saccharide	?
8B8	non-polymer	?
8B9	D-saccharide, alpha linking	?
8BA	DNA linking	DA
8BB	peptide-like	?
8BC	non-polymer	?
8BD	NON-POLYMER	?
8BE	non-polymer	?
8BF	NON-POLYMER	?
8BG	NON-POLYMER	?
8BH	non-polymer	?
8BI	non-polymer	?
8BJ	NON-POLYMER	?
8BK	non-polymer	?
8BL	NON-POLYMER	?
8BM	NON-POLYMER	?
8BN	non-polymer	?
8BO	NON-POLYMER	?
8BP	NON-POLYMER	?
8BQ	NON-POLYMER	?
8BR	NON-POLYMER	?
8BS	NON-POLYMER	?
8BT	non-polymer	?
8BU	NON-POLYMER	?
8BV	NON-POLYMER	?
8BW	non-polymer	?
8BX	NON-POLYMER	?
8BY	NON-POLYMER	?
8BZ	non-polymer	?
8C0	NON-POLYMER	?
8C1	NON-POLYMER	?
8C2	non-polymer	?
8C3	NON-POLYMER	?
8C5	NON-POLYMER	?
8C6	NON-POLYMER	?
8C7	non-polymer	?
8C9	NON-POLYMER	?
8CA	NON-POLYMER	?
8CB	NON-POLYMER	?
8CC	NON-POLYMER	?
8CD	NON-POLYMER	?
8CE	non-polymer	?
8CF	NON-POLYMER	?
8CG	NON-POLYMER	?
8CH	non-polymer	?
8CI	non-polymer	?
8CK	non-polymer	?
8CL	NON-POLYMER	?
8CM	NON-POLYMER	?
8CN	non-polymer	?
8CO	NON-POLYMER	?
8CP	NON-POLYMER	?
8CQ	non-polymer	?
8CR	NON-POLYMER	?
8CS	NON-POLYMER	?
8CT	NON-POLYMER	?
8CU	NON-POLYMER	?
8CV	NON-POLYMER	?
8CW	non-polymer	?
8CX	NON-POLYMER	?
8CY	NON-POLYMER	?
8CZ	non-polymer	?
8D0	non-polymer	?
8D1	NON-POLYMER	?
8D2	non-polymer	?
8D3	non-polymer	?
8D4	NON-POLYMER	?
8D5	non-polymer	?
8D6	NON-POLYMER	?
8D7	NON-POLYMER	?
8D8	non-polymer	?
8DA	NON-POLYMER	?
8DB	non-polymer	?
8DD	NON-POLYMER	?
8DE	non-polymer	?
8DG	NON-POLYMER	?
8DH	non-polymer	?
8DI	non-polymer	?
8DJ	NON-POLYMER	?
8DK	non-polymer	?
8DM	NON-POLYMER	?
8DN	non-polymer	?
8DP	NON-POLYMER	?
8DQ	non-polymer	?
8DR	NON-POLYMER	?
8DS	non-polymer	?
8DT	DNA linking	DU
8DU	NON-POLYMER	?
8DV	NON-POLYMER	?
8DW	non-polymer	?
8DX	NON-POLYMER	?
8DY	NON-POLYMER	?
8DZ	NON-POLYMER	?
8E1	NON-POLYMER	?
8E2	non-polymer	?
8E3	NON-POLYMER	?
8E4	NON-POLYMER	?
8E6	NON-POLYMER	?
8E7	NON-POLYMER	?
8E8	NON-POLYMER	?
8E9	non-polymer	?
8EA	NON-POLYMER	?
8EB	DNA linking	DG
8EC	NON-POLYMER	?
8EF	NON-POLYMER	?
8EH	non-polymer	?
8EI	non-polymer	?
8EJ	NON-POLYMER	?
8EK	non-polymer	?
8EL	NON-POLYMER	?
8EM	NON-POLYMER	?
8EN	NON-POLYMER	?
8EO	NON-POLYMER	?
8EP	NON-POLYMER	?
8EQ	NON-POLYMER	?
8ES	NON-POLYMER	?
8ET	NON-POLYMER	?
8EU	NON-POLYMER	?
8EV	NON-POLYMER	?
8EW	NON-POLYMER	?
8EX	D-saccharide, beta linking	NGA
8EY	NON-POLYMER	?
8EZ	NON-POLYMER	?
8F0	NON-POLYMER	?
8F1	NON-POLYMER	?
8F2	NON-POLYMER	?
8F3	NON-POLYMER	?
8F4	NON-POLYMER	?
8F5	NON-POLYMER	?
8F6	NON-POLYMER	?
8F7	NON-POLYMER	?
8F9	NON-POLYMER	?
8FB	NON-POLYMER	?
8FC	NON-POLYMER	?
8FD	NON-POLYMER	?
8FF	NON-POLYMER	?
8FG	DNA LINKING	DG
8FH	NON-POLYMER	?
8FI	non-polymer	?
8FK	NON-POLYMER	?
8FL	NON-POLYMER	?
8FM	NON-POLYMER	?
8FN	NON-POLYMER	?
8FO	non-polymer	?
8FP	NON-POLYMER	?
8FQ	NON-POLYMER	?
8FR	NON-POLYMER	?
8FS	NON-POLYMER	?
8FT	NON-POLYMER	?
8FU	NON-POLYMER	?
8FV	NON-POLYMER	?
8FW	NON-POLYMER	?
8FX	NON-POLYMER	?
8FY	NON-POLYMER	?
8FZ	NON-POLYMER	?
8G0	NON-POLYMER	?
8G1	NON-POLYMER	?
8G2	NON-POLYMER	?
8G3	NON-POLYMER	?
8G4	NON-POLYMER	?
8G5	NON-POLYMER	?
8G6	NON-POLYMER	?
8G7	non-polymer	?
8G8	NON-POLYMER	?
8G9	non-polymer	?
8GA	D-saccharide, alpha linking	?
8GB	NON-POLYMER	?
8GC	NON-POLYMER	?
8GD	NON-POLYMER	?
8GE	NON-POLYMER	?
8GF	NON-POLYMER	?
8GG	D-saccharide, beta linking	?
8GH	NON-POLYMER	?
8GI	non-polymer	?
8GJ	NON-POLYMER	?
8GK	NON-POLYMER	?
8GL	NON-POLYMER	?
8GM	NON-POLYMER	?
8GN	NON-POLYMER	?
8GO	non-polymer	?
8GP	D-saccharide	?
8GQ	NON-POLYMER	?
8GR	NON-POLYMER	?
8GS	NON-POLYMER	?
8GT	NON-POLYMER	?
8GU	NON-POLYMER	?
8GV	NON-POLYMER	?
8GW	non-polymer	?
8GX	NON-POLYMER	?
8GY	NON-POLYMER	?
8GZ	non-polymer	?
8H0	NON-POLYMER	?
8H1	NON-POLYMER	?
8H2	DNA linking	DG
8H3	non-polymer	?
8H4	NON-POLYMER	?
8H5	non-polymer	?
8H6	NON-POLYMER	?
8H7	non-polymer	?
8H8	NON-POLYMER	?
8H9	non-polymer	?
8HA	non-polymer	?
8HB	NON-POLYMER	?
8HC	NON-POLYMER	?
8HD	NON-POLYMER	?
8HE	NON-POLYMER	?
8HF	NON-POLYMER	?
8HG	NON-POLYMER	?
8HH	NON-POLYMER	?
8HI	NON-POLYMER	?
8HJ	NON-POLYMER	?
8HK	NON-POLYMER	?
8HL	non-polymer	?
8HM	NON-POLYMER	?
8HN	NON-POLYMER	?
8HO	NON-POLYMER	?
8HP	NON-POLYMER	?
8HQ	non-polymer	?
8HR	NON-POLYMER	?
8HS	NON-POLYMER	?
8HT	NON-POLYMER	?
8HV	NON-POLYMER	?
8HW	NON-POLYMER	?
8HX	NON-POLYMER	?
8HY	NON-POLYMER	?
8HZ	NON-POLYMER	?
8I0	non-polymer	?
8I1	NON-POLYMER	?
8I2	non-polymer	?
8I4	saccharide	GTR
8I5	non-polymer	?
8I6	non-polymer	?
8I7	non-polymer	?
8I8	non-polymer	?
8I9	non-polymer	?
8IA	non-polymer	?
8IB	non-polymer	?
8ID	NON-POLYMER	?
8IE	non-polymer	?
8IF	non-polymer	?
8IG	NON-POLYMER	?
8IH	non-polymer	?
8II	non-polymer	?
8IJ	non-polymer	?
8IK	non-polymer	?
8IL	non-polymer	?
8IM	non-polymer	?
8IN	NON-POLYMER	?
8IO	non-polymer	?
8IP	NON-POLYMER	?
8IQ	non-polymer	?
8IR	non-polymer	?
8IS	non-polymer	?
8IT	non-polymer	?
8IU	non-polymer	?
8IV	non-polymer	?
8IW	non-polymer	?
8IX	non-polymer	?
8IY	non-polymer	?
8IZ	non-polymer	?
8J0	NON-POLYMER	?
8J1	NON-POLYMER	?
8J2	NON-POLYMER	?
8J3	NON-POLYMER	?
8J4	NON-POLYMER	?
8J6	NON-POLYMER	?
8J7	NON-POLYMER	?
8J8	NON-POLYMER	?
8J9	non-polymer	?
8JA	non-polymer	?
8JB	L-peptide linking	CYS
8JC	NON-POLYMER	?
8JD	NON-POLYMER	?
8JE	NON-POLYMER	?
8JF	non-polymer	?
8JG	NON-POLYMER	?
8JH	NON-POLYMER	?
8JI	non-polymer	?
8JJ	NON-POLYMER	?
8JL	NON-POLYMER	?
8JM	NON-POLYMER	?
8JN	NON-POLYMER	?
8JO	NON-POLYMER	?
8JP	NON-POLYMER	?
8JQ	NON-POLYMER	?
8JR	NON-POLYMER	?
8JS	NON-POLYMER	?
8JT	NON-POLYMER	?
8JU	NON-POLYMER	?
8JV	non-polymer	?
8JW	NON-POLYMER	?
8JX	NON-POLYMER	?
8JY	non-polymer	?
8JZ	NON-POLYMER	?
8K0	NON-POLYMER	?
8K1	NON-POLYMER	?
8K2	NON-POLYMER	?
8K3	non-polymer	?
8K4	NON-POLYMER	?
8K5	NON-POLYMER	?
8K6	non-polymer	?
8K7	NON-POLYMER	?
8K8	NON-POLYMER	?
8K9	NON-POLYMER	?
8KA	NON-POLYMER	?
8KB	NON-POLYMER	?
8KC	non-polymer	?
8KD	NON-POLYMER	?
8KE	non-polymer	?
8KF	non-polymer	?
8KG	NON-POLYMER	?
8KH	non-polymer	?
8KI	non-polymer	?
8KK	NON-POLYMER	?
8KL	NON-POLYMER	?
8KM	NON-POLYMER	?
8KN	NON-POLYMER	?
8KO	NON-POLYMER	?
8KP	NON-POLYMER	?
8KQ	non-polymer	?
8KR	NON-POLYMER	?
8KS	NON-POLYMER	?
8KT	non-polymer	?
8KU	NON-POLYMER	?
8KV	NON-POLYMER	?
8KW	NON-POLYMER	?
8KX	NON-POLYMER	?
8KY	NON-POLYMER	?
8KZ	non-polymer	?
8L0	NON-POLYMER	?
8L1	NON-POLYMER	?
8L2	NON-POLYMER	?
8L3	NON-POLYMER	?
8L4	NON-POLYMER	?
8L5	NON-POLYMER	?
8L6	non-polymer	?
8L7	NON-POLYMER	?
8L8	NON-POLYMER	?
8L9	NON-POLYMER	?
8LA	NON-POLYMER	?
8LB	NON-POLYMER	?
8LC	non-polymer	?
8LD	NON-POLYMER	?
8LE	NON-POLYMER	?
8LF	NON-POLYMER	?
8LG	NON-POLYMER	?
8LH	NON-POLYMER	?
8LI	NON-POLYMER	?
8LJ	L-peptide linking	PRO
8LK	non-polymer	?
8LL	NON-POLYMER	?
8LM	D-saccharide	?
8LN	non-polymer	?
8LO	NON-POLYMER	?
8LP	NON-POLYMER	?
8LQ	NON-POLYMER	?
8LR	D-saccharide	MAN
8LS	NON-POLYMER	?
8LT	non-polymer	?
8LU	NON-POLYMER	?
8LV	NON-POLYMER	?
8LW	NON-POLYMER	?
8LX	NON-POLYMER	?
8LY	NON-POLYMER	?
8LZ	NON-POLYMER	?
8M0	NON-POLYMER	?
8M1	NON-POLYMER	?
8M2	NON-POLYMER	?
8M4	NON-POLYMER	?
8M5	non-polymer	?
8M6	non-polymer	?
8M7	NON-POLYMER	?
8M8	NON-POLYMER	?
8M9	NON-POLYMER	?
8MA	NON-POLYMER	?
8MB	NON-POLYMER	?
8MC	NON-POLYMER	?
8MD	NON-POLYMER	?
8ME	NON-POLYMER	?
8MF	NON-POLYMER	?
8MG	DNA LINKING	DG
8MH	non-polymer	?
8MI	non-polymer	?
8MJ	non-polymer	?
8MK	NON-POLYMER	?
8ML	NON-POLYMER	?
8MM	NON-POLYMER	?
8MN	NON-POLYMER	?
8MO	NON-POLYMER	?
8MP	NON-POLYMER	?
8MQ	NON-POLYMER	?
8MR	NON-POLYMER	?
8MS	non-polymer	?
8MT	NON-POLYMER	?
8MU	non-polymer	?
8MV	NON-POLYMER	?
8MW	NON-POLYMER	?
8MX	NON-POLYMER	?
8MY	NON-POLYMER	?
8MZ	NON-POLYMER	?
8N0	non-polymer	?
8N1	NON-POLYMER	?
8N2	NON-POLYMER	?
8N3	NON-POLYMER	?
8N4	NON-POLYMER	?
8N5	NON-POLYMER	?
8N6	NON-POLYMER	?
8N7	NON-POLYMER	?
8N8	NON-POLYMER	?
8N9	NON-POLYMER	?
8NA	NON-POLYMER	?
8NB	NON-POLYMER	?
8NC	non-polymer	?
8ND	NON-POLYMER	?
8NE	NON-POLYMER	?
8NF	non-polymer	?
8NG	NON-POLYMER	?
8NH	NON-POLYMER	?
8NI	DNA linking	?
8NJ	NON-POLYMER	?
8NK	NON-POLYMER	?
8NL	NON-POLYMER	?
8NM	NON-POLYMER	?
8NN	NON-POLYMER	?
8NO	NON-POLYMER	?
8NP	NON-POLYMER	?
8NQ	NON-POLYMER	?
8NR	NON-POLYMER	?
8NS	NON-POLYMER	?
8NT	NON-POLYMER	?
8NU	NON-POLYMER	?
8NV	NON-POLYMER	?
8NW	NON-POLYMER	?
8NX	NON-POLYMER	?
8NY	NON-POLYMER	?
8NZ	NON-POLYMER	?
8O0	NON-POLYMER	?
8O1	NON-POLYMER	?
8O3	NON-POLYMER	?
8O4	NON-POLYMER	?
8O5	NON-POLYMER	?
8O7	NON-POLYMER	?
8O8	NON-POLYMER	?
8O9	non-polymer	?
8OA	NON-POLYMER	?
8OB	NON-POLYMER	?
8OC	non-polymer	?
8OD	NON-POLYMER	?
8OE	NON-POLYMER	?
8OF	NON-POLYMER	?
8OG	DNA LINKING	DG
8OH	NON-POLYMER	?
8OJ	NON-POLYMER	?
8OK	NON-POLYMER	?
8OL	NON-POLYMER	?
8OM	NON-POLYMER	?
8ON	NON-POLYMER	?
8OP	NON-POLYMER	?
8OQ	D-saccharide, alpha linking	?
8OR	NON-POLYMER	?
8OS	RNA linking	G
8OT	NON-POLYMER	?
8OU	NON-POLYMER	?
8OV	NON-POLYMER	?
8OW	NON-POLYMER	?
8OX	NON-POLYMER	?
8OY	NON-POLYMER	?
8OZ	NON-POLYMER	?
8P0	NON-POLYMER	?
8P1	NON-POLYMER	?
8P2	NON-POLYMER	?
8P3	NON-POLYMER	?
8P4	NON-POLYMER	?
8P5	NON-POLYMER	?
8P6	NON-POLYMER	?
8P7	NON-POLYMER	?
8P8	NON-POLYMER	?
8P9	NON-POLYMER	?
8PA	NON-POLYMER	?
8PB	non-polymer	?
8PC	NON-POLYMER	?
8PD	non-polymer	?
8PE	NON-POLYMER	?
8PF	NON-POLYMER	?
8PG	NON-POLYMER	?
8PH	NON-POLYMER	?
8PI	DNA linking	?
8PJ	NON-POLYMER	?
8PK	L-saccharide, alpha linking	FUC
8PL	NON-POLYMER	?
8PM	NON-POLYMER	?
8PN	non-polymer	?
8PO	NON-POLYMER	?
8PP	NON-POLYMER	?
8PQ	NON-POLYMER	?
8PR	NON-POLYMER	?
8PS	NON-POLYMER	?
8PT	NON-POLYMER	?
8PU	NON-POLYMER	?
8PV	NON-POLYMER	?
8PW	non-polymer	?
8PX	NON-POLYMER	?
8PY	DNA linking	DG
8PZ	NON-POLYMER	?
8Q1	NON-POLYMER	?
8Q2	NON-POLYMER	?
8Q3	NON-POLYMER	?
8Q4	NON-POLYMER	?
8Q5	NON-POLYMER	?
8Q6	NON-POLYMER	?
8Q7	NON-POLYMER	?
8Q8	NON-POLYMER	?
8Q9	NON-POLYMER	?
8QA	peptide-like	?
8QB	NON-POLYMER	?
8QC	NON-POLYMER	?
8QD	NON-POLYMER	?
8QE	NON-POLYMER	?
8QF	NON-POLYMER	?
8QG	NON-POLYMER	?
8QH	NON-POLYMER	?
8QI	non-polymer	?
8QJ	NON-POLYMER	?
8QK	NON-POLYMER	?
8QL	NON-POLYMER	?
8QM	NON-POLYMER	?
8QN	NON-POLYMER	?
8QO	non-polymer	?
8QP	NON-POLYMER	?
8QQ	NON-POLYMER	?
8QR	non-polymer	?
8QS	NON-POLYMER	?
8QT	NON-POLYMER	?
8QU	non-polymer	?
8QV	NON-POLYMER	?
8QW	NON-POLYMER	?
8QX	NON-POLYMER	?
8QY	non-polymer	?
8QZ	NON-POLYMER	?
8R0	NON-POLYMER	?
8R1	non-polymer	?
8R2	non-polymer	?
8R3	NON-POLYMER	?
8R4	NON-POLYMER	?
8R5	NON-POLYMER	?
8R6	NON-POLYMER	?
8R7	NON-POLYMER	?
8R8	NON-POLYMER	?
8R9	non-polymer	?
8RA	NON-POLYMER	?
8RB	NON-POLYMER	?
8RC	NON-POLYMER	?
8RD	NON-POLYMER	?
8RE	L-peptide linking	LYS
8RH	NON-POLYMER	?
8RI	non-polymer	?
8RJ	RNA linking	?
8RK	NON-POLYMER	?
8RM	NON-POLYMER	?
8RN	NON-POLYMER	?
8RO	DNA linking	DC
8RP	NON-POLYMER	?
8RQ	NON-POLYMER	?
8RR	NON-POLYMER	?
8RS	NON-POLYMER	?
8RT	NON-POLYMER	?
8RU	non-polymer	?
8RV	NON-POLYMER	?
8RW	NON-POLYMER	?
8RX	non-polymer	?
8RY	NON-POLYMER	?
8RZ	NON-POLYMER	?
8S0	L-saccharide	?
8S1	NON-POLYMER	?
8S2	NON-POLYMER	?
8S3	NON-POLYMER	?
8S4	NON-POLYMER	?
8S5	NON-POLYMER	?
8S6	non-polymer	?
8S7	NON-POLYMER	?
8S8	NON-POLYMER	?
8S9	NON-POLYMER	?
8SA	NON-POLYMER	?
8SB	NON-POLYMER	?
8SC	non-polymer	?
8SD	NON-POLYMER	?
8SE	NON-POLYMER	?
8SF	NON-POLYMER	?
8SG	NON-POLYMER	?
8SH	NON-POLYMER	?
8SJ	NON-POLYMER	?
8SK	NON-POLYMER	?
8SL	NON-POLYMER	?
8SM	NON-POLYMER	?
8SN	NON-POLYMER	?
8SO	NON-POLYMER	?
8SP	L-PEPTIDE LINKING	SER
8SQ	NON-POLYMER	?
8SR	NON-POLYMER	?
8SS	NON-POLYMER	?
8ST	NON-POLYMER	?
8SU	NON-POLYMER	?
8SV	NON-POLYMER	?
8SW	NON-POLYMER	?
8SX	NON-POLYMER	?
8SY	NON-POLYMER	?
8SZ	NON-POLYMER	?
8T0	NON-POLYMER	?
8T1	NON-POLYMER	?
8T2	NON-POLYMER	?
8T3	non-polymer	?
8T4	NON-POLYMER	?
8T5	NON-POLYMER	?
8T6	non-polymer	?
8T7	NON-POLYMER	?
8T8	NON-POLYMER	?
8T9	NON-POLYMER	?
8TA	NON-POLYMER	?
8TB	NON-POLYMER	?
8TC	NON-POLYMER	?
8TD	NON-POLYMER	?
8TE	NON-POLYMER	?
8TF	non-polymer	?
8TG	NON-POLYMER	?
8TH	NON-POLYMER	?
8TJ	NON-POLYMER	?
8TK	NON-POLYMER	?
8TL	NON-POLYMER	?
8TM	non-polymer	?
8TN	NON-POLYMER	?
8TO	NON-POLYMER	?
8TP	NON-POLYMER	?
8TQ	NON-POLYMER	?
8TR	NON-POLYMER	?
8TS	NON-POLYMER	?
8TU	NON-POLYMER	?
8TV	NON-POLYMER	?
8TW	NON-POLYMER	?
8TX	NON-POLYMER	?
8TY	NON-POLYMER	?
8TZ	NON-POLYMER	?
8U0	NON-POLYMER	?
8U1	NON-POLYMER	?
8U2	NON-POLYMER	?
8U3	NON-POLYMER	?
8U4	NON-POLYMER	?
8U5	NON-POLYMER	?
8U6	NON-POLYMER	?
8U7	NON-POLYMER	?
8U8	NON-POLYMER	?
8U9	NON-POLYMER	?
8UA	NON-POLYMER	?
8UB	NON-POLYMER	?
8UC	NON-POLYMER	?
8UD	NON-POLYMER	?
8UE	NON-POLYMER	?
8UF	NON-POLYMER	?
8UG	NON-POLYMER	?
8UH	NON-POLYMER	?
8UI	non-polymer	?
8UJ	NON-POLYMER	?
8UK	NON-POLYMER	?
8UL	NON-POLYMER	?
8UM	NON-POLYMER	?
8UN	NON-POLYMER	?
8UO	NON-POLYMER	?
8UP	NON-POLYMER	?
8UQ	NON-POLYMER	?
8UR	NON-POLYMER	?
8US	NON-POLYMER	?
8UU	NON-POLYMER	?
8UV	NON-POLYMER	?
8UW	non-polymer	?
8UX	NON-POLYMER	?
8UY	NON-POLYMER	?
8UZ	NON-POLYMER	?
8V0	NON-POLYMER	?
8V1	non-polymer	?
8V2	NON-POLYMER	?
8V3	NON-POLYMER	?
8V4	NON-POLYMER	?
8V5	NON-POLYMER	?
8V6	NON-POLYMER	?
8V7	NON-POLYMER	?
8V8	NON-POLYMER	?
8V9	NON-POLYMER	?
8VB	NON-POLYMER	?
8VC	NON-POLYMER	?
8VD	non-polymer	?
8VE	NON-POLYMER	?
8VF	NON-POLYMER	?
8VG	peptide-like	?
8VH	NON-POLYMER	?
8VI	non-polymer	?
8VJ	non-polymer	?
8VK	NON-POLYMER	?
8VL	NON-POLYMER	?
8VM	NON-POLYMER	?
8VN	NON-POLYMER	?
8VO	NON-POLYMER	?
8VP	non-polymer	?
8VR	NON-POLYMER	?
8VS	NON-POLYMER	?
8VT	NON-POLYMER	?
8VU	NON-POLYMER	?
8VV	NON-POLYMER	?
8VW	NON-POLYMER	?
8VX	NON-POLYMER	?
8VY	NON-POLYMER	?
8W0	NON-POLYMER	?
8W1	non-polymer	?
8W2	NON-POLYMER	?
8W3	NON-POLYMER	?
8W4	NON-POLYMER	?
8W5	NON-POLYMER	?
8W6	NON-POLYMER	?
8W7	NON-POLYMER	?
8W8	NON-POLYMER	?
8W9	NON-POLYMER	?
8WA	NON-POLYMER	?
8WB	NON-POLYMER	?
8WC	NON-POLYMER	?
8WD	NON-POLYMER	?
8WE	NON-POLYMER	?
8WF	NON-POLYMER	?
8WG	NON-POLYMER	?
8WH	NON-POLYMER	?
8WJ	NON-POLYMER	?
8WK	NON-POLYMER	?
8WL	non-polymer	?
8WM	NON-POLYMER	?
8WN	NON-POLYMER	?
8WO	NON-POLYMER	?
8WP	non-polymer	?
8WQ	NON-POLYMER	?
8WR	NON-POLYMER	?
8WS	NON-POLYMER	?
8WT	NON-POLYMER	?
8WU	NON-POLYMER	?
8WV	NON-POLYMER	?
8WW	NON-POLYMER	?
8WX	NON-POLYMER	?
8WY	L-peptide linking	LEU
8WZ	NON-POLYMER	?
8X0	NON-POLYMER	?
8X1	NON-POLYMER	?
8X2	NON-POLYMER	?
8X3	NON-POLYMER	?
8X5	NON-POLYMER	?
8X6	non-polymer	?
8X7	NON-POLYMER	?
8X8	NON-POLYMER	?
8X9	non-polymer	?
8XA	NON-POLYMER	?
8XB	NON-POLYMER	?
8XC	NON-POLYMER	?
8XE	NON-POLYMER	?
8XF	non-polymer	?
8XG	NON-POLYMER	?
8XH	NON-POLYMER	?
8XI	non-polymer	?
8XJ	NON-POLYMER	?
8XK	NON-POLYMER	?
8XL	NON-POLYMER	?
8XM	NON-POLYMER	?
8XN	NON-POLYMER	?
8XO	NON-POLYMER	?
8XP	NON-POLYMER	?
8XQ	NON-POLYMER	?
8XR	NON-POLYMER	?
8XS	NON-POLYMER	?
8XT	NON-POLYMER	?
8XU	NON-POLYMER	?
8XV	NON-POLYMER	?
8XW	NON-POLYMER	?
8XX	NON-POLYMER	?
8XY	NON-POLYMER	?
8XZ	NON-POLYMER	?
8Y0	NON-POLYMER	?
8Y1	NON-POLYMER	?
8Y2	NON-POLYMER	?
8Y4	NON-POLYMER	?
8Y5	NON-POLYMER	?
8Y6	non-polymer	?
8Y7	NON-POLYMER	?
8Y8	NON-POLYMER	?
8Y9	DNA linking	?
8YA	NON-POLYMER	?
8YB	NON-POLYMER	?
8YC	NON-POLYMER	?
8YD	NON-POLYMER	?
8YE	NON-POLYMER	?
8YF	NON-POLYMER	?
8YG	non-polymer	?
8YH	NON-POLYMER	?
8YI	non-polymer	?
8YJ	NON-POLYMER	?
8YL	NON-POLYMER	?
8YM	NON-POLYMER	?
8YN	DNA linking	DC
8YO	NON-POLYMER	?
8YP	NON-POLYMER	?
8YQ	NON-POLYMER	?
8YR	L-peptide linking	?
8YT	NON-POLYMER	?
8YU	NON-POLYMER	?
8YV	D-saccharide	?
8YW	NON-POLYMER	?
8YX	non-polymer	?
8YZ	NON-POLYMER	?
8Z0	peptide-like	?
8Z1	NON-POLYMER	?
8Z2	NON-POLYMER	?
8Z3	non-polymer	?
8Z4	non-polymer	?
8Z5	NON-POLYMER	?
8Z6	NON-POLYMER	?
8Z7	NON-POLYMER	?
8Z8	NON-POLYMER	?
8Z9	non-polymer	?
8ZA	NON-POLYMER	?
8ZB	NON-POLYMER	?
8ZC	non-polymer	?
8ZD	NON-POLYMER	?
8ZE	NON-POLYMER	?
8ZF	non-polymer	?
8ZG	NON-POLYMER	?
8ZH	NON-POLYMER	?
8ZI	non-polymer	?
8ZJ	NON-POLYMER	?
8ZK	NON-POLYMER	?
8ZL	non-polymer	?
8ZM	NON-POLYMER	?
8ZN	NON-POLYMER	?
8ZO	NON-POLYMER	?
8ZP	NON-POLYMER	?
8ZQ	NON-POLYMER	?
8ZR	NON-POLYMER	?
8ZS	NON-POLYMER	?
8ZT	NON-POLYMER	?
8ZU	NON-POLYMER	?
8ZV	NON-POLYMER	?
8ZW	NON-POLYMER	?
8ZX	NON-POLYMER	?
8ZZ	NON-POLYMER	?
900	NON-POLYMER	?
901	NON-POLYMER	?
902	NON-POLYMER	?
903	NON-POLYMER	?
904	NON-POLYMER	?
905	NON-POLYMER	?
906	NON-POLYMER	?
907	NON-POLYMER	?
908	NON-POLYMER	?
909	non-polymer	?
90A	NON-POLYMER	?
90B	NON-POLYMER	?
90C	NON-POLYMER	?
90D	NON-POLYMER	?
90E	NON-POLYMER	?
90F	non-polymer	?
90G	NON-POLYMER	?
90H	non-polymer	?
90I	non-polymer	?
90J	NON-POLYMER	?
90K	NON-POLYMER	?
90L	NON-POLYMER	?
90M	NON-POLYMER	?
90N	NON-POLYMER	?
90O	NON-POLYMER	?
90P	NON-POLYMER	?
90Q	non-polymer	?
90R	NON-POLYMER	?
90S	NON-POLYMER	?
90T	NON-POLYMER	?
90U	non-polymer	?
90V	NON-POLYMER	?
90W	NON-POLYMER	?
90X	non-polymer	?
90Z	NON-POLYMER	?
910	NON-POLYMER	?
911	NON-POLYMER	?
912	NON-POLYMER	?
913	NON-POLYMER	?
914	NON-POLYMER	?
915	NON-POLYMER	?
916	NON-POLYMER	?
917	NON-POLYMER	?
918	NON-POLYMER	?
919	NON-POLYMER	?
91A	NON-POLYMER	?
91B	NON-POLYMER	?
91C	non-polymer	?
91D	NON-POLYMER	?
91E	NON-POLYMER	?
91F	non-polymer	?
91G	NON-POLYMER	?
91H	NON-POLYMER	?
91I	non-polymer	?
91J	NON-POLYMER	?
91K	NON-POLYMER	?
91L	NON-POLYMER	?
91M	non-polymer	?
91N	NON-POLYMER	?
91O	NON-POLYMER	?
91P	NON-POLYMER	?
91Q	non-polymer	?
91R	NON-POLYMER	?
91S	NON-POLYMER	?
91T	NON-POLYMER	?
91U	peptide-like	?
91V	NON-POLYMER	?
91W	NON-POLYMER	?
91X	NON-POLYMER	?
91Y	NON-POLYMER	?
91Z	non-polymer	?
920	NON-POLYMER	?
921	NON-POLYMER	?
922	NON-POLYMER	?
923	NON-POLYMER	?
924	NON-POLYMER	?
925	NON-POLYMER	?
926	NON-POLYMER	?
927	NON-POLYMER	?
928	NON-POLYMER	?
929	NON-POLYMER	?
92A	NON-POLYMER	?
92B	NON-POLYMER	?
92C	NON-POLYMER	?
92D	NON-POLYMER	?
92E	NON-POLYMER	?
92F	DNA linking	?
92G	NON-POLYMER	?
92H	NON-POLYMER	?
92I	non-polymer	?
92J	NON-POLYMER	?
92K	NON-POLYMER	?
92L	NON-POLYMER	?
92M	NON-POLYMER	?
92N	NON-POLYMER	?
92O	non-polymer	?
92P	non-polymer	?
92Q	NON-POLYMER	?
92R	NON-POLYMER	?
92S	non-polymer	?
92T	NON-POLYMER	?
92U	NON-POLYMER	?
92V	NON-POLYMER	?
92W	non-polymer	?
92X	NON-POLYMER	?
92Y	NON-POLYMER	?
92Z	NON-POLYMER	?
930	non-polymer	?
931	non-polymer	?
932	NON-POLYMER	?
933	NON-POLYMER	?
934	non-polymer	?
935	NON-POLYMER	?
936	NON-POLYMER	?
937	non-polymer	?
938	NON-POLYMER	?
939	non-polymer	?
93A	NON-POLYMER	?
93B	NON-POLYMER	?
93C	NON-POLYMER	?
93D	DNA linking	?
93E	NON-POLYMER	?
93F	non-polymer	?
93G	non-polymer	?
93H	NON-POLYMER	?
93I	non-polymer	?
93J	NON-POLYMER	?
93K	NON-POLYMER	?
93L	non-polymer	?
93M	NON-POLYMER	?
93N	NON-POLYMER	?
93O	NON-POLYMER	?
93P	NON-POLYMER	?
93Q	NON-POLYMER	?
93R	NON-POLYMER	?
93S	NON-POLYMER	?
93T	NON-POLYMER	?
93U	NON-POLYMER	?
93V	NON-POLYMER	?
93W	NON-POLYMER	?
93X	NON-POLYMER	?
93Y	NON-POLYMER	?
93Z	NON-POLYMER	?
940	non-polymer	?
941	NON-POLYMER	?
942	non-polymer	?
943	non-polymer	?
945	NON-POLYMER	?
946	NON-POLYMER	?
947	NON-POLYMER	?
948	NON-POLYMER	?
949	NON-POLYMER	?
94A	NON-POLYMER	?
94B	NON-POLYMER	?
94C	NON-POLYMER	?
94D	NON-POLYMER	?
94E	NON-POLYMER	?
94F	NON-POLYMER	?
94G	NON-POLYMER	?
94H	NON-POLYMER	?
94I	NON-POLYMER	?
94J	NON-POLYMER	?
94K	NON-POLYMER	?
94L	NON-POLYMER	?
94M	NON-POLYMER	?
94N	NON-POLYMER	?
94O	DNA linking	DT
94Q	NON-POLYMER	?
94R	NON-POLYMER	?
94S	NON-POLYMER	?
94T	NON-POLYMER	?
94U	NON-POLYMER	?
94V	NON-POLYMER	?
94W	non-polymer	?
94X	NON-POLYMER	?
94Y	NON-POLYMER	?
94Z	NON-POLYMER	?
950	NON-POLYMER	?
951	NON-POLYMER	?
952	NON-POLYMER	?
953	non-polymer	?
954	NON-POLYMER	?
956	NON-POLYMER	?
957	NON-POLYMER	?
958	NON-POLYMER	?
959	NON-POLYMER	?
95B	NON-POLYMER	?
95C	NON-POLYMER	?
95D	NON-POLYMER	?
95E	NON-POLYMER	?
95F	NON-POLYMER	?
95G	NON-POLYMER	?
95H	NON-POLYMER	?
95I	non-polymer	?
95J	NON-POLYMER	?
95K	NON-POLYMER	?
95L	NON-POLYMER	?
95M	NON-POLYMER	?
95N	NON-POLYMER	?
95O	non-polymer	?
95P	NON-POLYMER	?
95Q	NON-POLYMER	?
95R	NON-POLYMER	?
95S	NON-POLYMER	?
95T	non-polymer	?
95U	NON-POLYMER	?
95V	NON-POLYMER	?
95W	NON-POLYMER	?
95X	non-polymer	?
95Y	NON-POLYMER	?
95Z	D-saccharide, alpha linking	?
960	NON-POLYMER	?
961	NON-POLYMER	?
962	NON-POLYMER	?
963	non-polymer	?
964	NON-POLYMER	?
965	NON-POLYMER	?
966	non-polymer	?
967	NON-POLYMER	?
968	NON-POLYMER	?
969	NON-POLYMER	?
96A	NON-POLYMER	?
96B	NON-POLYMER	?
96C	NON-POLYMER	?
96D	NON-POLYMER	?
96E	NON-POLYMER	?
96F	NON-POLYMER	?
96G	NON-POLYMER	?
96H	NON-POLYMER	?
96I	non-polymer	?
96J	NON-POLYMER	?
96K	NON-POLYMER	?
96L	non-polymer	?
96M	NON-POLYMER	?
96N	NON-POLYMER	?
96O	D-saccharide	MAN
96P	NON-POLYMER	?
96Q	NON-POLYMER	?
96R	NON-POLYMER	?
96S	NON-POLYMER	?
96T	NON-POLYMER	?
96U	NON-POLYMER	?
96V	NON-POLYMER	?
96X	NON-POLYMER	?
96Y	NON-POLYMER	?
96Z	NON-POLYMER	?
970	NON-POLYMER	?
971	NON-POLYMER	?
972	NON-POLYMER	?
973	NON-POLYMER	?
974	NON-POLYMER	?
975	NON-POLYMER	?
976	NON-POLYMER	?
977	NON-POLYMER	?
978	non-polymer	?
979	NON-POLYMER	?
97A	NON-POLYMER	?
97B	NON-POLYMER	?
97C	non-polymer	?
97E	NON-POLYMER	?
97F	non-polymer	?
97H	NON-POLYMER	?
97I	non-polymer	?
97K	NON-POLYMER	?
97L	non-polymer	?
97M	NON-POLYMER	?
97N	NON-POLYMER	?
97O	NON-POLYMER	?
97Q	NON-POLYMER	?
97S	non-polymer	?
97T	NON-POLYMER	?
97U	non-polymer	?
97V	NON-POLYMER	?
97W	NON-POLYMER	?
97X	non-polymer	?
97Y	non-polymer	?
97Z	NON-POLYMER	?
98	NON-POLYMER	?
980	NON-POLYMER	?
981	NON-POLYMER	?
982	NON-POLYMER	?
983	NON-POLYMER	?
984	NON-POLYMER	?
985	NON-POLYMER	?
986	NON-POLYMER	?
987	NON-POLYMER	?
988	NON-POLYMER	?
989	NON-POLYMER	?
98A	non-polymer	?
98B	NON-POLYMER	?
98C	non-polymer	?
98D	NON-POLYMER	?
98E	NON-POLYMER	?
98F	non-polymer	?
98G	NON-POLYMER	?
98H	NON-POLYMER	?
98I	non-polymer	?
98J	non-polymer	?
98K	NON-POLYMER	?
98L	non-polymer	?
98M	NON-POLYMER	?
98N	NON-POLYMER	?
98O	non-polymer	?
98P	peptide-like	?
98Q	NON-POLYMER	?
98R	non-polymer	?
98T	NON-POLYMER	?
98U	L-saccharide	FUC
98W	NON-POLYMER	?
98X	NON-POLYMER	?
98Z	NON-POLYMER	?
990	NON-POLYMER	?
991	NON-POLYMER	?
992	non-polymer	?
993	NON-POLYMER	?
994	NON-POLYMER	?
995	NON-POLYMER	?
996	NON-POLYMER	?
997	NON-POLYMER	?
998	NON-POLYMER	?
999	D-PEPTIDE LINKING	ASP
99A	non-polymer	?
99B	NON-POLYMER	?
99C	NON-POLYMER	?
99E	NON-POLYMER	?
99I	non-polymer	?
99J	NON-POLYMER	?
99K	NON-POLYMER	?
99L	NON-POLYMER	?
99M	NON-POLYMER	?
99N	NON-POLYMER	?
99O	NON-POLYMER	?
99P	peptide-like	?
99R	NON-POLYMER	?
99S	NON-POLYMER	?
99T	NON-POLYMER	?
99U	NON-POLYMER	?
99V	NON-POLYMER	?
99W	non-polymer	?
99X	NON-POLYMER	?
99Y	D-peptide linking	?
99Z	NON-POLYMER	?
9A0	NON-POLYMER	?
9A1	non-polymer	?
9A2	non-polymer	?
9A3	NON-POLYMER	?
9A4	NON-POLYMER	?
9A5	NON-POLYMER	?
9A6	NON-POLYMER	?
9A7	NON-POLYMER	?
9A8	NON-POLYMER	?
9A9	non-polymer	?
9AA	NON-POLYMER	?
9AB	NON-POLYMER	?
9AC	NON-POLYMER	?
9AD	NON-POLYMER	?
9AE	NON-POLYMER	?
9AF	NON-POLYMER	?
9AG	NON-POLYMER	?
9AH	NON-POLYMER	?
9AI	NON-POLYMER	?
9AJ	NON-POLYMER	?
9AK	NON-POLYMER	?
9AL	peptide-like	?
9AM	D-saccharide	?
9AN	NON-POLYMER	?
9AO	NON-POLYMER	?
9AP	NON-POLYMER	?
9AQ	NON-POLYMER	?
9AR	NON-POLYMER	?
9AT	L-PEPTIDE LINKING	?
9AU	NON-POLYMER	?
9AW	NON-POLYMER	?
9AX	NON-POLYMER	?
9AY	NON-POLYMER	?
9AZ	NON-POLYMER	?
9B0	NON-POLYMER	?
9B1	NON-POLYMER	?
9B2	NON-POLYMER	?
9B3	NON-POLYMER	?
9B4	NON-POLYMER	?
9B5	NON-POLYMER	?
9B6	non-polymer	?
9B7	NON-POLYMER	?
9B8	NON-POLYMER	?
9B9	non-polymer	?
9BA	peptide-like	?
9BB	peptide-like	?
9BC	non-polymer	?
9BD	NON-POLYMER	?
9BE	NON-POLYMER	?
9BF	NON-POLYMER	?
9BG	NON-POLYMER	?
9BH	NON-POLYMER	?
9BI	non-polymer	?
9BJ	NON-POLYMER	?
9BK	NON-POLYMER	?
9BL	NON-POLYMER	?
9BM	non-polymer	?
9BN	NON-POLYMER	?
9BO	NON-POLYMER	?
9BP	D-peptide linking	?
9BR	NON-POLYMER	?
9BS	NON-POLYMER	?
9BT	NON-POLYMER	?
9BU	NON-POLYMER	?
9BV	NON-POLYMER	?
9BW	NON-POLYMER	?
9BX	NON-POLYMER	?
9BY	NON-POLYMER	?
9BZ	NON-POLYMER	?
9C0	NON-POLYMER	?
9C1	D-saccharide, beta linking	GCS
9C2	NON-POLYMER	?
9C3	NON-POLYMER	?
9C4	non-polymer	?
9C5	NON-POLYMER	?
9C6	NON-POLYMER	?
9C8	NON-POLYMER	?
9C9	NON-POLYMER	?
9CA	NON-POLYMER	?
9CB	NON-POLYMER	?
9CC	NON-POLYMER	?
9CD	D-saccharide, beta linking	GCS
9CE	NON-POLYMER	?
9CF	NON-POLYMER	?
9CG	NON-POLYMER	?
9CH	NON-POLYMER	?
9CI	non-polymer	?
9CJ	non-polymer	?
9CK	non-polymer	?
9CL	NON-POLYMER	?
9CM	NON-POLYMER	?
9CO	NON-POLYMER	?
9CP	NON-POLYMER	?
9CQ	non-polymer	?
9CR	NON-POLYMER	?
9CS	NON-POLYMER	?
9CT	NON-POLYMER	?
9CU	NON-POLYMER	?
9CV	NON-POLYMER	?
9CW	NON-POLYMER	?
9CX	NON-POLYMER	?
9CY	NON-POLYMER	?
9CZ	NON-POLYMER	?
9D0	NON-POLYMER	?
9D1	NON-POLYMER	?
9D2	NON-POLYMER	?
9D3	NON-POLYMER	?
9D4	NON-POLYMER	?
9D5	NON-POLYMER	?
9D6	NON-POLYMER	?
9D7	NON-POLYMER	?
9D8	NON-POLYMER	?
9D9	NON-POLYMER	?
9DA	NON-POLYMER	?
9DB	NON-POLYMER	?
9DC	NON-POLYMER	?
9DE	NON-POLYMER	?
9DF	non-polymer	?
9DG	NON-POLYMER	?
9DH	NON-POLYMER	?
9DI	NON-POLYMER	?
9DJ	NON-POLYMER	?
9DK	NON-POLYMER	?
9DL	non-polymer	?
9DN	L-PEPTIDE LINKING	ASN
9DO	non-polymer	?
9DP	NON-POLYMER	?
9DQ	NON-POLYMER	?
9DR	NON-POLYMER	?
9DS	L-PEPTIDE LINKING	GLY
9DT	L-peptide linking	PHE
9DU	NON-POLYMER	?
9DW	NON-POLYMER	?
9DX	NON-POLYMER	?
9DY	NON-POLYMER	?
9DZ	NON-POLYMER	?
9E0	NON-POLYMER	?
9E1	NON-POLYMER	?
9E2	NON-POLYMER	?
9E3	NON-POLYMER	?
9E4	NON-POLYMER	?
9E5	NON-POLYMER	?
9E6	NON-POLYMER	?
9E7	L-peptide linking	LYS
9E8	NON-POLYMER	?
9E9	NON-POLYMER	?
9EA	NON-POLYMER	?
9EB	NON-POLYMER	?
9EC	NON-POLYMER	?
9ED	non-polymer	?
9EE	NON-POLYMER	?
9EF	NON-POLYMER	?
9EG	NON-POLYMER	?
9EI	non-polymer	?
9EJ	NON-POLYMER	?
9EK	NON-POLYMER	?
9EL	NON-POLYMER	?
9EM	NON-POLYMER	?
9EN	NON-POLYMER	?
9EO	NON-POLYMER	?
9EP	NON-POLYMER	?
9EQ	NON-POLYMER	?
9ER	NON-POLYMER	?
9ES	NON-POLYMER	?
9ET	NON-POLYMER	?
9EU	NON-POLYMER	?
9EV	L-peptide linking	?
9EW	NON-POLYMER	?
9EX	NON-POLYMER	?
9EY	NON-POLYMER	?
9EZ	NON-POLYMER	?
9F0	NON-POLYMER	?
9F1	NON-POLYMER	?
9F2	NON-POLYMER	?
9F3	NON-POLYMER	?
9F4	non-polymer	?
9F5	NON-POLYMER	?
9F6	NON-POLYMER	?
9F7	NON-POLYMER	?
9F8	NON-POLYMER	?
9F9	non-polymer	?
9FA	NON-POLYMER	?
9FB	NON-POLYMER	?
9FC	NON-POLYMER	?
9FD	NON-POLYMER	?
9FE	NON-POLYMER	?
9FF	non-polymer	?
9FG	NON-POLYMER	?
9FH	NON-POLYMER	?
9FI	non-polymer	?
9FJ	NON-POLYMER	?
9FK	non-polymer	?
9FL	NON-POLYMER	?
9FM	NON-POLYMER	?
9FN	NON-POLYMER	?
9FO	NON-POLYMER	?
9FQ	NON-POLYMER	?
9FR	NON-POLYMER	?
9FS	NON-POLYMER	?
9FT	non-polymer	?
9FU	NON-POLYMER	?
9FV	NON-POLYMER	?
9FW	non-polymer	?
9FX	NON-POLYMER	?
9FZ	NON-POLYMER	?
9G0	NON-POLYMER	?
9G1	NON-POLYMER	?
9G2	NON-POLYMER	?
9G3	NON-POLYMER	?
9G4	non-polymer	?
9G5	NON-POLYMER	?
9G6	NON-POLYMER	?
9G7	NON-POLYMER	?
9G9	NON-POLYMER	?
9GA	NON-POLYMER	?
9GB	NON-POLYMER	?
9GC	non-polymer	?
9GD	NON-POLYMER	?
9GE	NON-POLYMER	?
9GF	NON-POLYMER	?
9GH	NON-POLYMER	?
9GI	non-polymer	?
9GJ	NON-POLYMER	?
9GK	NON-POLYMER	?
9GL	NON-POLYMER	?
9GM	NON-POLYMER	?
9GN	NON-POLYMER	?
9GP	D-saccharide	?
9GQ	NON-POLYMER	?
9GR	non-polymer	?
9GS	NON-POLYMER	?
9GT	NON-POLYMER	?
9GU	NON-POLYMER	?
9GV	NON-POLYMER	?
9GW	NON-POLYMER	?
9GX	NON-POLYMER	?
9GY	NON-POLYMER	?
9GZ	NON-POLYMER	?
9H2	NON-POLYMER	?
9H3	NON-POLYMER	?
9H4	NON-POLYMER	?
9H5	NON-POLYMER	?
9H6	NON-POLYMER	?
9H7	NON-POLYMER	?
9H8	NON-POLYMER	?
9H9	NON-POLYMER	?
9HA	non-polymer	?
9HB	NON-POLYMER	?
9HC	NON-POLYMER	?
9HD	NON-POLYMER	?
9HE	NON-POLYMER	?
9HF	NON-POLYMER	?
9HG	NON-POLYMER	?
9HH	NON-POLYMER	?
9HI	NON-POLYMER	?
9HJ	NON-POLYMER	?
9HK	NON-POLYMER	?
9HL	NON-POLYMER	?
9HN	NON-POLYMER	?
9HO	non-polymer	?
9HP	NON-POLYMER	?
9HQ	NON-POLYMER	?
9HR	non-polymer	?
9HS	NON-POLYMER	?
9HT	NON-POLYMER	?
9HU	NON-POLYMER	?
9HV	NON-POLYMER	?
9HW	NON-POLYMER	?
9HX	NON-POLYMER	?
9HY	NON-POLYMER	?
9HZ	NON-POLYMER	?
9I0	non-polymer	?
9I2	non-polymer	?
9I3	non-polymer	?
9I4	non-polymer	?
9I5	non-polymer	?
9I6	non-polymer	?
9I7	non-polymer	?
9I8	non-polymer	?
9I9	non-polymer	?
9IB	non-polymer	?
9IC	non-polymer	?
9ID	non-polymer	?
9IE	non-polymer	?
9IF	non-polymer	?
9IG	non-polymer	?
9IH	non-polymer	?
9II	non-polymer	?
9IJ	non-polymer	PHE
9IK	non-polymer	?
9IL	non-polymer	?
9IM	non-polymer	?
9IN	NON-POLYMER	?
9IO	non-polymer	?
9IP	NON-POLYMER	?
9IQ	non-polymer	?
9IR	non-polymer	?
9IS	non-polymer	?
9IT	non-polymer	?
9IU	non-polymer	?
9IV	non-polymer	?
9IW	non-polymer	?
9IX	non-polymer	?
9IY	non-polymer	?
9IZ	non-polymer	?
9J0	NON-POLYMER	?
9J1	NON-POLYMER	?
9J2	NON-POLYMER	?
9J3	NON-POLYMER	?
9J4	NON-POLYMER	?
9J5	NON-POLYMER	?
9J6	NON-POLYMER	?
9J7	NON-POLYMER	?
9J8	NON-POLYMER	?
9J9	non-polymer	?
9JA	NON-POLYMER	?
9JB	NON-POLYMER	?
9JC	L-peptide linking	?
9JD	NON-POLYMER	?
9JE	NON-POLYMER	?
9JF	NON-POLYMER	?
9JG	NON-POLYMER	?
9JH	non-polymer	?
9JI	non-polymer	?
9JJ	NON-POLYMER	?
9JK	NON-POLYMER	?
9JL	non-polymer	?
9JM	NON-POLYMER	?
9JN	NON-POLYMER	?
9JO	NON-POLYMER	?
9JP	NON-POLYMER	?
9JQ	NON-POLYMER	?
9JR	NON-POLYMER	?
9JS	NON-POLYMER	?
9JT	NON-POLYMER	?
9JU	NON-POLYMER	?
9JV	L-peptide linking	?
9JW	NON-POLYMER	?
9JX	NON-POLYMER	?
9JY	NON-POLYMER	?
9JZ	NON-POLYMER	?
9K0	NON-POLYMER	?
9K1	NON-POLYMER	?
9K2	NON-POLYMER	?
9K3	NON-POLYMER	?
9K4	NON-POLYMER	?
9K5	NON-POLYMER	?
9K6	NON-POLYMER	?
9K7	NON-POLYMER	?
9K8	NON-POLYMER	?
9K9	NON-POLYMER	?
9KB	NON-POLYMER	?
9KD	NON-POLYMER	?
9KE	NON-POLYMER	?
9KF	NON-POLYMER	?
9KG	NON-POLYMER	?
9KH	NON-POLYMER	?
9KI	non-polymer	?
9KJ	D-saccharide	GLC
9KK	L-peptide linking	?
9KL	NON-POLYMER	?
9KO	NON-POLYMER	?
9KP	L-peptide linking	LYS
9KQ	NON-POLYMER	?
9KR	NON-POLYMER	?
9KS	NON-POLYMER	?
9KT	NON-POLYMER	?
9KU	NON-POLYMER	?
9KV	NON-POLYMER	?
9KW	NON-POLYMER	?
9KX	NON-POLYMER	?
9KY	NON-POLYMER	?
9KZ	NON-POLYMER	?
9L0	non-polymer	?
9L1	NON-POLYMER	?
9L2	NON-POLYMER	?
9L3	NON-POLYMER	?
9L4	NON-POLYMER	?
9L5	NON-POLYMER	?
9L6	non-polymer	?
9L7	NON-POLYMER	?
9L8	NON-POLYMER	?
9L9	non-polymer	?
9LA	NON-POLYMER	?
9LB	NON-POLYMER	?
9LC	non-polymer	?
9LD	NON-POLYMER	?
9LE	NON-POLYMER	?
9LF	NON-POLYMER	?
9LG	NON-POLYMER	?
9LH	NON-POLYMER	?
9LI	NON-POLYMER	?
9LJ	NON-POLYMER	?
9LK	NON-POLYMER	?
9LL	NON-POLYMER	?
9LM	NON-POLYMER	?
9LN	NON-POLYMER	?
9LO	non-polymer	?
9LP	NON-POLYMER	?
9LQ	NON-POLYMER	?
9LR	non-polymer	?
9LS	NON-POLYMER	?
9LT	NON-POLYMER	?
9LU	NON-POLYMER	?
9LV	NON-POLYMER	?
9LW	NON-POLYMER	?
9LX	NON-POLYMER	?
9LY	NON-POLYMER	?
9LZ	NON-POLYMER	?
9M0	NON-POLYMER	?
9M1	NON-POLYMER	?
9M2	NON-POLYMER	?
9M3	NON-POLYMER	?
9M4	NON-POLYMER	?
9M5	non-polymer	?
9M6	NON-POLYMER	?
9M7	NON-POLYMER	?
9M8	NON-POLYMER	?
9M9	NON-POLYMER	?
9MA	NON-POLYMER	?
9MB	NON-POLYMER	?
9MC	NON-POLYMER	?
9MD	NON-POLYMER	?
9ME	NON-POLYMER	?
9MF	non-polymer	?
9MG	NON-POLYMER	?
9MH	NON-POLYMER	?
9MI	non-polymer	?
9MJ	NON-POLYMER	?
9MK	NON-POLYMER	?
9ML	NON-POLYMER	?
9MM	NON-POLYMER	?
9MN	L-peptide linking	?
9MP	NON-POLYMER	?
9MQ	non-polymer	?
9MR	D-saccharide	BGC
9MS	NON-POLYMER	?
9MT	NON-POLYMER	?
9MU	non-polymer	?
9MV	NON-POLYMER	?
9MW	non-polymer	?
9MX	non-polymer	?
9MY	NON-POLYMER	?
9MZ	NON-POLYMER	?
9N0	NON-POLYMER	?
9N1	NON-POLYMER	?
9N2	NON-POLYMER	?
9N3	NON-POLYMER	?
9N4	NON-POLYMER	?
9N5	NON-POLYMER	?
9N6	non-polymer	?
9N7	NON-POLYMER	?
9N8	NON-POLYMER	?
9N9	NON-POLYMER	?
9NA	NON-POLYMER	?
9NB	NON-POLYMER	?
9ND	NON-POLYMER	?
9NE	L-PEPTIDE LINKING	GLU
9NF	L-PEPTIDE LINKING	PHE
9NG	non-polymer	?
9NH	NON-POLYMER	?
9NI	non-polymer	?
9NJ	NON-POLYMER	?
9NK	NON-POLYMER	?
9NL	NON-POLYMER	?
9NM	NON-POLYMER	?
9NN	non-polymer	?
9NO	NON-POLYMER	?
9NP	NON-POLYMER	?
9NQ	NON-POLYMER	?
9NR	L-PEPTIDE LINKING	ARG
9NS	non-polymer	?
9NT	NON-POLYMER	?
9NU	non-polymer	?
9NV	L-PEPTIDE LINKING	VAL
9NW	NON-POLYMER	?
9NX	NON-POLYMER	?
9NY	non-polymer	?
9O0	NON-POLYMER	?
9O1	NON-POLYMER	?
9O2	NON-POLYMER	?
9O3	NON-POLYMER	?
9O4	DNA linking	?
9O5	NON-POLYMER	?
9O6	NON-POLYMER	?
9O7	non-polymer	?
9O8	non-polymer	?
9O9	NON-POLYMER	?
9OB	non-polymer	?
9OC	NON-POLYMER	?
9OD	NON-POLYMER	?
9OE	NON-POLYMER	?
9OF	NON-POLYMER	?
9OG	NON-POLYMER	?
9OH	NON-POLYMER	?
9OI	non-polymer	?
9OJ	NON-POLYMER	?
9OK	D-saccharide	FRU
9OL	NON-POLYMER	?
9OM	NON-POLYMER	?
9ON	NON-POLYMER	?
9OO	non-polymer	?
9OQ	NON-POLYMER	?
9OR	NON-POLYMER	?
9OS	NON-POLYMER	?
9OT	NON-POLYMER	?
9OU	NON-POLYMER	?
9OW	L-peptide linking	?
9OX	non-polymer	?
9OZ	non-polymer	?
9P0	non-polymer	?
9P1	NON-POLYMER	?
9P2	NON-POLYMER	?
9P3	NON-POLYMER	?
9P4	NON-POLYMER	?
9P5	non-polymer	?
9P6	NON-POLYMER	?
9P7	NON-POLYMER	?
9P8	NON-POLYMER	?
9P9	NON-POLYMER	?
9PA	NON-POLYMER	?
9PB	NON-POLYMER	?
9PC	NON-POLYMER	?
9PD	non-polymer	?
9PE	NON-POLYMER	?
9PF	NON-POLYMER	?
9PG	D-saccharide	GLA
9PH	NON-POLYMER	?
9PI	NON-POLYMER	?
9PJ	non-polymer	?
9PK	NON-POLYMER	?
9PL	NON-POLYMER	?
9PM	NON-POLYMER	?
9PN	NON-POLYMER	?
9PO	NON-POLYMER	?
9PP	NON-POLYMER	?
9PQ	NON-POLYMER	?
9PR	L-peptide COOH carboxy terminus	?
9PS	non-polymer	?
9PT	NON-POLYMER	?
9PV	non-polymer	?
9PW	NON-POLYMER	?
9PX	NON-POLYMER	?
9PY	non-polymer	?
9Q0	NON-POLYMER	?
9Q5	NON-POLYMER	?
9Q6	NON-POLYMER	?
9Q8	NON-POLYMER	?
9Q9	NON-POLYMER	?
9QA	NON-POLYMER	?
9QB	NON-POLYMER	?
9QC	NON-POLYMER	?
9QD	NON-POLYMER	?
9QF	NON-POLYMER	?
9QG	D-saccharide	GAL
9QI	non-polymer	?
9QJ	NON-POLYMER	?
9QK	NON-POLYMER	?
9QL	non-polymer	?
9QM	non-polymer	?
9QN	NON-POLYMER	?
9QO	NON-POLYMER	?
9QQ	NON-POLYMER	?
9QR	NON-POLYMER	?
9QT	NON-POLYMER	?
9QU	non-polymer	?
9QV	RNA linking	U
9QW	NON-POLYMER	?
9QY	NON-POLYMER	?
9QZ	saccharide	?
9R0	NON-POLYMER	?
9R1	L-peptide linking	?
9R2	NON-POLYMER	?
9R3	NON-POLYMER	?
9R4	L-peptide linking	?
9R5	NON-POLYMER	?
9R6	non-polymer	?
9R7	L-peptide linking	?
9R8	NON-POLYMER	?
9R9	NON-POLYMER	?
9RA	NON-POLYMER	?
9RB	NON-POLYMER	?
9RC	NON-POLYMER	?
9RD	NON-POLYMER	?
9RF	NON-POLYMER	?
9RH	NON-POLYMER	?
9RI	non-polymer	LYS
9RJ	non-polymer	?
9RK	NON-POLYMER	?
9RL	NON-POLYMER	?
9RM	NON-POLYMER	?
9RN	D-saccharide, alpha linking	?
9RO	NON-POLYMER	?
9RP	NON-POLYMER	?
9RQ	NON-POLYMER	?
9RR	NON-POLYMER	?
9RS	NON-POLYMER	?
9RT	NON-POLYMER	?
9RU	NON-POLYMER	?
9RV	NON-POLYMER	?
9RW	NON-POLYMER	?
9RX	NON-POLYMER	?
9RY	NON-POLYMER	?
9RZ	NON-POLYMER	?
9S0	NON-POLYMER	?
9S1	NON-POLYMER	?
9S2	non-polymer	?
9S3	non-polymer	?
9S4	NON-POLYMER	?
9S5	non-polymer	?
9S6	NON-POLYMER	?
9S7	D-saccharide	?
9S8	NON-POLYMER	?
9SB	NON-POLYMER	?
9SC	NON-POLYMER	?
9SD	NON-POLYMER	?
9SE	NON-POLYMER	?
9SF	NON-POLYMER	?
9SG	D-saccharide	?
9SI	RNA linking	A
9SJ	D-saccharide	?
9SK	NON-POLYMER	?
9SL	NON-POLYMER	?
9SM	D-saccharide	?
9SN	NON-POLYMER	?
9SO	non-polymer	?
9SP	D-saccharide	?
9SQ	NON-POLYMER	?
9SR	NON-POLYMER	?
9SS	non-polymer	?
9ST	NON-POLYMER	?
9SU	NON-POLYMER	?
9SV	NON-POLYMER	?
9SW	NON-POLYMER	?
9SY	RNA linking	A
9SZ	NON-POLYMER	?
9T0	NON-POLYMER	?
9T1	L-saccharide	?
9T2	NON-POLYMER	?
9T4	non-polymer	?
9T6	NON-POLYMER	?
9T7	D-saccharide	?
9T8	NON-POLYMER	?
9T9	NON-POLYMER	?
9TA	NON-POLYMER	?
9TB	NON-POLYMER	?
9TC	non-polymer	?
9TD	NON-POLYMER	?
9TE	NON-POLYMER	?
9TF	NON-POLYMER	?
9TG	NON-POLYMER	?
9TH	non-polymer	?
9TI	non-polymer	?
9TJ	NON-POLYMER	?
9TK	NON-POLYMER	?
9TL	NON-POLYMER	?
9TM	NON-POLYMER	?
9TN	non-polymer	?
9TO	NON-POLYMER	?
9TP	NON-POLYMER	?
9TQ	NON-POLYMER	?
9TR	peptide linking	LYS
9TS	NON-POLYMER	?
9TT	NON-POLYMER	?
9TU	peptide linking	LYS
9TV	NON-POLYMER	?
9TW	NON-POLYMER	?
9TX	peptide linking	LYS
9TY	NON-POLYMER	?
9TZ	NON-POLYMER	?
9U0	peptide linking	LYS
9U1	non-polymer	?
9U2	NON-POLYMER	?
9U3	NON-POLYMER	?
9U4	NON-POLYMER	?
9U5	NON-POLYMER	?
9U6	peptide linking	?
9U7	NON-POLYMER	?
9U8	NON-POLYMER	?
9U9	peptide linking	?
9UA	NON-POLYMER	?
9UB	NON-POLYMER	?
9UC	peptide linking	?
9UD	NON-POLYMER	?
9UE	NON-POLYMER	?
9UF	peptide linking	?
9UG	NON-POLYMER	?
9UH	non-polymer	?
9UJ	non-polymer	?
9UK	NON-POLYMER	?
9UL	NON-POLYMER	?
9UM	NON-POLYMER	?
9UN	NON-POLYMER	?
9UO	NON-POLYMER	?
9UP	NON-POLYMER	?
9UQ	NON-POLYMER	?
9UR	non-polymer	?
9US	non-polymer	?
9UT	NON-POLYMER	?
9UU	non-polymer	?
9UV	non-polymer	?
9UW	NON-POLYMER	?
9UX	NON-POLYMER	?
9UY	NON-POLYMER	?
9UZ	NON-POLYMER	?
9V0	peptide linking	?
9V1	NON-POLYMER	?
9V2	NON-POLYMER	?
9V3	non-polymer	?
9V4	non-polymer	?
9V5	NON-POLYMER	?
9V6	peptide linking	?
9V7	NON-POLYMER	?
9V8	NON-POLYMER	?
9V9	RNA linking	?
9VA	NON-POLYMER	?
9VC	peptide linking	?
9VD	NON-POLYMER	?
9VE	NON-POLYMER	?
9VF	peptide linking	?
9VG	NON-POLYMER	?
9VH	NON-POLYMER	?
9VI	non-polymer	?
9VK	NON-POLYMER	?
9VL	peptide linking	?
9VN	NON-POLYMER	?
9VO	non-polymer	?
9VP	D-saccharide	?
9VQ	NON-POLYMER	?
9VR	peptide linking	?
9VS	NON-POLYMER	?
9VT	NON-POLYMER	?
9VU	non-polymer	?
9VV	non-polymer	?
9VW	NON-POLYMER	?
9VY	NON-POLYMER	?
9VZ	NON-POLYMER	?
9W1	NON-POLYMER	?
9W2	NON-POLYMER	?
9W3	non-polymer	?
9W4	NON-POLYMER	?
9W5	NON-POLYMER	?
9W6	NON-POLYMER	?
9W7	NON-POLYMER	?
9W8	NON-POLYMER	?
9W9	non-polymer	?
9WA	NON-POLYMER	?
9WB	NON-POLYMER	?
9WC	non-polymer	?
9WD	NON-POLYMER	?
9WE	NON-POLYMER	?
9WG	NON-POLYMER	?
9WH	NON-POLYMER	?
9WI	non-polymer	?
9WJ	D-saccharide, beta linking	?
9WK	NON-POLYMER	?
9WM	NON-POLYMER	?
9WN	D-saccharide	GLC
9WO	NON-POLYMER	?
9WP	NON-POLYMER	?
9WQ	non-polymer	?
9WR	NON-POLYMER	?
9WS	NON-POLYMER	?
9WT	NON-POLYMER	?
9WU	non-polymer	?
9WV	L-peptide linking	ALA
9WW	non-polymer	?
9WX	NON-POLYMER	?
9WY	NON-POLYMER	?
9WZ	D-saccharide	FRU
9X0	NON-POLYMER	?
9X1	NON-POLYMER	?
9X2	non-polymer	?
9X3	non-polymer	?
9X4	NON-POLYMER	?
9X5	NON-POLYMER	?
9X6	non-polymer	?
9X7	NON-POLYMER	?
9X8	NON-POLYMER	?
9X9	NON-POLYMER	?
9XA	NON-POLYMER	?
9XB	NON-POLYMER	?
9XC	NON-POLYMER	?
9XE	NON-POLYMER	?
9XF	NON-POLYMER	?
9XG	NON-POLYMER	?
9XH	NON-POLYMER	?
9XI	non-polymer	?
9XJ	NON-POLYMER	?
9XK	NON-POLYMER	?
9XL	non-polymer	?
9XM	non-polymer	?
9XN	NON-POLYMER	?
9XO	non-polymer	?
9XP	NON-POLYMER	?
9XQ	NON-POLYMER	?
9XR	non-polymer	?
9XS	non-polymer	?
9XT	NON-POLYMER	?
9XU	non-polymer	?
9XV	NON-POLYMER	?
9XW	NON-POLYMER	?
9XX	NON-POLYMER	?
9XY	NON-POLYMER	?
9XZ	non-polymer	?
9Y0	NON-POLYMER	?
9Y1	NON-POLYMER	?
9Y2	NON-POLYMER	?
9Y3	NON-POLYMER	?
9Y4	non-polymer	?
9Y5	NON-POLYMER	?
9Y6	NON-POLYMER	?
9Y7	NON-POLYMER	?
9Y8	NON-POLYMER	?
9Y9	NON-POLYMER	?
9YA	NON-POLYMER	?
9YB	NON-POLYMER	?
9YC	non-polymer	?
9YD	NON-POLYMER	?
9YE	NON-POLYMER	?
9YF	NON-POLYMER	?
9YG	NON-POLYMER	?
9YH	NON-POLYMER	?
9YI	non-polymer	?
9YJ	NON-POLYMER	?
9YK	NON-POLYMER	?
9YL	NON-POLYMER	?
9YM	NON-POLYMER	?
9YN	NON-POLYMER	?
9YO	NON-POLYMER	?
9YP	NON-POLYMER	?
9YQ	NON-POLYMER	?
9YR	non-polymer	?
9YS	NON-POLYMER	?
9YT	NON-POLYMER	?
9YU	non-polymer	?
9YV	NON-POLYMER	?
9YW	D-saccharide	GLC
9YX	non-polymer	?
9YY	NON-POLYMER	?
9YZ	NON-POLYMER	?
9Z0	NON-POLYMER	?
9Z1	NON-POLYMER	?
9Z2	NON-POLYMER	?
9Z3	NON-POLYMER	?
9Z4	NON-POLYMER	?
9Z5	non-polymer	?
9Z6	NON-POLYMER	?
9Z7	NON-POLYMER	?
9Z8	non-polymer	?
9Z9	NON-POLYMER	?
9ZA	non-polymer	?
9ZB	NON-POLYMER	?
9ZC	NON-POLYMER	?
9ZD	NON-POLYMER	?
9ZE	NON-POLYMER	?
9ZF	NON-POLYMER	?
9ZG	non-polymer	?
9ZH	non-polymer	?
9ZJ	NON-POLYMER	?
9ZK	NON-POLYMER	?
9ZL	non-polymer	?
9ZM	NON-POLYMER	?
9ZN	non-polymer	?
9ZO	non-polymer	?
9ZP	non-polymer	?
9ZQ	NON-POLYMER	?
9ZR	non-polymer	?
9ZS	NON-POLYMER	?
9ZT	non-polymer	?
9ZU	non-polymer	?
9ZV	NON-POLYMER	?
9ZW	non-polymer	?
9ZX	non-polymer	?
9ZY	NON-POLYMER	?
9ZZ	NON-POLYMER	?
A	RNA LINKING	?
A00	NON-POLYMER	?
A01	non-polymer	?
A02	peptide-like	?
A03	peptide-like	?
A04	NON-POLYMER	?
A05	NON-POLYMER	?
A06	non-polymer	?
A07	NON-POLYMER	?
A08	NON-POLYMER	?
A09	NON-POLYMER	?
A0A	non-polymer	?
A0B	NON-POLYMER	?
A0C	non-polymer	?
A0D	NON-POLYMER	?
A0E	non-polymer	?
A0F	non-polymer	?
A0G	L-peptide linking	?
A0H	NON-POLYMER	?
A0I	non-polymer	?
A0J	non-polymer	?
A0K	D-saccharide	GLC
A0L	NON-POLYMER	?
A0M	non-polymer	?
A0O	NON-POLYMER	?
A0P	NON-POLYMER	?
A0Q	NON-POLYMER	?
A0R	NON-POLYMER	?
A0S	NON-POLYMER	?
A0T	NON-POLYMER	?
A0U	non-polymer	?
A0V	NON-POLYMER	?
A0W	NON-POLYMER	?
A0X	non-polymer	?
A0Y	NON-POLYMER	?
A0Z	NON-POLYMER	?
A11	NON-POLYMER	?
A12	NON-POLYMER	?
A13	NON-POLYMER	?
A14	NON-POLYMER	?
A15	NON-POLYMER	?
A16	non-polymer	?
A17	NON-POLYMER	?
A18	NON-POLYMER	?
A19	NON-POLYMER	?
A1A	NON-POLYMER	?
A1A00	non-polymer	?
A1A01	non-polymer	?
A1A02	non-polymer	?
A1A03	non-polymer	?
A1A04	non-polymer	?
A1A05	non-polymer	?
A1A06	non-polymer	?
A1A07	non-polymer	?
A1A08	non-polymer	?
A1A09	non-polymer	?
A1A0A	non-polymer	?
A1A0B	non-polymer	?
A1A0C	non-polymer	?
A1A0D	non-polymer	?
A1A0E	non-polymer	?
A1A0F	non-polymer	?
A1A0G	non-polymer	?
A1A0H	non-polymer	?
A1A0I	non-polymer	?
A1A0J	non-polymer	?
A1A0K	non-polymer	?
A1A0L	DNA linking	?
A1A0M	non-polymer	?
A1A0N	non-polymer	?
A1A0O	non-polymer	?
A1A0P	non-polymer	?
A1A0Q	non-polymer	?
A1A0R	non-polymer	?
A1A0S	non-polymer	?
A1A0T	non-polymer	?
A1A0U	non-polymer	?
A1A0V	non-polymer	?
A1A0X	non-polymer	ALA
A1A0Z	non-polymer	?
A1A10	non-polymer	?
A1A12	non-polymer	?
A1A13	non-polymer	?
A1A14	non-polymer	?
A1A15	non-polymer	?
A1A16	non-polymer	?
A1A17	non-polymer	?
A1A18	non-polymer	?
A1A19	non-polymer	?
A1A1A	non-polymer	?
A1A1B	non-polymer	?
A1A1C	non-polymer	?
A1A1D	non-polymer	?
A1A1E	non-polymer	?
A1A1F	non-polymer	?
A1A1H	non-polymer	?
A1A1I	non-polymer	?
A1A1J	non-polymer	?
A1A1K	non-polymer	?
A1A1L	non-polymer	?
A1A1N	non-polymer	?
A1A1O	non-polymer	?
A1A1P	non-polymer	?
A1A1Q	non-polymer	?
A1A1R	non-polymer	?
A1A1S	non-polymer	?
A1A1T	non-polymer	?
A1A1U	non-polymer	?
A1A1V	non-polymer	?
A1A1W	non-polymer	?
A1A1X	non-polymer	?
A1A1Y	non-polymer	?
A1A1Z	non-polymer	?
A1A20	non-polymer	?
A1A21	non-polymer	?
A1A22	non-polymer	?
A1A23	non-polymer	?
A1A24	non-polymer	?
A1A25	non-polymer	?
A1A26	non-polymer	?
A1A27	non-polymer	?
A1A28	non-polymer	?
A1A29	non-polymer	?
A1A2A	non-polymer	?
A1A2B	non-polymer	?
A1A2C	non-polymer	?
A1A2D	non-polymer	?
A1A2E	non-polymer	?
A1A2F	non-polymer	?
A1A2G	non-polymer	?
A1A2H	non-polymer	?
A1A2I	peptide linking	?
A1A2J	peptide-like	?
A1A2K	D-peptide linking	?
A1A2L	non-polymer	?
A1A2O	non-polymer	?
A1A2P	non-polymer	?
A1A2Q	non-polymer	?
A1A2R	non-polymer	?
A1A2S	non-polymer	?
A1A2T	non-polymer	?
A1A2V	non-polymer	?
A1A2Y	non-polymer	TRP
A1A2Z	non-polymer	TRP
A1A30	non-polymer	?
A1A31	non-polymer	?
A1A32	non-polymer	?
A1A33	non-polymer	?
A1A34	non-polymer	?
A1A35	non-polymer	?
A1A36	non-polymer	?
A1A37	non-polymer	?
A1A38	non-polymer	?
A1A39	non-polymer	?
A1A3A	non-polymer	?
A1A3B	non-polymer	?
A1A3C	non-polymer	?
A1A3D	non-polymer	?
A1A3E	non-polymer	?
A1A3F	non-polymer	?
A1A3G	non-polymer	?
A1A3H	non-polymer	?
A1A3I	non-polymer	?
A1A3J	non-polymer	?
A1A3K	non-polymer	?
A1A3L	non-polymer	?
A1A3M	L-peptide linking	PRO
A1A3N	non-polymer	?
A1A3O	non-polymer	?
A1A3P	non-polymer	?
A1A3Q	non-polymer	?
A1A3R	non-polymer	?
A1A3S	non-polymer	?
A1A3T	non-polymer	?
A1A3U	non-polymer	?
A1A3V	non-polymer	?
A1A3W	non-polymer	?
A1A3X	non-polymer	?
A1A3Y	non-polymer	?
A1A3Z	non-polymer	?
A1A40	non-polymer	?
A1A41	non-polymer	?
A1A42	non-polymer	?
A1A43	non-polymer	?
A1A44	non-polymer	?
A1A45	non-polymer	?
A1A46	non-polymer	?
A1A47	non-polymer	?
A1A48	L-peptide linking	?
A1A49	non-polymer	?
A1A4A	non-polymer	?
A1A4B	non-polymer	?
A1A4C	non-polymer	?
A1A4D	non-polymer	?
A1A4E	non-polymer	?
A1A4F	non-polymer	?
A1A4G	non-polymer	?
A1A4H	non-polymer	?
A1A4I	non-polymer	?
A1A4J	non-polymer	?
A1A4K	non-polymer	?
A1A4L	non-polymer	?
A1A4M	non-polymer	?
A1A4N	non-polymer	?
A1A4O	non-polymer	?
A1A4P	non-polymer	?
A1A4Q	non-polymer	?
A1A4R	non-polymer	?
A1A4S	non-polymer	?
A1A4T	non-polymer	?
A1A4U	non-polymer	?
A1A4V	non-polymer	?
A1A4W	non-polymer	?
A1A4X	non-polymer	?
A1A4Y	non-polymer	?
A1A50	non-polymer	?
A1A51	non-polymer	?
A1A52	non-polymer	?
A1A53	non-polymer	?
A1A54	non-polymer	?
A1A55	non-polymer	?
A1A56	non-polymer	?
A1A57	non-polymer	?
A1A58	non-polymer	?
A1A59	non-polymer	?
A1A5A	non-polymer	?
A1A5B	non-polymer	?
A1A5C	non-polymer	?
A1A5D	non-polymer	?
A1A5E	non-polymer	?
A1A5F	non-polymer	?
A1A5G	non-polymer	?
A1A5H	non-polymer	?
A1A5I	non-polymer	?
A1A5J	non-polymer	?
A1A5K	non-polymer	?
A1A5L	non-polymer	?
A1A5P	non-polymer	?
A1A5Q	non-polymer	?
A1A5S	L-peptide linking	TRP
A1A5T	L-peptide linking	LEU
A1A5U	non-polymer	?
A1A5V	non-polymer	?
A1A5W	non-polymer	?
A1A5X	non-polymer	?
A1A5Y	non-polymer	?
A1A5Z	non-polymer	?
A1A60	non-polymer	?
A1A61	non-polymer	?
A1A62	non-polymer	?
A1A63	non-polymer	?
A1A64	non-polymer	?
A1A65	non-polymer	?
A1A66	non-polymer	?
A1A68	non-polymer	?
A1A69	non-polymer	?
A1A6A	non-polymer	?
A1A6B	non-polymer	?
A1A6C	non-polymer	?
A1A6D	non-polymer	?
A1A6E	non-polymer	?
A1A6F	non-polymer	?
A1A6H	non-polymer	?
A1A6I	non-polymer	?
A1A6J	non-polymer	?
A1A6K	non-polymer	?
A1A6L	non-polymer	?
A1A6M	non-polymer	?
A1A6N	non-polymer	?
A1A6O	non-polymer	?
A1A6P	non-polymer	?
A1A6Q	non-polymer	?
A1A6R	non-polymer	?
A1A6U	non-polymer	?
A1A6V	non-polymer	?
A1A6X	non-polymer	?
A1A6Y	non-polymer	?
A1A6Z	non-polymer	?
A1A70	non-polymer	?
A1A71	non-polymer	?
A1A72	non-polymer	?
A1A73	non-polymer	?
A1A75	non-polymer	?
A1A76	non-polymer	?
A1A77	non-polymer	?
A1A78	non-polymer	?
A1A79	non-polymer	?
A1A7A	non-polymer	?
A1A7B	non-polymer	?
A1A7C	non-polymer	?
A1A7D	non-polymer	?
A1A7E	non-polymer	?
A1A7F	non-polymer	?
A1A7G	non-polymer	?
A1A7H	non-polymer	?
A1A7I	non-polymer	?
A1A7J	non-polymer	?
A1A7K	non-polymer	?
A1A7L	non-polymer	?
A1A7M	non-polymer	?
A1A7O	non-polymer	?
A1A7P	non-polymer	?
A1A7Q	non-polymer	?
A1A7R	L-peptide linking	HIS
A1A7S	non-polymer	?
A1A7T	non-polymer	?
A1A7V	L-peptide linking	CYS
A1A7W	non-polymer	?
A1A7X	non-polymer	?
A1A7Y	non-polymer	?
A1A7Z	non-polymer	?
A1A80	non-polymer	?
A1A81	non-polymer	?
A1A82	non-polymer	?
A1A83	non-polymer	?
A1A84	non-polymer	?
A1A85	non-polymer	?
A1A86	non-polymer	?
A1A87	non-polymer	?
A1A88	non-polymer	?
A1A89	non-polymer	?
A1A8B	non-polymer	?
A1A8D	non-polymer	?
A1A8E	non-polymer	?
A1A8F	non-polymer	?
A1A8G	non-polymer	?
A1A8H	non-polymer	?
A1A8I	non-polymer	?
A1A8J	non-polymer	?
A1A8K	non-polymer	?
A1A8L	non-polymer	?
A1A8M	non-polymer	?
A1A8N	non-polymer	?
A1A8O	non-polymer	?
A1A8P	non-polymer	?
A1A8R	non-polymer	?
A1A8T	L-peptide linking	VAL
A1A8U	non-polymer	?
A1A8V	non-polymer	?
A1A8W	non-polymer	?
A1A8X	non-polymer	?
A1A8Z	non-polymer	?
A1A90	non-polymer	?
A1A91	non-polymer	?
A1A92	non-polymer	?
A1A93	non-polymer	?
A1A94	non-polymer	?
A1A95	non-polymer	?
A1A96	non-polymer	?
A1A97	non-polymer	?
A1A98	non-polymer	?
A1A99	non-polymer	?
A1A9A	non-polymer	?
A1A9B	non-polymer	?
A1A9D	non-polymer	?
A1A9E	non-polymer	?
A1A9F	non-polymer	?
A1A9G	non-polymer	?
A1A9H	non-polymer	?
A1A9I	non-polymer	?
A1A9J	non-polymer	?
A1A9K	non-polymer	?
A1A9L	non-polymer	?
A1A9M	non-polymer	?
A1A9N	non-polymer	?
A1A9O	non-polymer	?
A1A9P	non-polymer	?
A1A9Q	non-polymer	?
A1A9R	non-polymer	?
A1A9S	non-polymer	?
A1A9T	non-polymer	?
A1A9U	non-polymer	?
A1A9V	non-polymer	?
A1A9W	non-polymer	?
A1A9X	non-polymer	?
A1A9Y	non-polymer	?
A1A9Z	non-polymer	?
A1AA0	non-polymer	?
A1AA1	non-polymer	?
A1AA2	non-polymer	?
A1AA3	non-polymer	?
A1AA6	non-polymer	?
A1AA7	non-polymer	?
A1AA8	non-polymer	?
A1AA9	non-polymer	?
A1AAA	non-polymer	?
A1AAB	non-polymer	?
A1AAC	non-polymer	?
A1AAD	non-polymer	?
A1AAE	non-polymer	?
A1AAF	non-polymer	?
A1AAG	non-polymer	?
A1AAJ	non-polymer	?
A1AAK	non-polymer	?
A1AAL	non-polymer	?
A1AAM	non-polymer	?
A1AAN	non-polymer	?
A1AAO	non-polymer	?
A1AAQ	non-polymer	?
A1AAR	non-polymer	?
A1AAS	non-polymer	?
A1AAT	non-polymer	?
A1AAU	non-polymer	?
A1AAV	non-polymer	?
A1AAW	non-polymer	?
A1AAX	non-polymer	?
A1AAY	non-polymer	?
A1AAZ	DNA linking	DT
A1AB0	non-polymer	?
A1AB1	non-polymer	?
A1AB3	non-polymer	?
A1AB5	non-polymer	?
A1AB6	non-polymer	?
A1AB7	non-polymer	?
A1AB8	non-polymer	?
A1AB9	non-polymer	?
A1ABA	non-polymer	?
A1ABB	non-polymer	?
A1ABC	non-polymer	?
A1ABD	non-polymer	?
A1ABE	non-polymer	?
A1ABF	non-polymer	?
A1ABG	non-polymer	?
A1ABH	non-polymer	?
A1ABI	non-polymer	?
A1ABJ	non-polymer	?
A1ABK	non-polymer	?
A1ABL	non-polymer	?
A1ABM	non-polymer	?
A1ABN	non-polymer	?
A1ABO	non-polymer	?
A1ABP	non-polymer	?
A1ABQ	non-polymer	?
A1ABR	non-polymer	?
A1ABS	non-polymer	?
A1ABT	non-polymer	?
A1ABU	non-polymer	?
A1ABV	non-polymer	?
A1ABW	non-polymer	?
A1ABX	non-polymer	?
A1ABY	non-polymer	?
A1ABZ	non-polymer	?
A1AC0	non-polymer	?
A1AC1	non-polymer	?
A1AC4	non-polymer	?
A1AC5	non-polymer	?
A1AC6	non-polymer	?
A1AC7	non-polymer	?
A1AC8	non-polymer	?
A1AC9	non-polymer	?
A1ACA	non-polymer	?
A1ACB	non-polymer	?
A1ACC	non-polymer	?
A1ACD	non-polymer	?
A1ACE	non-polymer	?
A1ACH	non-polymer	?
A1ACI	non-polymer	?
A1ACJ	non-polymer	?
A1ACK	non-polymer	?
A1ACL	non-polymer	?
A1ACN	non-polymer	?
A1ACP	non-polymer	?
A1ACR	non-polymer	?
A1ACS	non-polymer	?
A1ACT	non-polymer	?
A1ACV	non-polymer	?
A1ACW	non-polymer	?
A1ACX	non-polymer	?
A1ACY	non-polymer	?
A1ACZ	non-polymer	?
A1AD0	non-polymer	?
A1AD1	non-polymer	?
A1AD3	non-polymer	?
A1AD4	non-polymer	?
A1AD5	non-polymer	?
A1AD6	non-polymer	?
A1AD7	non-polymer	?
A1AD8	non-polymer	?
A1AD9	non-polymer	?
A1ADA	non-polymer	?
A1ADB	non-polymer	?
A1ADC	non-polymer	?
A1ADD	non-polymer	?
A1ADE	non-polymer	?
A1ADF	non-polymer	?
A1ADG	non-polymer	?
A1ADH	non-polymer	?
A1ADI	non-polymer	?
A1ADJ	non-polymer	?
A1ADK	non-polymer	?
A1ADL	non-polymer	?
A1ADM	non-polymer	?
A1ADN	non-polymer	?
A1ADO	L-peptide linking	LEU
A1ADP	non-polymer	?
A1ADQ	non-polymer	?
A1ADS	non-polymer	?
A1ADT	non-polymer	?
A1ADU	non-polymer	?
A1ADV	non-polymer	?
A1ADW	L-peptide linking	?
A1ADX	non-polymer	?
A1ADY	L-peptide linking	?
A1ADZ	L-peptide linking	?
A1AE0	non-polymer	?
A1AE1	non-polymer	?
A1AE2	non-polymer	?
A1AE3	non-polymer	?
A1AE4	non-polymer	?
A1AE5	non-polymer	?
A1AE6	non-polymer	?
A1AE7	non-polymer	?
A1AE8	non-polymer	?
A1AE9	non-polymer	?
A1AEA	non-polymer	?
A1AEB	non-polymer	?
A1AEC	non-polymer	?
A1AED	non-polymer	?
A1AEE	non-polymer	?
A1AEF	non-polymer	?
A1AEG	non-polymer	?
A1AEI	non-polymer	?
A1AEJ	non-polymer	?
A1AEK	non-polymer	?
A1AEL	non-polymer	?
A1AEM	non-polymer	?
A1AEN	non-polymer	?
A1AEO	non-polymer	?
A1AEP	non-polymer	?
A1AEQ	non-polymer	?
A1AER	non-polymer	?
A1AET	non-polymer	?
A1AEU	non-polymer	?
A1AEV	non-polymer	?
A1AEW	non-polymer	?
A1AEY	non-polymer	?
A1AEZ	non-polymer	?
A1AF4	non-polymer	?
A1AF5	non-polymer	?
A1AF6	non-polymer	?
A1AF7	non-polymer	?
A1AF8	non-polymer	?
A1AFA	non-polymer	?
A1AFC	non-polymer	?
A1AFD	non-polymer	?
A1AFE	non-polymer	?
A1AFF	non-polymer	?
A1AFG	non-polymer	?
A1AFH	non-polymer	?
A1AFO	non-polymer	?
A1AFR	non-polymer	?
A1AFT	non-polymer	?
A1AFU	non-polymer	?
A1AFV	non-polymer	?
A1AFW	non-polymer	?
A1AFX	non-polymer	?
A1AFY	non-polymer	?
A1AG0	non-polymer	?
A1AG1	non-polymer	?
A1AG2	non-polymer	?
A1AG3	non-polymer	?
A1AG4	non-polymer	?
A1AG5	non-polymer	?
A1AG6	non-polymer	?
A1AG7	non-polymer	?
A1AG8	non-polymer	?
A1AGA	non-polymer	?
A1AGB	non-polymer	?
A1AGD	non-polymer	?
A1AGE	non-polymer	?
A1AGF	non-polymer	?
A1AGG	non-polymer	?
A1AGH	non-polymer	?
A1AGI	non-polymer	?
A1AGJ	non-polymer	?
A1AGK	non-polymer	?
A1AGL	non-polymer	?
A1AGM	non-polymer	?
A1AGN	non-polymer	?
A1AGO	non-polymer	?
A1AGP	non-polymer	?
A1AGQ	non-polymer	?
A1AGR	non-polymer	?
A1AGS	non-polymer	?
A1AGT	non-polymer	?
A1AGU	non-polymer	?
A1AGV	non-polymer	?
A1AGW	non-polymer	?
A1AGX	non-polymer	?
A1AGY	non-polymer	?
A1AGZ	non-polymer	?
A1AH0	non-polymer	?
A1AH1	non-polymer	?
A1AH2	non-polymer	?
A1AH3	non-polymer	?
A1AH4	non-polymer	?
A1AH6	non-polymer	?
A1AH7	non-polymer	?
A1AH8	non-polymer	?
A1AH9	non-polymer	?
A1AHA	non-polymer	?
A1AHB	non-polymer	?
A1AHC	non-polymer	?
A1AHE	non-polymer	?
A1AHF	non-polymer	?
A1AHG	non-polymer	?
A1AHH	non-polymer	?
A1AHI	non-polymer	?
A1AHJ	non-polymer	?
A1AHK	non-polymer	?
A1AHL	non-polymer	?
A1AHM	non-polymer	?
A1AHN	non-polymer	?
A1AHO	non-polymer	?
A1AHP	non-polymer	?
A1AHQ	non-polymer	?
A1AHR	non-polymer	?
A1AHS	non-polymer	?
A1AHU	non-polymer	?
A1AHV	non-polymer	?
A1AHW	non-polymer	?
A1AHX	non-polymer	?
A1AHY	non-polymer	?
A1AHZ	non-polymer	?
A1AI0	non-polymer	?
A1AI1	non-polymer	?
A1AI2	non-polymer	?
A1AI3	non-polymer	?
A1AI4	non-polymer	?
A1AI5	non-polymer	?
A1AI6	non-polymer	?
A1AI7	non-polymer	?
A1AI8	non-polymer	?
A1AI9	non-polymer	?
A1AIA	non-polymer	?
A1AIB	non-polymer	?
A1AIC	non-polymer	?
A1AID	non-polymer	?
A1AIE	non-polymer	?
A1AIF	non-polymer	?
A1AIG	non-polymer	?
A1AIH	non-polymer	?
A1AIJ	non-polymer	?
A1AIK	non-polymer	?
A1AIL	non-polymer	?
A1AIM	non-polymer	?
A1AIN	non-polymer	?
A1AIO	L-saccharide	?
A1AIP	non-polymer	?
A1AIR	non-polymer	?
A1AIS	non-polymer	?
A1AIT	non-polymer	?
A1AIU	non-polymer	?
A1AIV	non-polymer	?
A1AIW	non-polymer	?
A1AIX	non-polymer	?
A1AIY	non-polymer	?
A1AIZ	non-polymer	?
A1AJ0	non-polymer	?
A1AJ1	non-polymer	?
A1AJ2	non-polymer	?
A1AJ3	non-polymer	?
A1AJ4	non-polymer	?
A1AJ5	non-polymer	?
A1AJ6	non-polymer	?
A1AJ7	non-polymer	?
A1AJ8	non-polymer	?
A1AJ9	non-polymer	?
A1AJA	non-polymer	?
A1AJB	non-polymer	?
A1AJC	non-polymer	?
A1AJD	non-polymer	?
A1AJE	non-polymer	?
A1AJF	non-polymer	?
A1AJG	non-polymer	?
A1AJH	non-polymer	?
A1AJI	non-polymer	?
A1AJJ	non-polymer	?
A1AJK	non-polymer	?
A1AJL	non-polymer	?
A1AJM	non-polymer	?
A1AJN	non-polymer	?
A1AJO	non-polymer	?
A1AJP	non-polymer	?
A1AJQ	non-polymer	?
A1AJR	non-polymer	?
A1AJS	non-polymer	?
A1AJT	non-polymer	?
A1AJU	non-polymer	?
A1AJV	non-polymer	?
A1AJW	non-polymer	?
A1AJX	non-polymer	?
A1AJY	non-polymer	?
A1AJZ	non-polymer	?
A1AK0	non-polymer	?
A1AK1	non-polymer	?
A1AK2	non-polymer	?
A1AK3	non-polymer	?
A1AK4	non-polymer	?
A1AK5	non-polymer	?
A1AK6	non-polymer	?
A1AK7	non-polymer	?
A1AK8	non-polymer	?
A1AK9	non-polymer	?
A1AKA	non-polymer	?
A1AKB	non-polymer	?
A1AKC	non-polymer	?
A1AKD	non-polymer	?
A1AKE	non-polymer	?
A1AKF	non-polymer	?
A1AKG	non-polymer	?
A1AKH	non-polymer	?
A1AKI	non-polymer	?
A1AKJ	non-polymer	?
A1AKL	non-polymer	?
A1AKM	non-polymer	?
A1AKN	non-polymer	?
A1AKO	non-polymer	?
A1AKP	non-polymer	?
A1AKQ	non-polymer	?
A1AKR	non-polymer	?
A1AKS	non-polymer	?
A1AKT	non-polymer	?
A1AKU	non-polymer	?
A1AKV	non-polymer	?
A1AKY	non-polymer	?
A1AKZ	non-polymer	?
A1AL0	non-polymer	?
A1AL1	non-polymer	?
A1AL2	non-polymer	?
A1AL3	non-polymer	?
A1AL4	non-polymer	?
A1AL5	non-polymer	?
A1AL6	non-polymer	?
A1AL7	non-polymer	?
A1AL8	L-peptide linking	TRP
A1ALA	non-polymer	?
A1ALB	non-polymer	?
A1ALD	non-polymer	?
A1ALE	L-peptide linking	ALA
A1ALF	non-polymer	?
A1ALG	non-polymer	?
A1ALH	non-polymer	?
A1ALI	non-polymer	?
A1ALJ	non-polymer	?
A1ALK	non-polymer	?
A1ALL	non-polymer	?
A1ALM	non-polymer	?
A1ALN	non-polymer	?
A1ALQ	non-polymer	?
A1ALR	non-polymer	?
A1ALS	non-polymer	?
A1ALT	non-polymer	?
A1ALU	non-polymer	?
A1ALV	non-polymer	?
A1ALW	non-polymer	?
A1ALX	non-polymer	?
A1ALY	non-polymer	?
A1AM0	non-polymer	?
A1AM1	non-polymer	?
A1AM2	non-polymer	?
A1AM3	non-polymer	?
A1AM4	non-polymer	?
A1AM5	non-polymer	?
A1AM6	non-polymer	?
A1AM7	non-polymer	?
A1AM8	non-polymer	?
A1AM9	non-polymer	?
A1AMA	non-polymer	?
A1AMB	L-peptide linking	ALA
A1AMC	L-peptide linking	ALA
A1AMD	non-polymer	?
A1AME	non-polymer	?
A1AMF	non-polymer	?
A1AMG	non-polymer	?
A1AMI	non-polymer	?
A1AMJ	non-polymer	?
A1AMK	non-polymer	?
A1AML	non-polymer	?
A1AMM	L-peptide linking	?
A1AMN	non-polymer	?
A1AMO	non-polymer	?
A1AMP	non-polymer	?
A1AMQ	non-polymer	?
A1AMR	non-polymer	?
A1AMS	non-polymer	?
A1AMT	non-polymer	?
A1AMU	non-polymer	?
A1AMV	non-polymer	?
A1AMW	non-polymer	?
A1AMX	non-polymer	?
A1AMY	non-polymer	?
A1AMZ	non-polymer	?
A1AN0	non-polymer	?
A1AN1	non-polymer	?
A1AN2	non-polymer	?
A1AN3	non-polymer	?
A1AN4	non-polymer	?
A1AN5	non-polymer	?
A1AN7	non-polymer	?
A1AN8	non-polymer	?
A1AN9	non-polymer	?
A1ANA	non-polymer	?
A1ANB	non-polymer	?
A1ANC	non-polymer	?
A1AND	non-polymer	?
A1ANE	non-polymer	?
A1ANF	non-polymer	?
A1ANG	non-polymer	?
A1ANH	non-polymer	?
A1ANI	non-polymer	?
A1ANJ	non-polymer	?
A1ANK	non-polymer	?
A1ANL	non-polymer	?
A1ANM	non-polymer	?
A1ANN	non-polymer	?
A1ANO	non-polymer	?
A1ANP	non-polymer	?
A1ANQ	non-polymer	?
A1ANR	non-polymer	?
A1ANS	non-polymer	?
A1ANT	non-polymer	?
A1ANU	non-polymer	?
A1ANV	non-polymer	?
A1ANW	non-polymer	?
A1ANX	non-polymer	?
A1ANY	non-polymer	?
A1ANZ	non-polymer	?
A1AO0	non-polymer	?
A1AO1	non-polymer	?
A1AO2	non-polymer	?
A1AO3	non-polymer	?
A1AO4	non-polymer	?
A1AO5	non-polymer	?
A1AO6	non-polymer	?
A1AO7	non-polymer	?
A1AO8	non-polymer	?
A1AO9	non-polymer	?
A1AOA	non-polymer	?
A1AOB	non-polymer	?
A1AOC	non-polymer	?
A1AOD	non-polymer	?
A1AOE	non-polymer	?
A1AOF	non-polymer	?
A1AOG	non-polymer	?
A1AOH	non-polymer	?
A1AOI	non-polymer	?
A1AOJ	non-polymer	?
A1AOK	non-polymer	?
A1AOL	non-polymer	?
A1AOM	non-polymer	?
A1AON	non-polymer	?
A1AOO	non-polymer	?
A1AOP	non-polymer	?
A1AOQ	non-polymer	?
A1AOS	non-polymer	?
A1AOT	non-polymer	?
A1AOU	non-polymer	?
A1AOV	non-polymer	?
A1AOW	non-polymer	?
A1AOX	non-polymer	?
A1AOY	non-polymer	?
A1AOZ	non-polymer	?
A1AP0	non-polymer	?
A1AP1	D-peptide linking	?
A1AP2	non-polymer	?
A1AP3	non-polymer	?
A1AP4	non-polymer	?
A1AP5	non-polymer	?
A1AP6	non-polymer	?
A1AP7	non-polymer	?
A1AP8	non-polymer	?
A1AP9	non-polymer	?
A1APA	non-polymer	?
A1APB	D-saccharide, beta linking	GAL
A1APC	D-saccharide, alpha linking	GLA
A1APD	D-saccharide, alpha linking	GLA
A1APE	non-polymer	?
A1APF	non-polymer	?
A1APG	non-polymer	?
A1APH	non-polymer	?
A1API	non-polymer	?
A1APJ	non-polymer	?
A1APK	non-polymer	?
A1APL	non-polymer	?
A1APM	non-polymer	PHE
A1APN	non-polymer	?
A1APO	non-polymer	?
A1APP	non-polymer	?
A1APQ	non-polymer	?
A1APR	non-polymer	?
A1APS	non-polymer	?
A1APT	non-polymer	?
A1APU	non-polymer	?
A1APV	non-polymer	?
A1APX	non-polymer	?
A1APZ	non-polymer	?
A1AQ0	non-polymer	?
A1AQ1	non-polymer	?
A1AQ2	non-polymer	?
A1AQ3	non-polymer	?
A1AQ4	D-peptide linking	?
A1AQ5	non-polymer	?
A1AQ6	non-polymer	?
A1AQ7	non-polymer	?
A1AQ8	non-polymer	?
A1AQ9	non-polymer	?
A1AQA	non-polymer	?
A1AQB	non-polymer	?
A1AQC	non-polymer	?
A1AQD	non-polymer	?
A1AQE	non-polymer	?
A1AQF	non-polymer	?
A1AQG	non-polymer	?
A1AQH	non-polymer	?
A1AQI	non-polymer	?
A1AQJ	non-polymer	?
A1AQK	non-polymer	?
A1AQL	non-polymer	?
A1AQM	non-polymer	?
A1AQN	non-polymer	?
A1AQO	non-polymer	?
A1AQP	non-polymer	?
A1AQQ	non-polymer	?
A1AQR	non-polymer	?
A1AQS	non-polymer	?
A1AQT	non-polymer	?
A1AQU	non-polymer	?
A1AQV	non-polymer	?
A1AQW	non-polymer	?
A1AQX	non-polymer	?
A1AQY	non-polymer	?
A1AQZ	non-polymer	?
A1AR0	non-polymer	?
A1AR1	non-polymer	?
A1AR2	non-polymer	?
A1AR3	non-polymer	?
A1AR4	non-polymer	?
A1AR5	non-polymer	?
A1AR6	non-polymer	?
A1AR7	non-polymer	?
A1AR8	non-polymer	?
A1AR9	non-polymer	?
A1ARA	non-polymer	?
A1ARB	non-polymer	?
A1ARC	non-polymer	?
A1ARD	non-polymer	?
A1ARE	non-polymer	?
A1ARF	non-polymer	?
A1ARG	non-polymer	?
A1ARH	non-polymer	?
A1ARI	non-polymer	?
A1ARJ	non-polymer	?
A1ARK	non-polymer	?
A1ARL	non-polymer	?
A1ARM	non-polymer	?
A1ARN	non-polymer	?
A1ARO	non-polymer	?
A1ARP	non-polymer	?
A1ARR	non-polymer	?
A1ARS	non-polymer	?
A1ART	non-polymer	?
A1ARU	non-polymer	?
A1ARV	non-polymer	?
A1ARW	non-polymer	?
A1ARX	non-polymer	?
A1ARY	non-polymer	?
A1ARZ	non-polymer	?
A1AS0	L-peptide linking	HIS
A1AS2	non-polymer	?
A1AS3	non-polymer	?
A1AS4	non-polymer	?
A1AS5	non-polymer	?
A1AS6	non-polymer	?
A1AS8	non-polymer	?
A1ASA	non-polymer	?
A1ASB	non-polymer	?
A1ASC	non-polymer	?
A1ASD	non-polymer	?
A1ASE	non-polymer	?
A1ASF	non-polymer	?
A1ASG	non-polymer	?
A1ASH	non-polymer	?
A1ASI	non-polymer	?
A1ASJ	non-polymer	?
A1ASK	non-polymer	?
A1ASL	non-polymer	?
A1ASM	non-polymer	?
A1ASN	non-polymer	?
A1ASO	non-polymer	?
A1ASP	non-polymer	?
A1ASQ	non-polymer	?
A1ASR	non-polymer	?
A1ASS	non-polymer	?
A1AST	non-polymer	?
A1ASU	non-polymer	?
A1ASV	non-polymer	?
A1ASW	non-polymer	?
A1ASX	non-polymer	?
A1ASY	non-polymer	?
A1ASZ	L-peptide linking	HIS
A1AT0	non-polymer	?
A1AT1	non-polymer	?
A1AT4	non-polymer	?
A1AT6	L-peptide linking	ALA
A1AT7	L-peptide linking	ALA
A1AT8	non-polymer	?
A1AT9	non-polymer	?
A1ATA	non-polymer	?
A1ATB	non-polymer	?
A1ATC	non-polymer	?
A1ATD	non-polymer	?
A1ATE	non-polymer	?
A1ATF	non-polymer	?
A1ATG	non-polymer	?
A1ATH	non-polymer	?
A1ATI	non-polymer	?
A1ATJ	non-polymer	?
A1ATK	non-polymer	?
A1ATL	non-polymer	?
A1ATO	non-polymer	?
A1ATP	non-polymer	?
A1ATQ	non-polymer	?
A1ATR	non-polymer	?
A1ATS	non-polymer	?
A1ATT	non-polymer	?
A1ATU	non-polymer	?
A1ATV	non-polymer	?
A1ATW	non-polymer	?
A1ATX	non-polymer	?
A1ATZ	non-polymer	?
A1AU0	non-polymer	?
A1AU1	non-polymer	?
A1AU2	non-polymer	?
A1AU3	non-polymer	?
A1AU4	non-polymer	?
A1AU5	non-polymer	?
A1AU6	non-polymer	?
A1AU7	non-polymer	?
A1AU8	non-polymer	?
A1AUA	non-polymer	?
A1AUB	non-polymer	?
A1AUE	non-polymer	?
A1AUF	non-polymer	?
A1AUG	non-polymer	?
A1AUH	non-polymer	?
A1AUL	non-polymer	?
A1AUM	non-polymer	?
A1AUO	non-polymer	?
A1AUQ	non-polymer	?
A1AUS	non-polymer	?
A1AUT	non-polymer	?
A1AUU	non-polymer	?
A1AUV	non-polymer	?
A1AUW	non-polymer	?
A1AUX	non-polymer	?
A1AUY	non-polymer	?
A1AUZ	non-polymer	?
A1AV0	non-polymer	?
A1AV1	non-polymer	?
A1AV2	non-polymer	?
A1AV3	non-polymer	?
A1AV4	non-polymer	?
A1AV5	non-polymer	?
A1AV6	non-polymer	?
A1AV7	non-polymer	?
A1AV8	non-polymer	GLY
A1AV9	non-polymer	?
A1AVA	non-polymer	?
A1AVC	non-polymer	?
A1AVD	non-polymer	?
A1AVE	non-polymer	?
A1AVF	non-polymer	?
A1AVG	non-polymer	?
A1AVI	non-polymer	?
A1AVJ	non-polymer	?
A1AVK	non-polymer	?
A1AVL	non-polymer	?
A1AVM	non-polymer	?
A1AVN	non-polymer	?
A1AVP	non-polymer	?
A1AVQ	non-polymer	?
A1AVR	non-polymer	?
A1AVS	non-polymer	?
A1AVT	non-polymer	?
A1AVU	L-peptide linking	VAL
A1AVV	non-polymer	?
A1AVW	non-polymer	?
A1AVX	non-polymer	?
A1AVY	non-polymer	?
A1AVZ	non-polymer	?
A1AW0	non-polymer	?
A1AW1	non-polymer	?
A1AW2	non-polymer	?
A1AW3	non-polymer	?
A1AW4	non-polymer	?
A1AW5	non-polymer	?
A1AW6	non-polymer	?
A1AW7	non-polymer	?
A1AW8	non-polymer	?
A1AW9	non-polymer	?
A1AWA	non-polymer	?
A1AWB	non-polymer	?
A1AWC	non-polymer	?
A1AWD	non-polymer	?
A1AWE	non-polymer	?
A1AWF	non-polymer	?
A1AWG	non-polymer	?
A1AWQ	non-polymer	?
A1AWR	non-polymer	?
A1AWS	L-peptide linking	TRP
A1AWT	non-polymer	?
A1AWU	non-polymer	?
A1AWV	non-polymer	?
A1AWW	non-polymer	GSH
A1AWY	non-polymer	?
A1AWZ	non-polymer	?
A1AX0	non-polymer	?
A1AX1	non-polymer	?
A1AX2	non-polymer	?
A1AX3	non-polymer	?
A1AX4	non-polymer	?
A1AX5	non-polymer	?
A1AX6	non-polymer	?
A1AX7	non-polymer	?
A1AX8	non-polymer	?
A1AX9	non-polymer	?
A1AXA	non-polymer	?
A1AXB	non-polymer	?
A1AXC	non-polymer	?
A1AXD	non-polymer	?
A1AXE	non-polymer	?
A1AXF	non-polymer	?
A1AXG	non-polymer	?
A1AXH	non-polymer	?
A1AXI	non-polymer	?
A1AXJ	non-polymer	?
A1AXK	non-polymer	?
A1AXL	non-polymer	?
A1AXM	non-polymer	?
A1AXN	non-polymer	?
A1AXO	non-polymer	?
A1AXP	non-polymer	?
A1AXQ	non-polymer	?
A1AXR	non-polymer	?
A1AXS	non-polymer	?
A1AXT	non-polymer	?
A1AXU	non-polymer	?
A1AXV	non-polymer	?
A1AXW	non-polymer	?
A1AXX	non-polymer	?
A1AXY	non-polymer	?
A1AXZ	non-polymer	?
A1AY0	non-polymer	?
A1AY1	non-polymer	?
A1AY2	non-polymer	?
A1AY3	non-polymer	?
A1AY4	non-polymer	?
A1AY5	non-polymer	?
A1AY6	non-polymer	?
A1AY7	non-polymer	?
A1AY8	non-polymer	?
A1AY9	non-polymer	?
A1AYA	non-polymer	?
A1AYB	non-polymer	?
A1AYC	non-polymer	?
A1AYD	non-polymer	?
A1AYE	non-polymer	?
A1AYF	non-polymer	?
A1AYG	non-polymer	?
A1AYH	non-polymer	?
A1AYI	non-polymer	?
A1AYJ	non-polymer	?
A1AYK	non-polymer	?
A1AYL	non-polymer	?
A1AYM	non-polymer	?
A1AYN	non-polymer	?
A1AYO	non-polymer	?
A1AYP	non-polymer	?
A1AYQ	non-polymer	?
A1AYR	non-polymer	?
A1AYS	non-polymer	?
A1AYT	non-polymer	?
A1AYU	non-polymer	?
A1AYV	non-polymer	?
A1AYW	non-polymer	?
A1AYX	non-polymer	?
A1AYY	non-polymer	?
A1AYZ	non-polymer	?
A1AZ0	non-polymer	?
A1AZ1	non-polymer	?
A1AZ2	D-peptide linking	HIS
A1AZ4	non-polymer	?
A1AZ5	non-polymer	?
A1AZ6	non-polymer	?
A1AZ7	non-polymer	?
A1AZ8	non-polymer	?
A1AZ9	non-polymer	?
A1AZA	non-polymer	?
A1AZB	non-polymer	?
A1AZC	non-polymer	?
A1AZD	non-polymer	?
A1AZE	non-polymer	?
A1AZG	non-polymer	?
A1AZH	non-polymer	?
A1AZI	non-polymer	?
A1AZJ	non-polymer	?
A1AZK	non-polymer	?
A1AZL	non-polymer	?
A1AZM	non-polymer	?
A1AZP	non-polymer	?
A1AZQ	peptide linking	GLY
A1AZR	non-polymer	?
A1AZS	non-polymer	?
A1AZU	non-polymer	?
A1AZV	non-polymer	?
A1AZW	non-polymer	?
A1AZX	non-polymer	?
A1AZY	non-polymer	?
A1AZZ	non-polymer	?
A1B	NON-POLYMER	?
A1B01	non-polymer	?
A1B02	non-polymer	?
A1B03	non-polymer	?
A1B04	non-polymer	?
A1B05	non-polymer	?
A1B07	non-polymer	?
A1B08	non-polymer	?
A1B09	non-polymer	?
A1B0A	non-polymer	?
A1B0B	non-polymer	?
A1B0C	non-polymer	?
A1B0D	non-polymer	?
A1B0E	non-polymer	?
A1B0F	non-polymer	?
A1B0G	non-polymer	?
A1B0H	non-polymer	?
A1B0I	non-polymer	?
A1B0J	non-polymer	?
A1B0K	non-polymer	?
A1B0L	non-polymer	?
A1B0M	non-polymer	?
A1B0N	non-polymer	?
A1B0O	non-polymer	?
A1B0P	non-polymer	?
A1B0W	non-polymer	?
A1B0X	non-polymer	?
A1B0Y	non-polymer	?
A1B10	non-polymer	?
A1B11	non-polymer	?
A1B12	non-polymer	?
A1B13	non-polymer	?
A1B14	non-polymer	?
A1B15	non-polymer	?
A1B16	non-polymer	?
A1B17	non-polymer	?
A1B18	non-polymer	?
A1B19	non-polymer	?
A1B1A	non-polymer	?
A1B1B	non-polymer	?
A1B1C	non-polymer	?
A1B1D	non-polymer	?
A1B1E	non-polymer	?
A1B1F	non-polymer	?
A1B1G	non-polymer	?
A1B1I	non-polymer	?
A1B1J	non-polymer	?
A1B1K	non-polymer	?
A1B1L	non-polymer	?
A1B1M	non-polymer	?
A1B1N	non-polymer	?
A1B1O	non-polymer	?
A1B1P	non-polymer	?
A1B1R	non-polymer	?
A1B1S	non-polymer	?
A1B1T	non-polymer	?
A1B1U	non-polymer	?
A1B1V	non-polymer	?
A1B1X	non-polymer	?
A1B1Y	non-polymer	?
A1B1Z	non-polymer	?
A1B20	non-polymer	?
A1B21	non-polymer	?
A1B22	non-polymer	?
A1B23	non-polymer	?
A1B24	non-polymer	?
A1B25	non-polymer	?
A1B26	non-polymer	?
A1B27	non-polymer	?
A1B28	non-polymer	?
A1B29	non-polymer	?
A1B2A	non-polymer	?
A1B2D	non-polymer	?
A1B2E	non-polymer	?
A1B2G	non-polymer	?
A1B2H	non-polymer	?
A1B2I	non-polymer	?
A1B2J	non-polymer	?
A1B2K	non-polymer	?
A1B2L	non-polymer	?
A1B2M	non-polymer	?
A1B2N	non-polymer	?
A1B2O	non-polymer	?
A1B2P	non-polymer	?
A1B2Q	non-polymer	?
A1B2R	non-polymer	?
A1B2S	non-polymer	?
A1B2T	non-polymer	?
A1B2U	non-polymer	?
A1B2V	non-polymer	?
A1B2W	non-polymer	?
A1B2X	non-polymer	?
A1B2Y	non-polymer	?
A1B2Z	non-polymer	?
A1B30	non-polymer	?
A1B31	non-polymer	?
A1B32	non-polymer	?
A1B33	non-polymer	?
A1B34	non-polymer	?
A1B35	non-polymer	?
A1B36	non-polymer	?
A1B38	non-polymer	?
A1B39	non-polymer	?
A1B3A	non-polymer	?
A1B3B	non-polymer	?
A1B3C	non-polymer	?
A1B3D	non-polymer	?
A1B3E	non-polymer	?
A1B3F	non-polymer	?
A1B3G	non-polymer	?
A1B3H	non-polymer	?
A1B3I	non-polymer	?
A1B3J	non-polymer	?
A1B3K	non-polymer	?
A1B3L	non-polymer	?
A1B3M	non-polymer	?
A1B3N	non-polymer	?
A1B3O	non-polymer	?
A1B3P	non-polymer	?
A1B3Q	non-polymer	?
A1B3R	non-polymer	?
A1B3S	non-polymer	?
A1B3T	non-polymer	?
A1B3U	non-polymer	?
A1B3V	non-polymer	?
A1B3W	non-polymer	?
A1B3X	non-polymer	?
A1B3Y	non-polymer	?
A1B3Z	non-polymer	?
A1B40	non-polymer	?
A1B42	non-polymer	?
A1B43	non-polymer	?
A1B44	non-polymer	?
A1B45	non-polymer	?
A1B46	non-polymer	?
A1B47	non-polymer	?
A1B48	non-polymer	?
A1B49	non-polymer	?
A1B4A	non-polymer	?
A1B4B	non-polymer	?
A1B4C	non-polymer	?
A1B4D	non-polymer	?
A1B4E	non-polymer	?
A1B4F	non-polymer	?
A1B4G	non-polymer	?
A1B4H	non-polymer	?
A1B4I	non-polymer	?
A1B4J	non-polymer	?
A1B4K	non-polymer	?
A1B4L	non-polymer	?
A1B4N	non-polymer	?
A1B4O	non-polymer	?
A1B4P	non-polymer	?
A1B4R	non-polymer	?
A1B4S	non-polymer	?
A1B4T	non-polymer	?
A1B4U	non-polymer	?
A1B4V	non-polymer	?
A1B4W	non-polymer	?
A1B4X	non-polymer	?
A1B4Y	non-polymer	?
A1B4Z	non-polymer	?
A1B50	non-polymer	?
A1B51	non-polymer	?
A1B52	non-polymer	?
A1B53	non-polymer	?
A1B54	non-polymer	?
A1B55	non-polymer	?
A1B56	non-polymer	?
A1B57	non-polymer	?
A1B58	non-polymer	?
A1B59	non-polymer	?
A1B5A	non-polymer	?
A1B5B	non-polymer	?
A1B5C	non-polymer	?
A1B5E	non-polymer	?
A1B5F	non-polymer	?
A1B5G	non-polymer	?
A1B5H	non-polymer	?
A1B5I	non-polymer	?
A1B5J	non-polymer	?
A1B5K	non-polymer	?
A1B5L	non-polymer	?
A1B5M	non-polymer	?
A1B5N	non-polymer	?
A1B5O	non-polymer	?
A1B5P	non-polymer	?
A1B5Q	non-polymer	?
A1B5R	non-polymer	?
A1B5S	non-polymer	?
A1B5T	non-polymer	?
A1B5U	non-polymer	?
A1B5V	non-polymer	?
A1B5X	non-polymer	?
A1B5Y	non-polymer	?
A1B5Z	non-polymer	?
A1B60	non-polymer	?
A1B62	non-polymer	?
A1B66	non-polymer	?
A1B68	non-polymer	?
A1B6A	non-polymer	?
A1B6B	non-polymer	?
A1B6C	non-polymer	?
A1B6D	non-polymer	?
A1B6E	non-polymer	?
A1B6F	non-polymer	?
A1B6G	non-polymer	?
A1B6H	non-polymer	?
A1B6I	non-polymer	?
A1B6J	non-polymer	?
A1B6K	non-polymer	?
A1B6L	non-polymer	?
A1B6M	non-polymer	?
A1B6N	non-polymer	?
A1B6O	non-polymer	?
A1B6P	non-polymer	?
A1B6Q	non-polymer	?
A1B6R	non-polymer	?
A1B6S	non-polymer	?
A1B6T	non-polymer	?
A1B6U	non-polymer	?
A1B6V	non-polymer	?
A1B6W	non-polymer	?
A1B6X	non-polymer	?
A1B6Y	non-polymer	?
A1B6Z	D-peptide COOH carboxy terminus	?
A1B70	non-polymer	?
A1B71	non-polymer	?
A1B72	non-polymer	?
A1B73	non-polymer	?
A1B74	non-polymer	?
A1B75	non-polymer	?
A1B76	non-polymer	?
A1B77	non-polymer	?
A1B79	non-polymer	?
A1B7A	non-polymer	?
A1B7B	non-polymer	?
A1B7C	non-polymer	?
A1B7E	non-polymer	?
A1B7F	non-polymer	?
A1B7G	non-polymer	?
A1B7H	non-polymer	?
A1B7I	non-polymer	?
A1B7J	non-polymer	?
A1B7L	non-polymer	?
A1B7N	non-polymer	?
A1B7P	non-polymer	?
A1B7Q	non-polymer	?
A1B7R	non-polymer	?
A1B7S	non-polymer	?
A1B7T	non-polymer	?
A1B7U	non-polymer	?
A1B7V	non-polymer	?
A1B7W	non-polymer	?
A1B7X	non-polymer	?
A1B7Y	non-polymer	?
A1B80	non-polymer	?
A1B81	non-polymer	?
A1B82	non-polymer	?
A1B83	non-polymer	?
A1B84	non-polymer	?
A1B85	non-polymer	?
A1B86	non-polymer	?
A1B87	non-polymer	?
A1B88	non-polymer	?
A1B89	non-polymer	?
A1B8A	RNA linking	?
A1B8B	non-polymer	?
A1B8D	non-polymer	?
A1B8E	non-polymer	?
A1B8G	non-polymer	?
A1B8H	non-polymer	?
A1B8I	non-polymer	?
A1B8J	non-polymer	?
A1B8K	non-polymer	?
A1B8L	non-polymer	?
A1B8M	non-polymer	?
A1B8N	non-polymer	?
A1B8O	non-polymer	?
A1B8P	non-polymer	?
A1B8Q	non-polymer	?
A1B8R	non-polymer	?
A1B8S	non-polymer	?
A1B8T	non-polymer	?
A1B8U	non-polymer	?
A1B8V	non-polymer	?
A1B8W	non-polymer	?
A1B8X	non-polymer	?
A1B8Y	non-polymer	?
A1B8Z	non-polymer	?
A1B90	non-polymer	?
A1B91	non-polymer	?
A1B92	non-polymer	?
A1B93	non-polymer	?
A1B94	non-polymer	?
A1B95	non-polymer	?
A1B96	non-polymer	?
A1B97	non-polymer	?
A1B98	non-polymer	?
A1B9A	non-polymer	?
A1B9B	non-polymer	?
A1B9C	non-polymer	?
A1B9D	non-polymer	?
A1B9E	non-polymer	?
A1B9F	non-polymer	?
A1B9G	non-polymer	?
A1B9H	non-polymer	?
A1B9I	non-polymer	?
A1B9J	non-polymer	?
A1B9K	non-polymer	?
A1B9L	non-polymer	?
A1B9M	non-polymer	?
A1B9N	non-polymer	?
A1B9O	non-polymer	?
A1B9P	non-polymer	?
A1B9T	RNA linking	?
A1B9V	L-peptide linking	TRP
A1B9W	non-polymer	?
A1B9Y	non-polymer	?
A1B9Z	non-polymer	?
A1BA1	non-polymer	?
A1BA2	non-polymer	?
A1BA3	non-polymer	?
A1BA4	non-polymer	?
A1BA5	non-polymer	?
A1BA6	non-polymer	?
A1BA7	non-polymer	?
A1BA8	non-polymer	?
A1BA9	non-polymer	?
A1BAA	non-polymer	?
A1BAB	non-polymer	?
A1BAC	non-polymer	?
A1BAD	non-polymer	?
A1BAE	non-polymer	?
A1BAF	non-polymer	?
A1BAG	non-polymer	?
A1BAH	non-polymer	?
A1BAI	non-polymer	?
A1BAJ	non-polymer	?
A1BAK	non-polymer	?
A1BAM	non-polymer	?
A1BAN	non-polymer	?
A1BAO	non-polymer	?
A1BAP	non-polymer	?
A1BAQ	non-polymer	?
A1BAR	non-polymer	?
A1BAS	non-polymer	?
A1BAT	non-polymer	?
A1BAU	non-polymer	?
A1BAV	non-polymer	?
A1BAW	non-polymer	?
A1BAX	non-polymer	?
A1BAY	non-polymer	?
A1BAZ	non-polymer	?
A1BB0	non-polymer	?
A1BB1	non-polymer	?
A1BB3	non-polymer	?
A1BB4	non-polymer	?
A1BB5	non-polymer	?
A1BB6	non-polymer	?
A1BB7	non-polymer	?
A1BB8	non-polymer	?
A1BB9	non-polymer	?
A1BBA	DNA linking	?
A1BBB	non-polymer	U
A1BBC	non-polymer	?
A1BBD	non-polymer	?
A1BBE	non-polymer	?
A1BBF	non-polymer	?
A1BBG	non-polymer	?
A1BBH	non-polymer	?
A1BBI	non-polymer	?
A1BBJ	non-polymer	?
A1BBK	non-polymer	?
A1BBL	non-polymer	?
A1BBM	non-polymer	?
A1BBN	non-polymer	?
A1BBO	non-polymer	?
A1BBP	non-polymer	?
A1BBQ	non-polymer	?
A1BBR	non-polymer	?
A1BBS	non-polymer	?
A1BBT	non-polymer	?
A1BBU	non-polymer	?
A1BBV	non-polymer	?
A1BBW	non-polymer	?
A1BBX	non-polymer	?
A1BBY	non-polymer	?
A1BBZ	non-polymer	?
A1BC0	L-peptide linking	CYS
A1BC1	non-polymer	?
A1BC2	non-polymer	?
A1BC3	non-polymer	?
A1BC5	L-peptide linking	SER
A1BC6	non-polymer	?
A1BC7	non-polymer	?
A1BC8	non-polymer	?
A1BC9	non-polymer	?
A1BCA	non-polymer	?
A1BCB	non-polymer	?
A1BCC	non-polymer	?
A1BCD	non-polymer	?
A1BCE	non-polymer	?
A1BCF	non-polymer	?
A1BCG	non-polymer	?
A1BCH	non-polymer	?
A1BCI	non-polymer	?
A1BCJ	non-polymer	?
A1BCK	non-polymer	?
A1BCM	non-polymer	?
A1BCN	non-polymer	?
A1BCO	non-polymer	?
A1BCP	non-polymer	?
A1BCQ	non-polymer	?
A1BCR	non-polymer	?
A1BCS	non-polymer	?
A1BCT	non-polymer	?
A1BCU	non-polymer	?
A1BCW	non-polymer	?
A1BCX	non-polymer	?
A1BCY	non-polymer	?
A1BCZ	non-polymer	?
A1BD0	non-polymer	?
A1BD1	non-polymer	?
A1BD2	non-polymer	?
A1BD3	non-polymer	?
A1BD4	non-polymer	?
A1BD5	non-polymer	?
A1BD6	non-polymer	?
A1BD8	non-polymer	?
A1BD9	non-polymer	?
A1BDA	non-polymer	?
A1BDB	non-polymer	?
A1BDC	non-polymer	?
A1BDD	non-polymer	?
A1BDE	L-peptide linking	LYS
A1BDF	non-polymer	?
A1BDG	non-polymer	?
A1BDH	non-polymer	?
A1BDI	non-polymer	?
A1BDJ	non-polymer	?
A1BDK	non-polymer	?
A1BDL	non-polymer	?
A1BDM	non-polymer	?
A1BDN	non-polymer	?
A1BDO	non-polymer	?
A1BDP	non-polymer	?
A1BDR	non-polymer	?
A1BDS	non-polymer	?
A1BDT	non-polymer	?
A1BDU	non-polymer	?
A1BDV	non-polymer	?
A1BDW	non-polymer	?
A1BDX	non-polymer	?
A1BE0	non-polymer	?
A1BE1	non-polymer	?
A1BE2	non-polymer	?
A1BE4	non-polymer	?
A1BE5	L-peptide linking	ALA, TYR, GLY
A1BE6	non-polymer	?
A1BE7	non-polymer	?
A1BE8	non-polymer	?
A1BE9	non-polymer	?
A1BEA	non-polymer	?
A1BEB	L-peptide linking	LYS
A1BEC	non-polymer	?
A1BED	non-polymer	?
A1BEE	non-polymer	?
A1BEF	non-polymer	?
A1BEG	non-polymer	?
A1BEH	non-polymer	?
A1BEI	non-polymer	?
A1BEJ	non-polymer	?
A1BEK	non-polymer	?
A1BEL	non-polymer	?
A1BEM	non-polymer	?
A1BEN	non-polymer	?
A1BEO	non-polymer	?
A1BEP	non-polymer	?
A1BEQ	non-polymer	?
A1BER	non-polymer	?
A1BES	non-polymer	?
A1BET	non-polymer	?
A1BEU	non-polymer	?
A1BEW	non-polymer	?
A1BEX	non-polymer	?
A1BEY	non-polymer	?
A1BEZ	non-polymer	?
A1BF0	non-polymer	?
A1BF1	non-polymer	?
A1BF2	non-polymer	?
A1BF3	non-polymer	?
A1BF5	non-polymer	?
A1BF6	non-polymer	?
A1BF7	non-polymer	?
A1BF9	non-polymer	?
A1BFA	non-polymer	?
A1BFB	non-polymer	?
A1BFC	non-polymer	?
A1BFD	non-polymer	?
A1BFE	non-polymer	?
A1BFF	non-polymer	?
A1BFG	non-polymer	?
A1BFH	non-polymer	?
A1BFI	non-polymer	?
A1BFJ	non-polymer	?
A1BFK	non-polymer	?
A1BFL	non-polymer	?
A1BFM	non-polymer	?
A1BFN	non-polymer	?
A1BFO	non-polymer	?
A1BFP	non-polymer	?
A1BFQ	non-polymer	?
A1BFR	non-polymer	?
A1BFS	non-polymer	?
A1BFT	non-polymer	?
A1BFU	non-polymer	?
A1BFV	non-polymer	?
A1BFW	non-polymer	?
A1BFX	non-polymer	?
A1BFY	non-polymer	?
A1BFZ	non-polymer	?
A1BG0	non-polymer	?
A1BG2	non-polymer	?
A1BG3	non-polymer	?
A1BG4	non-polymer	?
A1BG5	non-polymer	?
A1BG6	non-polymer	?
A1BG8	non-polymer	?
A1BG9	non-polymer	?
A1BGB	non-polymer	?
A1BGC	non-polymer	?
A1BGD	non-polymer	?
A1BGE	non-polymer	?
A1BGF	non-polymer	?
A1BGG	non-polymer	?
A1BGH	non-polymer	?
A1BGI	non-polymer	?
A1BGJ	non-polymer	?
A1BGK	non-polymer	?
A1BGL	non-polymer	?
A1BGM	non-polymer	?
A1BGN	non-polymer	?
A1BGO	non-polymer	?
A1BGP	non-polymer	?
A1BGQ	non-polymer	?
A1BGR	non-polymer	?
A1BGS	non-polymer	?
A1BGT	non-polymer	?
A1BGU	non-polymer	?
A1BGV	non-polymer	?
A1BGW	non-polymer	?
A1BGX	non-polymer	?
A1BGY	non-polymer	?
A1BGZ	non-polymer	?
A1BH2	non-polymer	?
A1BH3	non-polymer	?
A1BH4	non-polymer	?
A1BH5	non-polymer	?
A1BH6	non-polymer	?
A1BH7	non-polymer	?
A1BH8	non-polymer	?
A1BH9	non-polymer	?
A1BHA	non-polymer	?
A1BHB	non-polymer	?
A1BHC	non-polymer	?
A1BHF	non-polymer	?
A1BHG	non-polymer	?
A1BHH	non-polymer	?
A1BHJ	non-polymer	?
A1BHK	non-polymer	?
A1BHL	non-polymer	?
A1BHP	non-polymer	?
A1BHQ	non-polymer	?
A1BHR	non-polymer	?
A1BHT	non-polymer	?
A1BHU	non-polymer	?
A1BHV	non-polymer	?
A1BHW	non-polymer	?
A1BHX	non-polymer	?
A1BHY	non-polymer	?
A1BHZ	non-polymer	?
A1BI0	non-polymer	?
A1BI1	non-polymer	?
A1BI3	non-polymer	?
A1BI4	non-polymer	?
A1BI5	non-polymer	?
A1BI6	non-polymer	?
A1BI7	non-polymer	?
A1BI8	non-polymer	?
A1BI9	non-polymer	?
A1BIA	non-polymer	?
A1BIE	non-polymer	LYS
A1BIG	non-polymer	?
A1BIH	non-polymer	LYS
A1BII	non-polymer	?
A1BIJ	non-polymer	?
A1BIK	non-polymer	?
A1BIL	non-polymer	?
A1BIM	non-polymer	?
A1BIN	non-polymer	?
A1BIO	non-polymer	?
A1BIP	non-polymer	?
A1BIQ	non-polymer	?
A1BIR	non-polymer	?
A1BIS	non-polymer	?
A1BIT	D-peptide linking	?
A1BIU	L-peptide linking	?
A1BIV	non-polymer	?
A1BIW	non-polymer	?
A1BIX	non-polymer	?
A1BIY	peptide-like	?
A1BIZ	non-polymer	?
A1BJ0	non-polymer	?
A1BJ1	non-polymer	?
A1BJ2	non-polymer	?
A1BJ3	non-polymer	?
A1BJ4	non-polymer	?
A1BJ5	non-polymer	?
A1BJ6	non-polymer	?
A1BJ7	non-polymer	?
A1BJ8	non-polymer	?
A1BJ9	non-polymer	?
A1BJA	non-polymer	?
A1BJB	non-polymer	?
A1BJC	non-polymer	?
A1BJD	non-polymer	?
A1BJE	non-polymer	?
A1BJH	non-polymer	?
A1BJI	non-polymer	?
A1BJJ	non-polymer	?
A1BJK	non-polymer	?
A1BJL	non-polymer	?
A1BJM	non-polymer	?
A1BJN	non-polymer	?
A1BJO	non-polymer	?
A1BJP	non-polymer	?
A1BJQ	non-polymer	?
A1BJR	non-polymer	?
A1BJS	non-polymer	?
A1BJT	non-polymer	?
A1BJU	non-polymer	?
A1BJV	non-polymer	?
A1BJW	non-polymer	?
A1BJX	non-polymer	?
A1BJY	non-polymer	?
A1BJZ	non-polymer	?
A1BK0	non-polymer	?
A1BK3	non-polymer	?
A1BK4	non-polymer	?
A1BK9	non-polymer	?
A1BKA	non-polymer	?
A1BKB	non-polymer	?
A1BKC	non-polymer	?
A1BKD	non-polymer	?
A1BKE	non-polymer	?
A1BKF	non-polymer	?
A1BKG	non-polymer	?
A1BKH	non-polymer	?
A1BKI	non-polymer	?
A1BKK	non-polymer	?
A1BKL	non-polymer	?
A1BKM	non-polymer	?
A1BKN	non-polymer	?
A1BKO	non-polymer	?
A1BKP	non-polymer	?
A1BKQ	non-polymer	?
A1BKS	non-polymer	?
A1BKT	non-polymer	?
A1BKU	non-polymer	?
A1BKV	non-polymer	?
A1BKW	non-polymer	?
A1BKX	non-polymer	?
A1BKY	non-polymer	?
A1BKZ	non-polymer	?
A1BL0	non-polymer	?
A1BL1	non-polymer	?
A1BL2	non-polymer	?
A1BL3	non-polymer	?
A1BL4	non-polymer	?
A1BL5	non-polymer	?
A1BL6	non-polymer	?
A1BL7	non-polymer	?
A1BL8	non-polymer	?
A1BLA	non-polymer	?
A1BLB	non-polymer	?
A1BLC	non-polymer	?
A1BLD	non-polymer	?
A1BLE	non-polymer	?
A1BLF	non-polymer	?
A1BLG	non-polymer	?
A1BLH	non-polymer	?
A1BLI	non-polymer	?
A1BLJ	non-polymer	?
A1BLK	non-polymer	?
A1BLL	non-polymer	?
A1BLM	non-polymer	?
A1BLN	non-polymer	?
A1BLO	non-polymer	?
A1BLP	non-polymer	?
A1BLQ	non-polymer	?
A1BLR	non-polymer	?
A1BLT	non-polymer	?
A1BLU	non-polymer	?
A1BLV	non-polymer	?
A1BLW	non-polymer	?
A1BLX	non-polymer	?
A1BLY	non-polymer	?
A1BLZ	non-polymer	?
A1BM0	non-polymer	?
A1BM1	non-polymer	?
A1BM2	non-polymer	?
A1BM3	non-polymer	?
A1BM4	non-polymer	?
A1BM5	non-polymer	?
A1BM6	non-polymer	?
A1BM8	non-polymer	?
A1BM9	non-polymer	?
A1BMB	non-polymer	?
A1BMD	non-polymer	?
A1BME	non-polymer	?
A1BMF	non-polymer	?
A1BMG	non-polymer	?
A1BMH	non-polymer	?
A1BML	non-polymer	?
A1BMM	non-polymer	?
A1BMN	non-polymer	?
A1BMO	non-polymer	?
A1BMP	non-polymer	?
A1BMQ	non-polymer	?
A1BMR	non-polymer	?
A1BMS	non-polymer	?
A1BMT	non-polymer	?
A1BMU	non-polymer	?
A1BMV	non-polymer	?
A1BMW	non-polymer	?
A1BMX	non-polymer	?
A1BMY	non-polymer	?
A1BMZ	non-polymer	?
A1BN0	non-polymer	?
A1BN1	non-polymer	?
A1BN2	non-polymer	?
A1BN3	non-polymer	?
A1BN4	non-polymer	?
A1BN5	non-polymer	?
A1BN6	non-polymer	?
A1BN7	non-polymer	?
A1BN8	non-polymer	?
A1BN9	non-polymer	?
A1BNA	non-polymer	?
A1BNB	non-polymer	TRP
A1BNE	non-polymer	?
A1BNI	non-polymer	?
A1BNJ	non-polymer	TRP
A1BNK	non-polymer	?
A1BNL	non-polymer	?
A1BNM	non-polymer	?
A1BNN	non-polymer	?
A1BNO	non-polymer	?
A1BNP	non-polymer	?
A1BNQ	non-polymer	?
A1BNR	non-polymer	?
A1BNT	non-polymer	?
A1BNU	non-polymer	?
A1BNV	non-polymer	?
A1BNX	non-polymer	?
A1BNY	non-polymer	?
A1BNZ	non-polymer	?
A1BO0	non-polymer	?
A1BO1	non-polymer	?
A1BO2	non-polymer	?
A1BO3	non-polymer	?
A1BO4	non-polymer	?
A1BO5	non-polymer	?
A1BO6	non-polymer	?
A1BO7	non-polymer	?
A1BO8	non-polymer	?
A1BO9	non-polymer	?
A1BOB	non-polymer	?
A1BOC	non-polymer	?
A1BOD	non-polymer	?
A1BOE	non-polymer	?
A1BOF	non-polymer	?
A1BOG	non-polymer	?
A1BOH	non-polymer	?
A1BOI	non-polymer	?
A1BOJ	non-polymer	?
A1BOK	non-polymer	?
A1BOL	non-polymer	?
A1BOM	non-polymer	?
A1BON	non-polymer	?
A1BOO	non-polymer	?
A1BOP	non-polymer	?
A1BOQ	non-polymer	?
A1BOR	non-polymer	?
A1BOS	non-polymer	?
A1BOT	non-polymer	?
A1BOU	non-polymer	?
A1BOV	non-polymer	?
A1BOW	non-polymer	?
A1BOX	non-polymer	?
A1BOY	non-polymer	?
A1BOZ	non-polymer	?
A1BP0	non-polymer	?
A1BP1	non-polymer	?
A1BP2	non-polymer	?
A1BP3	non-polymer	?
A1BP4	non-polymer	?
A1BP5	non-polymer	?
A1BP6	non-polymer	?
A1BP7	non-polymer	?
A1BP8	non-polymer	?
A1BP9	non-polymer	?
A1BPA	non-polymer	?
A1BPB	non-polymer	?
A1BPC	non-polymer	?
A1BPD	non-polymer	?
A1BPE	non-polymer	?
A1BPF	non-polymer	?
A1BPG	non-polymer	?
A1BPH	non-polymer	?
A1BPI	non-polymer	?
A1BPJ	non-polymer	?
A1BPK	non-polymer	?
A1BPL	non-polymer	?
A1BPM	non-polymer	?
A1BPN	non-polymer	?
A1BPP	non-polymer	?
A1BPR	non-polymer	?
A1BPS	non-polymer	?
A1BPT	non-polymer	?
A1BPU	non-polymer	?
A1BPV	non-polymer	?
A1BPW	non-polymer	?
A1BPX	non-polymer	?
A1BPY	non-polymer	?
A1BPZ	non-polymer	?
A1BQ0	non-polymer	?
A1BQ1	non-polymer	?
A1BQ2	non-polymer	?
A1BQ3	non-polymer	?
A1BQ4	non-polymer	?
A1BQ5	non-polymer	?
A1BQ7	non-polymer	?
A1BQ8	non-polymer	?
A1BQ9	non-polymer	?
A1BQA	non-polymer	?
A1BQB	non-polymer	?
A1BQC	non-polymer	?
A1BQD	non-polymer	?
A1BQE	non-polymer	?
A1BQF	non-polymer	?
A1BQG	non-polymer	?
A1BQH	non-polymer	?
A1BQI	non-polymer	?
A1BQJ	non-polymer	?
A1BQK	non-polymer	?
A1BQL	non-polymer	?
A1BQM	non-polymer	?
A1BQN	non-polymer	?
A1BQO	non-polymer	?
A1BQP	non-polymer	?
A1BQQ	non-polymer	?
A1BQR	non-polymer	?
A1BQS	non-polymer	?
A1BQT	non-polymer	?
A1BQU	non-polymer	?
A1BQV	non-polymer	?
A1BQW	non-polymer	?
A1BQY	non-polymer	?
A1BQZ	non-polymer	?
A1BR0	non-polymer	?
A1BR1	non-polymer	?
A1BR2	non-polymer	?
A1BR3	non-polymer	?
A1BR4	non-polymer	?
A1BR5	non-polymer	?
A1BR6	non-polymer	?
A1BR7	non-polymer	?
A1BR8	non-polymer	?
A1BRA	non-polymer	?
A1BRB	non-polymer	?
A1BRC	non-polymer	?
A1BRD	non-polymer	?
A1BRE	non-polymer	?
A1BRF	non-polymer	?
A1BRH	non-polymer	?
A1BRI	non-polymer	?
A1BRJ	non-polymer	?
A1BRK	non-polymer	?
A1BRL	non-polymer	?
A1BRM	non-polymer	?
A1BRN	non-polymer	?
A1BRO	non-polymer	?
A1BRP	non-polymer	?
A1BRQ	non-polymer	?
A1BRR	non-polymer	?
A1BRS	non-polymer	?
A1BRT	non-polymer	?
A1BRU	non-polymer	?
A1BRV	non-polymer	?
A1BRW	non-polymer	?
A1BRX	non-polymer	?
A1BRY	non-polymer	?
A1BRZ	non-polymer	?
A1BS0	non-polymer	?
A1BS1	non-polymer	?
A1BS2	non-polymer	?
A1BS3	non-polymer	?
A1BS4	non-polymer	?
A1BS5	non-polymer	?
A1BS6	non-polymer	?
A1BS7	non-polymer	?
A1BS8	non-polymer	?
A1BS9	non-polymer	?
A1BSA	non-polymer	?
A1BSB	non-polymer	?
A1BSC	non-polymer	?
A1BSD	non-polymer	?
A1BSE	non-polymer	?
A1BSF	non-polymer	?
A1BSG	non-polymer	?
A1BSH	non-polymer	?
A1BSI	non-polymer	?
A1BSJ	non-polymer	?
A1BSK	non-polymer	?
A1BSL	non-polymer	?
A1BSN	non-polymer	?
A1BSP	non-polymer	?
A1BSQ	non-polymer	?
A1BSR	non-polymer	?
A1BSS	non-polymer	?
A1BST	non-polymer	?
A1BSU	non-polymer	?
A1BSW	non-polymer	?
A1BSX	non-polymer	?
A1BSY	non-polymer	?
A1BSZ	non-polymer	?
A1BT0	non-polymer	?
A1BT1	non-polymer	?
A1BT2	non-polymer	?
A1BT3	non-polymer	?
A1BT4	non-polymer	?
A1BT5	non-polymer	?
A1BT6	non-polymer	?
A1BT7	non-polymer	?
A1BT9	non-polymer	?
A1BTB	non-polymer	?
A1BTC	non-polymer	?
A1BTD	non-polymer	?
A1BTF	non-polymer	?
A1BTG	non-polymer	?
A1BTH	non-polymer	?
A1BTI	non-polymer	?
A1BTJ	non-polymer	?
A1BTK	non-polymer	?
A1BTM	non-polymer	?
A1BTN	non-polymer	?
A1BTO	non-polymer	?
A1BTP	non-polymer	?
A1BTR	non-polymer	?
A1BTS	non-polymer	?
A1BTU	non-polymer	?
A1BTV	non-polymer	?
A1BTW	non-polymer	?
A1BTX	non-polymer	?
A1BTY	non-polymer	?
A1BTZ	non-polymer	?
A1BU0	non-polymer	?
A1BU1	non-polymer	?
A1BU2	non-polymer	?
A1BU3	non-polymer	?
A1BU4	non-polymer	?
A1BU5	non-polymer	?
A1BU6	non-polymer	?
A1BU7	non-polymer	?
A1BU8	non-polymer	?
A1BU9	non-polymer	?
A1BUA	non-polymer	?
A1BUB	non-polymer	?
A1BUC	non-polymer	?
A1BUD	non-polymer	?
A1BUF	non-polymer	?
A1BUG	non-polymer	?
A1BUH	non-polymer	?
A1BUJ	non-polymer	?
A1BUL	non-polymer	?
A1BUN	non-polymer	?
A1BUO	non-polymer	?
A1BUP	non-polymer	?
A1BUQ	non-polymer	?
A1BUR	non-polymer	?
A1BUS	non-polymer	?
A1BUT	non-polymer	?
A1BUU	non-polymer	?
A1BUV	non-polymer	?
A1BUW	non-polymer	?
A1BUX	non-polymer	?
A1BUY	non-polymer	?
A1BUZ	non-polymer	?
A1BV0	non-polymer	?
A1BV1	non-polymer	?
A1BV2	non-polymer	?
A1BV3	non-polymer	?
A1BV4	non-polymer	?
A1BV5	non-polymer	?
A1BV7	non-polymer	?
A1BV8	non-polymer	?
A1BV9	non-polymer	?
A1BVA	non-polymer	?
A1BVB	non-polymer	?
A1BVC	non-polymer	?
A1BVD	non-polymer	?
A1BVE	non-polymer	?
A1BVF	non-polymer	?
A1BVG	non-polymer	?
A1BVH	non-polymer	?
A1BVI	non-polymer	?
A1BVK	non-polymer	?
A1BVL	non-polymer	?
A1BVM	non-polymer	?
A1BVO	non-polymer	?
A1BVQ	non-polymer	?
A1BVR	non-polymer	?
A1BVT	non-polymer	?
A1BVU	non-polymer	?
A1BVV	non-polymer	?
A1BVW	non-polymer	?
A1BVY	non-polymer	?
A1BVZ	non-polymer	?
A1BW0	non-polymer	?
A1BW1	non-polymer	?
A1BW2	non-polymer	?
A1BW4	non-polymer	?
A1BW5	non-polymer	?
A1BW6	non-polymer	?
A1BW7	non-polymer	?
A1BW8	non-polymer	?
A1BW9	non-polymer	?
A1BWA	non-polymer	?
A1BWB	non-polymer	?
A1BWC	non-polymer	?
A1BWD	non-polymer	?
A1BWE	non-polymer	?
A1BWF	non-polymer	?
A1BWG	non-polymer	?
A1BWH	non-polymer	?
A1BWI	non-polymer	?
A1BWJ	non-polymer	?
A1BWL	non-polymer	?
A1BWM	non-polymer	?
A1BWO	non-polymer	?
A1BWR	non-polymer	?
A1BWS	non-polymer	?
A1BWT	non-polymer	?
A1BWU	non-polymer	?
A1BWW	non-polymer	?
A1BWX	non-polymer	?
A1BWY	non-polymer	?
A1BWZ	non-polymer	?
A1BX0	non-polymer	?
A1BX1	non-polymer	?
A1BX3	non-polymer	?
A1BX4	L-peptide linking	LYS
A1BX5	non-polymer	?
A1BX6	non-polymer	?
A1BX7	non-polymer	?
A1BX8	non-polymer	?
A1BXA	non-polymer	?
A1BXB	non-polymer	?
A1BXC	non-polymer	?
A1BXD	non-polymer	?
A1BXE	non-polymer	?
A1BXF	non-polymer	?
A1BXG	non-polymer	?
A1BXH	non-polymer	?
A1BXI	non-polymer	?
A1BXJ	non-polymer	?
A1BXL	non-polymer	?
A1BXM	non-polymer	?
A1BXN	non-polymer	?
A1BXO	non-polymer	?
A1BXP	non-polymer	?
A1BXQ	non-polymer	?
A1BXR	non-polymer	?
A1BXS	non-polymer	?
A1BXT	non-polymer	?
A1BXV	non-polymer	?
A1BXW	non-polymer	?
A1BXX	non-polymer	?
A1BXY	non-polymer	?
A1BXZ	non-polymer	?
A1BY1	non-polymer	?
A1BY2	non-polymer	?
A1BY3	non-polymer	?
A1BY4	non-polymer	?
A1BY5	non-polymer	?
A1BY6	non-polymer	?
A1BY7	non-polymer	?
A1BY8	non-polymer	?
A1BY9	non-polymer	?
A1BYA	non-polymer	?
A1BYB	non-polymer	?
A1BYC	non-polymer	?
A1BYD	non-polymer	?
A1BYF	non-polymer	?
A1BYG	non-polymer	?
A1BYH	non-polymer	?
A1BYI	non-polymer	?
A1BYJ	non-polymer	?
A1BYK	non-polymer	?
A1BYL	non-polymer	?
A1BYM	non-polymer	?
A1BYN	non-polymer	?
A1BYO	non-polymer	?
A1BYP	non-polymer	?
A1BYS	non-polymer	?
A1BYT	non-polymer	?
A1BYU	non-polymer	?
A1BYV	non-polymer	?
A1BYW	non-polymer	?
A1BYX	non-polymer	?
A1BYY	non-polymer	?
A1BYZ	non-polymer	?
A1BZ0	non-polymer	?
A1BZ1	non-polymer	?
A1BZ2	non-polymer	?
A1BZ3	non-polymer	?
A1BZ4	non-polymer	?
A1BZ5	non-polymer	?
A1BZ6	non-polymer	?
A1BZ7	non-polymer	?
A1BZ8	non-polymer	?
A1BZ9	non-polymer	?
A1BZA	non-polymer	?
A1BZB	non-polymer	?
A1BZC	non-polymer	?
A1BZD	non-polymer	?
A1BZE	non-polymer	?
A1BZF	non-polymer	?
A1BZK	non-polymer	?
A1BZM	non-polymer	?
A1BZO	L-peptide linking	SER
A1BZP	non-polymer	?
A1BZQ	non-polymer	?
A1BZR	non-polymer	?
A1BZS	non-polymer	?
A1BZT	non-polymer	?
A1BZU	non-polymer	?
A1BZV	non-polymer	?
A1BZW	non-polymer	?
A1BZX	non-polymer	?
A1BZY	non-polymer	?
A1BZZ	non-polymer	?
A1C	NON-POLYMER	?
A1C02	non-polymer	?
A1C03	non-polymer	?
A1C04	non-polymer	?
A1C06	non-polymer	?
A1C09	non-polymer	?
A1C0C	non-polymer	?
A1C0D	non-polymer	?
A1C0E	non-polymer	?
A1C0G	non-polymer	?
A1C0H	non-polymer	?
A1C0I	non-polymer	?
A1C0J	non-polymer	?
A1C0K	non-polymer	?
A1C0O	L-peptide linking	PHE
A1C0R	non-polymer	?
A1C13	non-polymer	?
A1C14	non-polymer	?
A1C15	non-polymer	?
A1C1A	non-polymer	?
A1C1C	non-polymer	?
A1C1E	non-polymer	?
A1C1G	non-polymer	?
A1C1H	non-polymer	?
A1C1I	non-polymer	?
A1C1J	non-polymer	?
A1C1K	non-polymer	?
A1C1L	non-polymer	?
A1C1M	non-polymer	?
A1C1N	non-polymer	?
A1C1O	non-polymer	?
A1C1P	non-polymer	?
A1C1Q	non-polymer	?
A1C1T	non-polymer	?
A1C1U	non-polymer	?
A1C1V	non-polymer	?
A1C20	non-polymer	?
A1C21	non-polymer	?
A1C23	non-polymer	?
A1C24	non-polymer	?
A1C25	non-polymer	?
A1C26	non-polymer	?
A1C27	non-polymer	?
A1C2J	non-polymer	?
A1C2K	non-polymer	?
A1C2N	non-polymer	?
A1C2O	non-polymer	?
A1C2Q	non-polymer	?
A1C2R	non-polymer	?
A1C2S	non-polymer	?
A1C2T	non-polymer	?
A1C2U	non-polymer	?
A1C2W	non-polymer	?
A1C2Z	non-polymer	?
A1C32	non-polymer	?
A1C34	non-polymer	?
A1C37	non-polymer	?
A1C39	non-polymer	?
A1C3A	non-polymer	?
A1C3B	non-polymer	?
A1C3C	non-polymer	?
A1C3D	non-polymer	?
A1C3G	non-polymer	?
A1C3H	non-polymer	?
A1C3I	non-polymer	?
A1C3J	non-polymer	?
A1C3L	non-polymer	?
A1C3M	non-polymer	?
A1C3N	non-polymer	?
A1C3O	non-polymer	?
A1C3Q	non-polymer	?
A1C3S	non-polymer	?
A1C3U	non-polymer	?
A1C3V	L-peptide linking	PHE
A1C3Y	non-polymer	?
A1C42	non-polymer	?
A1C49	non-polymer	?
A1C4E	non-polymer	?
A1C4F	non-polymer	?
A1C4H	non-polymer	?
A1C4I	non-polymer	?
A1C4J	non-polymer	?
A1C4L	non-polymer	?
A1C4O	non-polymer	?
A1C4P	non-polymer	?
A1C4R	non-polymer	?
A1C4S	non-polymer	?
A1C4W	non-polymer	?
A1C5A	non-polymer	?
A1C5C	non-polymer	?
A1C5F	non-polymer	?
A1C5G	non-polymer	?
A1C5H	non-polymer	?
A1C5K	non-polymer	?
A1C5N	non-polymer	?
A1C5O	non-polymer	?
A1C5R	non-polymer	?
A1C5S	non-polymer	?
A1C60	non-polymer	?
A1C65	non-polymer	?
A1C66	non-polymer	?
A1C67	non-polymer	?
A1C68	non-polymer	?
A1C6O	non-polymer	?
A1C6Q	non-polymer	?
A1C6R	non-polymer	?
A1C6S	non-polymer	?
A1C6T	non-polymer	?
A1C6V	non-polymer	?
A1C6W	non-polymer	?
A1C6X	non-polymer	?
A1C6Y	non-polymer	?
A1C6Z	non-polymer	?
A1C7K	non-polymer	?
A1C7M	non-polymer	?
A1C7T	non-polymer	?
A1C7U	non-polymer	?
A1C86	non-polymer	?
A1C8H	non-polymer	?
A1C8I	non-polymer	?
A1C8J	non-polymer	?
A1C8K	non-polymer	?
A1C8L	non-polymer	?
A1C8M	non-polymer	?
A1C8O	non-polymer	?
A1C8P	non-polymer	?
A1C8V	non-polymer	?
A1C8Z	non-polymer	?
A1C90	non-polymer	?
A1C91	non-polymer	?
A1C92	non-polymer	?
A1C93	non-polymer	?
A1C94	non-polymer	?
A1C95	non-polymer	?
A1C96	non-polymer	?
A1C99	non-polymer	?
A1C9A	non-polymer	?
A1C9B	non-polymer	?
A1C9F	non-polymer	?
A1C9H	non-polymer	?
A1C9I	non-polymer	?
A1C9K	non-polymer	?
A1C9L	non-polymer	?
A1C9M	non-polymer	?
A1C9N	non-polymer	?
A1C9Q	non-polymer	?
A1C9S	non-polymer	?
A1C9T	non-polymer	?
A1C9U	non-polymer	?
A1C9V	non-polymer	?
A1C9W	non-polymer	?
A1C9X	non-polymer	?
A1C9Y	non-polymer	?
A1C9Z	non-polymer	?
A1CA1	non-polymer	?
A1CA2	non-polymer	CYS
A1CA3	non-polymer	?
A1CA4	non-polymer	?
A1CA5	non-polymer	?
A1CA6	non-polymer	?
A1CA7	non-polymer	?
A1CA8	non-polymer	?
A1CA9	non-polymer	?
A1CAA	non-polymer	?
A1CAB	L-peptide linking	PRO
A1CAC	non-polymer	?
A1CAD	non-polymer	?
A1CAE	non-polymer	?
A1CAF	non-polymer	?
A1CAG	non-polymer	?
A1CAH	non-polymer	?
A1CAI	non-polymer	?
A1CAJ	non-polymer	?
A1CAK	RNA linking	G
A1CAL	RNA linking	U
A1CAM	RNA linking	U
A1CAN	non-polymer	?
A1CAO	non-polymer	?
A1CAR	non-polymer	?
A1CAS	non-polymer	?
A1CAU	non-polymer	?
A1CAV	non-polymer	?
A1CAW	non-polymer	?
A1CAY	non-polymer	?
A1CAZ	non-polymer	?
A1CB0	non-polymer	?
A1CB1	non-polymer	?
A1CB2	non-polymer	?
A1CB4	non-polymer	?
A1CB5	non-polymer	?
A1CB6	non-polymer	?
A1CB7	non-polymer	?
A1CB8	non-polymer	?
A1CB9	non-polymer	?
A1CBA	non-polymer	?
A1CBB	non-polymer	?
A1CBC	non-polymer	?
A1CBD	non-polymer	?
A1CBE	non-polymer	?
A1CBF	non-polymer	?
A1CBG	non-polymer	?
A1CBH	non-polymer	?
A1CBI	non-polymer	?
A1CBJ	non-polymer	?
A1CBK	non-polymer	?
A1CBL	non-polymer	?
A1CBM	non-polymer	?
A1CBN	non-polymer	?
A1CBU	non-polymer	?
A1CBX	non-polymer	?
A1CBY	non-polymer	?
A1CBZ	non-polymer	?
A1CC2	non-polymer	?
A1CC3	non-polymer	?
A1CC5	non-polymer	?
A1CC6	non-polymer	?
A1CC7	non-polymer	?
A1CC9	non-polymer	?
A1CCA	non-polymer	?
A1CCE	non-polymer	?
A1CCL	non-polymer	?
A1CCP	non-polymer	?
A1CCQ	L-peptide linking	TYR
A1CCR	L-peptide linking	PHE
A1CCS	L-peptide linking	ARG
A1CCT	non-polymer	?
A1CCU	non-polymer	?
A1CCV	D-saccharide	?
A1CCW	D-saccharide, alpha linking	?
A1CCX	non-polymer	?
A1CCY	non-polymer	?
A1CCZ	non-polymer	?
A1CD0	non-polymer	?
A1CD1	non-polymer	?
A1CD2	non-polymer	?
A1CD3	non-polymer	?
A1CD4	non-polymer	?
A1CD5	non-polymer	?
A1CD6	non-polymer	?
A1CD7	non-polymer	?
A1CD8	non-polymer	?
A1CD9	non-polymer	?
A1CDA	non-polymer	?
A1CDC	non-polymer	?
A1CDD	non-polymer	?
A1CDE	non-polymer	?
A1CDF	non-polymer	?
A1CDG	non-polymer	?
A1CDH	non-polymer	?
A1CDI	non-polymer	?
A1CDJ	non-polymer	?
A1CDK	non-polymer	?
A1CDL	non-polymer	?
A1CDM	non-polymer	?
A1CDN	non-polymer	?
A1CDO	non-polymer	?
A1CDP	non-polymer	?
A1CDQ	non-polymer	?
A1CDR	non-polymer	?
A1CDS	non-polymer	?
A1CDT	non-polymer	?
A1CDU	non-polymer	?
A1CDV	non-polymer	?
A1CDW	non-polymer	?
A1CDX	non-polymer	?
A1CDY	non-polymer	?
A1CDZ	non-polymer	?
A1CE0	non-polymer	?
A1CE1	non-polymer	?
A1CE5	non-polymer	?
A1CE6	non-polymer	?
A1CE7	non-polymer	?
A1CE8	non-polymer	?
A1CE9	non-polymer	?
A1CEA	non-polymer	?
A1CEB	non-polymer	?
A1CEC	non-polymer	?
A1CED	non-polymer	?
A1CEE	non-polymer	?
A1CEF	non-polymer	?
A1CEG	non-polymer	?
A1CEH	non-polymer	?
A1CEI	non-polymer	?
A1CEJ	non-polymer	?
A1CEK	non-polymer	?
A1CEL	non-polymer	?
A1CEM	non-polymer	?
A1CEO	non-polymer	?
A1CEP	non-polymer	?
A1CEQ	non-polymer	?
A1CER	non-polymer	?
A1CET	non-polymer	?
A1CEU	non-polymer	?
A1CEV	non-polymer	?
A1CEW	non-polymer	?
A1CEX	non-polymer	?
A1CEY	non-polymer	?
A1CEZ	non-polymer	?
A1CF0	non-polymer	?
A1CF1	non-polymer	?
A1CF3	saccharide	?
A1CF4	L-saccharide, alpha linking	?
A1CF5	non-polymer	?
A1CF8	non-polymer	?
A1CF9	non-polymer	?
A1CFA	non-polymer	?
A1CFB	non-polymer	?
A1CFC	non-polymer	?
A1CFD	non-polymer	?
A1CFE	non-polymer	?
A1CFF	non-polymer	?
A1CFG	non-polymer	?
A1CFH	non-polymer	?
A1CFI	non-polymer	?
A1CFJ	non-polymer	?
A1CFK	non-polymer	?
A1CFM	non-polymer	?
A1CFR	non-polymer	?
A1CFS	non-polymer	?
A1CFT	non-polymer	?
A1CFV	non-polymer	?
A1CFW	non-polymer	?
A1CFX	non-polymer	?
A1CFY	non-polymer	?
A1CFZ	non-polymer	?
A1CG0	non-polymer	?
A1CG2	non-polymer	?
A1CG3	non-polymer	?
A1CG4	non-polymer	?
A1CG5	non-polymer	?
A1CG7	non-polymer	?
A1CG8	non-polymer	?
A1CG9	non-polymer	?
A1CGA	non-polymer	?
A1CGB	non-polymer	?
A1CGC	non-polymer	?
A1CGG	non-polymer	?
A1CGJ	non-polymer	?
A1CGK	non-polymer	?
A1CGN	non-polymer	?
A1CGO	non-polymer	?
A1CGP	non-polymer	?
A1CGQ	non-polymer	?
A1CGR	non-polymer	?
A1CGS	non-polymer	?
A1CGT	non-polymer	?
A1CGV	non-polymer	?
A1CGW	non-polymer	?
A1CGX	non-polymer	?
A1CGY	non-polymer	?
A1CGZ	non-polymer	?
A1CH1	non-polymer	?
A1CH2	non-polymer	?
A1CH3	non-polymer	?
A1CH4	non-polymer	?
A1CH5	non-polymer	?
A1CH6	non-polymer	?
A1CH7	non-polymer	?
A1CH8	L-peptide linking	ARG
A1CHA	non-polymer	PHE
A1CHB	non-polymer	?
A1CHD	non-polymer	?
A1CHE	non-polymer	?
A1CHF	non-polymer	?
A1CHG	non-polymer	?
A1CHH	non-polymer	?
A1CHJ	non-polymer	?
A1CHL	non-polymer	?
A1CHN	non-polymer	?
A1CHO	non-polymer	?
A1CHQ	non-polymer	?
A1CHR	non-polymer	?
A1CHS	L-peptide linking	?
A1CHT	L-peptide linking	THR
A1CHU	L-peptide linking	?
A1CHV	non-polymer	?
A1CHW	non-polymer	?
A1CI0	non-polymer	?
A1CI1	non-polymer	?
A1CI3	non-polymer	?
A1CI4	non-polymer	?
A1CI5	non-polymer	?
A1CI6	non-polymer	?
A1CI7	non-polymer	?
A1CI8	non-polymer	?
A1CI9	non-polymer	?
A1CIB	non-polymer	?
A1CIF	non-polymer	?
A1CII	non-polymer	?
A1CIK	non-polymer	?
A1CIL	non-polymer	?
A1CIM	non-polymer	?
A1CIO	non-polymer	?
A1CIP	non-polymer	?
A1CIU	non-polymer	?
A1CIW	non-polymer	?
A1CIX	non-polymer	?
A1CIY	non-polymer	?
A1CIZ	non-polymer	?
A1CJ0	non-polymer	?
A1CJ1	non-polymer	?
A1CJ3	non-polymer	?
A1CJ4	non-polymer	?
A1CJ5	non-polymer	?
A1CJ6	non-polymer	?
A1CJ7	non-polymer	?
A1CJ8	non-polymer	?
A1CJA	non-polymer	?
A1CJB	non-polymer	?
A1CJC	non-polymer	?
A1CJD	non-polymer	?
A1CJE	non-polymer	?
A1CJF	non-polymer	?
A1CJG	non-polymer	?
A1CJH	non-polymer	?
A1CJI	non-polymer	SER
A1CJJ	non-polymer	?
A1CJK	non-polymer	?
A1CJL	non-polymer	?
A1CJM	non-polymer	?
A1CJN	non-polymer	?
A1CJO	non-polymer	?
A1CJP	non-polymer	?
A1CJQ	non-polymer	?
A1CJR	non-polymer	?
A1CJS	non-polymer	?
A1CJT	non-polymer	?
A1CJV	non-polymer	?
A1CJW	non-polymer	?
A1CJX	non-polymer	?
A1CJY	non-polymer	?
A1CJZ	non-polymer	?
A1CK0	non-polymer	?
A1CK1	non-polymer	?
A1CK4	non-polymer	?
A1CK5	non-polymer	?
A1CK6	non-polymer	?
A1CK7	peptide-like	?
A1CK8	non-polymer	?
A1CK9	non-polymer	?
A1CKA	non-polymer	?
A1CKB	non-polymer	?
A1CKC	non-polymer	?
A1CKD	non-polymer	?
A1CKE	non-polymer	?
A1CKF	non-polymer	?
A1CKH	non-polymer	?
A1CKI	non-polymer	?
A1CKJ	non-polymer	?
A1CKK	non-polymer	?
A1CKL	non-polymer	?
A1CKM	non-polymer	?
A1CKN	non-polymer	?
A1CKP	non-polymer	?
A1CKQ	non-polymer	?
A1CKR	non-polymer	?
A1CKS	non-polymer	?
A1CKT	non-polymer	?
A1CKU	non-polymer	?
A1CKV	non-polymer	?
A1CKW	non-polymer	?
A1CKX	non-polymer	?
A1CKY	non-polymer	?
A1CKZ	non-polymer	?
A1CL0	non-polymer	?
A1CL1	non-polymer	?
A1CL3	non-polymer	?
A1CL4	non-polymer	?
A1CL5	non-polymer	?
A1CL6	non-polymer	?
A1CL7	non-polymer	?
A1CL8	non-polymer	?
A1CL9	non-polymer	?
A1CLB	non-polymer	?
A1CLC	non-polymer	?
A1CLD	non-polymer	?
A1CLE	non-polymer	?
A1CLF	non-polymer	?
A1CLG	non-polymer	?
A1CLH	D-peptide linking	TRP
A1CLI	non-polymer	?
A1CLJ	non-polymer	?
A1CLK	non-polymer	?
A1CLL	non-polymer	?
A1CLN	non-polymer	?
A1CLO	non-polymer	?
A1CLP	non-polymer	?
A1CLR	non-polymer	?
A1CLS	non-polymer	?
A1CLT	non-polymer	?
A1CLU	non-polymer	?
A1CLV	non-polymer	?
A1CLW	non-polymer	?
A1CLX	non-polymer	?
A1CLY	non-polymer	?
A1CLZ	non-polymer	?
A1CM0	non-polymer	?
A1CM4	non-polymer	?
A1CM5	non-polymer	?
A1CM6	non-polymer	?
A1CM7	non-polymer	?
A1CM8	L-peptide linking	ALA
A1CM9	L-peptide linking	ALA
A1CMA	non-polymer	?
A1CMB	non-polymer	?
A1CMC	non-polymer	?
A1CMD	non-polymer	?
A1CME	non-polymer	?
A1CMG	non-polymer	?
A1CMH	non-polymer	?
A1CMI	non-polymer	?
A1CMV	non-polymer	?
A1CMW	non-polymer	?
A1CMX	non-polymer	?
A1CMY	non-polymer	?
A1CMZ	non-polymer	?
A1CN1	non-polymer	?
A1CN2	non-polymer	?
A1CN3	non-polymer	?
A1CN4	non-polymer	?
A1CN5	non-polymer	?
A1CN6	non-polymer	?
A1CN7	non-polymer	?
A1CN8	non-polymer	?
A1CN9	non-polymer	?
A1CNA	L-peptide linking	THR,ALA,GLY
A1CNB	non-polymer	?
A1CNC	non-polymer	?
A1CNE	non-polymer	?
A1CNF	non-polymer	?
A1CNG	non-polymer	?
A1CNH	non-polymer	?
A1CNI	non-polymer	?
A1CNJ	non-polymer	?
A1CNK	non-polymer	?
A1CNL	RNA linking	?
A1CNM	RNA linking	?
A1CNO	non-polymer	?
A1CNP	non-polymer	?
A1CNQ	non-polymer	?
A1CNS	non-polymer	?
A1CNT	RNA linking	?
A1CNU	non-polymer	?
A1CNV	non-polymer	?
A1CNW	non-polymer	?
A1CNX	non-polymer	?
A1CNY	non-polymer	?
A1CNZ	non-polymer	?
A1CO0	non-polymer	?
A1CO1	non-polymer	?
A1CO2	non-polymer	?
A1CO3	non-polymer	?
A1CO5	non-polymer	?
A1CO6	non-polymer	?
A1CO7	non-polymer	?
A1CO8	non-polymer	?
A1CO9	non-polymer	?
A1COA	non-polymer	?
A1COB	non-polymer	?
A1COE	non-polymer	?
A1COF	non-polymer	?
A1COG	non-polymer	?
A1COH	non-polymer	?
A1COI	non-polymer	?
A1COJ	non-polymer	?
A1COK	non-polymer	?
A1COM	non-polymer	?
A1CON	non-polymer	?
A1COO	non-polymer	?
A1COP	non-polymer	?
A1COQ	non-polymer	?
A1COR	non-polymer	?
A1COS	non-polymer	?
A1COT	non-polymer	?
A1COU	non-polymer	?
A1COV	non-polymer	?
A1COW	non-polymer	?
A1COX	non-polymer	?
A1COY	non-polymer	?
A1COZ	non-polymer	?
A1CP0	non-polymer	?
A1CP1	non-polymer	?
A1CP2	non-polymer	?
A1CP3	non-polymer	?
A1CP4	non-polymer	?
A1CP5	non-polymer	?
A1CP6	non-polymer	?
A1CP7	non-polymer	?
A1CP8	non-polymer	?
A1CP9	non-polymer	?
A1CPA	non-polymer	?
A1CPB	non-polymer	?
A1CPC	non-polymer	?
A1CPD	non-polymer	?
A1CPE	non-polymer	?
A1CPF	non-polymer	?
A1CPH	non-polymer	?
A1CPI	non-polymer	?
A1CPJ	non-polymer	?
A1CPK	non-polymer	?
A1CPL	non-polymer	?
A1CPM	non-polymer	?
A1CPN	non-polymer	?
A1CPO	non-polymer	?
A1CPP	non-polymer	?
A1CPQ	non-polymer	?
A1CPR	non-polymer	?
A1CPS	non-polymer	?
A1CPT	non-polymer	?
A1CPU	non-polymer	?
A1CPV	non-polymer	?
A1CPW	non-polymer	?
A1CPX	non-polymer	?
A1CPY	non-polymer	?
A1CPZ	non-polymer	?
A1CQ0	non-polymer	?
A1CQ1	non-polymer	?
A1CQ2	non-polymer	?
A1CQ3	non-polymer	?
A1CQ4	non-polymer	?
A1CQ5	non-polymer	?
A1CQ7	non-polymer	?
A1CQ8	non-polymer	?
A1CQ9	non-polymer	?
A1CQA	non-polymer	?
A1CQB	non-polymer	?
A1CQC	non-polymer	?
A1CQD	non-polymer	?
A1CQE	non-polymer	?
A1CQF	non-polymer	?
A1CQG	non-polymer	?
A1CQH	non-polymer	?
A1CQI	non-polymer	?
A1CQJ	non-polymer	?
A1CQK	non-polymer	?
A1CQL	non-polymer	?
A1CQP	non-polymer	?
A1CQQ	non-polymer	?
A1CQR	non-polymer	?
A1CQS	non-polymer	?
A1CQT	non-polymer	?
A1CQU	non-polymer	?
A1CQV	non-polymer	?
A1CQW	non-polymer	?
A1CQX	non-polymer	?
A1CQY	non-polymer	?
A1CQZ	non-polymer	?
A1CR0	non-polymer	?
A1CR1	non-polymer	?
A1CR2	non-polymer	?
A1CR3	non-polymer	?
A1CR4	non-polymer	?
A1CR5	non-polymer	?
A1CR8	non-polymer	?
A1CR9	non-polymer	?
A1CRA	non-polymer	?
A1CRB	non-polymer	?
A1CRD	non-polymer	?
A1CRE	non-polymer	?
A1CRG	non-polymer	?
A1CRK	non-polymer	?
A1CRL	non-polymer	?
A1CRM	non-polymer	?
A1CRN	L-peptide linking	THR, ALA, GLY
A1CRO	non-polymer	?
A1CRR	non-polymer	?
A1CRS	non-polymer	?
A1CRT	L-peptide linking	CYS
A1CRV	non-polymer	?
A1CRW	non-polymer	?
A1CRX	non-polymer	?
A1CRY	non-polymer	?
A1CRZ	non-polymer	?
A1CS0	non-polymer	?
A1CS1	non-polymer	?
A1CS2	non-polymer	?
A1CS3	non-polymer	?
A1CS4	non-polymer	?
A1CS5	non-polymer	?
A1CS6	non-polymer	?
A1CS8	non-polymer	?
A1CS9	non-polymer	?
A1CSA	non-polymer	?
A1CSB	non-polymer	?
A1CSC	non-polymer	?
A1CSD	non-polymer	?
A1CSE	non-polymer	?
A1CSF	non-polymer	?
A1CSG	non-polymer	?
A1CSI	non-polymer	?
A1CSJ	non-polymer	?
A1CSK	non-polymer	?
A1CSL	non-polymer	?
A1CSM	non-polymer	?
A1CSO	non-polymer	?
A1CSP	non-polymer	?
A1CSQ	non-polymer	?
A1CSR	non-polymer	?
A1CSS	non-polymer	?
A1CSV	non-polymer	?
A1CSW	non-polymer	?
A1CSX	non-polymer	?
A1CSY	non-polymer	?
A1CT0	non-polymer	?
A1CT1	non-polymer	?
A1CT2	non-polymer	?
A1CT3	non-polymer	?
A1CT4	non-polymer	?
A1CT5	non-polymer	?
A1CT6	non-polymer	?
A1CT7	non-polymer	?
A1CT8	non-polymer	?
A1CT9	non-polymer	?
A1CTA	non-polymer	?
A1CTB	non-polymer	?
A1CTC	non-polymer	?
A1CTD	non-polymer	?
A1CTE	non-polymer	?
A1CTF	non-polymer	?
A1CTG	non-polymer	?
A1CTH	non-polymer	?
A1CTJ	non-polymer	?
A1CTK	non-polymer	?
A1CTL	non-polymer	?
A1CTM	non-polymer	?
A1CTN	non-polymer	?
A1CTO	non-polymer	?
A1CTP	non-polymer	?
A1CTQ	non-polymer	?
A1CTR	non-polymer	?
A1CTS	non-polymer	?
A1CTT	D-peptide linking	ALA
A1CTU	non-polymer	?
A1CTV	non-polymer	?
A1CTW	non-polymer	?
A1CTX	non-polymer	?
A1CTY	non-polymer	?
A1CU0	non-polymer	?
A1CU1	RNA linking	A
A1CU2	non-polymer	?
A1CU3	non-polymer	?
A1CU4	non-polymer	?
A1CU5	non-polymer	?
A1CU6	non-polymer	?
A1CU7	non-polymer	?
A1CU8	non-polymer	?
A1CU9	non-polymer	?
A1CUA	non-polymer	?
A1CUB	non-polymer	?
A1CUC	non-polymer	?
A1CUD	non-polymer	?
A1CUE	non-polymer	?
A1CUJ	non-polymer	?
A1CUK	non-polymer	?
A1CUL	non-polymer	?
A1CUM	non-polymer	?
A1CUO	non-polymer	?
A1CUP	non-polymer	?
A1CUQ	non-polymer	?
A1CUR	non-polymer	?
A1CUS	non-polymer	?
A1CUU	non-polymer	?
A1CUV	non-polymer	?
A1CUW	non-polymer	?
A1CUX	non-polymer	?
A1CUY	non-polymer	?
A1CV0	non-polymer	?
A1CV1	non-polymer	?
A1CV2	non-polymer	?
A1CV3	non-polymer	?
A1CV4	non-polymer	?
A1CV5	non-polymer	?
A1CV6	non-polymer	?
A1CV7	non-polymer	?
A1CVA	non-polymer	?
A1CVB	non-polymer	?
A1CVC	non-polymer	?
A1CVD	non-polymer	?
A1CVE	non-polymer	?
A1CVF	non-polymer	?
A1CVG	non-polymer	?
A1CVH	non-polymer	?
A1CVI	non-polymer	?
A1CVJ	non-polymer	?
A1CVK	non-polymer	?
A1CVL	non-polymer	?
A1CVM	non-polymer	?
A1CVN	non-polymer	?
A1CVO	non-polymer	?
A1CVP	non-polymer	?
A1CVQ	non-polymer	?
A1CVS	non-polymer	?
A1CVU	non-polymer	?
A1CVV	non-polymer	?
A1CVW	non-polymer	?
A1CVX	non-polymer	?
A1CVZ	non-polymer	?
A1CW0	non-polymer	?
A1CW1	non-polymer	?
A1CW2	non-polymer	?
A1CW3	non-polymer	?
A1CW5	non-polymer	?
A1CW6	non-polymer	?
A1CW7	non-polymer	?
A1CW8	non-polymer	?
A1CW9	non-polymer	?
A1CWA	DNA linking	?
A1CWB	non-polymer	?
A1CWC	non-polymer	?
A1CWD	non-polymer	?
A1CWE	non-polymer	?
A1CWF	non-polymer	?
A1CWG	non-polymer	?
A1CWH	non-polymer	?
A1CWI	non-polymer	?
A1CWJ	non-polymer	?
A1CWK	non-polymer	?
A1CWL	non-polymer	?
A1CWM	non-polymer	?
A1CWN	non-polymer	?
A1CWO	non-polymer	?
A1CWP	non-polymer	?
A1CWR	D-saccharide	KDO
A1CWT	non-polymer	?
A1CWU	non-polymer	?
A1CWV	non-polymer	?
A1CWW	non-polymer	?
A1CWZ	non-polymer	?
A1CX0	non-polymer	?
A1CX1	non-polymer	?
A1CX2	non-polymer	?
A1CX3	non-polymer	?
A1CX4	non-polymer	?
A1CX5	non-polymer	?
A1CX6	non-polymer	?
A1CX7	non-polymer	?
A1CX8	non-polymer	?
A1CX9	non-polymer	?
A1CXA	non-polymer	?
A1CXB	non-polymer	?
A1CXC	non-polymer	?
A1CXD	non-polymer	?
A1CXE	non-polymer	?
A1CXF	non-polymer	?
A1CXG	non-polymer	?
A1CXH	non-polymer	?
A1CXJ	non-polymer	?
A1CXM	non-polymer	?
A1CXN	non-polymer	?
A1CXP	non-polymer	?
A1CXR	non-polymer	?
A1CXS	non-polymer	?
A1CXT	non-polymer	?
A1CXU	non-polymer	?
A1CXV	non-polymer	?
A1CXW	non-polymer	?
A1CXX	non-polymer	?
A1CXY	non-polymer	?
A1CXZ	non-polymer	?
A1CY5	non-polymer	?
A1CY6	non-polymer	?
A1CY8	non-polymer	?
A1CY9	non-polymer	?
A1CYA	non-polymer	?
A1CYB	non-polymer	?
A1CYC	non-polymer	?
A1CYD	non-polymer	?
A1CYE	non-polymer	?
A1CYF	non-polymer	?
A1CYH	non-polymer	?
A1CYJ	non-polymer	?
A1CYL	non-polymer	?
A1CYM	non-polymer	?
A1CYT	non-polymer	?
A1CYY	non-polymer	?
A1CYZ	non-polymer	?
A1CZ0	non-polymer	?
A1CZ2	RNA linking	C
A1CZ3	non-polymer	?
A1CZ4	non-polymer	?
A1CZ7	non-polymer	SER
A1CZB	non-polymer	?
A1CZD	non-polymer	?
A1CZE	non-polymer	?
A1CZP	non-polymer	?
A1CZQ	non-polymer	?
A1CZS	non-polymer	?
A1CZU	non-polymer	?
A1CZV	non-polymer	?
A1CZW	non-polymer	?
A1CZX	non-polymer	?
A1CZY	non-polymer	?
A1CZZ	non-polymer	?
A1D0T	non-polymer	?
A1D46	non-polymer	?
A1D47	non-polymer	?
A1D48	non-polymer	?
A1D49	non-polymer	?
A1D50	non-polymer	?
A1D51	non-polymer	?
A1D52	non-polymer	?
A1D54	non-polymer	?
A1D55	non-polymer	?
A1D59	non-polymer	?
A1D5A	non-polymer	?
A1D5B	L-peptide linking	LYS
A1D5C	non-polymer	?
A1D5D	non-polymer	?
A1D5E	L-peptide linking	PRO
A1D5F	non-polymer	?
A1D5H	non-polymer	?
A1D5I	non-polymer	?
A1D5J	non-polymer	?
A1D5K	non-polymer	?
A1D5L	non-polymer	?
A1D5M	non-polymer	?
A1D5N	non-polymer	?
A1D5P	D-peptide linking	TYR
A1D5Q	non-polymer	?
A1D5S	non-polymer	?
A1D5U	non-polymer	?
A1D5V	non-polymer	?
A1D5X	non-polymer	?
A1D5Y	non-polymer	?
A1D5Z	non-polymer	?
A1D60	non-polymer	?
A1D61	non-polymer	?
A1D62	non-polymer	?
A1D63	non-polymer	?
A1D64	L-peptide linking	CYS
A1D65	non-polymer	?
A1D66	non-polymer	?
A1D67	non-polymer	?
A1D68	non-polymer	?
A1D69	non-polymer	?
A1D6A	non-polymer	?
A1D6B	non-polymer	?
A1D6C	non-polymer	?
A1D6D	non-polymer	?
A1D6E	non-polymer	?
A1D6F	non-polymer	?
A1D6G	non-polymer	?
A1D6H	non-polymer	?
A1D6I	non-polymer	?
A1D6J	non-polymer	?
A1D6K	non-polymer	?
A1D6L	non-polymer	?
A1D6M	non-polymer	?
A1D6O	non-polymer	?
A1D6P	non-polymer	?
A1D6Q	non-polymer	?
A1D6R	non-polymer	?
A1D6S	non-polymer	?
A1D6T	non-polymer	?
A1D6U	non-polymer	?
A1D6W	non-polymer	?
A1D6X	non-polymer	?
A1D6Y	non-polymer	?
A1D6Z	non-polymer	?
A1D70	non-polymer	?
A1D71	non-polymer	?
A1D72	non-polymer	?
A1D73	non-polymer	?
A1D74	non-polymer	?
A1D75	non-polymer	?
A1D76	non-polymer	?
A1D78	non-polymer	?
A1D79	non-polymer	?
A1D7A	non-polymer	?
A1D7B	non-polymer	?
A1D7D	non-polymer	?
A1D7F	non-polymer	?
A1D7G	peptide-like	?
A1D7M	peptide-like	?
A1D7N	peptide-like	?
A1D7O	non-polymer	?
A1D7P	non-polymer	?
A1D7Q	non-polymer	?
A1D7R	L-peptide linking	TRP
A1D7S	non-polymer	?
A1D7T	non-polymer	?
A1D7U	non-polymer	?
A1D7V	non-polymer	?
A1D7W	non-polymer	?
A1D7X	non-polymer	?
A1D7Y	non-polymer	?
A1D7Z	non-polymer	?
A1D80	non-polymer	?
A1D81	non-polymer	?
A1D82	non-polymer	?
A1D83	non-polymer	?
A1D84	non-polymer	?
A1D85	non-polymer	?
A1D86	non-polymer	?
A1D87	non-polymer	?
A1D88	non-polymer	?
A1D8A	non-polymer	?
A1D8D	non-polymer	?
A1D8E	non-polymer	?
A1D8F	non-polymer	?
A1D8G	non-polymer	?
A1D8H	non-polymer	?
A1D8I	non-polymer	?
A1D8J	non-polymer	?
A1D8K	non-polymer	?
A1D8L	non-polymer	?
A1D8M	non-polymer	?
A1D8N	non-polymer	?
A1D8O	non-polymer	?
A1D8P	non-polymer	?
A1D8Q	non-polymer	?
A1D8R	L-peptide linking	?
A1D8S	non-polymer	?
A1D8T	peptide-like	?
A1D8V	non-polymer	?
A1D8X	non-polymer	?
A1D8Y	non-polymer	?
A1D8Z	non-polymer	?
A1D90	non-polymer	?
A1D91	non-polymer	?
A1D92	non-polymer	?
A1D93	non-polymer	?
A1D94	non-polymer	?
A1D95	non-polymer	?
A1D96	non-polymer	?
A1D97	non-polymer	?
A1D98	non-polymer	?
A1D99	non-polymer	?
A1D9A	non-polymer	?
A1D9C	non-polymer	?
A1D9D	non-polymer	?
A1D9E	non-polymer	?
A1D9F	non-polymer	?
A1D9G	non-polymer	?
A1D9H	peptide-like	?
A1D9I	non-polymer	?
A1D9K	non-polymer	?
A1D9L	non-polymer	?
A1D9M	non-polymer	?
A1D9O	L-peptide linking	PRO
A1D9Q	non-polymer	?
A1D9R	non-polymer	?
A1D9S	non-polymer	?
A1D9T	non-polymer	?
A1D9U	non-polymer	?
A1D9W	non-polymer	?
A1D9X	non-polymer	?
A1D9Y	non-polymer	?
A1D9Z	non-polymer	?
A1DA1	non-polymer	?
A1DA6	non-polymer	?
A1DA8	non-polymer	?
A1DA9	non-polymer	?
A1DAD	non-polymer	?
A1DAE	non-polymer	?
A1DAF	non-polymer	?
A1DAG	non-polymer	?
A1DAH	non-polymer	?
A1DAI	non-polymer	?
A1DAJ	non-polymer	?
A1DAK	peptide-like	?
A1DAM	non-polymer	?
A1DAN	non-polymer	?
A1DAO	non-polymer	?
A1DAP	non-polymer	?
A1DAR	non-polymer	?
A1DAS	non-polymer	?
A1DAW	non-polymer	?
A1DAY	non-polymer	?
A1DB0	non-polymer	?
A1DB4	non-polymer	?
A1DB5	non-polymer	?
A1DB6	non-polymer	?
A1DBJ	non-polymer	?
A1DBR	non-polymer	?
A1DBX	non-polymer	?
A1DBY	non-polymer	?
A1DBZ	non-polymer	?
A1DC0	non-polymer	?
A1DC1	non-polymer	?
A1DC3	non-polymer	?
A1DCC	non-polymer	?
A1DCD	non-polymer	?
A1DCH	non-polymer	?
A1DCQ	non-polymer	?
A1DCZ	RNA linking	?
A1DD0	non-polymer	?
A1DE3	non-polymer	?
A1DE4	non-polymer	?
A1DE9	non-polymer	?
A1DEK	non-polymer	?
A1DEM	non-polymer	?
A1DEQ	non-polymer	?
A1DET	non-polymer	?
A1DEX	non-polymer	?
A1DEY	non-polymer	?
A1DEZ	non-polymer	?
A1DF0	peptide-like	?
A1DFA	non-polymer	?
A1DFC	non-polymer	?
A1DFD	non-polymer	?
A1DFE	non-polymer	?
A1DFF	non-polymer	?
A1DFI	non-polymer	?
A1DFJ	non-polymer	?
A1DFK	non-polymer	?
A1DFX	peptide-like	?
A1DG4	non-polymer	?
A1DG5	non-polymer	?
A1DG6	non-polymer	?
A1DH2	non-polymer	?
A1DHL	non-polymer	?
A1DHT	non-polymer	?
A1DI3	non-polymer	?
A1DI5	non-polymer	?
A1DI6	non-polymer	?
A1DI7	non-polymer	?
A1DIB	peptide-like	?
A1DIP	non-polymer	?
A1DJF	non-polymer	?
A1DJL	non-polymer	?
A1DK1	non-polymer	?
A1DKX	non-polymer	?
A1DKY	non-polymer	?
A1DLL	non-polymer	?
A1DLM	non-polymer	?
A1DLN	non-polymer	?
A1DLO	non-polymer	?
A1DLP	non-polymer	?
A1DLQ	non-polymer	?
A1DM1	non-polymer	?
A1DMM	non-polymer	?
A1DMT	non-polymer	?
A1DMU	non-polymer	?
A1DMV	non-polymer	?
A1DMW	non-polymer	?
A1DMX	non-polymer	?
A1DN1	non-polymer	?
A1DN3	non-polymer	?
A1DN4	non-polymer	?
A1DN5	non-polymer	?
A1DN6	non-polymer	?
A1DN7	non-polymer	?
A1DN8	non-polymer	?
A1DN9	non-polymer	?
A1DNH	non-polymer	?
A1DNI	non-polymer	?
A1DNT	non-polymer	?
A1DNU	non-polymer	?
A1DNW	non-polymer	?
A1DNX	non-polymer	?
A1DNY	non-polymer	?
A1DO0	non-polymer	?
A1DO1	non-polymer	?
A1DO3	non-polymer	?
A1DO4	non-polymer	?
A1DO5	non-polymer	?
A1DO6	non-polymer	?
A1DO7	non-polymer	?
A1DO8	non-polymer	?
A1DO9	non-polymer	?
A1DOA	non-polymer	?
A1DOB	non-polymer	?
A1DOC	non-polymer	?
A1DOD	non-polymer	?
A1DOE	non-polymer	?
A1DOF	non-polymer	?
A1DOG	non-polymer	?
A1DOH	non-polymer	?
A1DOI	non-polymer	?
A1DOJ	non-polymer	?
A1DOK	non-polymer	?
A1DOL	non-polymer	?
A1DOM	non-polymer	?
A1DON	non-polymer	?
A1DOO	non-polymer	?
A1DOP	non-polymer	?
A1DOQ	non-polymer	?
A1DOR	non-polymer	?
A1DOS	non-polymer	?
A1DOT	non-polymer	?
A1DOU	non-polymer	?
A1DOV	non-polymer	?
A1DOW	non-polymer	?
A1DOX	non-polymer	?
A1DOY	non-polymer	?
A1DOZ	non-polymer	?
A1DP2	non-polymer	CYS
A1DPA	non-polymer	?
A1DPB	non-polymer	?
A1DPC	non-polymer	?
A1DPD	non-polymer	?
A1DQB	non-polymer	?
A1DRM	non-polymer	?
A1DY2	non-polymer	?
A1E	NON-POLYMER	?
A1E02	non-polymer	?
A1E06	non-polymer	?
A1E0A	non-polymer	?
A1E0B	peptide-like	?
A1E0F	non-polymer	?
A1E0J	non-polymer	?
A1E1C	non-polymer	?
A1E1G	non-polymer	?
A1E1J	non-polymer	?
A1E1K	non-polymer	?
A1E1M	non-polymer	?
A1E1Q	non-polymer	?
A1E1S	non-polymer	?
A1E25	non-polymer	?
A1E26	non-polymer	?
A1E2G	non-polymer	?
A1E2K	non-polymer	?
A1E2N	non-polymer	?
A1E2O	non-polymer	?
A1E2R	non-polymer	?
A1E2V	non-polymer	?
A1E2W	non-polymer	?
A1E2Y	non-polymer	?
A1E30	non-polymer	?
A1E3E	D-saccharide, alpha linking	?
A1E3H	non-polymer	?
A1E3Q	non-polymer	?
A1E3R	non-polymer	?
A1E3V	non-polymer	?
A1E3X	non-polymer	?
A1E3Y	peptide linking	?
A1E3Z	non-polymer	?
A1E46	non-polymer	?
A1E4N	non-polymer	?
A1E4O	non-polymer	?
A1E4P	non-polymer	?
A1E4Q	non-polymer	?
A1E4R	non-polymer	?
A1E59	non-polymer	?
A1E5A	non-polymer	?
A1E5B	non-polymer	?
A1E5D	non-polymer	?
A1E5E	non-polymer	?
A1E5J	non-polymer	?
A1E5L	non-polymer	?
A1E5S	non-polymer	?
A1E5T	non-polymer	?
A1E5V	non-polymer	?
A1E61	non-polymer	?
A1E63	non-polymer	?
A1E6C	non-polymer	?
A1E6D	non-polymer	?
A1E6E	non-polymer	?
A1E6Q	non-polymer	?
A1E6R	non-polymer	?
A1E7E	non-polymer	?
A1E80	non-polymer	?
A1E94	non-polymer	?
A1E9G	non-polymer	?
A1E9U	peptide linking	?
A1E9V	non-polymer	?
A1EA0	non-polymer	?
A1EA1	non-polymer	?
A1EA2	non-polymer	?
A1EA3	non-polymer	?
A1EA4	non-polymer	?
A1EA5	non-polymer	?
A1EA6	non-polymer	?
A1EA7	non-polymer	?
A1EAA	non-polymer	?
A1EAB	non-polymer	?
A1EAC	non-polymer	?
A1EAD	non-polymer	?
A1EAE	non-polymer	?
A1EAG	non-polymer	?
A1EAH	non-polymer	?
A1EAI	non-polymer	?
A1EAJ	non-polymer	?
A1EAK	D-peptide linking	?
A1EAM	non-polymer	?
A1EAN	non-polymer	?
A1EAP	non-polymer	?
A1EAS	non-polymer	?
A1EAT	non-polymer	?
A1EAU	non-polymer	?
A1EAV	non-polymer	?
A1EAW	non-polymer	?
A1EAX	D-saccharide, alpha linking	?
A1EAY	non-polymer	?
A1EAZ	non-polymer	?
A1EB0	non-polymer	?
A1EB1	non-polymer	?
A1EB3	non-polymer	?
A1EB4	non-polymer	?
A1EB5	non-polymer	?
A1EB6	non-polymer	?
A1EB7	non-polymer	?
A1EBA	non-polymer	?
A1EBC	non-polymer	?
A1EBD	non-polymer	?
A1EBE	non-polymer	?
A1EBI	non-polymer	?
A1EBJ	non-polymer	?
A1EBK	non-polymer	?
A1EBL	non-polymer	?
A1EBM	non-polymer	?
A1EBN	non-polymer	?
A1EBO	non-polymer	?
A1EBP	peptide-like	?
A1EBQ	non-polymer	?
A1EBR	non-polymer	?
A1EBS	non-polymer	?
A1EBT	non-polymer	?
A1EBV	non-polymer	?
A1EBW	non-polymer	?
A1EBX	non-polymer	?
A1EBZ	non-polymer	?
A1EC0	non-polymer	?
A1EC1	non-polymer	?
A1EC2	non-polymer	?
A1EC3	non-polymer	?
A1EC4	non-polymer	?
A1EC5	non-polymer	?
A1EC7	non-polymer	?
A1EC8	non-polymer	?
A1EC9	non-polymer	?
A1ECA	non-polymer	?
A1ECB	non-polymer	?
A1ECD	non-polymer	?
A1ECE	non-polymer	?
A1ECF	non-polymer	?
A1ECH	D-peptide linking	?
A1ECI	L-peptide linking	CYS
A1ECK	L-peptide linking	PHE
A1ECL	L-peptide linking	PHE
A1ECM	L-peptide linking	VAL
A1ECN	peptide-like	?
A1ECQ	non-polymer	?
A1ECR	non-polymer	?
A1ECS	non-polymer	?
A1ECU	non-polymer	?
A1ECV	non-polymer	?
A1ECX	non-polymer	?
A1ECY	non-polymer	?
A1ECZ	non-polymer	?
A1ED0	non-polymer	?
A1ED1	non-polymer	?
A1ED2	non-polymer	?
A1ED3	non-polymer	?
A1ED4	non-polymer	?
A1ED5	non-polymer	?
A1ED7	non-polymer	?
A1ED8	non-polymer	?
A1ED9	non-polymer	?
A1EDA	non-polymer	?
A1EDB	non-polymer	?
A1EDC	non-polymer	?
A1EDD	D-peptide linking	DLY
A1EDE	non-polymer	?
A1EDF	non-polymer	?
A1EDG	non-polymer	?
A1EDH	non-polymer	?
A1EDI	non-polymer	?
A1EDJ	non-polymer	?
A1EDK	non-polymer	?
A1EDL	non-polymer	?
A1EDM	non-polymer	?
A1EDN	non-polymer	?
A1EDO	non-polymer	?
A1EDR	non-polymer	?
A1EDS	non-polymer	?
A1EDT	non-polymer	?
A1EDX	non-polymer	?
A1EDY	non-polymer	?
A1EDZ	non-polymer	?
A1EE0	non-polymer	?
A1EE1	non-polymer	?
A1EE2	non-polymer	?
A1EE3	non-polymer	?
A1EE4	non-polymer	?
A1EE6	non-polymer	?
A1EE7	non-polymer	?
A1EE8	non-polymer	?
A1EE9	non-polymer	?
A1EEA	non-polymer	?
A1EEB	non-polymer	?
A1EEC	non-polymer	?
A1EEE	non-polymer	?
A1EEF	non-polymer	?
A1EEG	non-polymer	?
A1EEK	non-polymer	?
A1EEL	non-polymer	?
A1EEN	non-polymer	?
A1EEQ	non-polymer	?
A1EER	non-polymer	?
A1EET	non-polymer	?
A1EEW	non-polymer	?
A1EEX	non-polymer	?
A1EEY	non-polymer	?
A1EEZ	non-polymer	?
A1EF0	non-polymer	?
A1EF1	non-polymer	?
A1EF2	non-polymer	?
A1EF3	non-polymer	?
A1EF4	non-polymer	?
A1EF5	non-polymer	?
A1EF6	non-polymer	?
A1EF7	non-polymer	?
A1EF8	non-polymer	?
A1EF9	non-polymer	?
A1EFA	non-polymer	?
A1EFB	non-polymer	?
A1EFC	non-polymer	?
A1EFD	non-polymer	?
A1EFE	non-polymer	?
A1EFF	non-polymer	?
A1EFG	non-polymer	?
A1EFK	non-polymer	?
A1EFL	non-polymer	?
A1EFM	non-polymer	?
A1EFN	DNA linking	DA
A1EFO	non-polymer	?
A1EFP	non-polymer	?
A1EFQ	non-polymer	?
A1EFR	non-polymer	?
A1EFT	L-peptide linking	ARG
A1EFU	non-polymer	?
A1EFV	non-polymer	?
A1EFW	D-saccharide, alpha linking	GLC
A1EFY	non-polymer	?
A1EFZ	non-polymer	?
A1EG0	non-polymer	?
A1EG1	L-peptide linking	LYS
A1EG2	non-polymer	?
A1EG3	non-polymer	?
A1EG5	non-polymer	?
A1EG7	non-polymer	?
A1EG8	non-polymer	?
A1EG9	non-polymer	?
A1EGA	non-polymer	?
A1EGB	non-polymer	?
A1EGC	non-polymer	?
A1EGD	non-polymer	?
A1EGE	non-polymer	?
A1EGF	non-polymer	?
A1EGG	non-polymer	?
A1EGH	non-polymer	?
A1EGK	non-polymer	?
A1EGL	non-polymer	?
A1EGM	non-polymer	?
A1EGN	non-polymer	?
A1EGP	non-polymer	?
A1EGQ	non-polymer	?
A1EGR	non-polymer	?
A1EGS	non-polymer	?
A1EGT	D-saccharide	?
A1EGV	D-saccharide	?
A1EGW	D-saccharide	?
A1EGX	L-saccharide	?
A1EGY	D-saccharide	?
A1EH0	non-polymer	?
A1EH2	non-polymer	?
A1EH7	non-polymer	?
A1EHA	non-polymer	?
A1EHB	non-polymer	?
A1EHC	non-polymer	?
A1EHD	non-polymer	?
A1EHE	non-polymer	?
A1EHF	non-polymer	?
A1EHG	non-polymer	?
A1EHH	non-polymer	?
A1EHL	non-polymer	?
A1EHM	non-polymer	?
A1EHN	non-polymer	?
A1EHO	non-polymer	?
A1EHP	non-polymer	?
A1EHQ	non-polymer	?
A1EHR	non-polymer	?
A1EHT	non-polymer	?
A1EHU	non-polymer	?
A1EHX	non-polymer	?
A1EHY	non-polymer	?
A1EI0	non-polymer	?
A1EI1	non-polymer	?
A1EI4	non-polymer	?
A1EI5	non-polymer	?
A1EI6	non-polymer	?
A1EIC	L-peptide linking	SER
A1EIE	non-polymer	?
A1EIH	non-polymer	?
A1EIK	non-polymer	?
A1EIL	non-polymer	?
A1EIM	non-polymer	?
A1EIP	non-polymer	?
A1EIQ	non-polymer	?
A1EIU	L-peptide linking	LYS
A1EIV	non-polymer	?
A1EIW	non-polymer	?
A1EIX	non-polymer	?
A1EIY	non-polymer	?
A1EIZ	non-polymer	?
A1EJ0	D-saccharide	?
A1EJ1	L-peptide linking	LYS
A1EJ2	D-saccharide	?
A1EJ3	non-polymer	?
A1EJ4	L-peptide linking	LYS
A1EJ5	non-polymer	?
A1EJ6	non-polymer	?
A1EJ7	non-polymer	?
A1EJ8	non-polymer	?
A1EJ9	non-polymer	?
A1EJB	non-polymer	?
A1EJC	non-polymer	?
A1EJD	non-polymer	?
A1EJE	non-polymer	?
A1EJF	non-polymer	?
A1EJG	non-polymer	?
A1EJH	non-polymer	?
A1EJI	non-polymer	?
A1EJJ	non-polymer	?
A1EJK	non-polymer	?
A1EJL	D-peptide linking	?
A1EJM	non-polymer	?
A1EJN	non-polymer	?
A1EJO	non-polymer	?
A1EJP	non-polymer	?
A1EJQ	non-polymer	?
A1EJR	L-peptide linking	LYS
A1EJS	L-peptide linking	LYS
A1EJT	L-peptide linking	LYS
A1EJU	non-polymer	?
A1EJV	non-polymer	?
A1EJW	non-polymer	?
A1EJX	non-polymer	?
A1EJZ	L-peptide linking	LYS
A1EK0	non-polymer	?
A1EK3	non-polymer	?
A1EK4	non-polymer	?
A1EK5	non-polymer	?
A1EK7	non-polymer	?
A1EK8	non-polymer	?
A1EKA	non-polymer	?
A1EKB	non-polymer	?
A1EKC	non-polymer	?
A1EKD	non-polymer	?
A1EKE	non-polymer	?
A1EKF	non-polymer	?
A1EKG	non-polymer	?
A1EKJ	non-polymer	?
A1EKK	non-polymer	?
A1EKL	non-polymer	?
A1EKM	non-polymer	?
A1EKN	non-polymer	?
A1EKO	L-saccharide, alpha linking	?
A1EKQ	non-polymer	?
A1EKR	non-polymer	?
A1EKS	non-polymer	?
A1EKU	non-polymer	?
A1EKV	non-polymer	?
A1EKX	non-polymer	?
A1EKY	non-polymer	?
A1EKZ	non-polymer	?
A1EL0	non-polymer	?
A1EL1	non-polymer	?
A1EL2	non-polymer	?
A1EL3	non-polymer	?
A1EL5	non-polymer	?
A1EL6	non-polymer	?
A1EL7	RNA linking	U
A1EL8	RNA linking	U
A1EL9	non-polymer	?
A1ELA	non-polymer	?
A1ELB	non-polymer	?
A1ELC	non-polymer	?
A1ELD	non-polymer	?
A1ELE	non-polymer	?
A1ELF	non-polymer	?
A1ELG	non-polymer	?
A1ELH	non-polymer	?
A1ELI	non-polymer	?
A1ELJ	non-polymer	?
A1ELK	non-polymer	?
A1ELU	non-polymer	?
A1ELV	non-polymer	?
A1ELW	non-polymer	?
A1ELY	non-polymer	?
A1ELZ	RNA linking	?
A1EM0	non-polymer	?
A1EM1	non-polymer	?
A1EM2	non-polymer	?
A1EM3	non-polymer	?
A1EM4	non-polymer	?
A1EM5	non-polymer	?
A1EM6	non-polymer	?
A1EM7	non-polymer	?
A1EM8	non-polymer	?
A1EM9	non-polymer	?
A1EMA	non-polymer	?
A1EMB	non-polymer	?
A1EMC	non-polymer	?
A1EMD	non-polymer	?
A1EMF	non-polymer	?
A1EMG	non-polymer	?
A1EMH	non-polymer	?
A1EMI	non-polymer	?
A1EMK	non-polymer	?
A1EML	non-polymer	?
A1EMM	non-polymer	?
A1EMN	non-polymer	?
A1EMO	non-polymer	?
A1EMP	L-peptide linking	LYS
A1EMQ	non-polymer	?
A1EMR	non-polymer	?
A1EMT	non-polymer	?
A1EMU	non-polymer	?
A1EMV	non-polymer	?
A1EMX	non-polymer	?
A1EMZ	non-polymer	?
A1EN0	non-polymer	?
A1EN3	non-polymer	?
A1EN4	non-polymer	?
A1EN5	non-polymer	?
A1EN6	D-saccharide, beta linking	GAL
A1EN7	non-polymer	?
A1EN8	non-polymer	?
A1ENA	non-polymer	?
A1ENB	non-polymer	?
A1ENC	non-polymer	?
A1END	non-polymer	?
A1ENE	non-polymer	?
A1ENF	non-polymer	?
A1ENG	non-polymer	?
A1ENH	non-polymer	?
A1ENI	non-polymer	?
A1ENJ	non-polymer	?
A1ENK	non-polymer	?
A1ENL	non-polymer	?
A1ENM	non-polymer	?
A1ENN	non-polymer	?
A1ENO	non-polymer	?
A1ENP	non-polymer	?
A1ENQ	non-polymer	?
A1ENR	non-polymer	?
A1ENS	non-polymer	?
A1ENT	non-polymer	?
A1ENU	non-polymer	?
A1ENX	non-polymer	?
A1ENY	non-polymer	?
A1EO0	non-polymer	?
A1EO1	non-polymer	?
A1EO2	non-polymer	?
A1EO4	non-polymer	?
A1EO5	non-polymer	?
A1EO6	non-polymer	?
A1EO7	non-polymer	?
A1EO8	non-polymer	?
A1EO9	non-polymer	?
A1EOA	non-polymer	?
A1EOB	non-polymer	?
A1EOD	non-polymer	?
A1EOE	non-polymer	?
A1EOF	non-polymer	?
A1EOG	non-polymer	?
A1EOH	non-polymer	?
A1EOJ	non-polymer	?
A1EOK	non-polymer	?
A1EOL	non-polymer	?
A1EOM	non-polymer	?
A1EOO	non-polymer	?
A1EOP	non-polymer	?
A1EOQ	non-polymer	?
A1EOR	non-polymer	?
A1EOS	non-polymer	?
A1EOT	non-polymer	?
A1EOU	non-polymer	?
A1EOV	non-polymer	?
A1EOW	non-polymer	?
A1EOX	non-polymer	?
A1EOY	non-polymer	?
A1EP0	non-polymer	?
A1EP1	non-polymer	?
A1EP2	non-polymer	?
A1EP4	non-polymer	?
A1EP8	non-polymer	?
A1EP9	non-polymer	?
A1EPA	non-polymer	?
A1EPB	non-polymer	?
A1EPD	non-polymer	?
A1EPE	non-polymer	?
A1EPF	non-polymer	?
A1EPK	non-polymer	?
A1EPL	non-polymer	?
A1EPM	non-polymer	?
A1EPN	non-polymer	?
A1EPO	non-polymer	?
A1EPP	non-polymer	?
A1EPQ	non-polymer	?
A1EPR	non-polymer	?
A1EPS	non-polymer	?
A1EPT	non-polymer	?
A1EPV	non-polymer	?
A1EPX	non-polymer	?
A1EPZ	peptide-like	?
A1EQ2	non-polymer	?
A1EQ3	non-polymer	?
A1EQ4	non-polymer	?
A1EQ6	non-polymer	?
A1EQ7	non-polymer	?
A1EQ8	non-polymer	?
A1EQ9	non-polymer	?
A1EQA	non-polymer	?
A1EQC	non-polymer	?
A1EQD	non-polymer	?
A1EQF	non-polymer	?
A1EQG	non-polymer	TRP
A1EQH	non-polymer	?
A1EQI	non-polymer	?
A1EQJ	non-polymer	?
A1EQK	non-polymer	?
A1EQM	D-peptide linking	DTY
A1EQN	non-polymer	?
A1EQO	non-polymer	?
A1EQP	non-polymer	?
A1EQQ	non-polymer	?
A1EQR	non-polymer	?
A1EQT	non-polymer	?
A1EQU	non-polymer	?
A1EQV	non-polymer	?
A1EQX	non-polymer	?
A1EQY	non-polymer	?
A1ER0	non-polymer	?
A1ER2	non-polymer	?
A1ER3	non-polymer	?
A1ER4	non-polymer	?
A1ER5	L-peptide linking	ASP
A1ER6	non-polymer	?
A1ER9	non-polymer	?
A1ERA	non-polymer	?
A1ERB	non-polymer	?
A1ERC	non-polymer	?
A1ERF	non-polymer	?
A1ERH	non-polymer	?
A1ERI	non-polymer	?
A1ERJ	non-polymer	?
A1ERK	non-polymer	?
A1ERR	non-polymer	?
A1ERS	non-polymer	?
A1ERT	non-polymer	?
A1ERW	non-polymer	?
A1ERX	non-polymer	?
A1ERY	non-polymer	?
A1ERZ	non-polymer	?
A1ES0	non-polymer	?
A1ES1	non-polymer	?
A1ES2	non-polymer	?
A1ES3	non-polymer	?
A1ES4	non-polymer	?
A1ES5	non-polymer	?
A1ES6	non-polymer	?
A1ES7	non-polymer	?
A1ES9	non-polymer	?
A1ESA	non-polymer	?
A1ESC	non-polymer	?
A1ESD	non-polymer	?
A1ESE	non-polymer	?
A1ESF	non-polymer	?
A1ESG	non-polymer	?
A1ESK	non-polymer	?
A1ESL	non-polymer	?
A1ESM	non-polymer	?
A1ESP	non-polymer	?
A1ESQ	non-polymer	?
A1ESS	non-polymer	?
A1EST	non-polymer	?
A1ESU	non-polymer	?
A1ESV	non-polymer	?
A1ESW	non-polymer	?
A1ESX	non-polymer	?
A1ESY	non-polymer	?
A1ESZ	non-polymer	?
A1ET4	non-polymer	?
A1ET7	non-polymer	?
A1ET8	non-polymer	?
A1ET9	non-polymer	?
A1ETA	non-polymer	?
A1ETB	non-polymer	?
A1ETD	non-polymer	?
A1ETE	non-polymer	?
A1ETG	non-polymer	?
A1ETI	non-polymer	?
A1ETJ	non-polymer	?
A1ETK	non-polymer	?
A1ETL	non-polymer	?
A1ETM	non-polymer	?
A1ETN	non-polymer	?
A1ETO	non-polymer	?
A1ETP	non-polymer	?
A1ETR	non-polymer	?
A1ETS	non-polymer	?
A1ETT	non-polymer	?
A1ETU	non-polymer	?
A1ETV	non-polymer	?
A1ETW	non-polymer	?
A1ETX	non-polymer	?
A1ETY	non-polymer	?
A1ETZ	non-polymer	?
A1EU0	non-polymer	?
A1EU1	non-polymer	?
A1EU2	non-polymer	?
A1EU3	non-polymer	?
A1EU4	non-polymer	?
A1EU5	non-polymer	?
A1EU6	non-polymer	?
A1EU7	non-polymer	?
A1EU8	non-polymer	?
A1EU9	non-polymer	?
A1EUA	non-polymer	?
A1EUB	non-polymer	?
A1EUC	non-polymer	?
A1EUD	non-polymer	?
A1EUE	non-polymer	?
A1EUF	non-polymer	?
A1EUH	non-polymer	?
A1EUI	non-polymer	?
A1EUJ	non-polymer	?
A1EUK	non-polymer	?
A1EUL	non-polymer	?
A1EUM	non-polymer	?
A1EUN	non-polymer	?
A1EUO	non-polymer	?
A1EUP	non-polymer	?
A1EUR	L-peptide linking	ALA
A1EUS	non-polymer	?
A1EUU	non-polymer	?
A1EUW	non-polymer	?
A1EUX	non-polymer	?
A1EUY	non-polymer	?
A1EUZ	non-polymer	?
A1EV1	non-polymer	?
A1EV3	non-polymer	?
A1EV8	non-polymer	?
A1EV9	non-polymer	?
A1EVA	non-polymer	?
A1EVB	non-polymer	?
A1EVC	non-polymer	?
A1EVF	non-polymer	?
A1EVG	non-polymer	?
A1EVH	non-polymer	?
A1EVI	non-polymer	?
A1EVK	non-polymer	?
A1EVL	non-polymer	?
A1EVM	non-polymer	?
A1EVN	non-polymer	?
A1EVP	non-polymer	?
A1EVQ	non-polymer	?
A1EVR	non-polymer	?
A1EVS	non-polymer	?
A1EVT	non-polymer	?
A1EVU	non-polymer	?
A1EVW	non-polymer	?
A1EVX	non-polymer	?
A1EVY	non-polymer	?
A1EVZ	non-polymer	?
A1EW0	non-polymer	?
A1EW5	non-polymer	?
A1EWA	non-polymer	?
A1EWC	non-polymer	?
A1EWE	non-polymer	?
A1EWF	non-polymer	?
A1EWG	non-polymer	?
A1EWH	non-polymer	?
A1EWI	non-polymer	?
A1EWK	non-polymer	?
A1EWL	non-polymer	?
A1EWS	non-polymer	?
A1EWW	non-polymer	?
A1EWY	non-polymer	?
A1EWZ	non-polymer	?
A1EX0	non-polymer	?
A1EX1	non-polymer	?
A1EX2	non-polymer	?
A1EX3	non-polymer	?
A1EX4	non-polymer	?
A1EX5	non-polymer	?
A1EX6	non-polymer	?
A1EX7	non-polymer	?
A1EX8	non-polymer	?
A1EX9	non-polymer	?
A1EXF	non-polymer	?
A1EXG	non-polymer	?
A1EXH	non-polymer	?
A1EXI	non-polymer	?
A1EXQ	non-polymer	?
A1EXY	non-polymer	?
A1EXZ	non-polymer	?
A1EY1	RNA linking	U
A1EY2	non-polymer	?
A1EY3	non-polymer	?
A1EY4	non-polymer	?
A1EY5	non-polymer	?
A1EY6	non-polymer	?
A1EY8	non-polymer	?
A1EYA	non-polymer	?
A1EYJ	non-polymer	?
A1EYK	non-polymer	?
A1EYL	non-polymer	?
A1EYP	L-peptide linking	LYS
A1EYQ	non-polymer	?
A1EYU	non-polymer	?
A1EYX	non-polymer	?
A1EYY	non-polymer	?
A1EYZ	non-polymer	?
A1EZ0	non-polymer	?
A1EZ6	non-polymer	?
A1EZ7	non-polymer	?
A1EZH	non-polymer	?
A1EZI	non-polymer	?
A1EZJ	non-polymer	?
A1EZK	non-polymer	?
A1EZL	non-polymer	?
A1EZM	non-polymer	?
A1EZO	non-polymer	?
A1EZW	non-polymer	?
A1F	NON-POLYMER	?
A1FAW	non-polymer	?
A1FBS	non-polymer	?
A1G	NON-POLYMER	?
A1H	NON-POLYMER	?
A1H00	non-polymer	?
A1H01	non-polymer	?
A1H02	non-polymer	?
A1H03	D-saccharide, alpha linking	GLA
A1H04	non-polymer	?
A1H05	non-polymer	?
A1H07	non-polymer	?
A1H09	non-polymer	?
A1H0A	non-polymer	?
A1H0B	non-polymer	?
A1H0C	non-polymer	?
A1H0D	non-polymer	?
A1H0F	non-polymer	?
A1H0G	non-polymer	?
A1H0J	non-polymer	?
A1H0K	non-polymer	?
A1H0L	non-polymer	?
A1H0M	non-polymer	?
A1H0N	non-polymer	?
A1H0P	D-saccharide, alpha linking	MAN
A1H0Q	non-polymer	?
A1H0S	non-polymer	?
A1H0T	non-polymer	?
A1H0U	non-polymer	?
A1H0V	non-polymer	?
A1H0W	non-polymer	?
A1H0Z	D-saccharide	?
A1H10	D-saccharide, beta linking	BDP
A1H11	non-polymer	A1H1P
A1H13	non-polymer	?
A1H14	non-polymer	?
A1H15	non-polymer	?
A1H16	non-polymer	?
A1H17	non-polymer	?
A1H18	non-polymer	?
A1H19	non-polymer	?
A1H1A	non-polymer	?
A1H1B	D-saccharide, beta linking	GAL
A1H1F	D-saccharide, beta linking	GAL
A1H1H	non-polymer	?
A1H1I	non-polymer	?
A1H1J	non-polymer	?
A1H1K	non-polymer	?
A1H1M	non-polymer	?
A1H1O	non-polymer	?
A1H1P	non-polymer	?
A1H1Q	non-polymer	?
A1H1R	non-polymer	?
A1H1S	non-polymer	?
A1H1T	non-polymer	?
A1H1U	non-polymer	?
A1H1V	L-saccharide, alpha linking	IDR
A1H1W	non-polymer	?
A1H1X	non-polymer	?
A1H1Y	non-polymer	?
A1H1Z	non-polymer	?
A1H20	non-polymer	?
A1H22	non-polymer	?
A1H23	non-polymer	?
A1H27	non-polymer	?
A1H28	non-polymer	?
A1H29	non-polymer	?
A1H2A	non-polymer	?
A1H2B	non-polymer	?
A1H2C	non-polymer	?
A1H2D	non-polymer	?
A1H2E	non-polymer	?
A1H2F	non-polymer	?
A1H2H	L-peptide linking	PHE
A1H2I	L-peptide linking	TRP
A1H2J	non-polymer	?
A1H2K	non-polymer	?
A1H2L	non-polymer	?
A1H2M	non-polymer	?
A1H2N	non-polymer	?
A1H2O	non-polymer	?
A1H2P	non-polymer	?
A1H2Q	non-polymer	?
A1H2R	non-polymer	?
A1H2S	non-polymer	?
A1H2T	non-polymer	?
A1H2U	non-polymer	?
A1H2V	non-polymer	?
A1H2W	non-polymer	?
A1H2X	non-polymer	?
A1H2Y	non-polymer	?
A1H2Z	non-polymer	?
A1H32	non-polymer	?
A1H35	non-polymer	?
A1H36	non-polymer	?
A1H37	non-polymer	?
A1H38	non-polymer	?
A1H39	non-polymer	?
A1H3A	non-polymer	?
A1H3B	non-polymer	?
A1H3C	non-polymer	?
A1H3D	non-polymer	?
A1H3E	non-polymer	?
A1H3F	non-polymer	?
A1H3G	DNA linking	DA
A1H3H	non-polymer	?
A1H3I	non-polymer	?
A1H3J	non-polymer	?
A1H3K	non-polymer	?
A1H3L	non-polymer	?
A1H3M	non-polymer	?
A1H3N	non-polymer	?
A1H3O	non-polymer	?
A1H3P	non-polymer	?
A1H3Q	non-polymer	?
A1H3R	non-polymer	?
A1H3S	non-polymer	?
A1H3T	non-polymer	?
A1H3U	non-polymer	?
A1H3V	non-polymer	?
A1H3W	non-polymer	?
A1H3X	non-polymer	?
A1H3Y	non-polymer	?
A1H3Z	non-polymer	?
A1H40	non-polymer	?
A1H41	non-polymer	?
A1H42	non-polymer	?
A1H43	non-polymer	?
A1H44	non-polymer	?
A1H45	L-peptide linking	TRP
A1H46	non-polymer	?
A1H47	non-polymer	?
A1H48	non-polymer	?
A1H49	non-polymer	?
A1H4A	non-polymer	?
A1H4B	non-polymer	ADE
A1H4C	non-polymer	ADE
A1H4D	non-polymer	ADE
A1H4E	non-polymer	?
A1H4F	non-polymer	?
A1H4G	non-polymer	?
A1H4H	non-polymer	?
A1H4I	non-polymer	?
A1H4J	non-polymer	?
A1H4K	non-polymer	?
A1H4L	non-polymer	?
A1H4M	non-polymer	?
A1H4N	non-polymer	?
A1H4O	non-polymer	?
A1H4P	non-polymer	?
A1H4Q	non-polymer	?
A1H4R	non-polymer	?
A1H4S	non-polymer	?
A1H4T	non-polymer	?
A1H4U	non-polymer	?
A1H4V	non-polymer	?
A1H4W	non-polymer	?
A1H4X	non-polymer	?
A1H4Y	non-polymer	?
A1H50	non-polymer	?
A1H51	non-polymer	?
A1H52	non-polymer	?
A1H53	non-polymer	?
A1H55	non-polymer	?
A1H56	non-polymer	?
A1H57	non-polymer	?
A1H58	non-polymer	?
A1H59	non-polymer	?
A1H5A	non-polymer	?
A1H5B	non-polymer	?
A1H5C	non-polymer	?
A1H5D	non-polymer	?
A1H5E	non-polymer	?
A1H5F	non-polymer	?
A1H5G	non-polymer	?
A1H5I	non-polymer	?
A1H5J	non-polymer	?
A1H5L	non-polymer	?
A1H5M	non-polymer	?
A1H5N	L-peptide linking	LYS
A1H5P	non-polymer	?
A1H5Q	non-polymer	?
A1H5R	non-polymer	?
A1H5T	non-polymer	?
A1H5U	non-polymer	?
A1H5V	non-polymer	?
A1H5W	L-peptide linking	ALA
A1H5X	non-polymer	?
A1H5Y	non-polymer	?
A1H5Z	non-polymer	?
A1H60	non-polymer	?
A1H61	non-polymer	?
A1H62	non-polymer	?
A1H63	non-polymer	?
A1H64	non-polymer	?
A1H65	non-polymer	?
A1H66	non-polymer	?
A1H67	non-polymer	?
A1H68	non-polymer	?
A1H69	non-polymer	?
A1H6A	non-polymer	?
A1H6C	non-polymer	?
A1H6D	non-polymer	?
A1H6E	non-polymer	?
A1H6F	non-polymer	?
A1H6G	non-polymer	?
A1H6H	non-polymer	?
A1H6I	non-polymer	?
A1H6J	non-polymer	?
A1H6K	non-polymer	?
A1H6L	non-polymer	?
A1H6M	non-polymer	?
A1H6N	non-polymer	?
A1H6O	non-polymer	?
A1H6P	non-polymer	?
A1H6R	non-polymer	?
A1H6S	non-polymer	?
A1H6T	non-polymer	?
A1H6U	non-polymer	?
A1H6V	non-polymer	?
A1H6W	non-polymer	?
A1H6X	non-polymer	?
A1H6Y	non-polymer	?
A1H6Z	L-peptide linking	?
A1H70	non-polymer	?
A1H71	non-polymer	?
A1H72	non-polymer	?
A1H73	non-polymer	?
A1H74	non-polymer	?
A1H75	non-polymer	?
A1H76	non-polymer	?
A1H77	non-polymer	?
A1H78	non-polymer	?
A1H79	non-polymer	?
A1H7A	non-polymer	?
A1H7B	non-polymer	?
A1H7C	non-polymer	?
A1H7D	non-polymer	?
A1H7E	non-polymer	?
A1H7F	non-polymer	?
A1H7G	non-polymer	?
A1H7I	non-polymer	?
A1H7J	non-polymer	?
A1H7K	non-polymer	?
A1H7L	non-polymer	?
A1H7N	non-polymer	?
A1H7O	non-polymer	?
A1H7Q	non-polymer	?
A1H7R	non-polymer	?
A1H7S	non-polymer	?
A1H7T	non-polymer	?
A1H7U	non-polymer	?
A1H7V	non-polymer	?
A1H7W	non-polymer	?
A1H7X	non-polymer	?
A1H7Y	non-polymer	?
A1H7Z	non-polymer	?
A1H80	non-polymer	?
A1H81	non-polymer	?
A1H83	non-polymer	?
A1H84	non-polymer	?
A1H87	non-polymer	?
A1H88	non-polymer	?
A1H89	non-polymer	?
A1H8A	non-polymer	?
A1H8B	non-polymer	?
A1H8C	non-polymer	?
A1H8D	non-polymer	?
A1H8F	non-polymer	?
A1H8G	non-polymer	?
A1H8H	non-polymer	?
A1H8I	non-polymer	?
A1H8J	non-polymer	?
A1H8K	non-polymer	?
A1H8M	non-polymer	?
A1H8N	non-polymer	?
A1H8P	non-polymer	?
A1H8Q	non-polymer	?
A1H8R	non-polymer	?
A1H8S	non-polymer	?
A1H8T	non-polymer	?
A1H8U	non-polymer	?
A1H8V	non-polymer	?
A1H8W	non-polymer	?
A1H8X	non-polymer	?
A1H8Y	non-polymer	?
A1H90	non-polymer	?
A1H91	non-polymer	?
A1H92	non-polymer	?
A1H93	non-polymer	?
A1H95	non-polymer	?
A1H96	L-peptide linking	LYS
A1H97	non-polymer	?
A1H98	non-polymer	?
A1H99	non-polymer	?
A1H9A	non-polymer	?
A1H9B	non-polymer	?
A1H9C	non-polymer	?
A1H9D	non-polymer	?
A1H9E	non-polymer	?
A1H9F	non-polymer	?
A1H9H	non-polymer	?
A1H9I	non-polymer	?
A1H9K	non-polymer	?
A1H9L	non-polymer	?
A1H9M	non-polymer	?
A1H9N	non-polymer	?
A1H9O	non-polymer	?
A1H9P	non-polymer	?
A1H9Q	non-polymer	?
A1H9R	non-polymer	?
A1H9S	non-polymer	?
A1H9T	non-polymer	?
A1H9U	non-polymer	?
A1H9V	non-polymer	?
A1H9W	non-polymer	?
A1H9X	non-polymer	?
A1H9Y	non-polymer	?
A1H9Z	non-polymer	?
A1HZ2	non-polymer	?
A1HZ3	non-polymer	?
A1HZ4	non-polymer	?
A1HZ5	non-polymer	?
A1HZ6	non-polymer	?
A1HZ7	non-polymer	?
A1HZ9	non-polymer	?
A1I	non-polymer	?
A1I00	non-polymer	?
A1I01	non-polymer	?
A1I02	non-polymer	?
A1I03	non-polymer	?
A1I05	non-polymer	?
A1I06	non-polymer	?
A1I07	non-polymer	?
A1I08	non-polymer	?
A1I09	non-polymer	?
A1I0A	non-polymer	?
A1I0B	non-polymer	?
A1I0D	non-polymer	?
A1I0E	non-polymer	?
A1I0F	non-polymer	?
A1I0H	non-polymer	?
A1I0J	D-saccharide, alpha linking	GLA
A1I0K	non-polymer	?
A1I0L	D-saccharide	?
A1I0M	non-polymer	?
A1I0N	non-polymer	?
A1I0O	non-polymer	?
A1I0P	non-polymer	?
A1I0Q	non-polymer	?
A1I0R	non-polymer	?
A1I0S	non-polymer	?
A1I0T	non-polymer	?
A1I0U	non-polymer	?
A1I0V	non-polymer	?
A1I0W	non-polymer	?
A1I0X	non-polymer	?
A1I0Y	non-polymer	?
A1I0Z	non-polymer	?
A1I10	non-polymer	?
A1I11	non-polymer	?
A1I12	non-polymer	?
A1I13	non-polymer	?
A1I14	non-polymer	?
A1I15	non-polymer	?
A1I16	non-polymer	?
A1I17	non-polymer	?
A1I19	non-polymer	?
A1I1A	non-polymer	?
A1I1B	non-polymer	?
A1I1C	non-polymer	?
A1I1D	non-polymer	?
A1I1E	non-polymer	?
A1I1F	non-polymer	?
A1I1G	non-polymer	?
A1I1H	non-polymer	?
A1I1I	non-polymer	?
A1I1J	non-polymer	?
A1I1L	non-polymer	?
A1I1M	non-polymer	?
A1I1N	non-polymer	?
A1I1O	non-polymer	?
A1I1P	non-polymer	?
A1I1R	non-polymer	?
A1I1S	non-polymer	?
A1I1T	non-polymer	?
A1I1U	non-polymer	?
A1I1V	non-polymer	?
A1I1W	non-polymer	?
A1I1Y	non-polymer	?
A1I1Z	non-polymer	?
A1I20	non-polymer	?
A1I21	non-polymer	?
A1I22	non-polymer	?
A1I23	non-polymer	?
A1I24	non-polymer	?
A1I25	non-polymer	?
A1I27	non-polymer	?
A1I28	non-polymer	?
A1I29	non-polymer	?
A1I2A	non-polymer	?
A1I2D	non-polymer	?
A1I2E	non-polymer	?
A1I2F	non-polymer	?
A1I2G	non-polymer	?
A1I2I	non-polymer	?
A1I2L	non-polymer	?
A1I2M	non-polymer	?
A1I2N	non-polymer	?
A1I2O	non-polymer	?
A1I2P	non-polymer	?
A1I2R	non-polymer	?
A1I2S	non-polymer	?
A1I2T	non-polymer	?
A1I2U	non-polymer	?
A1I2W	non-polymer	?
A1I2X	non-polymer	?
A1I2Z	non-polymer	?
A1I30	non-polymer	?
A1I31	non-polymer	?
A1I32	non-polymer	?
A1I33	non-polymer	?
A1I34	non-polymer	?
A1I35	non-polymer	?
A1I36	non-polymer	?
A1I37	non-polymer	?
A1I38	non-polymer	?
A1I39	non-polymer	?
A1I3A	non-polymer	?
A1I3B	non-polymer	?
A1I3C	non-polymer	?
A1I3D	non-polymer	?
A1I3E	non-polymer	?
A1I3F	non-polymer	?
A1I3G	non-polymer	?
A1I3H	non-polymer	?
A1I3I	non-polymer	?
A1I3J	non-polymer	?
A1I3K	non-polymer	?
A1I3L	non-polymer	?
A1I3M	non-polymer	?
A1I3N	non-polymer	?
A1I3O	non-polymer	?
A1I3P	non-polymer	?
A1I3R	non-polymer	?
A1I3S	non-polymer	?
A1I3T	non-polymer	?
A1I3U	non-polymer	?
A1I3V	non-polymer	?
A1I3W	non-polymer	?
A1I3X	non-polymer	?
A1I3Y	non-polymer	?
A1I3Z	non-polymer	?
A1I40	non-polymer	?
A1I41	non-polymer	?
A1I43	non-polymer	?
A1I44	non-polymer	?
A1I45	non-polymer	?
A1I46	non-polymer	?
A1I47	non-polymer	?
A1I48	L-peptide linking	?
A1I49	non-polymer	?
A1I4A	non-polymer	?
A1I4B	non-polymer	?
A1I4C	non-polymer	?
A1I4D	non-polymer	?
A1I4E	non-polymer	?
A1I4F	L-peptide linking	?
A1I4G	non-polymer	?
A1I4H	non-polymer	?
A1I4I	non-polymer	?
A1I4J	non-polymer	?
A1I4K	non-polymer	?
A1I4L	non-polymer	?
A1I4N	non-polymer	?
A1I4O	non-polymer	?
A1I4P	non-polymer	?
A1I4Q	non-polymer	?
A1I4R	non-polymer	?
A1I4T	non-polymer	?
A1I4U	non-polymer	?
A1I4V	non-polymer	?
A1I4W	non-polymer	?
A1I4X	non-polymer	?
A1I4Y	non-polymer	?
A1I4Z	non-polymer	?
A1I50	non-polymer	?
A1I52	non-polymer	?
A1I53	non-polymer	?
A1I54	non-polymer	?
A1I55	non-polymer	?
A1I56	non-polymer	?
A1I57	non-polymer	?
A1I58	non-polymer	?
A1I59	RNA linking	C
A1I5A	non-polymer	?
A1I5B	non-polymer	?
A1I5F	non-polymer	?
A1I5G	non-polymer	?
A1I5H	non-polymer	?
A1I5I	non-polymer	?
A1I5K	non-polymer	ADE
A1I5L	non-polymer	?
A1I5M	non-polymer	?
A1I5N	non-polymer	?
A1I5O	non-polymer	?
A1I5P	non-polymer	?
A1I5S	non-polymer	?
A1I5T	non-polymer	?
A1I5U	non-polymer	?
A1I5V	non-polymer	?
A1I5W	non-polymer	?
A1I5X	non-polymer	?
A1I5Y	non-polymer	?
A1I5Z	non-polymer	?
A1I60	non-polymer	?
A1I61	non-polymer	?
A1I62	non-polymer	?
A1I67	L-peptide linking	?
A1I6A	non-polymer	?
A1I6B	non-polymer	?
A1I6C	non-polymer	?
A1I6E	non-polymer	?
A1I6F	non-polymer	?
A1I6H	non-polymer	?
A1I6I	non-polymer	?
A1I6J	non-polymer	?
A1I6K	non-polymer	?
A1I6L	non-polymer	?
A1I6M	non-polymer	?
A1I6N	non-polymer	?
A1I6O	non-polymer	?
A1I6P	non-polymer	?
A1I6R	non-polymer	?
A1I6S	non-polymer	?
A1I6T	non-polymer	?
A1I6U	non-polymer	?
A1I6V	non-polymer	?
A1I6W	non-polymer	?
A1I6X	non-polymer	?
A1I6Z	non-polymer	?
A1I70	non-polymer	?
A1I71	non-polymer	?
A1I72	non-polymer	?
A1I73	non-polymer	?
A1I74	non-polymer	?
A1I75	non-polymer	?
A1I76	non-polymer	?
A1I77	non-polymer	?
A1I78	non-polymer	?
A1I79	non-polymer	?
A1I7E	non-polymer	?
A1I7G	non-polymer	?
A1I7H	non-polymer	?
A1I7I	non-polymer	?
A1I7J	non-polymer	?
A1I7K	non-polymer	?
A1I7L	non-polymer	?
A1I7W	non-polymer	?
A1I7Y	non-polymer	?
A1I80	non-polymer	?
A1I81	non-polymer	?
A1I82	non-polymer	?
A1I83	non-polymer	?
A1I84	non-polymer	?
A1I86	non-polymer	?
A1I87	non-polymer	?
A1I88	non-polymer	?
A1I89	non-polymer	?
A1I8A	non-polymer	?
A1I8B	non-polymer	?
A1I8C	non-polymer	?
A1I8D	non-polymer	?
A1I8E	non-polymer	?
A1I8F	non-polymer	?
A1I8G	non-polymer	?
A1I8H	non-polymer	?
A1I8M	non-polymer	?
A1I8O	non-polymer	?
A1I8P	non-polymer	?
A1I8Q	L-peptide linking	?
A1I8R	peptide-like	BAL
A1I8S	non-polymer	?
A1I8T	non-polymer	?
A1I8U	non-polymer	?
A1I8V	non-polymer	?
A1I8W	non-polymer	?
A1I8X	non-polymer	?
A1I8Y	non-polymer	?
A1I8Z	non-polymer	?
A1I90	non-polymer	?
A1I91	non-polymer	?
A1I92	non-polymer	?
A1I93	non-polymer	?
A1I94	non-polymer	?
A1I95	non-polymer	?
A1I96	non-polymer	?
A1I97	non-polymer	?
A1I98	non-polymer	?
A1I99	non-polymer	?
A1I9A	non-polymer	?
A1I9B	non-polymer	?
A1I9C	non-polymer	?
A1I9D	non-polymer	?
A1I9E	non-polymer	?
A1I9F	non-polymer	?
A1I9G	L-peptide linking	HIS
A1I9H	non-polymer	?
A1I9I	non-polymer	?
A1I9J	non-polymer	?
A1I9K	non-polymer	?
A1I9L	non-polymer	?
A1I9M	non-polymer	?
A1I9N	non-polymer	?
A1I9O	non-polymer	?
A1I9P	L-peptide linking	?
A1I9R	non-polymer	?
A1I9S	L-peptide linking	?
A1I9T	non-polymer	?
A1I9U	D-saccharide	?
A1I9V	RNA linking	U
A1I9W	non-polymer	?
A1I9X	non-polymer	?
A1I9Y	non-polymer	?
A1I9Z	non-polymer	?
A1IA0	non-polymer	?
A1IA1	non-polymer	?
A1IA2	non-polymer	?
A1IA3	non-polymer	?
A1IA4	non-polymer	?
A1IA5	non-polymer	?
A1IA6	non-polymer	?
A1IA7	non-polymer	?
A1IA8	non-polymer	?
A1IAA	non-polymer	?
A1IAB	non-polymer	?
A1IAC	non-polymer	?
A1IAD	non-polymer	?
A1IAE	non-polymer	?
A1IAF	non-polymer	?
A1IAG	non-polymer	?
A1IAH	non-polymer	?
A1IAI	non-polymer	?
A1IAJ	non-polymer	?
A1IAK	non-polymer	?
A1IAL	non-polymer	?
A1IAM	non-polymer	?
A1IAN	non-polymer	?
A1IAO	non-polymer	?
A1IAP	non-polymer	?
A1IAQ	non-polymer	?
A1IAR	non-polymer	?
A1IAS	non-polymer	?
A1IAT	non-polymer	?
A1IAU	non-polymer	?
A1IAV	non-polymer	?
A1IAW	non-polymer	?
A1IAX	non-polymer	?
A1IAY	non-polymer	?
A1IAZ	non-polymer	?
A1IB0	non-polymer	?
A1IB1	non-polymer	?
A1IB2	non-polymer	?
A1IB3	non-polymer	?
A1IB4	non-polymer	?
A1IB5	non-polymer	?
A1IB6	non-polymer	?
A1IB7	non-polymer	?
A1IB8	non-polymer	?
A1IB9	non-polymer	?
A1IBA	non-polymer	?
A1IBC	non-polymer	?
A1IBD	non-polymer	?
A1IBE	non-polymer	?
A1IBG	non-polymer	?
A1IBI	non-polymer	?
A1IBJ	non-polymer	?
A1IBK	non-polymer	?
A1IBL	non-polymer	?
A1IBM	non-polymer	?
A1IBN	non-polymer	?
A1IBO	non-polymer	?
A1IBP	non-polymer	?
A1IBQ	non-polymer	?
A1IBR	non-polymer	?
A1IBS	non-polymer	?
A1IBT	non-polymer	?
A1IBU	non-polymer	?
A1IBV	non-polymer	?
A1IBW	non-polymer	?
A1IBX	non-polymer	?
A1IBY	non-polymer	?
A1IBZ	peptide-like	?
A1IC0	non-polymer	A
A1IC1	RNA linking	U
A1IC3	non-polymer	?
A1IC4	non-polymer	?
A1IC5	non-polymer	?
A1IC6	non-polymer	?
A1IC7	non-polymer	?
A1IC8	non-polymer	?
A1IC9	non-polymer	?
A1ICA	non-polymer	?
A1ICB	L-peptide linking	PRO
A1ICC	L-peptide linking	PRO
A1ICD	non-polymer	?
A1ICE	non-polymer	?
A1ICF	non-polymer	?
A1ICG	non-polymer	?
A1ICH	non-polymer	?
A1ICJ	non-polymer	?
A1ICK	non-polymer	?
A1ICL	peptide linking	?
A1ICN	non-polymer	?
A1ICO	non-polymer	?
A1ICP	non-polymer	?
A1ICR	non-polymer	?
A1ICS	non-polymer	?
A1ICT	non-polymer	?
A1ICU	non-polymer	?
A1ICV	non-polymer	?
A1ICW	non-polymer	?
A1ICX	non-polymer	?
A1ID0	non-polymer	?
A1ID2	non-polymer	?
A1ID3	non-polymer	?
A1ID5	RNA linking	A
A1ID6	D-saccharide	?
A1ID8	non-polymer	?
A1ID9	non-polymer	?
A1IDA	non-polymer	?
A1IDB	non-polymer	?
A1IDC	non-polymer	?
A1IDD	non-polymer	?
A1IDE	non-polymer	?
A1IDF	non-polymer	?
A1IDG	non-polymer	?
A1IDH	non-polymer	?
A1IDI	non-polymer	?
A1IDL	non-polymer	?
A1IDM	non-polymer	?
A1IDN	non-polymer	?
A1IDO	non-polymer	?
A1IDP	non-polymer	?
A1IDQ	non-polymer	?
A1IDR	non-polymer	?
A1IDS	non-polymer	?
A1IDT	non-polymer	?
A1IDU	non-polymer	?
A1IDV	non-polymer	?
A1IDW	non-polymer	?
A1IDX	non-polymer	?
A1IDY	non-polymer	?
A1IDZ	non-polymer	?
A1IE0	non-polymer	?
A1IE3	non-polymer	?
A1IE4	non-polymer	?
A1IE5	non-polymer	?
A1IE6	non-polymer	?
A1IE7	non-polymer	?
A1IE8	non-polymer	?
A1IE9	non-polymer	?
A1IEA	RNA linking	A
A1IEC	non-polymer	?
A1IED	non-polymer	?
A1IEE	non-polymer	?
A1IEF	non-polymer	?
A1IEG	non-polymer	?
A1IEH	non-polymer	?
A1IEI	non-polymer	?
A1IEJ	non-polymer	?
A1IEL	non-polymer	?
A1IEM	non-polymer	?
A1IEN	non-polymer	?
A1IEO	non-polymer	?
A1IEP	non-polymer	?
A1IER	non-polymer	?
A1IET	non-polymer	?
A1IEU	non-polymer	?
A1IEV	non-polymer	?
A1IEW	non-polymer	?
A1IEX	non-polymer	?
A1IEY	non-polymer	?
A1IEZ	non-polymer	?
A1IF1	non-polymer	?
A1IF2	non-polymer	?
A1IF3	non-polymer	?
A1IF4	non-polymer	?
A1IF5	non-polymer	?
A1IF6	non-polymer	?
A1IF7	non-polymer	?
A1IF8	non-polymer	?
A1IF9	non-polymer	?
A1IFA	non-polymer	?
A1IFB	non-polymer	?
A1IFC	non-polymer	?
A1IFF	non-polymer	?
A1IFH	non-polymer	?
A1IFI	non-polymer	?
A1IFJ	non-polymer	?
A1IFK	non-polymer	?
A1IFL	non-polymer	?
A1IFN	non-polymer	?
A1IFO	non-polymer	?
A1IFQ	non-polymer	?
A1IFR	non-polymer	?
A1IFS	non-polymer	?
A1IFT	non-polymer	?
A1IFU	non-polymer	?
A1IFV	non-polymer	?
A1IFX	non-polymer	?
A1IFY	non-polymer	?
A1IFZ	non-polymer	?
A1IG0	non-polymer	?
A1IG1	non-polymer	?
A1IG2	non-polymer	FAD
A1IG3	non-polymer	?
A1IG4	non-polymer	?
A1IG5	non-polymer	?
A1IG6	non-polymer	?
A1IG7	non-polymer	?
A1IG8	non-polymer	?
A1IGA	non-polymer	?
A1IGB	non-polymer	?
A1IGC	non-polymer	?
A1IGD	non-polymer	?
A1IGE	non-polymer	?
A1IGF	non-polymer	?
A1IGH	non-polymer	?
A1IGI	non-polymer	?
A1IGJ	non-polymer	?
A1IGK	non-polymer	?
A1IGL	non-polymer	?
A1IGM	non-polymer	?
A1IGN	non-polymer	?
A1IGO	non-polymer	?
A1IGP	non-polymer	?
A1IGQ	non-polymer	?
A1IGR	non-polymer	?
A1IGS	non-polymer	?
A1IGT	non-polymer	?
A1IGV	non-polymer	?
A1IGW	non-polymer	?
A1IGX	non-polymer	?
A1IGY	non-polymer	?
A1IGZ	non-polymer	?
A1IH0	non-polymer	?
A1IH1	non-polymer	?
A1IH2	non-polymer	?
A1IH3	non-polymer	?
A1IH4	L-saccharide, beta linking	A1JAQ
A1IH7	non-polymer	?
A1IH8	non-polymer	?
A1IH9	non-polymer	?
A1IHA	non-polymer	?
A1IHB	non-polymer	?
A1IHC	non-polymer	?
A1IHD	non-polymer	?
A1IHE	non-polymer	?
A1IHG	L-peptide linking	PHE
A1IHH	non-polymer	?
A1IHI	non-polymer	?
A1IHJ	non-polymer	?
A1IHK	non-polymer	?
A1IHM	non-polymer	?
A1IHN	non-polymer	?
A1IHO	non-polymer	?
A1IHP	non-polymer	?
A1IHQ	non-polymer	?
A1IHR	non-polymer	?
A1IHS	non-polymer	?
A1IHT	non-polymer	?
A1IHU	non-polymer	?
A1IHV	non-polymer	?
A1IHW	non-polymer	?
A1IHX	non-polymer	?
A1IHZ	non-polymer	?
A1II0	non-polymer	?
A1II1	non-polymer	?
A1II2	non-polymer	?
A1II3	non-polymer	?
A1II4	non-polymer	?
A1II9	non-polymer	A
A1IIA	non-polymer	?
A1IIB	non-polymer	?
A1IIC	non-polymer	?
A1IID	L-peptide linking	ALA
A1IIE	non-polymer	?
A1IIF	non-polymer	?
A1IIG	non-polymer	?
A1IIH	non-polymer	?
A1III	non-polymer	?
A1IIK	non-polymer	?
A1IIL	non-polymer	?
A1IIM	non-polymer	?
A1IIN	non-polymer	?
A1IIO	non-polymer	?
A1IIQ	non-polymer	?
A1IIR	non-polymer	?
A1IIT	non-polymer	?
A1IIU	non-polymer	?
A1IIV	non-polymer	?
A1IIW	non-polymer	?
A1IIY	non-polymer	?
A1IIZ	non-polymer	?
A1IJ0	non-polymer	?
A1IJ1	non-polymer	?
A1IJ2	non-polymer	?
A1IJ3	non-polymer	?
A1IJ4	L-peptide linking	?
A1IJ5	non-polymer	?
A1IJ6	non-polymer	?
A1IJ7	non-polymer	?
A1IJ8	non-polymer	?
A1IJ9	non-polymer	?
A1IJB	non-polymer	?
A1IJC	non-polymer	?
A1IJD	non-polymer	?
A1IJE	L-peptide linking	?
A1IJF	L-peptide linking	GLY, TY2, GLY
A1IJH	non-polymer	?
A1IJI	non-polymer	?
A1IJJ	non-polymer	?
A1IJK	non-polymer	?
A1IJL	non-polymer	?
A1IJM	non-polymer	?
A1IJO	non-polymer	?
A1IJP	L-peptide linking	?
A1IJQ	L-peptide linking	?
A1IJR	non-polymer	?
A1IJS	non-polymer	?
A1IJT	non-polymer	?
A1IJV	non-polymer	?
A1IJW	non-polymer	?
A1IJX	non-polymer	?
A1IJY	non-polymer	?
A1IJZ	non-polymer	?
A1IK0	non-polymer	?
A1IK1	non-polymer	?
A1IK2	non-polymer	?
A1IK3	non-polymer	?
A1IK5	non-polymer	?
A1IK6	non-polymer	?
A1IK7	non-polymer	?
A1IK8	non-polymer	?
A1IK9	non-polymer	?
A1IKA	non-polymer	?
A1IKB	non-polymer	?
A1IKC	non-polymer	?
A1IKD	non-polymer	?
A1IKE	L-peptide linking	?
A1IKF	non-polymer	?
A1IKG	non-polymer	?
A1IKH	non-polymer	?
A1IKI	non-polymer	?
A1IKJ	non-polymer	?
A1IKK	non-polymer	?
A1IKL	non-polymer	?
A1IKM	non-polymer	?
A1IKN	non-polymer	?
A1IKP	L-peptide linking	SER
A1IKQ	non-polymer	?
A1IKR	non-polymer	?
A1IKS	non-polymer	?
A1IKT	non-polymer	?
A1IKU	non-polymer	?
A1IKV	non-polymer	?
A1IKW	non-polymer	?
A1IKX	non-polymer	?
A1IKY	non-polymer	?
A1IKZ	non-polymer	?
A1IL0	non-polymer	?
A1IL1	non-polymer	?
A1IL2	non-polymer	?
A1IL3	non-polymer	?
A1IL4	non-polymer	?
A1IL5	non-polymer	?
A1IL6	non-polymer	PRO
A1IL7	non-polymer	?
A1IL8	non-polymer	?
A1IL9	non-polymer	?
A1ILA	non-polymer	?
A1ILE	non-polymer	?
A1ILF	non-polymer	?
A1ILG	non-polymer	?
A1ILH	non-polymer	?
A1ILI	non-polymer	?
A1ILJ	non-polymer	?
A1ILK	non-polymer	?
A1ILN	non-polymer	?
A1ILO	non-polymer	?
A1ILP	non-polymer	?
A1ILQ	non-polymer	?
A1ILR	non-polymer	?
A1ILS	non-polymer	?
A1ILT	non-polymer	?
A1ILU	non-polymer	?
A1ILV	non-polymer	?
A1ILW	non-polymer	?
A1ILX	non-polymer	?
A1ILY	non-polymer	?
A1ILZ	non-polymer	?
A1IM0	non-polymer	?
A1IM2	non-polymer	?
A1IM3	D-peptide linking	?
A1IM4	non-polymer	?
A1IM7	L-peptide COOH carboxy terminus	?
A1IM8	D-peptide linking	?
A1IM9	non-polymer	?
A1IMA	non-polymer	?
A1IMB	non-polymer	?
A1IMC	non-polymer	?
A1IMD	non-polymer	?
A1IME	non-polymer	?
A1IMF	non-polymer	?
A1IMI	non-polymer	?
A1IMJ	non-polymer	?
A1IMK	non-polymer	?
A1IML	non-polymer	?
A1IMM	non-polymer	?
A1IMN	non-polymer	?
A1IMO	non-polymer	?
A1IMP	non-polymer	?
A1IMS	non-polymer	?
A1IMT	non-polymer	?
A1IMU	non-polymer	?
A1IMW	non-polymer	?
A1IMX	L-peptide linking	?
A1IMY	non-polymer	?
A1IMZ	non-polymer	?
A1IN0	non-polymer	?
A1IN1	non-polymer	?
A1IN2	non-polymer	?
A1IN3	non-polymer	?
A1IN4	non-polymer	?
A1IN5	non-polymer	?
A1IN6	non-polymer	?
A1IN7	non-polymer	?
A1IN8	non-polymer	?
A1IN9	non-polymer	?
A1INA	non-polymer	?
A1INB	non-polymer	?
A1INC	non-polymer	?
A1IND	non-polymer	?
A1INE	non-polymer	?
A1INF	non-polymer	?
A1ING	non-polymer	?
A1INH	non-polymer	?
A1INI	non-polymer	?
A1INJ	non-polymer	?
A1INK	non-polymer	?
A1INL	non-polymer	?
A1INM	non-polymer	?
A1INN	non-polymer	?
A1INO	non-polymer	?
A1INP	non-polymer	?
A1INQ	non-polymer	?
A1INR	non-polymer	?
A1INS	non-polymer	?
A1INT	non-polymer	?
A1INU	non-polymer	?
A1INV	non-polymer	?
A1INW	non-polymer	?
A1INX	non-polymer	?
A1INY	non-polymer	?
A1INZ	non-polymer	?
A1IO0	non-polymer	?
A1IO1	non-polymer	?
A1IO2	non-polymer	?
A1IO3	non-polymer	?
A1IO4	non-polymer	?
A1IO5	non-polymer	?
A1IO6	non-polymer	?
A1IO7	non-polymer	?
A1IO8	non-polymer	?
A1IO9	non-polymer	?
A1IOA	non-polymer	?
A1IOB	non-polymer	?
A1IOC	non-polymer	?
A1IOD	non-polymer	?
A1IOE	non-polymer	?
A1IOF	non-polymer	?
A1IOG	non-polymer	?
A1IOH	non-polymer	?
A1IOI	non-polymer	?
A1IOK	non-polymer	?
A1IOL	non-polymer	?
A1IOM	non-polymer	?
A1ION	non-polymer	?
A1IOO	non-polymer	?
A1IOP	non-polymer	?
A1IOQ	non-polymer	?
A1IOR	non-polymer	?
A1IOS	non-polymer	?
A1IOV	non-polymer	?
A1IOW	non-polymer	?
A1IOX	non-polymer	?
A1IOZ	non-polymer	?
A1IP0	non-polymer	?
A1IP1	non-polymer	?
A1IP3	non-polymer	?
A1IP4	non-polymer	?
A1IP5	non-polymer	?
A1IP6	non-polymer	?
A1IP7	non-polymer	?
A1IP8	non-polymer	?
A1IP9	non-polymer	?
A1IPA	non-polymer	?
A1IPB	non-polymer	?
A1IPC	non-polymer	?
A1IPD	non-polymer	?
A1IPE	non-polymer	?
A1IPF	non-polymer	?
A1IPG	non-polymer	?
A1IPH	non-polymer	?
A1IPI	non-polymer	?
A1IPJ	non-polymer	?
A1IPK	non-polymer	?
A1IPL	L-peptide linking	PHE
A1IPM	non-polymer	?
A1IPO	non-polymer	?
A1IPP	non-polymer	?
A1IPQ	non-polymer	?
A1IPR	non-polymer	?
A1IPS	non-polymer	?
A1IPT	non-polymer	?
A1IPU	non-polymer	?
A1IPV	non-polymer	?
A1IPW	non-polymer	?
A1IPX	non-polymer	?
A1IPY	non-polymer	?
A1IPZ	non-polymer	?
A1IQ0	non-polymer	?
A1IQ1	non-polymer	?
A1IQ2	non-polymer	?
A1IQ3	non-polymer	?
A1IQ4	non-polymer	?
A1IQ5	non-polymer	?
A1IQ6	non-polymer	?
A1IQ7	non-polymer	?
A1IQ8	non-polymer	?
A1IQ9	non-polymer	?
A1IQA	non-polymer	?
A1IQB	non-polymer	?
A1IQC	non-polymer	?
A1IQD	non-polymer	?
A1IQE	non-polymer	?
A1IQF	non-polymer	?
A1IQG	non-polymer	?
A1IQH	non-polymer	?
A1IQI	non-polymer	?
A1IQJ	non-polymer	?
A1IQL	non-polymer	?
A1IQM	non-polymer	?
A1IQN	non-polymer	?
A1IQO	non-polymer	?
A1IQP	non-polymer	?
A1IQQ	non-polymer	?
A1IQR	non-polymer	?
A1IQS	non-polymer	?
A1IQT	non-polymer	?
A1IQU	non-polymer	?
A1IQV	non-polymer	?
A1IQW	non-polymer	?
A1IQX	L-peptide linking	HIS
A1IQY	non-polymer	?
A1IQZ	non-polymer	?
A1IR0	non-polymer	?
A1IR1	non-polymer	?
A1IR3	non-polymer	?
A1IR4	non-polymer	?
A1IR5	non-polymer	?
A1IR6	non-polymer	?
A1IR7	non-polymer	?
A1IR8	non-polymer	?
A1IR9	non-polymer	?
A1IRA	non-polymer	?
A1IRB	non-polymer	?
A1IRC	non-polymer	?
A1IRD	non-polymer	?
A1IRE	non-polymer	?
A1IRF	non-polymer	?
A1IRG	non-polymer	?
A1IRH	non-polymer	?
A1IRI	non-polymer	?
A1IRJ	non-polymer	?
A1IRK	non-polymer	?
A1IRL	non-polymer	?
A1IRM	non-polymer	?
A1IRN	non-polymer	?
A1IRO	non-polymer	?
A1IRP	non-polymer	?
A1IRQ	non-polymer	?
A1IRR	non-polymer	?
A1IRS	non-polymer	?
A1IRU	non-polymer	?
A1IRV	non-polymer	?
A1IRW	non-polymer	?
A1IRY	non-polymer	?
A1IRZ	non-polymer	?
A1IS0	non-polymer	?
A1IS2	non-polymer	?
A1IS4	non-polymer	?
A1IS5	non-polymer	?
A1IS6	non-polymer	?
A1IS7	non-polymer	?
A1IS8	non-polymer	?
A1IS9	non-polymer	?
A1ISA	non-polymer	?
A1ISB	non-polymer	?
A1ISC	non-polymer	?
A1ISD	non-polymer	?
A1ISE	non-polymer	?
A1ISF	non-polymer	?
A1ISG	non-polymer	?
A1ISH	non-polymer	?
A1ISI	non-polymer	?
A1ISJ	non-polymer	?
A1ISK	non-polymer	?
A1ISN	non-polymer	?
A1ISO	non-polymer	?
A1ISP	non-polymer	?
A1ISQ	non-polymer	?
A1ISR	non-polymer	?
A1ISS	non-polymer	?
A1IST	non-polymer	?
A1ISU	non-polymer	?
A1ISV	non-polymer	?
A1ISW	non-polymer	?
A1ISY	non-polymer	?
A1ISZ	non-polymer	?
A1IT0	non-polymer	?
A1IT1	non-polymer	?
A1IT2	non-polymer	?
A1IT3	non-polymer	?
A1IT4	non-polymer	?
A1IT5	non-polymer	?
A1IT6	non-polymer	?
A1IT7	non-polymer	?
A1IT8	non-polymer	?
A1IT9	non-polymer	?
A1ITA	non-polymer	?
A1ITB	non-polymer	?
A1ITC	non-polymer	?
A1ITD	non-polymer	?
A1ITF	non-polymer	?
A1ITG	non-polymer	?
A1ITH	non-polymer	?
A1ITI	non-polymer	?
A1ITJ	non-polymer	?
A1ITN	non-polymer	?
A1ITO	non-polymer	?
A1ITP	non-polymer	?
A1ITQ	non-polymer	?
A1ITR	non-polymer	?
A1ITS	non-polymer	SER
A1ITT	non-polymer	?
A1ITU	non-polymer	?
A1ITV	non-polymer	?
A1ITW	non-polymer	?
A1ITX	non-polymer	?
A1ITY	non-polymer	?
A1ITZ	non-polymer	?
A1IU1	non-polymer	?
A1IU2	non-polymer	?
A1IU3	peptide-like	?
A1IU4	peptide linking	?
A1IU5	non-polymer	?
A1IU6	non-polymer	?
A1IU7	non-polymer	?
A1IU9	peptide-like	?
A1IUA	non-polymer	?
A1IUB	non-polymer	?
A1IUC	non-polymer	?
A1IUE	non-polymer	?
A1IUG	non-polymer	?
A1IUH	non-polymer	?
A1IUI	non-polymer	?
A1IUK	non-polymer	?
A1IUL	non-polymer	?
A1IUM	non-polymer	?
A1IUN	non-polymer	?
A1IUO	L-peptide linking	?
A1IUP	peptide-like	?
A1IUQ	non-polymer	?
A1IUR	non-polymer	?
A1IUS	non-polymer	?
A1IUT	non-polymer	?
A1IUU	non-polymer	?
A1IUV	non-polymer	?
A1IUW	non-polymer	?
A1IUX	non-polymer	?
A1IUY	non-polymer	?
A1IUZ	non-polymer	?
A1IV0	non-polymer	?
A1IV1	non-polymer	?
A1IV2	non-polymer	?
A1IV3	non-polymer	?
A1IV4	non-polymer	?
A1IV5	non-polymer	?
A1IV6	non-polymer	?
A1IV7	non-polymer	?
A1IV8	non-polymer	?
A1IV9	non-polymer	?
A1IVA	non-polymer	?
A1IVB	non-polymer	?
A1IVC	non-polymer	?
A1IVD	non-polymer	?
A1IVH	non-polymer	?
A1IVI	non-polymer	?
A1IVJ	non-polymer	?
A1IVK	non-polymer	?
A1IVL	non-polymer	?
A1IVO	non-polymer	?
A1IVP	D-saccharide	?
A1IVQ	non-polymer	?
A1IVR	non-polymer	?
A1IVS	non-polymer	?
A1IVT	non-polymer	?
A1IVU	non-polymer	?
A1IVV	non-polymer	?
A1IVW	non-polymer	?
A1IVX	non-polymer	?
A1IVY	non-polymer	?
A1IVZ	non-polymer	?
A1IW0	non-polymer	?
A1IW1	non-polymer	?
A1IW2	non-polymer	?
A1IW3	non-polymer	?
A1IW4	non-polymer	?
A1IW5	non-polymer	?
A1IW6	non-polymer	?
A1IW7	non-polymer	?
A1IW8	non-polymer	?
A1IW9	non-polymer	?
A1IWA	non-polymer	?
A1IWC	non-polymer	?
A1IWD	non-polymer	?
A1IWE	non-polymer	?
A1IWF	non-polymer	?
A1IWG	non-polymer	?
A1IWH	non-polymer	?
A1IWI	non-polymer	?
A1IWL	non-polymer	?
A1IWM	non-polymer	?
A1IWN	non-polymer	?
A1IWO	non-polymer	?
A1IWR	non-polymer	?
A1IWS	non-polymer	?
A1IWT	non-polymer	?
A1IWU	non-polymer	?
A1IWV	non-polymer	?
A1IWW	non-polymer	?
A1IWX	non-polymer	?
A1IWY	non-polymer	?
A1IWZ	non-polymer	?
A1IX0	non-polymer	?
A1IX1	non-polymer	?
A1IX2	non-polymer	?
A1IX3	non-polymer	?
A1IX4	non-polymer	?
A1IX5	non-polymer	?
A1IX7	non-polymer	?
A1IX9	non-polymer	?
A1IXA	non-polymer	?
A1IXB	non-polymer	?
A1IXC	non-polymer	?
A1IXD	non-polymer	?
A1IXE	non-polymer	?
A1IXF	non-polymer	?
A1IXG	non-polymer	?
A1IXH	non-polymer	?
A1IXI	non-polymer	?
A1IXJ	non-polymer	?
A1IXK	non-polymer	?
A1IXL	non-polymer	?
A1IXM	non-polymer	?
A1IXN	non-polymer	?
A1IXO	non-polymer	?
A1IXP	non-polymer	?
A1IXQ	non-polymer	?
A1IXR	non-polymer	?
A1IXS	non-polymer	?
A1IXU	non-polymer	?
A1IXV	non-polymer	?
A1IXW	non-polymer	?
A1IXX	non-polymer	?
A1IXY	non-polymer	?
A1IXZ	non-polymer	?
A1IY0	non-polymer	?
A1IY4	non-polymer	NXL
A1IY5	non-polymer	?
A1IY6	RNA OH 3 prime terminus	?
A1IY7	non-polymer	?
A1IY9	non-polymer	?
A1IYB	non-polymer	?
A1IYC	non-polymer	?
A1IYD	non-polymer	?
A1IYE	non-polymer	?
A1IYF	non-polymer	?
A1IYG	non-polymer	?
A1IYH	non-polymer	?
A1IYK	non-polymer	?
A1IYL	non-polymer	?
A1IYM	non-polymer	?
A1IYN	non-polymer	?
A1IYO	non-polymer	?
A1IYP	non-polymer	?
A1IYQ	non-polymer	?
A1IYR	non-polymer	?
A1IYS	non-polymer	OP0
A1IYU	non-polymer	?
A1IYV	non-polymer	?
A1IYW	non-polymer	?
A1IYX	non-polymer	?
A1IYY	non-polymer	?
A1IYZ	non-polymer	?
A1IZ2	non-polymer	?
A1IZ3	non-polymer	?
A1IZ4	non-polymer	?
A1IZ5	non-polymer	?
A1IZ6	non-polymer	?
A1IZ7	non-polymer	?
A1IZ8	non-polymer	?
A1IZ9	non-polymer	?
A1IZA	non-polymer	?
A1IZB	non-polymer	?
A1IZC	non-polymer	?
A1IZD	non-polymer	?
A1IZE	non-polymer	?
A1IZF	non-polymer	?
A1IZG	non-polymer	?
A1IZH	non-polymer	?
A1IZI	non-polymer	?
A1IZJ	non-polymer	?
A1IZK	non-polymer	?
A1IZL	saccharide	?
A1IZM	non-polymer	?
A1IZN	non-polymer	?
A1IZO	non-polymer	?
A1IZP	non-polymer	?
A1IZQ	non-polymer	?
A1IZR	non-polymer	?
A1IZU	non-polymer	?
A1IZV	non-polymer	?
A1IZW	non-polymer	?
A1IZX	non-polymer	?
A1IZY	non-polymer	?
A1IZZ	non-polymer	?
A1J	NON-POLYMER	?
A1J01	non-polymer	?
A1J0C	non-polymer	?
A1J0G	non-polymer	GLU
A1J0V	non-polymer	?
A1J16	non-polymer	?
A1J17	non-polymer	?
A1J1C	non-polymer	?
A1J1D	non-polymer	?
A1J1E	non-polymer	?
A1J1F	non-polymer	?
A1J1G	non-polymer	?
A1J1H	non-polymer	?
A1J1I	non-polymer	?
A1J1J	non-polymer	?
A1J1K	non-polymer	?
A1J1S	non-polymer	?
A1J1T	non-polymer	?
A1J1V	non-polymer	?
A1J20	non-polymer	?
A1J21	non-polymer	?
A1J26	non-polymer	?
A1J27	non-polymer	?
A1J28	non-polymer	?
A1J29	non-polymer	?
A1J2J	non-polymer	?
A1J2L	non-polymer	?
A1J30	non-polymer	?
A1J3A	non-polymer	?
A1J3B	non-polymer	?
A1J3E	non-polymer	?
A1J3F	non-polymer	?
A1J46	non-polymer	?
A1J4B	non-polymer	?
A1J4C	non-polymer	?
A1J4E	non-polymer	WAD
A1J4F	non-polymer	?
A1J4N	non-polymer	?
A1J4O	non-polymer	?
A1J4U	non-polymer	?
A1J4V	non-polymer	?
A1J4W	non-polymer	?
A1J4Y	non-polymer	?
A1J52	non-polymer	?
A1J67	non-polymer	A
A1J6U	non-polymer	?
A1J6V	non-polymer	?
A1J74	non-polymer	?
A1J82	non-polymer	?
A1J83	non-polymer	?
A1J85	non-polymer	?
A1J8R	non-polymer	?
A1J8S	non-polymer	?
A1J8Y	non-polymer	?
A1J8Z	non-polymer	?
A1J95	non-polymer	?
A1JA0	non-polymer	?
A1JA1	non-polymer	?
A1JA2	non-polymer	?
A1JA3	non-polymer	?
A1JA4	non-polymer	?
A1JA5	non-polymer	?
A1JA6	non-polymer	?
A1JA7	non-polymer	?
A1JA8	non-polymer	?
A1JA9	non-polymer	?
A1JAA	non-polymer	?
A1JAB	non-polymer	?
A1JAC	non-polymer	?
A1JAD	non-polymer	?
A1JAE	non-polymer	?
A1JAF	non-polymer	?
A1JAG	L-peptide NH3 amino terminus	?
A1JAI	non-polymer	?
A1JAK	L-peptide linking	?
A1JAL	L-peptide linking	?
A1JAM	non-polymer	?
A1JAN	non-polymer	?
A1JAO	non-polymer	?
A1JAP	non-polymer	?
A1JAQ	L-saccharide, beta linking	?
A1JAT	non-polymer	?
A1JAX	non-polymer	?
A1JAY	non-polymer	?
A1JAZ	non-polymer	?
A1JB0	non-polymer	?
A1JB1	non-polymer	?
A1JB2	non-polymer	?
A1JB3	non-polymer	?
A1JB4	non-polymer	?
A1JB9	non-polymer	?
A1JBA	non-polymer	?
A1JBB	non-polymer	?
A1JBC	non-polymer	?
A1JBE	non-polymer	?
A1JBF	non-polymer	?
A1JBG	non-polymer	?
A1JBH	non-polymer	?
A1JBI	non-polymer	?
A1JBJ	non-polymer	?
A1JBK	non-polymer	?
A1JBL	non-polymer	?
A1JBN	non-polymer	?
A1JBO	non-polymer	?
A1JBP	non-polymer	?
A1JBS	non-polymer	?
A1JBT	non-polymer	?
A1JBW	non-polymer	?
A1JBX	non-polymer	?
A1JBZ	non-polymer	?
A1JC0	non-polymer	?
A1JC1	non-polymer	?
A1JC2	non-polymer	?
A1JC3	non-polymer	?
A1JC4	non-polymer	?
A1JC6	non-polymer	?
A1JC7	non-polymer	?
A1JC8	non-polymer	?
A1JC9	non-polymer	?
A1JCA	non-polymer	?
A1JCC	non-polymer	?
A1JCD	non-polymer	?
A1JCE	non-polymer	?
A1JCF	non-polymer	?
A1JCG	non-polymer	?
A1JCH	non-polymer	?
A1JCI	non-polymer	?
A1JCJ	non-polymer	?
A1JCK	non-polymer	?
A1JCL	non-polymer	?
A1JCN	L-peptide linking	HIS
A1JCO	non-polymer	?
A1JCP	non-polymer	?
A1JCQ	non-polymer	?
A1JCR	non-polymer	?
A1JCS	non-polymer	?
A1JCT	non-polymer	?
A1JCU	non-polymer	?
A1JCV	non-polymer	?
A1JCW	non-polymer	?
A1JCX	non-polymer	?
A1JCY	non-polymer	?
A1JCZ	non-polymer	?
A1JD0	non-polymer	?
A1JD1	non-polymer	?
A1JD2	non-polymer	?
A1JD4	non-polymer	?
A1JD5	non-polymer	?
A1JD7	non-polymer	?
A1JDB	non-polymer	?
A1JDC	non-polymer	?
A1JDD	non-polymer	?
A1JDE	non-polymer	?
A1JDF	non-polymer	?
A1JDG	non-polymer	?
A1JDH	non-polymer	?
A1JDI	non-polymer	?
A1JDJ	non-polymer	?
A1JDK	non-polymer	?
A1JDL	non-polymer	?
A1JDM	non-polymer	?
A1JDO	non-polymer	?
A1JDP	non-polymer	?
A1JDQ	non-polymer	?
A1JDR	non-polymer	?
A1JDS	non-polymer	?
A1JDT	non-polymer	?
A1JDU	non-polymer	?
A1JDV	non-polymer	?
A1JDW	non-polymer	?
A1JDX	non-polymer	?
A1JDY	non-polymer	?
A1JDZ	non-polymer	?
A1JE0	non-polymer	?
A1JE1	non-polymer	?
A1JE2	non-polymer	?
A1JE3	non-polymer	?
A1JE4	non-polymer	?
A1JE5	non-polymer	?
A1JE6	non-polymer	?
A1JE7	non-polymer	?
A1JE8	non-polymer	?
A1JE9	non-polymer	?
A1JEA	non-polymer	?
A1JEB	non-polymer	?
A1JEC	non-polymer	?
A1JED	non-polymer	?
A1JEE	non-polymer	?
A1JEF	non-polymer	?
A1JEG	non-polymer	?
A1JEH	non-polymer	?
A1JEI	non-polymer	?
A1JEJ	non-polymer	?
A1JEK	non-polymer	?
A1JEL	non-polymer	?
A1JEM	non-polymer	?
A1JEN	non-polymer	?
A1JEO	non-polymer	?
A1JEP	non-polymer	?
A1JEQ	non-polymer	?
A1JER	non-polymer	?
A1JES	non-polymer	?
A1JET	non-polymer	?
A1JEU	non-polymer	?
A1JEV	non-polymer	?
A1JEW	non-polymer	?
A1JEX	non-polymer	?
A1JEY	non-polymer	?
A1JEZ	non-polymer	?
A1JF0	non-polymer	?
A1JF2	non-polymer	?
A1JF3	non-polymer	?
A1JF4	non-polymer	?
A1JF6	non-polymer	?
A1JF7	non-polymer	?
A1JF8	non-polymer	?
A1JF9	non-polymer	?
A1JFA	non-polymer	?
A1JFB	non-polymer	?
A1JFC	non-polymer	?
A1JFD	non-polymer	?
A1JFE	non-polymer	?
A1JFJ	non-polymer	?
A1JFK	non-polymer	?
A1JFL	non-polymer	?
A1JFM	non-polymer	?
A1JFN	non-polymer	?
A1JFO	non-polymer	?
A1JFP	non-polymer	?
A1JFQ	non-polymer	?
A1JFR	non-polymer	?
A1JFS	non-polymer	?
A1JFT	non-polymer	?
A1JFU	non-polymer	?
A1JFV	non-polymer	?
A1JFW	non-polymer	?
A1JFX	non-polymer	?
A1JFZ	non-polymer	?
A1JG0	non-polymer	?
A1JG1	non-polymer	?
A1JG2	non-polymer	?
A1JG3	non-polymer	?
A1JG4	non-polymer	?
A1JG6	non-polymer	?
A1JG7	non-polymer	?
A1JG8	non-polymer	?
A1JG9	non-polymer	?
A1JGA	non-polymer	?
A1JGB	non-polymer	?
A1JGC	non-polymer	?
A1JGD	non-polymer	?
A1JGE	non-polymer	?
A1JGF	non-polymer	?
A1JGG	non-polymer	?
A1JGH	non-polymer	?
A1JGI	non-polymer	?
A1JGJ	non-polymer	?
A1JGK	non-polymer	?
A1JGL	non-polymer	?
A1JGM	non-polymer	?
A1JGN	non-polymer	?
A1JGO	non-polymer	?
A1JGP	non-polymer	?
A1JGQ	non-polymer	?
A1JGR	non-polymer	?
A1JGS	non-polymer	?
A1JGT	non-polymer	?
A1JGU	non-polymer	?
A1JGV	non-polymer	?
A1JGW	non-polymer	?
A1JGX	non-polymer	?
A1JGY	non-polymer	?
A1JGZ	non-polymer	?
A1JH1	non-polymer	?
A1JH2	non-polymer	?
A1JH4	non-polymer	?
A1JH5	non-polymer	?
A1JH6	non-polymer	?
A1JH7	non-polymer	?
A1JH8	non-polymer	?
A1JH9	non-polymer	?
A1JHA	non-polymer	?
A1JHB	non-polymer	?
A1JHC	non-polymer	?
A1JHD	non-polymer	?
A1JHE	non-polymer	?
A1JHF	non-polymer	?
A1JHG	non-polymer	?
A1JHH	non-polymer	?
A1JHI	non-polymer	?
A1JHJ	non-polymer	?
A1JHK	non-polymer	?
A1JHL	non-polymer	?
A1JHM	non-polymer	?
A1JHN	non-polymer	?
A1JHO	non-polymer	?
A1JHR	non-polymer	?
A1JHS	non-polymer	?
A1JHT	non-polymer	?
A1JHU	non-polymer	?
A1JHV	non-polymer	?
A1JI0	non-polymer	?
A1JI1	non-polymer	?
A1JI6	non-polymer	?
A1JI7	non-polymer	?
A1JI8	non-polymer	?
A1JIA	non-polymer	?
A1JIB	non-polymer	?
A1JIC	non-polymer	?
A1JID	non-polymer	?
A1JIE	non-polymer	?
A1JIF	non-polymer	?
A1JIG	non-polymer	?
A1JIH	non-polymer	?
A1JII	non-polymer	?
A1JIJ	non-polymer	?
A1JIK	non-polymer	?
A1JIL	non-polymer	?
A1JIM	non-polymer	?
A1JIN	non-polymer	?
A1JIO	non-polymer	?
A1JIP	non-polymer	?
A1JIQ	non-polymer	?
A1JIR	non-polymer	?
A1JIS	non-polymer	?
A1JIT	non-polymer	?
A1JIU	non-polymer	?
A1JIV	non-polymer	?
A1JIW	non-polymer	?
A1JIX	non-polymer	?
A1JIY	non-polymer	?
A1JIZ	non-polymer	?
A1JJ0	non-polymer	?
A1JJ1	non-polymer	?
A1JJ2	non-polymer	?
A1JJ3	non-polymer	?
A1JJ4	non-polymer	?
A1JJ5	non-polymer	?
A1JJ6	non-polymer	?
A1JJ7	non-polymer	?
A1JJ8	non-polymer	?
A1JJ9	non-polymer	?
A1JJA	non-polymer	?
A1JJC	non-polymer	GLY
A1JJD	non-polymer	?
A1JJF	non-polymer	?
A1JJG	non-polymer	?
A1JJH	non-polymer	?
A1JJI	non-polymer	?
A1JJJ	non-polymer	?
A1JJK	non-polymer	?
A1JJL	non-polymer	?
A1JJN	non-polymer	?
A1JJO	non-polymer	?
A1JJP	non-polymer	?
A1JJQ	non-polymer	?
A1JJR	non-polymer	?
A1JJS	non-polymer	?
A1JJT	non-polymer	?
A1JJU	non-polymer	?
A1JJV	non-polymer	?
A1JJW	non-polymer	?
A1JJX	non-polymer	?
A1JJY	non-polymer	?
A1JJZ	non-polymer	?
A1JK0	non-polymer	?
A1JK1	non-polymer	?
A1JK2	non-polymer	?
A1JK3	non-polymer	?
A1JK4	non-polymer	?
A1JK5	non-polymer	?
A1JK6	non-polymer	?
A1JK7	non-polymer	?
A1JK8	non-polymer	?
A1JKA	non-polymer	?
A1JKB	non-polymer	?
A1JKC	non-polymer	?
A1JKD	non-polymer	?
A1JKE	non-polymer	?
A1JKF	non-polymer	?
A1JKG	non-polymer	?
A1JKH	non-polymer	?
A1JKI	non-polymer	?
A1JKJ	non-polymer	?
A1JKK	non-polymer	?
A1JKM	non-polymer	?
A1JKN	non-polymer	?
A1JKO	non-polymer	?
A1JKP	non-polymer	?
A1JKQ	non-polymer	?
A1JKR	non-polymer	?
A1JKS	non-polymer	?
A1JKT	non-polymer	?
A1JKU	non-polymer	?
A1JKV	non-polymer	?
A1JKW	non-polymer	?
A1JKY	non-polymer	?
A1JKZ	non-polymer	?
A1JL1	non-polymer	?
A1JL2	non-polymer	?
A1JL3	non-polymer	?
A1JL4	non-polymer	?
A1JL5	non-polymer	?
A1JL6	non-polymer	?
A1JL7	non-polymer	?
A1JL8	non-polymer	?
A1JL9	non-polymer	?
A1JLA	non-polymer	?
A1JLB	non-polymer	?
A1JLD	non-polymer	?
A1JLE	non-polymer	?
A1JLF	non-polymer	?
A1JLG	non-polymer	?
A1JLH	non-polymer	?
A1JLI	non-polymer	?
A1JLJ	non-polymer	?
A1JLK	non-polymer	?
A1JLL	non-polymer	?
A1JLM	non-polymer	?
A1JLN	non-polymer	AMP
A1JLP	non-polymer	?
A1JLU	non-polymer	?
A1JLV	non-polymer	?
A1JLW	non-polymer	?
A1JLX	non-polymer	?
A1JLZ	non-polymer	?
A1JM0	non-polymer	?
A1JM1	non-polymer	?
A1JM2	non-polymer	?
A1JM3	non-polymer	?
A1JM7	non-polymer	?
A1JM8	non-polymer	?
A1JM9	non-polymer	?
A1JMA	non-polymer	?
A1JMB	non-polymer	?
A1JMC	non-polymer	?
A1JMD	non-polymer	?
A1JME	non-polymer	?
A1JMF	non-polymer	?
A1JMG	non-polymer	?
A1JMH	non-polymer	?
A1JMI	non-polymer	?
A1JMJ	non-polymer	?
A1JML	non-polymer	?
A1JMM	non-polymer	?
A1JMO	non-polymer	?
A1JMP	non-polymer	?
A1JMR	non-polymer	?
A1JMS	non-polymer	?
A1JMT	non-polymer	?
A1JMY	non-polymer	?
A1JMZ	non-polymer	?
A1JN0	non-polymer	?
A1JN1	non-polymer	?
A1JN2	non-polymer	?
A1JN3	non-polymer	?
A1JN4	non-polymer	?
A1JN6	D-saccharide, alpha linking	GLA
A1JN7	non-polymer	?
A1JN9	non-polymer	?
A1JNA	DNA linking	DN
A1JNB	DNA linking	DT
A1JNC	non-polymer	?
A1JND	L-peptide linking	?
A1JNF	non-polymer	?
A1JNG	non-polymer	?
A1JNH	non-polymer	?
A1JNJ	non-polymer	?
A1JNK	non-polymer	?
A1JNL	L-peptide linking	ALA
A1JNN	non-polymer	?
A1JNO	non-polymer	?
A1JNP	non-polymer	?
A1JNQ	non-polymer	?
A1JNR	non-polymer	?
A1JNS	non-polymer	?
A1JNT	non-polymer	?
A1JNU	non-polymer	?
A1JNV	non-polymer	?
A1JNW	non-polymer	?
A1JNX	L-peptide linking	?
A1JNY	non-polymer	?
A1JNZ	non-polymer	?
A1JO0	non-polymer	?
A1JO1	non-polymer	?
A1JO2	non-polymer	?
A1JO3	non-polymer	?
A1JO8	non-polymer	?
A1JO9	non-polymer	?
A1JOA	non-polymer	?
A1JOB	non-polymer	?
A1JOC	non-polymer	?
A1JOD	non-polymer	?
A1JOE	non-polymer	?
A1JOG	non-polymer	?
A1JOH	non-polymer	?
A1JOI	non-polymer	?
A1JOJ	non-polymer	?
A1JOQ	non-polymer	?
A1JOT	non-polymer	?
A1JOU	non-polymer	?
A1JOV	non-polymer	?
A1JOW	non-polymer	?
A1JOZ	non-polymer	?
A1JPA	non-polymer	?
A1JPB	non-polymer	?
A1JPC	non-polymer	?
A1JPD	non-polymer	?
A1JPE	non-polymer	?
A1JPF	non-polymer	?
A1JPG	non-polymer	?
A1JPH	non-polymer	?
A1JPI	non-polymer	?
A1JPJ	non-polymer	?
A1JPK	non-polymer	?
A1JPL	L-peptide linking	?
A1JPO	non-polymer	?
A1JPP	non-polymer	?
A1JPQ	non-polymer	?
A1JPR	non-polymer	?
A1JPS	non-polymer	?
A1JPT	L-peptide linking	?
A1JPU	non-polymer	?
A1JPW	non-polymer	?
A1JPX	non-polymer	?
A1JPY	non-polymer	?
A1JQ6	non-polymer	?
A1JQ7	non-polymer	?
A1JQO	non-polymer	?
A1JQP	non-polymer	?
A1JQT	non-polymer	?
A1JQV	non-polymer	?
A1JQW	non-polymer	?
A1JQX	non-polymer	?
A1JQY	non-polymer	?
A1JR2	non-polymer	?
A1JR3	non-polymer	?
A1JRA	non-polymer	?
A1JRB	non-polymer	?
A1JRF	non-polymer	?
A1JS0	non-polymer	?
A1JS1	non-polymer	?
A1JS2	non-polymer	?
A1JS4	non-polymer	?
A1JS5	non-polymer	?
A1JS6	non-polymer	?
A1JS7	non-polymer	?
A1JS8	non-polymer	?
A1JSF	non-polymer	?
A1JSI	non-polymer	?
A1JSJ	non-polymer	?
A1JSK	non-polymer	?
A1JSL	non-polymer	?
A1JSM	non-polymer	?
A1JSO	non-polymer	?
A1JSP	non-polymer	?
A1JSQ	non-polymer	?
A1JSR	non-polymer	?
A1JSU	non-polymer	?
A1JSV	non-polymer	?
A1JSW	non-polymer	?
A1JSZ	non-polymer	?
A1JT6	non-polymer	?
A1JT7	non-polymer	?
A1JT8	non-polymer	?
A1JTA	non-polymer	?
A1JTB	non-polymer	?
A1JTC	non-polymer	?
A1JTI	non-polymer	?
A1JTN	non-polymer	?
A1JTR	non-polymer	?
A1JTS	non-polymer	?
A1JTT	non-polymer	?
A1JTV	non-polymer	?
A1JTY	non-polymer	?
A1JU2	non-polymer	?
A1JU3	non-polymer	?
A1JU5	non-polymer	?
A1JU6	non-polymer	?
A1JU7	non-polymer	?
A1JU8	non-polymer	?
A1JU9	non-polymer	?
A1JUA	non-polymer	?
A1JUB	non-polymer	?
A1JUC	D-saccharide	BDP
A1JUE	non-polymer	?
A1JUH	non-polymer	?
A1JUJ	non-polymer	?
A1JUN	non-polymer	?
A1JUO	non-polymer	?
A1JUP	non-polymer	?
A1JUQ	non-polymer	?
A1JUR	non-polymer	?
A1JUS	non-polymer	?
A1JUV	non-polymer	?
A1JUW	non-polymer	?
A1JUX	non-polymer	?
A1JV0	non-polymer	?
A1JV1	non-polymer	?
A1JV2	non-polymer	?
A1JV9	non-polymer	?
A1JVB	non-polymer	?
A1JVC	non-polymer	?
A1JVD	non-polymer	?
A1JVE	non-polymer	?
A1JVF	non-polymer	?
A1JVG	non-polymer	?
A1JVH	non-polymer	?
A1JVJ	non-polymer	?
A1JVL	non-polymer	?
A1JVO	non-polymer	?
A1JVP	non-polymer	?
A1JVQ	non-polymer	?
A1JVR	non-polymer	?
A1JVS	non-polymer	?
A1JVT	non-polymer	?
A1JVV	non-polymer	?
A1JVW	non-polymer	?
A1JVY	non-polymer	?
A1JVZ	non-polymer	?
A1JW7	non-polymer	?
A1JW8	non-polymer	?
A1JWE	non-polymer	?
A1JWF	L-peptide linking	?
A1JWG	non-polymer	?
A1JWK	non-polymer	?
A1JWM	non-polymer	?
A1JWN	non-polymer	?
A1JWP	non-polymer	?
A1JWQ	non-polymer	?
A1JWR	non-polymer	?
A1JWS	non-polymer	?
A1JX6	non-polymer	?
A1JX7	non-polymer	?
A1JX9	non-polymer	?
A1JXD	non-polymer	?
A1JXM	non-polymer	?
A1JXR	non-polymer	?
A1JXX	non-polymer	?
A1JY4	non-polymer	?
A1JY5	non-polymer	?
A1JY6	non-polymer	?
A1JY7	non-polymer	?
A1JY8	non-polymer	?
A1JY9	non-polymer	?
A1JYC	non-polymer	?
A1JZ0	non-polymer	?
A1JZ1	non-polymer	?
A1JZ3	non-polymer	?
A1JZA	non-polymer	?
A1JZB	non-polymer	?
A1JZC	non-polymer	?
A1JZN	non-polymer	?
A1JZP	non-polymer	?
A1JZR	non-polymer	?
A1JZS	non-polymer	?
A1JZT	non-polymer	?
A1JZU	non-polymer	?
A1JZX	non-polymer	?
A1K	NON-POLYMER	?
A1KB4	non-polymer	?
A1KBF	non-polymer	?
A1KBG	non-polymer	?
A1KC9	non-polymer	?
A1KCQ	non-polymer	?
A1KCR	non-polymer	?
A1KCT	non-polymer	?
A1KD0	non-polymer	?
A1KDR	non-polymer	?
A1KEA	non-polymer	?
A1KEC	non-polymer	?
A1KED	non-polymer	?
A1KEE	non-polymer	?
A1KEF	non-polymer	?
A1KEG	non-polymer	?
A1KEH	non-polymer	?
A1KEP	non-polymer	?
A1KEV	non-polymer	?
A1KEW	non-polymer	?
A1KEX	non-polymer	?
A1KEY	non-polymer	?
A1L	NON-POLYMER	?
A1L01	non-polymer	?
A1L04	non-polymer	?
A1L07	non-polymer	?
A1L08	non-polymer	?
A1L09	non-polymer	?
A1L0A	non-polymer	?
A1L0C	non-polymer	?
A1L0D	non-polymer	?
A1L0E	non-polymer	?
A1L0F	non-polymer	?
A1L0G	non-polymer	?
A1L0H	non-polymer	?
A1L0I	non-polymer	?
A1L0L	non-polymer	?
A1L0M	non-polymer	?
A1L0N	non-polymer	?
A1L0O	non-polymer	?
A1L0P	non-polymer	?
A1L0Q	non-polymer	?
A1L0R	non-polymer	?
A1L0S	non-polymer	?
A1L0T	non-polymer	?
A1L0U	non-polymer	?
A1L0V	non-polymer	?
A1L0W	non-polymer	?
A1L0X	non-polymer	?
A1L0Y	non-polymer	?
A1L10	non-polymer	?
A1L11	non-polymer	?
A1L12	non-polymer	?
A1L13	non-polymer	?
A1L14	non-polymer	?
A1L15	non-polymer	?
A1L16	non-polymer	?
A1L17	non-polymer	?
A1L1A	non-polymer	?
A1L1B	non-polymer	?
A1L1C	non-polymer	?
A1L1D	non-polymer	?
A1L1E	non-polymer	?
A1L1F	non-polymer	?
A1L1G	non-polymer	?
A1L1H	non-polymer	?
A1L1M	non-polymer	?
A1L1N	non-polymer	?
A1L1O	non-polymer	?
A1L1P	D-saccharide, beta linking	?
A1L1R	non-polymer	?
A1L1S	non-polymer	?
A1L1U	non-polymer	?
A1L1V	non-polymer	?
A1L1W	non-polymer	?
A1L1X	non-polymer	?
A1L1Z	non-polymer	?
A1L20	non-polymer	?
A1L22	non-polymer	?
A1L23	non-polymer	?
A1L24	non-polymer	?
A1L25	non-polymer	?
A1L26	non-polymer	?
A1L27	non-polymer	?
A1L2A	non-polymer	?
A1L2B	non-polymer	?
A1L2C	non-polymer	?
A1L2D	non-polymer	?
A1L2E	non-polymer	?
A1L2F	non-polymer	?
A1L2G	non-polymer	?
A1L2H	non-polymer	?
A1L2I	non-polymer	?
A1L2J	non-polymer	?
A1L2K	non-polymer	?
A1L2L	non-polymer	?
A1L2M	non-polymer	?
A1L2O	non-polymer	?
A1L2P	non-polymer	?
A1L2T	non-polymer	?
A1L2U	L-peptide linking	PRO
A1L2V	non-polymer	?
A1L2W	non-polymer	?
A1L2Z	non-polymer	?
A1L30	non-polymer	?
A1L31	non-polymer	?
A1L32	non-polymer	?
A1L33	non-polymer	?
A1L34	non-polymer	?
A1L35	non-polymer	?
A1L36	non-polymer	?
A1L37	non-polymer	?
A1L38	non-polymer	?
A1L3A	non-polymer	?
A1L3B	non-polymer	?
A1L3C	non-polymer	?
A1L3D	non-polymer	?
A1L3E	non-polymer	?
A1L3F	non-polymer	?
A1L3G	non-polymer	?
A1L3H	non-polymer	?
A1L3I	L-peptide linking	?
A1L3J	non-polymer	?
A1L3K	non-polymer	?
A1L3M	non-polymer	?
A1L3N	non-polymer	?
A1L3O	non-polymer	?
A1L3P	non-polymer	?
A1L3Q	non-polymer	?
A1L3S	non-polymer	?
A1L3V	non-polymer	?
A1L3W	non-polymer	?
A1L3Y	non-polymer	?
A1L3Z	non-polymer	?
A1L40	non-polymer	?
A1L41	non-polymer	?
A1L42	non-polymer	?
A1L43	non-polymer	?
A1L44	non-polymer	?
A1L45	non-polymer	?
A1L46	non-polymer	?
A1L47	non-polymer	?
A1L4A	non-polymer	?
A1L4B	L-peptide linking	GLN
A1L4C	non-polymer	?
A1L4D	L-peptide linking	PHE
A1L4E	non-polymer	?
A1L4F	non-polymer	?
A1L4H	non-polymer	?
A1L4O	non-polymer	?
A1L4S	non-polymer	?
A1L4U	RNA linking	U
A1L4V	non-polymer	?
A1L4W	non-polymer	?
A1L4X	non-polymer	?
A1L4Z	non-polymer	?
A1L50	non-polymer	?
A1L52	non-polymer	?
A1L53	non-polymer	?
A1L54	non-polymer	?
A1L55	non-polymer	?
A1L57	non-polymer	?
A1L58	non-polymer	?
A1L59	non-polymer	?
A1L5I	non-polymer	?
A1L5J	non-polymer	?
A1L5K	non-polymer	?
A1L5L	non-polymer	?
A1L5O	non-polymer	?
A1L5P	non-polymer	?
A1L5Q	non-polymer	?
A1L5R	non-polymer	?
A1L5T	non-polymer	?
A1L5V	non-polymer	?
A1L5X	non-polymer	?
A1L5Z	non-polymer	?
A1L60	non-polymer	?
A1L61	non-polymer	?
A1L62	non-polymer	?
A1L64	non-polymer	?
A1L65	non-polymer	?
A1L66	non-polymer	?
A1L67	non-polymer	?
A1L68	non-polymer	?
A1L69	non-polymer	?
A1L6A	non-polymer	?
A1L6B	non-polymer	?
A1L6C	non-polymer	?
A1L6D	non-polymer	?
A1L6I	non-polymer	?
A1L6J	non-polymer	?
A1L6K	non-polymer	?
A1L6L	non-polymer	?
A1L6M	non-polymer	?
A1L6N	peptide-like	?
A1L6P	non-polymer	?
A1L6Q	non-polymer	?
A1L6R	non-polymer	?
A1L6U	non-polymer	?
A1L6V	non-polymer	?
A1L6W	non-polymer	?
A1L6X	non-polymer	?
A1L6Y	non-polymer	?
A1L6Z	non-polymer	?
A1L70	non-polymer	?
A1L71	non-polymer	?
A1L73	non-polymer	?
A1L74	non-polymer	?
A1L75	non-polymer	?
A1L76	non-polymer	?
A1L77	non-polymer	?
A1L78	non-polymer	?
A1L79	non-polymer	?
A1L7A	non-polymer	?
A1L7B	non-polymer	?
A1L7C	non-polymer	?
A1L7D	non-polymer	?
A1L7E	L-peptide linking	TRP
A1L7F	non-polymer	?
A1L7G	non-polymer	?
A1L7I	non-polymer	?
A1L7J	non-polymer	?
A1L7K	L-peptide linking	?
A1L7L	L-peptide linking	?
A1L7M	non-polymer	?
A1L7N	L-peptide linking	?
A1L7O	non-polymer	?
A1L7P	non-polymer	?
A1L7Q	non-polymer	?
A1L7R	non-polymer	?
A1L7S	non-polymer	?
A1L7T	non-polymer	?
A1L7U	non-polymer	?
A1L7V	non-polymer	?
A1L7W	non-polymer	?
A1L7X	non-polymer	?
A1L7Y	non-polymer	?
A1L7Z	non-polymer	?
A1L80	non-polymer	?
A1L81	non-polymer	?
A1L82	DNA linking	?
A1L83	non-polymer	?
A1L84	non-polymer	?
A1L87	non-polymer	?
A1L89	non-polymer	?
A1L8A	non-polymer	?
A1L8B	non-polymer	?
A1L8C	non-polymer	?
A1L8D	non-polymer	?
A1L8E	non-polymer	?
A1L8F	non-polymer	?
A1L8G	non-polymer	?
A1L8H	non-polymer	?
A1L8I	non-polymer	?
A1L8J	non-polymer	?
A1L8K	non-polymer	?
A1L8M	non-polymer	?
A1L8N	non-polymer	?
A1L8O	non-polymer	?
A1L8P	non-polymer	?
A1L8Q	non-polymer	?
A1L8R	non-polymer	?
A1L8S	DNA linking	?
A1L8T	non-polymer	?
A1L8V	non-polymer	?
A1L8W	non-polymer	?
A1L8X	non-polymer	?
A1L8Z	non-polymer	?
A1L90	non-polymer	?
A1L91	non-polymer	?
A1L92	non-polymer	?
A1L93	non-polymer	?
A1L97	L-peptide linking	?
A1L98	non-polymer	?
A1L99	non-polymer	?
A1L9B	non-polymer	?
A1L9C	non-polymer	?
A1L9D	non-polymer	?
A1L9E	non-polymer	?
A1L9F	non-polymer	?
A1L9G	non-polymer	?
A1L9H	non-polymer	?
A1L9J	non-polymer	?
A1L9L	non-polymer	?
A1L9M	non-polymer	?
A1L9N	non-polymer	?
A1L9O	non-polymer	?
A1L9P	non-polymer	?
A1L9Q	RNA linking	?
A1L9R	non-polymer	?
A1L9X	L-peptide linking	?
A1L9Y	non-polymer	?
A1L9Z	non-polymer	?
A1LTQ	L-PEPTIDE LINKING	ARG
A1LU0	non-polymer	?
A1LU1	non-polymer	?
A1LU2	non-polymer	?
A1LU4	non-polymer	?
A1LU6	non-polymer	?
A1LU7	non-polymer	?
A1LU8	non-polymer	?
A1LU9	non-polymer	?
A1LUD	L-PEPTIDE LINKING	MET
A1LUT	L-PEPTIDE LINKING	ASN
A1LUV	L-PEPTIDE LINKING	LYS
A1LUZ	non-polymer	?
A1LV1	non-polymer	?
A1LV3	non-polymer	?
A1LV4	non-polymer	?
A1LV5	non-polymer	?
A1LV6	non-polymer	?
A1LV7	non-polymer	?
A1LV8	non-polymer	?
A1LV9	non-polymer	?
A1LVA	non-polymer	?
A1LVB	non-polymer	?
A1LVC	non-polymer	?
A1LVE	non-polymer	?
A1LVF	non-polymer	?
A1LVG	non-polymer	?
A1LVH	non-polymer	?
A1LVI	non-polymer	?
A1LVJ	non-polymer	?
A1LVL	non-polymer	?
A1LVO	non-polymer	?
A1LVP	non-polymer	?
A1LVQ	non-polymer	?
A1LVR	non-polymer	?
A1LVT	non-polymer	?
A1LVV	non-polymer	?
A1LVW	non-polymer	?
A1LVX	non-polymer	?
A1LVZ	non-polymer	?
A1LW0	non-polymer	?
A1LW1	non-polymer	?
A1LW2	non-polymer	?
A1LW3	non-polymer	?
A1LW4	non-polymer	?
A1LW5	non-polymer	?
A1LW6	non-polymer	?
A1LW7	non-polymer	?
A1LW8	non-polymer	?
A1LW9	non-polymer	?
A1LWA	non-polymer	?
A1LWB	non-polymer	?
A1LWC	non-polymer	?
A1LWD	non-polymer	?
A1LWE	non-polymer	?
A1LWG	non-polymer	?
A1LWH	non-polymer	?
A1LWI	non-polymer	?
A1LWJ	non-polymer	?
A1LWK	non-polymer	?
A1LWL	non-polymer	?
A1LWM	non-polymer	?
A1LWO	non-polymer	?
A1LWP	non-polymer	?
A1LWQ	non-polymer	?
A1LWR	non-polymer	?
A1LWS	non-polymer	?
A1LWU	non-polymer	?
A1LWV	L-peptide linking	LYS
A1LWW	non-polymer	?
A1LWX	non-polymer	?
A1LWZ	non-polymer	?
A1LX0	non-polymer	?
A1LX1	non-polymer	?
A1LX2	non-polymer	?
A1LX3	non-polymer	?
A1LX4	non-polymer	?
A1LX5	non-polymer	?
A1LX6	non-polymer	?
A1LX7	non-polymer	?
A1LXA	non-polymer	?
A1LXB	non-polymer	?
A1LXC	non-polymer	?
A1LXD	non-polymer	?
A1LXF	non-polymer	?
A1LXG	non-polymer	?
A1LXH	non-polymer	?
A1LXK	non-polymer	?
A1LXL	non-polymer	?
A1LXN	non-polymer	?
A1LXO	non-polymer	?
A1LXP	non-polymer	?
A1LXQ	non-polymer	?
A1LXR	non-polymer	?
A1LXS	non-polymer	?
A1LXU	non-polymer	?
A1LXV	non-polymer	?
A1LXW	non-polymer	?
A1LXX	non-polymer	?
A1LXY	non-polymer	?
A1LY0	non-polymer	?
A1LY1	non-polymer	?
A1LY2	non-polymer	?
A1LY3	non-polymer	?
A1LY4	non-polymer	?
A1LYA	non-polymer	?
A1LYC	non-polymer	?
A1LYD	non-polymer	?
A1LYE	non-polymer	?
A1LYF	non-polymer	?
A1LYG	non-polymer	?
A1LYJ	non-polymer	?
A1LYK	non-polymer	?
A1LYL	non-polymer	?
A1LYN	non-polymer	?
A1LYO	non-polymer	?
A1LYQ	non-polymer	?
A1LYT	non-polymer	?
A1LYU	non-polymer	?
A1LYV	non-polymer	?
A1LYW	non-polymer	?
A1LYX	non-polymer	?
A1LYY	non-polymer	?
A1LYZ	non-polymer	?
A1LZ0	non-polymer	?
A1LZ1	non-polymer	?
A1LZ2	non-polymer	?
A1LZ3	RNA linking	U
A1LZ4	non-polymer	?
A1LZ5	non-polymer	?
A1LZ6	non-polymer	?
A1LZ7	non-polymer	?
A1LZ8	non-polymer	?
A1LZ9	non-polymer	?
A1LZA	non-polymer	?
A1LZB	non-polymer	?
A1LZC	non-polymer	?
A1LZE	non-polymer	?
A1LZF	non-polymer	?
A1LZG	non-polymer	?
A1LZH	non-polymer	?
A1LZJ	non-polymer	?
A1LZK	non-polymer	?
A1LZM	non-polymer	?
A1LZN	non-polymer	?
A1LZO	non-polymer	?
A1LZP	non-polymer	?
A1LZQ	non-polymer	?
A1LZR	non-polymer	?
A1LZS	non-polymer	?
A1LZT	non-polymer	?
A1LZU	non-polymer	?
A1LZV	non-polymer	?
A1LZX	non-polymer	?
A1LZY	non-polymer	?
A1LZZ	non-polymer	?
A1M	NON-POLYMER	?
A1MA2	non-polymer	?
A1MA6	non-polymer	?
A1MA7	non-polymer	?
A1MA8	non-polymer	?
A1MA9	DNA linking	DG
A1MAF	non-polymer	?
A1MAH	non-polymer	?
A1MAI	non-polymer	?
A1MAJ	non-polymer	?
A1MAK	non-polymer	?
A1MAL	non-polymer	?
A1MAM	non-polymer	?
A1MAO	non-polymer	?
A1MAP	non-polymer	?
A1MAU	non-polymer	?
A1MAV	non-polymer	?
A1MAW	non-polymer	?
A1MAX	non-polymer	?
A1MAY	non-polymer	?
A1MAZ	non-polymer	?
A1MB1	non-polymer	?
A1MB2	non-polymer	?
A1MB3	non-polymer	?
A1MB7	non-polymer	?
A1MB8	D-peptide linking	DPN
A1MBA	non-polymer	?
A1MBB	non-polymer	?
A1MBC	non-polymer	?
A1MBD	non-polymer	?
A1MBE	non-polymer	?
A1MBF	non-polymer	?
A1MBG	non-polymer	?
A1MBI	non-polymer	?
A1MBJ	non-polymer	?
A1MBK	non-polymer	?
A1MBL	non-polymer	?
A1MBM	non-polymer	?
A1MBN	non-polymer	?
A1MBO	non-polymer	?
A1MBP	non-polymer	?
A1MBR	non-polymer	?
A1MBX	non-polymer	?
A1MBY	non-polymer	?
A1MBZ	non-polymer	?
A1MC1	non-polymer	?
A1MC2	non-polymer	?
A1MC7	non-polymer	?
A1MC9	non-polymer	?
A1MCB	non-polymer	?
A1MCC	non-polymer	?
A1MCD	non-polymer	?
A1MCE	non-polymer	?
A1MCG	L-peptide linking	PHE
A1MCH	non-polymer	?
A1MCI	non-polymer	?
A1MCM	non-polymer	?
A1MCO	non-polymer	?
A1MCQ	non-polymer	?
A1MCX	non-polymer	?
A1MCY	non-polymer	?
A1MDA	non-polymer	?
A1MDB	non-polymer	?
A1MDH	non-polymer	?
A1MDL	non-polymer	?
A1MDN	L-peptide linking	?
A1MDP	non-polymer	?
A1MDU	non-polymer	?
A1ME1	non-polymer	?
A1MEK	non-polymer	?
A1MES	non-polymer	?
A1MF6	L-peptide linking	LEU
A1MFG	L-peptide linking	?
A1MFI	peptide linking	?
A1MFS	non-polymer	?
A1MFT	non-polymer	?
A1MGB	RNA linking	?
A1MGC	non-polymer	?
A1MHH	non-polymer	?
A1MHI	non-polymer	?
A1MHM	non-polymer	?
A1MHN	non-polymer	?
A1MHO	non-polymer	?
A1MHP	non-polymer	?
A1MHQ	non-polymer	?
A1MHR	non-polymer	?
A1MHS	non-polymer	?
A1MHZ	non-polymer	?
A1N	NON-POLYMER	?
A1O	NON-POLYMER	?
A1P	DNA LINKING	?
A1Q	D-saccharide	GMH
A1R	NON-POLYMER	?
A1S	NON-POLYMER	?
A1T	NON-POLYMER	?
A1U	NON-POLYMER	?
A1V	NON-POLYMER	?
A1W	non-polymer	?
A1X	NON-POLYMER	?
A1Y	NON-POLYMER	?
A1Z	NON-POLYMER	?
A20	NON-POLYMER	?
A21	NON-POLYMER	?
A22	NON-POLYMER	?
A23	RNA LINKING	A
A24	NON-POLYMER	?
A25	NON-POLYMER	?
A26	NON-POLYMER	?
A27	NON-POLYMER	?
A28	NON-POLYMER	?
A29	non-polymer	?
A2B	NON-POLYMER	?
A2C	NON-POLYMER	?
A2D	NON-POLYMER	?
A2E	NON-POLYMER	?
A2F	NON-POLYMER	?
A2G	D-saccharide, alpha linking	?
A2H	NON-POLYMER	?
A2I	NON-POLYMER	?
A2J	NON-POLYMER	?
A2K	NON-POLYMER	?
A2L	RNA LINKING	A
A2M	RNA LINKING	A
A2N	NON-POLYMER	?
A2O	NON-POLYMER	?
A2P	NON-POLYMER	?
A2Q	non-polymer	?
A2R	NON-POLYMER	?
A2T	NON-POLYMER	?
A2U	non-polymer	?
A2V	NON-POLYMER	?
A2W	NON-POLYMER	?
A2X	NON-POLYMER	?
A2Y	NON-POLYMER	?
A2Z	NON-POLYMER	?
A30	L-peptide linking	TYR
A31	NON-POLYMER	?
A32	NON-POLYMER	?
A33	NON-POLYMER	?
A34	DNA LINKING	DA
A35	DNA LINKING	DA
A36	non-polymer	?
A37	NON-POLYMER	?
A38	DNA LINKING	DA
A39	RNA LINKING	A
A3A	DNA LINKING	DA
A3B	NON-POLYMER	?
A3C	NON-POLYMER	?
A3D	NON-POLYMER	?
A3E	NON-POLYMER	?
A3F	NON-POLYMER	?
A3G	NON-POLYMER	?
A3H	NON-POLYMER	?
A3I	non-polymer	?
A3J	NON-POLYMER	?
A3K	NON-POLYMER	?
A3M	NON-POLYMER	?
A3N	NON-POLYMER	?
A3O	non-polymer	?
A3P	RNA LINKING	A
A3Q	NON-POLYMER	?
A3R	NON-POLYMER	?
A3S	NON-POLYMER	?
A3T	NON-POLYMER	?
A3U	L-peptide linking	PHE
A3V	NON-POLYMER	?
A3W	NON-POLYMER	?
A3X	non-polymer	?
A3Y	NON-POLYMER	?
A3Z	non-polymer	?
A40	DNA LINKING	DA
A41	NON-POLYMER	?
A42	NON-POLYMER	?
A43	DNA LINKING	DA
A44	RNA LINKING	A
A45	NON-POLYMER	?
A46	NON-POLYMER	?
A47	DNA LINKING	DA
A48	NON-POLYMER	?
A49	NON-POLYMER	?
A4A	NON-POLYMER	?
A4B	NON-POLYMER	?
A4C	NON-POLYMER	?
A4D	NON-POLYMER	?
A4E	NON-POLYMER	?
A4F	NON-POLYMER	?
A4G	NON-POLYMER	?
A4H	NON-POLYMER	?
A4I	non-polymer	?
A4J	NON-POLYMER	?
A4K	NON-POLYMER	?
A4L	NON-POLYMER	?
A4M	NON-POLYMER	?
A4N	NON-POLYMER	?
A4O	non-polymer	?
A4P	NON-POLYMER	?
A4Q	NON-POLYMER	?
A4R	NON-POLYMER	?
A4S	NON-POLYMER	?
A4T	NON-POLYMER	?
A4U	non-polymer	?
A4V	non-polymer	?
A4W	NON-POLYMER	?
A4X	NON-POLYMER	?
A4Y	NON-POLYMER	?
A4Z	NON-POLYMER	?
A50	NON-POLYMER	?
A51	NON-POLYMER	?
A52	NON-POLYMER	?
A53	NON-POLYMER	?
A54	non-polymer	?
A55	NON-POLYMER	?
A56	NON-POLYMER	?
A57	NON-POLYMER	?
A58	NON-POLYMER	?
A59	NON-POLYMER	?
A5A	NON-POLYMER	?
A5B	NON-POLYMER	?
A5C	L-saccharide, alpha linking	?
A5D	NON-POLYMER	?
A5E	NON-POLYMER	?
A5F	NON-POLYMER	?
A5G	non-polymer	?
A5H	NON-POLYMER	?
A5I	non-polymer	?
A5J	NON-POLYMER	?
A5K	NON-POLYMER	?
A5L	DNA LINKING	DA
A5M	RNA LINKING	C
A5N	L-PEPTIDE LINKING	ASN
A5O	RNA LINKING	A
A5P	NON-POLYMER	?
A5Q	NON-POLYMER	?
A5R	peptide-like	?
A5S	non-polymer	?
A5T	NON-POLYMER	?
A5U	NON-POLYMER	?
A5V	NON-POLYMER	?
A5W	NON-POLYMER	?
A5X	NON-POLYMER	?
A5Y	NON-POLYMER	?
A5Z	NON-POLYMER	?
A60	NON-POLYMER	?
A61	NON-POLYMER	?
A62	NON-POLYMER	?
A63	NON-POLYMER	?
A64	non-polymer	?
A65	NON-POLYMER	?
A66	L-PEPTIDE LINKING	LYS
A68	NON-POLYMER	?
A69	NON-POLYMER	?
A6A	RNA linking	A
A6B	NON-POLYMER	?
A6C	RNA linking	C
A6D	NON-POLYMER	?
A6E	NON-POLYMER	?
A6F	non-polymer	?
A6G	RNA linking	G
A6H	NON-POLYMER	?
A6I	peptide-like	?
A6J	non-polymer	?
A6K	non-polymer	?
A6L	NON-POLYMER	?
A6M	non-polymer	?
A6N	NON-POLYMER	?
A6O	NON-POLYMER	?
A6P	D-saccharide, alpha linking	AFD
A6Q	non-polymer	?
A6R	NON-POLYMER	?
A6S	NON-POLYMER	?
A6T	NON-POLYMER	?
A6U	RNA linking	U
A6V	NON-POLYMER	?
A6W	NON-POLYMER	?
A6X	non-polymer	?
A6Y	NON-POLYMER	?
A6Z	NON-POLYMER	?
A70	NON-POLYMER	?
A71	NON-POLYMER	?
A72	NON-POLYMER	?
A73	NON-POLYMER	?
A74	NON-POLYMER	?
A75	NON-POLYMER	?
A76	NON-POLYMER	?
A77	NON-POLYMER	?
A78	NON-POLYMER	?
A79	NON-POLYMER	?
A7A	NON-POLYMER	?
A7B	NON-POLYMER	?
A7C	RNA linking	?
A7D	NON-POLYMER	?
A7E	RNA LINKING	A
A7F	non-polymer	?
A7G	NON-POLYMER	?
A7H	NON-POLYMER	?
A7I	non-polymer	?
A7K	NON-POLYMER	?
A7L	non-polymer	?
A7M	NON-POLYMER	?
A7N	NON-POLYMER	?
A7O	NON-POLYMER	?
A7Q	NON-POLYMER	?
A7R	NON-POLYMER	?
A7S	NON-POLYMER	?
A7T	NON-POLYMER	?
A7V	non-polymer	?
A7W	non-polymer	?
A7X	non-polymer	?
A7Y	NON-POLYMER	?
A7Z	NON-POLYMER	?
A80	NON-POLYMER	?
A81	NON-POLYMER	?
A82	non-polymer	?
A83	NON-POLYMER	?
A84	NON-POLYMER	?
A85	NON-POLYMER	?
A86	NON-POLYMER	?
A87	non-polymer	?
A88	NON-POLYMER	?
A89	peptide-like	?
A8A	non-polymer	?
A8B	NON-POLYMER	?
A8C	NON-POLYMER	?
A8D	NON-POLYMER	?
A8E	L-peptide linking	VAL
A8F	NON-POLYMER	?
A8G	non-polymer	?
A8H	NON-POLYMER	?
A8I	non-polymer	?
A8J	non-polymer	?
A8K	NON-POLYMER	?
A8L	NON-POLYMER	?
A8M	NON-POLYMER	?
A8N	NON-POLYMER	?
A8O	NON-POLYMER	?
A8P	NON-POLYMER	?
A8Q	NON-POLYMER	?
A8R	non-polymer	?
A8S	NON-POLYMER	?
A8T	NON-POLYMER	?
A8U	NON-POLYMER	?
A8V	NON-POLYMER	?
A8W	NON-POLYMER	?
A8X	NON-POLYMER	?
A8Z	NON-POLYMER	?
A90	NON-POLYMER	?
A91	NON-POLYMER	?
A92	NON-POLYMER	?
A93	NON-POLYMER	?
A94	NON-POLYMER	?
A95	NON-POLYMER	?
A96	NON-POLYMER	?
A97	NON-POLYMER	?
A98	NON-POLYMER	?
A99	NON-POLYMER	?
A9B	NON-POLYMER	?
A9C	NON-POLYMER	?
A9D	L-PEPTIDE LINKING	SER
A9E	NON-POLYMER	?
A9F	NON-POLYMER	?
A9G	NON-POLYMER	?
A9H	non-polymer	?
A9I	non-polymer	?
A9J	NON-POLYMER	?
A9K	NON-POLYMER	?
A9L	NON-POLYMER	?
A9M	NON-POLYMER	?
A9N	NON-POLYMER	?
A9O	NON-POLYMER	?
A9P	non-polymer	?
A9Q	NON-POLYMER	?
A9R	NON-POLYMER	?
A9S	NON-POLYMER	?
A9T	NON-POLYMER	?
A9U	NON-POLYMER	?
A9V	NON-POLYMER	?
A9W	NON-POLYMER	?
A9X	non-polymer	?
A9Y	NON-POLYMER	?
A9Z	RNA LINKING	A
AA	NON-POLYMER	?
AA0	NON-POLYMER	?
AA1	NON-POLYMER	?
AA2	NON-POLYMER	?
AA3	L-PEPTIDE LINKING	ALA
AA4	L-PEPTIDE LINKING	ALA
AA5	NON-POLYMER	?
AA6	L-peptide linking	?
AA7	NON-POLYMER	?
AA8	NON-POLYMER	?
AA9	non-polymer	?
AAA	NON-POLYMER	?
AAB	DNA LINKING	?
AAC	NON-POLYMER	?
AAD	NON-POLYMER	?
AAE	NON-POLYMER	?
AAF	NON-POLYMER	?
AAG	NON-POLYMER	?
AAH	NON-POLYMER	?
AAI	NON-POLYMER	?
AAK	NON-POLYMER	?
AAL	L-saccharide, alpha linking	?
AAM	NON-POLYMER	?
AAN	NON-POLYMER	?
AAO	SACCHARIDE	?
AAP	NON-POLYMER	?
AAQ	NON-POLYMER	?
AAR	L-PEPTIDE LINKING	ARG
AAS	NON-POLYMER	?
AAT	NON-POLYMER	?
AAU	NON-POLYMER	?
AAV	NON-POLYMER	?
AAX	NON-POLYMER	?
AAY	NON-POLYMER	?
AAZ	NON-POLYMER	?
AB0	NON-POLYMER	?
AB1	NON-POLYMER	?
AB2	NON-POLYMER	?
AB3	NON-POLYMER	?
AB4	NON-POLYMER	?
AB5	NON-POLYMER	?
AB6	NON-POLYMER	?
AB7	L-PEPTIDE LINKING	?
AB8	NON-POLYMER	?
AB9	NON-POLYMER	?
ABA	L-PEPTIDE LINKING	ALA
ABB	NON-POLYMER	?
ABC	SACCHARIDE	?
ABD	saccharide	?
ABE	D-saccharide, alpha linking	?
ABF	D-saccharide, beta linking	BXX
ABG	NON-POLYMER	?
ABH	NON-POLYMER	?
ABI	NON-POLYMER	?
ABJ	non-polymer	?
ABK	NON-POLYMER	?
ABL	D-saccharide	BGC
ABM	NON-POLYMER	?
ABN	NON-POLYMER	?
ABO	NON-POLYMER	?
ABP	NON-POLYMER	?
ABQ	NON-POLYMER	?
ABR	DNA LINKING	DA
ABS	DNA LINKING	DA
ABT	DNA LINKING	?
ABU	NON-POLYMER	?
ABV	NON-POLYMER	?
ABW	NON-POLYMER	?
ABX	NON-POLYMER	?
ABY	NON-POLYMER	?
ABZ	NON-POLYMER	?
AC0	NON-POLYMER	?
AC1	D-saccharide	?
AC2	NON-POLYMER	?
AC4	NON-POLYMER	?
AC5	PEPTIDE LINKING	?
AC6	NON-POLYMER	?
AC7	NON-POLYMER	?
AC8	NON-POLYMER	?
AC9	NON-POLYMER	?
ACA	PEPTIDE LINKING	?
ACB	D-beta-peptide, C-gamma linking	?
ACC	NON-POLYMER	?
ACD	NON-POLYMER	?
ACE	NON-POLYMER	?
ACF	NON-POLYMER	?
ACG	SACCHARIDE	?
ACH	NON-POLYMER	?
ACI	NON-POLYMER	?
ACJ	NON-POLYMER	?
ACK	NON-POLYMER	?
ACL	L-PEPTIDE LINKING	ARG
ACM	NON-POLYMER	?
ACN	NON-POLYMER	?
ACO	NON-POLYMER	?
ACP	NON-POLYMER	?
ACQ	NON-POLYMER	?
ACR	saccharide	?
ACS	NON-POLYMER	?
ACT	NON-POLYMER	?
ACU	NON-POLYMER	?
ACV	NON-POLYMER	?
ACW	NON-POLYMER	?
ACX	saccharide	?
ACY	NON-POLYMER	?
ACZ	NON-POLYMER	?
AD1	NON-POLYMER	?
AD2	DNA LINKING	DA
AD3	NON-POLYMER	?
AD4	NON-POLYMER	?
AD5	non-polymer	?
AD6	non-polymer	?
AD7	NON-POLYMER	?
AD8	NON-POLYMER	?
AD9	non-polymer	?
ADA	D-saccharide, alpha linking	?
ADB	NON-POLYMER	?
ADC	NON-POLYMER	?
ADD	L-PEPTIDE LINKING	?
ADE	NON-POLYMER	?
ADF	NON-POLYMER	?
ADG	D-SACCHARIDE	?
ADH	NON-POLYMER	?
ADI	NON-POLYMER	A
ADJ	NON-POLYMER	?
ADK	NON-POLYMER	?
ADL	NON-POLYMER	?
ADM	NON-POLYMER	?
ADN	NON-POLYMER	?
ADO	NON-POLYMER	?
ADP	NON-POLYMER	A
ADQ	NON-POLYMER	?
ADR	D-SACCHARIDE	?
ADS	NON-POLYMER	?
ADT	NON-POLYMER	?
ADU	NON-POLYMER	?
ADV	NON-POLYMER	?
ADW	NON-POLYMER	?
ADX	RNA LINKING	?
ADY	NON-POLYMER	?
ADZ	NON-POLYMER	?
AE0	NON-POLYMER	?
AE1	NON-POLYMER	?
AE2	NON-POLYMER	?
AE3	NON-POLYMER	?
AE4	NON-POLYMER	?
AE5	L-PEPTIDE LINKING	?
AE6	NON-POLYMER	?
AE7	NON-POLYMER	?
AE8	non-polymer	?
AE9	non-polymer	?
AEA	L-PEPTIDE LINKING	CYS
AED	NON-POLYMER	?
AEE	NON-POLYMER	?
AEF	NON-POLYMER	?
AEG	NON-POLYMER	?
AEH	NON-POLYMER	?
AEI	L-PEPTIDE LINKING	THR
AEJ	NON-POLYMER	?
AEK	NON-POLYMER	?
AEL	NON-POLYMER	?
AEM	NON-POLYMER	?
AEN	NON-POLYMER	?
AEO	NON-POLYMER	?
AEP	NON-POLYMER	?
AEQ	NON-POLYMER	?
AER	NON-POLYMER	?
AES	NON-POLYMER	?
AET	RNA LINKING	A
AEU	NON-POLYMER	?
AEV	NON-POLYMER	?
AEW	non-polymer	?
AEX	NON-POLYMER	?
AEY	NON-POLYMER	?
AEZ	NON-POLYMER	?
AF	NON-POLYMER	?
AF0	NON-POLYMER	?
AF1	D-saccharide, beta linking	?
AF2	DNA LINKING	DA
AF3	NON-POLYMER	?
AF4	NON-POLYMER	?
AF5	NON-POLYMER	?
AF6	NON-POLYMER	?
AF7	NON-POLYMER	?
AF8	NON-POLYMER	?
AF9	NON-POLYMER	?
AFA	L-PEPTIDE LINKING	ASN
AFB	NON-POLYMER	?
AFC	peptide-like	?
AFD	D-saccharide, alpha linking	?
AFE	NON-POLYMER	?
AFF	DNA LINKING	?
AFG	DNA LINKING	DG
AFH	NON-POLYMER	?
AFI	NON-POLYMER	?
AFJ	NON-POLYMER	?
AFK	NON-POLYMER	?
AFL	L-SACCHARIDE	?
AFM	NON-POLYMER	?
AFN	NON-POLYMER	?
AFO	D-saccharide	BXY
AFP	D-saccharide, alpha linking	Z9N
AFQ	NON-POLYMER	?
AFR	D-SACCHARIDE	?
AFS	NON-POLYMER	?
AFT	non-polymer	?
AFU	NON-POLYMER	?
AFV	NON-POLYMER	?
AFW	NON-POLYMER	?
AFX	NON-POLYMER	?
AFY	NON-POLYMER	?
AFZ	NON-POLYMER	?
AG	NON-POLYMER	?
AG0	NON-POLYMER	?
AG1	non-polymer	?
AG2	NON-POLYMER	?
AG3	NON-POLYMER	?
AG4	NON-POLYMER	?
AG5	NON-POLYMER	?
AG6	NON-POLYMER	?
AG7	NON-POLYMER	?
AG8	NON-POLYMER	?
AG9	NON-POLYMER	?
AGA	NON-POLYMER	?
AGB	NON-POLYMER	?
AGC	D-SACCHARIDE	?
AGD	D-PEPTIDE LINKING	?
AGE	NON-POLYMER	?
AGF	NON-POLYMER	?
AGG	NON-POLYMER	?
AGH	D-SACCHARIDE	?
AGI	NON-POLYMER	?
AGJ	NON-POLYMER	?
AGK	non-polymer	?
AGL	D-saccharide, alpha linking	?
AGM	L-PEPTIDE LINKING	ARG
AGN	NON-POLYMER	?
AGO	NON-POLYMER	?
AGP	NON-POLYMER	?
AGQ	L-peptide linking	TYR
AGR	saccharide	?
AGS	NON-POLYMER	?
AGT	L-PEPTIDE LINKING	CYS
AGU	NON-POLYMER	?
AGV	NON-POLYMER	?
AGW	NON-POLYMER	?
AGX	NON-POLYMER	?
AGY	NON-POLYMER	?
AH0	NON-POLYMER	?
AH1	NON-POLYMER	?
AH2	D-saccharide	?
AH3	NON-POLYMER	?
AH4	NON-POLYMER	?
AH5	non-polymer	?
AH6	NON-POLYMER	?
AH7	NON-POLYMER	?
AH8	L-saccharide	?
AH9	NON-POLYMER	?
AHA	NON-POLYMER	?
AHB	L-PEPTIDE LINKING	ASN
AHC	NON-POLYMER	?
AHD	NON-POLYMER	?
AHE	NON-POLYMER	?
AHF	NON-POLYMER	?
AHG	D-saccharide	?
AHH	L-PEPTIDE LINKING	?
AHI	NON-POLYMER	?
AHK	NON-POLYMER	?
AHL	NON-POLYMER	ARG
AHM	D-saccharide	?
AHN	NON-POLYMER	?
AHO	L-PEPTIDE LINKING	ALA
AHP	L-PEPTIDE LINKING	ALA
AHQ	NON-POLYMER	?
AHR	L-saccharide, alpha linking	?
AHS	peptide-like	?
AHT	peptide-like	?
AHU	NON-POLYMER	?
AHW	NON-POLYMER	?
AHX	NON-POLYMER	?
AHY	NON-POLYMER	?
AHZ	NON-POLYMER	?
AI	NON-POLYMER	?
AI0	non-polymer	?
AI1	NON-POLYMER	?
AI2	NON-POLYMER	?
AI3	NON-POLYMER	?
AI4	non-polymer	?
AI5	non-polymer	C
AI6	non-polymer	?
AI7	NON-POLYMER	?
AI8	NON-POLYMER	?
AI9	NON-POLYMER	?
AIA	NON-POLYMER	?
AIB	L-PEPTIDE LINKING	ALA
AIC	NON-POLYMER	?
AIE	non-polymer	?
AIF	NON-POLYMER	?
AIG	D-saccharide	?
AIH	NON-POLYMER	?
AII	non-polymer	?
AIJ	NON-POLYMER	?
AIK	NON-POLYMER	?
AIL	NON-POLYMER	?
AIM	NON-POLYMER	?
AIN	NON-POLYMER	?
AIO	NON-POLYMER	?
AIQ	NON-POLYMER	?
AIR	NON-POLYMER	?
AIS	NON-POLYMER	?
AIT	NON-POLYMER	?
AIU	NON-POLYMER	?
AIV	non-polymer	?
AIW	non-polymer	?
AIX	NON-POLYMER	?
AIY	non-polymer	?
AIZ	NON-POLYMER	?
AJ1	non-polymer	?
AJ2	NON-POLYMER	?
AJ3	NON-POLYMER	?
AJ4	NON-POLYMER	?
AJ5	NON-POLYMER	?
AJ6	NON-POLYMER	?
AJ7	NON-POLYMER	?
AJ8	NON-POLYMER	?
AJ9	non-polymer	?
AJA	NON-POLYMER	?
AJB	NON-POLYMER	?
AJD	NON-POLYMER	?
AJE	L-PEPTIDE LINKING	?
AJF	non-polymer	?
AJG	non-polymer	?
AJH	NON-POLYMER	?
AJI	NON-POLYMER	?
AJJ	NON-POLYMER	?
AJK	NON-POLYMER	?
AJL	NON-POLYMER	?
AJM	NON-POLYMER	?
AJN	NON-POLYMER	?
AJO	non-polymer	?
AJP	non-polymer	?
AJQ	NON-POLYMER	?
AJR	NON-POLYMER	?
AJT	non-polymer	?
AJU	NON-POLYMER	?
AJV	NON-POLYMER	?
AJW	non-polymer	?
AJX	NON-POLYMER	?
AJY	NON-POLYMER	?
AJZ	NON-POLYMER	?
AK0	NON-POLYMER	?
AK1	NON-POLYMER	?
AK2	NON-POLYMER	?
AK3	NON-POLYMER	?
AK4	NON-POLYMER	?
AK5	NON-POLYMER	?
AK6	NON-POLYMER	?
AK7	NON-POLYMER	?
AK8	NON-POLYMER	?
AKA	NON-POLYMER	?
AKB	NON-POLYMER	?
AKC	NON-POLYMER	?
AKD	NON-POLYMER	?
AKE	NON-POLYMER	?
AKF	non-polymer	?
AKG	NON-POLYMER	?
AKH	non-polymer	?
AKI	NON-POLYMER	?
AKJ	NON-POLYMER	?
AKK	non-polymer	?
AKL	L-PEPTIDE LINKING	ASP
AKM	NON-POLYMER	?
AKN	NON-POLYMER	?
AKO	NON-POLYMER	?
AKP	NON-POLYMER	?
AKQ	non-polymer	?
AKR	NON-POLYMER	?
AKS	NON-POLYMER	?
AKT	NON-POLYMER	?
AKU	NON-POLYMER	?
AKV	NON-POLYMER	?
AKW	NON-POLYMER	?
AKX	NON-POLYMER	?
AKY	NON-POLYMER	?
AKZ	peptide-like	ASP
AL	NON-POLYMER	?
AL0	NON-POLYMER	?
AL1	NON-POLYMER	?
AL2	NON-POLYMER	?
AL3	NON-POLYMER	?
AL4	NON-POLYMER	?
AL5	NON-POLYMER	?
AL6	NON-POLYMER	?
AL7	NON-POLYMER	?
AL8	NON-POLYMER	?
AL9	NON-POLYMER	?
ALA	L-PEPTIDE LINKING	?
ALB	NON-POLYMER	?
ALC	L-PEPTIDE LINKING	ALA
ALD	NON-POLYMER	?
ALE	non-polymer	?
ALF	NON-POLYMER	?
ALG	peptide-like	?
ALH	NON-POLYMER	?
ALI	NON-POLYMER	?
ALIS7	NON-POLYMER	?
ALJ	NON-POLYMER	?
ALK	NON-POLYMER	?
ALL	D-saccharide, beta linking	?
ALM	L-PEPTIDE LINKING	ALA
ALN	L-PEPTIDE LINKING	ALA
ALO	L-PEPTIDE LINKING	THR
ALP	NON-POLYMER	?
ALQ	NON-POLYMER	?
ALR	NON-POLYMER	?
ALS	L-PEPTIDE LINKING	ALA
ALT	L-PEPTIDE LINKING	ALA
ALU	non-polymer	?
ALV	peptide-like	ALA
ALW	NON-POLYMER	?
ALX	D-saccharide, alpha linking	GLC
ALY	L-PEPTIDE LINKING	LYS
ALZ	peptide-like	?
AM	NON-POLYMER	?
AM0	NON-POLYMER	?
AM1	NON-POLYMER	?
AM2	NON-POLYMER	?
AM3	non-polymer	?
AM4	NON-POLYMER	?
AM5	NON-POLYMER	?
AM6	NON-POLYMER	?
AM7	NON-POLYMER	?
AM8	NON-POLYMER	?
AM9	NON-POLYMER	?
AMA	NON-POLYMER	?
AMB	NON-POLYMER	?
AMC	NON-POLYMER	?
AMD	NON-POLYMER	A
AME	L-peptide NH3 amino terminus	MET
AMF	non-polymer	?
AMG	D-saccharide	GLA
AMH	NON-POLYMER	?
AMI	NON-POLYMER	?
AMJ	NON-POLYMER	?
AML	NON-POLYMER	?
AMM	NON-POLYMER	?
AMN	D-saccharide	?
AMO	NON-POLYMER	A
AMP	NON-POLYMER	?
AMQ	NON-POLYMER	?
AMR	NON-POLYMER	?
AMS	NON-POLYMER	?
AMT	NON-POLYMER	?
AMU	D-saccharide, beta linking	?
AMV	D-saccharide	NAG
AMW	NON-POLYMER	?
AMX	NON-POLYMER	?
AMY	NON-POLYMER	?
AMZ	NON-POLYMER	?
AN0	NON-POLYMER	?
AN1	NON-POLYMER	?
AN2	NON-POLYMER	?
AN3	NON-POLYMER	?
AN4	non-polymer	?
AN5	non-polymer	?
AN6	L-PEPTIDE LINKING	LEU
AN7	NON-POLYMER	?
AN8	L-PEPTIDE LINKING	ALA
AN9	NON-POLYMER	?
ANA	D-saccharide	SIA
ANB	NON-POLYMER	?
ANC	NON-POLYMER	?
AND	NON-POLYMER	?
ANE	NON-POLYMER	?
ANF	NON-POLYMER	?
ANG	NON-POLYMER	?
ANH	NON-POLYMER	?
ANI	non-polymer	?
ANJ	NON-POLYMER	?
ANK	NON-POLYMER	?
ANL	NON-POLYMER	?
ANM	NON-POLYMER	?
ANN	NON-POLYMER	?
ANO	NON-POLYMER	?
ANP	NON-POLYMER	?
ANQ	NON-POLYMER	?
ANR	NON-POLYMER	?
ANS	NON-POLYMER	?
ANT	NON-POLYMER	?
ANU	NON-POLYMER	?
ANV	NON-POLYMER	?
ANW	NON-POLYMER	?
ANX	NON-POLYMER	?
ANY	NON-POLYMER	?
ANZ	NON-POLYMER	?
AO	NON-POLYMER	?
AO0	non-polymer	?
AO1	NON-POLYMER	?
AO2	NON-POLYMER	?
AO3	NON-POLYMER	?
AO4	NON-POLYMER	?
AO5	NON-POLYMER	?
AO6	NON-POLYMER	?
AO7	NON-POLYMER	?
AO8	NON-POLYMER	?
AO9	NON-POLYMER	?
AOA	NON-POLYMER	?
AOB	non-polymer	?
AOC	NON-POLYMER	?
AOD	NON-POLYMER	?
AOE	NON-POLYMER	?
AOF	NON-POLYMER	?
AOG	D-saccharide	?
AOH	NON-POLYMER	?
AOI	NON-POLYMER	?
AOJ	NON-POLYMER	?
AOK	NON-POLYMER	?
AOL	NON-POLYMER	?
AOM	NON-POLYMER	?
AON	NON-POLYMER	?
AOO	NON-POLYMER	?
AOP	NON-POLYMER	?
AOQ	NON-POLYMER	?
AOR	NON-POLYMER	?
AOS	D-SACCHARIDE	?
AOT	NON-POLYMER	?
AOU	NON-POLYMER	?
AOV	NON-POLYMER	?
AOW	NON-POLYMER	?
AOX	NON-POLYMER	?
AOY	NON-POLYMER	?
AOZ	NON-POLYMER	?
AP	NON-POLYMER	?
AP0	NON-POLYMER	?
AP1	NON-POLYMER	?
AP2	NON-POLYMER	?
AP3	NON-POLYMER	?
AP4	NON-POLYMER	?
AP5	NON-POLYMER	?
AP6	NON-POLYMER	?
AP7	RNA LINKING	A
AP8	NON-POLYMER	?
AP9	NON-POLYMER	?
APA	NON-POLYMER	?
APB	NON-POLYMER	?
APC	NON-POLYMER	?
APD	NON-POLYMER	?
APE	peptide-like	?
APF	NON-POLYMER	?
APG	NON-POLYMER	?
APH	D-PEPTIDE LINKING	?
API	L-PEPTIDE LINKING	LYS
APJ	NON-POLYMER	?
APK	L-PEPTIDE LINKING	LYS
APL	NON-POLYMER	?
APM	L-PEPTIDE LINKING	?
APN	PEPTIDE-LIKE	?
APO	D-PEPTIDE LINKING	?
APP	L-PEPTIDE LINKING	?
APQ	NON-POLYMER	?
APR	NON-POLYMER	?
APS	NON-POLYMER	?
APT	NON-POLYMER	?
APU	NON-POLYMER	?
APV	NON-POLYMER	?
APW	NON-POLYMER	?
APX	NON-POLYMER	?
APY	NON-POLYMER	?
APZ	NON-POLYMER	?
AQ0	NON-POLYMER	?
AQ1	NON-POLYMER	?
AQ2	non-polymer	?
AQ3	NON-POLYMER	?
AQ4	NON-POLYMER	?
AQ5	NON-POLYMER	?
AQ6	NON-POLYMER	?
AQ7	NON-POLYMER	?
AQ8	NON-POLYMER	?
AQ9	NON-POLYMER	?
AQA	L-saccharide, beta linking	?
AQB	NON-POLYMER	?
AQC	NON-POLYMER	?
AQD	NON-POLYMER	?
AQE	NON-POLYMER	?
AQF	non-polymer	?
AQG	NON-POLYMER	?
AQH	NON-POLYMER	?
AQI	non-polymer	?
AQJ	NON-POLYMER	?
AQK	NON-POLYMER	?
AQL	non-polymer	?
AQM	NON-POLYMER	?
AQN	NON-POLYMER	?
AQO	NON-POLYMER	?
AQP	NON-POLYMER	?
AQQ	NON-POLYMER	?
AQR	NON-POLYMER	?
AQS	NON-POLYMER	?
AQT	NON-POLYMER	?
AQU	NON-POLYMER	?
AQV	NON-POLYMER	?
AQW	NON-POLYMER	?
AQX	non-polymer	?
AQY	NON-POLYMER	?
AQZ	NON-POLYMER	?
AR	NON-POLYMER	?
AR0	peptide-like	?
AR1	NON-POLYMER	?
AR2	L-PEPTIDE LINKING	ARG
AR3	NON-POLYMER	?
AR4	L-PEPTIDE LINKING	GLU
AR5	NON-POLYMER	?
AR6	NON-POLYMER	?
AR7	peptide-like	ARG
AR8	non-polymer	?
AR9	NON-POLYMER	?
ARA	L-saccharide, alpha linking	?
ARB	L-saccharide, beta linking	?
ARC	NON-POLYMER	?
ARD	NON-POLYMER	?
ARE	SACCHARIDE	?
ARF	L-peptide NH3 amino terminus	?
ARG	L-PEPTIDE LINKING	?
ARH	NON-POLYMER	?
ARI	D-saccharide, beta linking	?
ARJ	NON-POLYMER	?
ARK	non-polymer	?
ARL	NON-POLYMER	?
ARM	L-PEPTIDE LINKING	ARG
ARN	NON-POLYMER	?
ARO	L-PEPTIDE LINKING	ARG
ARP	NON-POLYMER	?
ARQ	NON-POLYMER	?
ARR	NON-POLYMER	?
ARS	NON-POLYMER	?
ART	NON-POLYMER	?
ARU	NON-POLYMER	?
ARV	L-PEPTIDE LINKING	?
ARW	D-saccharide	SEJ
ARX	peptide-like	?
ARZ	NON-POLYMER	?
AS	DNA LINKING	DA
AS0	NON-POLYMER	?
AS1	NON-POLYMER	?
AS2	D-PEPTIDE LINKING	?
AS3	NON-POLYMER	?
AS4	NON-POLYMER	?
AS6	non-polymer	?
AS7	L-peptide linking	ASN
AS8	non-polymer	?
AS9	L-PEPTIDE LINKING	?
ASA	L-PEPTIDE LINKING	ASP
ASB	L-PEPTIDE LINKING	ASP
ASC	L-saccharide	?
ASD	NON-POLYMER	?
ASE	NON-POLYMER	?
ASF	non-polymer	?
ASG	D-saccharide, beta linking	NGA
ASH	NON-POLYMER	?
ASI	L-PEPTIDE LINKING	ASP
ASJ	peptide-like	?
ASK	L-PEPTIDE LINKING	ASP
ASL	L-PEPTIDE LINKING	ASP
ASM	L-PEPTIDE LINKING	?
ASN	L-PEPTIDE LINKING	?
ASO	D-saccharide	?
ASP	L-PEPTIDE LINKING	?
ASQ	L-PEPTIDE LINKING	ASP
ASR	NON-POLYMER	?
ASS	NON-POLYMER	?
AST	NON-POLYMER	?
ASU	DNA LINKING	?
ASV	NON-POLYMER	?
ASW	NON-POLYMER	?
ASX	L-PEPTIDE LINKING	?
ASY	NON-POLYMER	?
ASZ	non-polymer	?
AT1	NON-POLYMER	?
AT2	NON-POLYMER	?
AT3	NON-POLYMER	?
AT4	NON-POLYMER	?
AT5	NON-POLYMER	?
AT6	NON-POLYMER	?
AT7	NON-POLYMER	?
AT8	NON-POLYMER	?
AT9	non-polymer	?
ATA	NON-POLYMER	?
ATC	NON-POLYMER	?
ATD	DNA LINKING	DT
ATE	NON-POLYMER	?
ATF	NON-POLYMER	?
ATG	NON-POLYMER	?
ATH	NON-POLYMER	?
ATI	NON-POLYMER	?
ATJ	NON-POLYMER	?
ATK	NON-POLYMER	?
ATL	RNA LINKING	DT
ATM	DNA LINKING	DT
ATO	NON-POLYMER	?
ATP	NON-POLYMER	?
ATQ	NON-POLYMER	?
ATR	NON-POLYMER	?
ATS	NON-POLYMER	?
ATT	NON-POLYMER	?
ATU	NON-POLYMER	?
ATV	NON-POLYMER	?
ATW	NON-POLYMER	?
ATX	NON-POLYMER	?
ATY	NON-POLYMER	?
ATZ	NON-POLYMER	?
AU	NON-POLYMER	?
AU0	non-polymer	?
AU1	NON-POLYMER	?
AU2	NON-POLYMER	?
AU3	NON-POLYMER	?
AU4	NON-POLYMER	?
AU5	non-polymer	?
AU6	NON-POLYMER	?
AU7	NON-POLYMER	?
AU8	NON-POLYMER	?
AU9	non-polymer	?
AUB	NON-POLYMER	?
AUC	NON-POLYMER	?
AUD	NON-POLYMER	?
AUE	NON-POLYMER	?
AUF	NON-POLYMER	?
AUG	NON-POLYMER	?
AUH	NON-POLYMER	?
AUI	NON-POLYMER	?
AUJ	NON-POLYMER	?
AUK	NON-POLYMER	?
AUL	NON-POLYMER	?
AUM	non-polymer	?
AUN	NON-POLYMER	?
AUO	NON-POLYMER	?
AUP	NON-POLYMER	?
AUQ	NON-POLYMER	?
AUR	NON-POLYMER	?
AUS	non-polymer	?
AUT	NON-POLYMER	?
AUU	NON-POLYMER	?
AUV	NON-POLYMER	?
AUW	NON-POLYMER	?
AUX	NON-POLYMER	?
AUY	NON-POLYMER	?
AUZ	NON-POLYMER	?
AV0	NON-POLYMER	?
AV1	NON-POLYMER	?
AV2	NON-POLYMER	?
AV3	NON-POLYMER	?
AV4	NON-POLYMER	?
AV5	NON-POLYMER	?
AV6	NON-POLYMER	?
AV7	NON-POLYMER	?
AV8	non-polymer	?
AV9	non-polymer	?
AVA	NON-POLYMER	?
AVB	NON-POLYMER	?
AVC	RNA LINKING	A
AVD	NON-POLYMER	?
AVE	NON-POLYMER	?
AVF	NON-POLYMER	?
AVG	NON-POLYMER	?
AVH	NON-POLYMER	?
AVI	NON-POLYMER	?
AVJ	NON-POLYMER	HIS
AVK	NON-POLYMER	?
AVL	NON-POLYMER	?
AVM	NON-POLYMER	?
AVN	L-PEPTIDE LINKING	?
AVO	NON-POLYMER	?
AVP	NON-POLYMER	?
AVQ	non-polymer	?
AVR	NON-POLYMER	?
AVT	NON-POLYMER	?
AVU	NON-POLYMER	?
AVV	NON-POLYMER	?
AVW	NON-POLYMER	?
AVX	NON-POLYMER	?
AVY	NON-POLYMER	?
AVZ	NON-POLYMER	?
AW0	NON-POLYMER	?
AW1	NON-POLYMER	?
AW2	NON-POLYMER	?
AW3	NON-POLYMER	?
AW4	NON-POLYMER	?
AW5	NON-POLYMER	?
AW6	NON-POLYMER	?
AW7	NON-POLYMER	?
AW8	NON-POLYMER	?
AW9	NON-POLYMER	?
AWA	NON-POLYMER	?
AWB	NON-POLYMER	?
AWC	DNA linking	?
AWD	NON-POLYMER	?
AWE	NON-POLYMER	?
AWF	non-polymer	?
AWG	NON-POLYMER	?
AWH	non-polymer	?
AWI	non-polymer	?
AWJ	NON-POLYMER	?
AWK	NON-POLYMER	?
AWL	NON-POLYMER	?
AWM	NON-POLYMER	?
AWN	NON-POLYMER	?
AWO	NON-POLYMER	?
AWP	NON-POLYMER	?
AWQ	NON-POLYMER	?
AWR	non-polymer	?
AWS	NON-POLYMER	?
AWT	NON-POLYMER	?
AWU	NON-POLYMER	?
AWV	NON-POLYMER	?
AWW	NON-POLYMER	?
AWX	NON-POLYMER	?
AWY	NON-POLYMER	?
AWZ	NON-POLYMER	?
AX0	NON-POLYMER	?
AX1	NON-POLYMER	?
AX2	NON-POLYMER	?
AX3	NON-POLYMER	?
AX4	NON-POLYMER	?
AX5	NON-POLYMER	?
AX6	NON-POLYMER	?
AX7	NON-POLYMER	?
AX8	NON-POLYMER	?
AX9	non-polymer	?
AXA	NON-POLYMER	?
AXB	NON-POLYMER	?
AXC	non-polymer	?
AXD	NON-POLYMER	?
AXE	NON-POLYMER	?
AXF	NON-POLYMER	?
AXG	NON-POLYMER	?
AXH	NON-POLYMER	?
AXI	non-polymer	?
AXJ	NON-POLYMER	?
AXK	NON-POLYMER	?
AXL	NON-POLYMER	?
AXM	NON-POLYMER	?
AXN	NON-POLYMER	?
AXO	NON-POLYMER	?
AXP	D-saccharide	?
AXQ	NON-POLYMER	?
AXR	D-saccharide	BXY
AXS	NON-POLYMER	?
AXT	NON-POLYMER	?
AXU	NON-POLYMER	?
AXV	NON-POLYMER	?
AXW	NON-POLYMER	?
AXX	NON-POLYMER	?
AXY	NON-POLYMER	?
AXZ	NON-POLYMER	?
AY0	peptide-like	?
AY1	NON-POLYMER	?
AY2	NON-POLYMER	?
AY3	non-polymer	?
AY4	NON-POLYMER	?
AY5	NON-POLYMER	?
AY6	NON-POLYMER	?
AY7	NON-POLYMER	?
AY8	NON-POLYMER	?
AY9	D-saccharide	?
AYA	L-PEPTIDE LINKING	ALA
AYB	NON-POLYMER	?
AYC	non-polymer	?
AYD	NON-POLYMER	?
AYE	NON-POLYMER	?
AYG	L-PEPTIDE LINKING	ALA,TYR,GLY
AYH	NON-POLYMER	?
AYI	peptide-like	?
AYJ	NON-POLYMER	?
AYK	NON-POLYMER	?
AYL	NON-POLYMER	?
AYM	NON-POLYMER	?
AYN	NON-POLYMER	?
AYO	NON-POLYMER	?
AYQ	peptide-like	?
AYR	NON-POLYMER	?
AYS	NON-POLYMER	?
AYT	NON-POLYMER	?
AYU	NON-POLYMER	?
AYV	NON-POLYMER	?
AYW	NON-POLYMER	?
AYX	NON-POLYMER	?
AYZ	NON-POLYMER	?
AZ0	peptide-like	?
AZ1	NON-POLYMER	?
AZ2	NON-POLYMER	?
AZ3	NON-POLYMER	?
AZ4	NON-POLYMER	?
AZ5	non-polymer	?
AZ6	NON-POLYMER	?
AZ7	NON-POLYMER	?
AZ8	NON-POLYMER	?
AZ9	NON-POLYMER	?
AZA	NON-POLYMER	?
AZB	NON-POLYMER	?
AZC	D-saccharide	?
AZD	NON-POLYMER	?
AZE	NON-POLYMER	?
AZF	NON-POLYMER	?
AZG	NON-POLYMER	?
AZH	L-PEPTIDE LINKING	ALA
AZI	NON-POLYMER	?
AZJ	NON-POLYMER	?
AZK	L-PEPTIDE LINKING	LYS
AZL	peptide-like	?
AZM	NON-POLYMER	?
AZN	NON-POLYMER	?
AZO	NON-POLYMER	?
AZP	NON-POLYMER	?
AZQ	NON-POLYMER	?
AZR	NON-POLYMER	?
AZS	L-PEPTIDE LINKING	SER
AZT	NON-POLYMER	?
AZU	NON-POLYMER	?
AZV	NON-POLYMER	?
AZW	NON-POLYMER	?
AZX	NON-POLYMER	?
AZY	L-PEPTIDE LINKING	TYR
AZZ	NON-POLYMER	?
B00	NON-POLYMER	?
B01	peptide-like	?
B02	NON-POLYMER	?
B03	peptide-like	?
B04	peptide-like	?
B05	NON-POLYMER	?
B06	NON-POLYMER	?
B07	non-polymer	?
B08	NON-POLYMER	?
B09	NON-POLYMER	?
B0A	NON-POLYMER	?
B0B	NON-POLYMER	?
B0C	NON-POLYMER	?
B0D	L-saccharide	?
B0E	NON-POLYMER	?
B0F	peptide-like	?
B0G	NON-POLYMER	?
B0H	NON-POLYMER	?
B0I	NON-POLYMER	?
B0J	NON-POLYMER	?
B0K	NON-POLYMER	?
B0L	NON-POLYMER	?
B0M	NON-POLYMER	?
B0N	NON-POLYMER	?
B0O	NON-POLYMER	?
B0Q	NON-POLYMER	?
B0R	NON-POLYMER	?
B0S	NON-POLYMER	?
B0T	NON-POLYMER	?
B0U	NON-POLYMER	?
B0V	NON-POLYMER	?
B0W	NON-POLYMER	?
B0X	NON-POLYMER	?
B0Y	NON-POLYMER	?
B0Z	NON-POLYMER	?
B10	NON-POLYMER	?
B11	NON-POLYMER	?
B12	NON-POLYMER	?
B13	NON-POLYMER	?
B14	NON-POLYMER	?
B15	NON-POLYMER	?
B16	D-saccharide	BGC
B17	NON-POLYMER	?
B18	NON-POLYMER	?
B19	NON-POLYMER	?
B1A	NON-POLYMER	?
B1B	NON-POLYMER	?
B1C	NON-POLYMER	?
B1E	NON-POLYMER	?
B1F	L-PEPTIDE LINKING	PHE
B1H	D-saccharide	?
B1I	non-polymer	?
B1J	NON-POLYMER	?
B1K	NON-POLYMER	?
B1L	NON-POLYMER	?
B1M	NON-POLYMER	?
B1N	D-saccharide	?
B1O	NON-POLYMER	?
B1P	DNA LINKING	?
B1Q	NON-POLYMER	?
B1R	NON-POLYMER	?
B1S	peptide-like	?
B1T	NON-POLYMER	?
B1U	NON-POLYMER	?
B1V	NON-POLYMER	?
B1W	NON-POLYMER	?
B1X	NON-POLYMER	?
B1Y	non-polymer	?
B1Z	NON-POLYMER	?
B2	NON-POLYMER	?
B20	NON-POLYMER	?
B21	NON-POLYMER	?
B22	NON-POLYMER	?
B23	NON-POLYMER	?
B24	NON-POLYMER	?
B25	NON-POLYMER	?
B26	peptide-like	?
B27	L-PEPTIDE COOH CARBOXY TERMINUS	THR
B28	NON-POLYMER	?
B29	NON-POLYMER	?
B2A	peptide-like	ALA
B2B	NON-POLYMER	?
B2C	L-peptide linking	Thr,Tyr,Gly
B2D	NON-POLYMER	?
B2E	NON-POLYMER	?
B2F	peptide-like	PHE
B2G	saccharide	?
B2H	L-peptide linking	THR, TRP, GLY
B2I	peptide-like	ILE
B2J	NON-POLYMER	?
B2K	NON-POLYMER	?
B2L	NON-POLYMER	?
B2M	NON-POLYMER	?
B2N	L-peptide linking	?
B2O	non-polymer	?
B2P	NON-POLYMER	?
B2Q	NON-POLYMER	?
B2R	NON-POLYMER	?
B2S	NON-POLYMER	?
B2T	NON-POLYMER	?
B2U	NON-POLYMER	?
B2V	peptide-like	VAL
B2W	NON-POLYMER	?
B2X	NON-POLYMER	?
B2Y	NON-POLYMER	?
B2Z	non-polymer	?
B30	NON-POLYMER	?
B31	NON-POLYMER	?
B32	NON-POLYMER	?
B33	NON-POLYMER	?
B34	NON-POLYMER	?
B35	NON-POLYMER	?
B36	NON-POLYMER	?
B37	NON-POLYMER	?
B38	NON-POLYMER	?
B39	NON-POLYMER	?
B3A	L-PEPTIDE LINKING	ALA
B3B	NON-POLYMER	?
B3C	NON-POLYMER	?
B3D	L-peptide linking	ASP
B3E	L-PEPTIDE LINKING	GLU
B3F	non-polymer	?
B3G	NON-POLYMER	?
B3H	NON-POLYMER	?
B3I	NON-POLYMER	?
B3J	NON-POLYMER	?
B3K	L-PEPTIDE LINKING	LYS
B3L	L-peptide linking	?
B3M	L-peptide linking	?
B3N	NON-POLYMER	?
B3O	NON-POLYMER	?
B3P	NON-POLYMER	?
B3Q	L-peptide linking	?
B3R	NON-POLYMER	?
B3S	D-PEPTIDE LINKING	?
B3T	L-peptide linking	?
B3U	L-peptide linking	HIS
B3V	non-polymer	?
B3W	non-polymer	?
B3X	L-PEPTIDE LINKING	ASN
B3Y	L-PEPTIDE LINKING	TYR
B3Z	non-polymer	?
B40	NON-POLYMER	?
B41	NON-POLYMER	?
B42	NON-POLYMER	?
B43	NON-POLYMER	?
B44	NON-POLYMER	?
B45	NON-POLYMER	?
B46	NON-POLYMER	?
B47	NON-POLYMER	?
B48	NON-POLYMER	?
B49	NON-POLYMER	?
B4A	NON-POLYMER	?
B4B	NON-POLYMER	?
B4C	NON-POLYMER	?
B4D	NON-POLYMER	?
B4E	NON-POLYMER	?
B4F	non-polymer	?
B4G	saccharide	?
B4H	NON-POLYMER	?
B4I	non-polymer	?
B4J	NON-POLYMER	?
B4K	NON-POLYMER	?
B4L	NON-POLYMER	?
B4M	NON-POLYMER	?
B4N	NON-POLYMER	?
B4O	NON-POLYMER	?
B4P	NON-POLYMER	?
B4Q	NON-POLYMER	?
B4R	NON-POLYMER	?
B4S	NON-POLYMER	?
B4T	NON-POLYMER	?
B4U	non-polymer	?
B4V	NON-POLYMER	?
B4W	non-polymer	?
B4X	NON-POLYMER	?
B4Y	NON-POLYMER	?
B4Z	NON-POLYMER	?
B50	NON-POLYMER	?
B51	NON-POLYMER	?
B52	NON-POLYMER	?
B53	NON-POLYMER	?
B54	NON-POLYMER	?
B55	NON-POLYMER	?
B56	NON-POLYMER	?
B57	NON-POLYMER	?
B58	NON-POLYMER	?
B59	NON-POLYMER	?
B5A	NON-POLYMER	?
B5B	NON-POLYMER	?
B5C	NON-POLYMER	?
B5D	NON-POLYMER	?
B5E	NON-POLYMER	?
B5F	NON-POLYMER	?
B5G	NON-POLYMER	?
B5H	non-polymer	?
B5I	peptide linking	?
B5J	non-polymer	?
B5K	NON-POLYMER	?
B5L	NON-POLYMER	?
B5M	NON-POLYMER	?
B5N	NON-POLYMER	?
B5O	NON-POLYMER	?
B5P	NON-POLYMER	?
B5Q	NON-POLYMER	?
B5R	NON-POLYMER	?
B5S	NON-POLYMER	?
B5T	NON-POLYMER	?
B5U	non-polymer	?
B5V	NON-POLYMER	?
B5W	NON-POLYMER	?
B5X	NON-POLYMER	?
B5Y	NON-POLYMER	?
B5Z	NON-POLYMER	?
B60	NON-POLYMER	?
B61	NON-POLYMER	?
B62	NON-POLYMER	?
B63	NON-POLYMER	?
B64	NON-POLYMER	?
B65	NON-POLYMER	?
B66	NON-POLYMER	?
B67	NON-POLYMER	?
B68	NON-POLYMER	?
B69	NON-POLYMER	?
B6A	NON-POLYMER	?
B6B	NON-POLYMER	?
B6C	NON-POLYMER	?
B6D	D-saccharide, beta linking	?
B6E	NON-POLYMER	?
B6F	NON-POLYMER	?
B6G	NON-POLYMER	?
B6H	NON-POLYMER	?
B6I	non-polymer	?
B6J	NON-POLYMER	?
B6K	NON-POLYMER	?
B6L	NON-POLYMER	?
B6M	NON-POLYMER	?
B6N	NON-POLYMER	?
B6O	NON-POLYMER	?
B6P	NON-POLYMER	?
B6Q	NON-POLYMER	?
B6R	NON-POLYMER	?
B6S	NON-POLYMER	?
B6T	NON-POLYMER	?
B6U	NON-POLYMER	?
B6V	non-polymer	?
B6W	NON-POLYMER	?
B6X	NON-POLYMER	?
B6Y	NON-POLYMER	?
B6Z	NON-POLYMER	?
B70	NON-POLYMER	?
B71	NON-POLYMER	?
B72	NON-POLYMER	?
B73	NON-POLYMER	?
B74	NON-POLYMER	?
B75	NON-POLYMER	?
B76	NON-POLYMER	?
B77	NON-POLYMER	?
B78	NON-POLYMER	?
B79	non-polymer	?
B7A	NON-POLYMER	?
B7B	NON-POLYMER	?
B7C	DNA linking	DC
B7D	NON-POLYMER	?
B7E	NON-POLYMER	?
B7F	non-polymer	?
B7G	D-saccharide	BGC
B7H	non-polymer	?
B7I	NON-POLYMER	?
B7J	NON-POLYMER	?
B7K	NON-POLYMER	?
B7L	non-polymer	?
B7M	non-polymer	?
B7N	NON-POLYMER	?
B7O	non-polymer	?
B7P	NON-POLYMER	?
B7Q	NON-POLYMER	?
B7R	non-polymer	?
B7S	NON-POLYMER	?
B7T	NON-POLYMER	?
B7U	NON-POLYMER	?
B7V	NON-POLYMER	?
B7W	NON-POLYMER	?
B7X	NON-POLYMER	?
B7Y	non-polymer	?
B7Z	NON-POLYMER	?
B80	NON-POLYMER	?
B81	NON-POLYMER	?
B82	NON-POLYMER	?
B83	NON-POLYMER	?
B84	NON-POLYMER	?
B85	NON-POLYMER	?
B86	NON-POLYMER	?
B87	NON-POLYMER	?
B88	NON-POLYMER	?
B89	NON-POLYMER	?
B8B	NON-POLYMER	?
B8C	NON-POLYMER	?
B8D	D-saccharide	GLC
B8E	NON-POLYMER	?
B8F	NON-POLYMER	?
B8H	RNA linking	U
B8I	non-polymer	?
B8J	NON-POLYMER	?
B8K	RNA linking	G
B8L	NON-POLYMER	?
B8M	non-polymer	?
B8N	RNA linking	?
B8O	NON-POLYMER	?
B8P	NON-POLYMER	?
B8Q	RNA linking	C
B8R	L-peptide linking	?
B8S	NON-POLYMER	?
B8T	RNA linking	C
B8V	NON-POLYMER	?
B8W	RNA linking	G
B8X	NON-POLYMER	?
B8Y	NON-POLYMER	?
B8Z	non-polymer	?
B90	NON-POLYMER	?
B91	NON-POLYMER	?
B92	NON-POLYMER	?
B93	NON-POLYMER	?
B94	NON-POLYMER	?
B95	NON-POLYMER	?
B96	NON-POLYMER	?
B97	NON-POLYMER	?
B98	NON-POLYMER	?
B99	NON-POLYMER	?
B9A	NON-POLYMER	?
B9B	RNA linking	G
B9C	NON-POLYMER	?
B9D	L-saccharide, alpha linking	?
B9F	NON-POLYMER	?
B9H	RNA linking	C
B9I	non-polymer	?
B9K	NON-POLYMER	?
B9L	NON-POLYMER	?
B9M	non-polymer	?
B9N	NON-POLYMER	?
B9O	NON-POLYMER	?
B9P	NON-POLYMER	?
B9Q	NON-POLYMER	?
B9R	NON-POLYMER	?
B9S	NON-POLYMER	?
B9T	NON-POLYMER	?
B9U	NON-POLYMER	?
B9W	NON-POLYMER	?
B9X	NON-POLYMER	?
B9Y	NON-POLYMER	?
B9Z	NON-POLYMER	?
BA	NON-POLYMER	?
BA0	NON-POLYMER	?
BA1	NON-POLYMER	?
BA2	NON-POLYMER	?
BA3	NON-POLYMER	?
BA4	NON-POLYMER	?
BA5	NON-POLYMER	?
BA6	NON-POLYMER	?
BA7	non-polymer	?
BA8	NON-POLYMER	?
BA9	NON-POLYMER	?
BAA	NON-POLYMER	?
BAB	NON-POLYMER	?
BAC	NON-POLYMER	?
BAE	NON-POLYMER	?
BAF	NON-POLYMER	?
BAG	NON-POLYMER	?
BAH	NON-POLYMER	?
BAI	NON-POLYMER	?
BAJ	NON-POLYMER	?
BAK	NON-POLYMER	?
BAL	peptide-like	?
BAM	NON-POLYMER	?
BAN	NON-POLYMER	?
BAO	NON-POLYMER	?
BAP	NON-POLYMER	?
BAQ	NON-POLYMER	?
BAR	NON-POLYMER	?
BAS	NON-POLYMER	?
BAT	NON-POLYMER	?
BAU	NON-POLYMER	?
BAV	NON-POLYMER	?
BAW	NON-POLYMER	?
BAX	NON-POLYMER	?
BAY	NON-POLYMER	?
BAZ	NON-POLYMER	?
BB0	NON-POLYMER	?
BB1	NON-POLYMER	?
BB2	NON-POLYMER	?
BB3	NON-POLYMER	?
BB4	NON-POLYMER	?
BB6	PEPTIDE LINKING	CYS
BB7	PEPTIDE LINKING	CYS
BB8	L-PEPTIDE LINKING	PHE
BB9	PEPTIDE LINKING	CYS
BBA	NON-POLYMER	?
BBB	NON-POLYMER	?
BBC	L-PEPTIDE LINKING	CYS
BBE	non-polymer	?
BBF	NON-POLYMER	?
BBH	NON-POLYMER	?
BBI	NON-POLYMER	?
BBJ	NON-POLYMER	?
BBK	D-saccharide, alpha linking	?
BBL	NON-POLYMER	?
BBM	NON-POLYMER	?
BBN	NON-POLYMER	?
BBO	NON-POLYMER	?
BBP	NON-POLYMER	?
BBQ	non-polymer	?
BBR	non-polymer	?
BBS	NON-POLYMER	?
BBT	NON-POLYMER	?
BBU	NON-POLYMER	?
BBV	D-saccharide	NDG
BBW	NON-POLYMER	?
BBX	NON-POLYMER	?
BBY	NON-POLYMER	?
BBZ	NON-POLYMER	?
BC	NON-POLYMER	?
BC0	NON-POLYMER	?
BC1	NON-POLYMER	?
BC2	non-polymer	?
BC3	NON-POLYMER	?
BC4	NON-POLYMER	?
BC5	NON-POLYMER	?
BC6	non-polymer	?
BC7	NON-POLYMER	?
BC8	NON-POLYMER	?
BC9	NON-POLYMER	?
BCA	NON-POLYMER	?
BCB	NON-POLYMER	?
BCC	peptide-like	?
BCD	saccharide	?
BCE	NON-POLYMER	?
BCF	NON-POLYMER	?
BCG	NON-POLYMER	?
BCH	NON-POLYMER	?
BCJ	NON-POLYMER	?
BCK	NON-POLYMER	?
BCL	NON-POLYMER	?
BCM	NON-POLYMER	?
BCN	NON-POLYMER	?
BCO	NON-POLYMER	?
BCP	NON-POLYMER	?
BCQ	NON-POLYMER	?
BCR	NON-POLYMER	?
BCS	L-PEPTIDE LINKING	CYS
BCT	NON-POLYMER	?
BCU	NON-POLYMER	?
BCV	NON-POLYMER	?
BCW	saccharide	?
BCX	L-PEPTIDE LINKING	CYS
BCY	NON-POLYMER	?
BCZ	NON-POLYMER	?
BD0	non-polymer	?
BD1	NON-POLYMER	?
BD2	NON-POLYMER	?
BD3	NON-POLYMER	?
BD4	NON-POLYMER	?
BD5	NON-POLYMER	?
BD6	NON-POLYMER	?
BD7	NON-POLYMER	?
BD8	NON-POLYMER	?
BD9	NON-POLYMER	?
BDA	NON-POLYMER	?
BDB	NON-POLYMER	?
BDC	NON-POLYMER	?
BDD	NON-POLYMER	?
BDE	NON-POLYMER	?
BDF	D-saccharide, beta linking	?
BDG	D-saccharide, alpha linking	?
BDH	NON-POLYMER	?
BDI	NON-POLYMER	?
BDJ	NON-POLYMER	?
BDK	NON-POLYMER	?
BDL	NON-POLYMER	?
BDM	NON-POLYMER	?
BDN	NON-POLYMER	?
BDO	NON-POLYMER	?
BDP	D-saccharide, beta linking	?
BDQ	NON-POLYMER	?
BDR	D-saccharide, beta linking	?
BDS	NON-POLYMER	?
BDT	NON-POLYMER	?
BDU	NON-POLYMER	?
BDV	NON-POLYMER	?
BDW	NON-POLYMER	?
BDX	NON-POLYMER	?
BDY	NON-POLYMER	?
BDZ	saccharide	?
BE0	NON-POLYMER	?
BE1	NON-POLYMER	?
BE2	L-PEPTIDE LINKING	?
BE3	NON-POLYMER	?
BE4	NON-POLYMER	?
BE5	NON-POLYMER	?
BE6	NON-POLYMER	?
BE7	NON-POLYMER	?
BE8	NON-POLYMER	?
BE9	NON-POLYMER	?
BEA	NON-POLYMER	?
BEB	NON-POLYMER	?
BEC	NON-POLYMER	?
BED	NON-POLYMER	?
BEE	NON-POLYMER	?
BEF	NON-POLYMER	?
BEG	NON-POLYMER	?
BEH	NON-POLYMER	?
BEI	NON-POLYMER	?
BEJ	NON-POLYMER	?
BEK	NON-POLYMER	?
BEL	NON-POLYMER	?
BEM	D-saccharide, beta linking	?
BEN	NON-POLYMER	?
BEO	NON-POLYMER	?
BEP	NON-POLYMER	?
BEQ	NON-POLYMER	?
BER	NON-POLYMER	?
BES	NON-POLYMER	?
BET	NON-POLYMER	?
BEU	NON-POLYMER	?
BEV	NON-POLYMER	?
BEW	NON-POLYMER	?
BEX	NON-POLYMER	?
BEY	NON-POLYMER	?
BEZ	NON-POLYMER	?
BF0	NON-POLYMER	?
BF2	NON-POLYMER	?
BF3	NON-POLYMER	?
BF4	NON-POLYMER	?
BF5	non-polymer	?
BF6	L-peptide linking	GLY, TYR, GLY
BF7	D-peptide linking	?
BF8	NON-POLYMER	?
BF9	L-peptide linking	THR, PHE, GLY
BFA	NON-POLYMER	?
BFB	NON-POLYMER	?
BFC	NON-POLYMER	?
BFD	L-PEPTIDE LINKING	ASP
BFE	NON-POLYMER	?
BFF	NON-POLYMER	?
BFG	NON-POLYMER	?
BFH	NON-POLYMER	?
BFI	NON-POLYMER	?
BFK	NON-POLYMER	?
BFL	NON-POLYMER	?
BFM	NON-POLYMER	?
BFN	D-saccharide, beta linking	?
BFO	NON-POLYMER	?
BFP	SACCHARIDE	?
BFQ	NON-POLYMER	?
BFR	NON-POLYMER	?
BFS	NON-POLYMER	?
BFT	NON-POLYMER	?
BFU	NON-POLYMER	?
BFV	NON-POLYMER	?
BFW	NON-POLYMER	?
BFX	NON-POLYMER	?
BFZ	non-polymer	?
BG0	NON-POLYMER	?
BG1	L-peptide linking	SER
BG2	NON-POLYMER	?
BG3	NON-POLYMER	?
BG4	L-peptide linking	PRO
BG5	L-peptide linking	PRO
BG6	D-saccharide, beta linking	BGC
BG7	NON-POLYMER	?
BG8	D-saccharide, beta linking	GCS
BG9	NON-POLYMER	?
BGC	D-saccharide, beta linking	?
BGD	NON-POLYMER	?
BGE	NON-POLYMER	?
BGF	NON-POLYMER	?
BGG	NON-POLYMER	?
BGH	RNA LINKING	G
BGI	non-polymer	?
BGJ	NON-POLYMER	?
BGK	NON-POLYMER	?
BGL	D-saccharide, beta linking	BGC
BGM	DNA LINKING	DG
BGN	D-saccharide, beta linking	GCS
BGO	NON-POLYMER	?
BGP	D-saccharide, beta linking	GAL
BGQ	NON-POLYMER	?
BGR	NON-POLYMER	?
BGS	D-saccharide	?
BGT	NON-POLYMER	?
BGU	NON-POLYMER	?
BGV	NON-POLYMER	?
BGW	NON-POLYMER	?
BGX	NON-POLYMER	?
BGY	NON-POLYMER	?
BGZ	NON-POLYMER	?
BH0	NON-POLYMER	?
BH1	NON-POLYMER	?
BH2	L-PEPTIDE LINKING	ASP
BH3	NON-POLYMER	?
BH4	NON-POLYMER	?
BH5	NON-POLYMER	?
BH6	NON-POLYMER	?
BH7	NON-POLYMER	?
BH8	NON-POLYMER	?
BH9	NON-POLYMER	?
BHA	NON-POLYMER	?
BHB	NON-POLYMER	?
BHC	NON-POLYMER	?
BHD	L-PEPTIDE LINKING	ASP
BHE	NON-POLYMER	?
BHF	NON-POLYMER	?
BHG	D-saccharide	GAL
BHH	NON-POLYMER	?
BHI	NON-POLYMER	?
BHJ	NON-POLYMER	?
BHK	NON-POLYMER	?
BHL	NON-POLYMER	?
BHM	NON-POLYMER	?
BHN	NON-POLYMER	?
BHO	NON-POLYMER	?
BHP	NON-POLYMER	?
BHQ	NON-POLYMER	?
BHR	NON-POLYMER	?
BHS	NON-POLYMER	?
BHT	NON-POLYMER	?
BHU	NON-POLYMER	?
BHV	NON-POLYMER	?
BHW	NON-POLYMER	?
BHX	NON-POLYMER	?
BHY	NON-POLYMER	?
BHZ	NON-POLYMER	?
BI1	NON-POLYMER	?
BI2	NON-POLYMER	?
BI3	NON-POLYMER	?
BI4	NON-POLYMER	?
BI5	NON-POLYMER	?
BI6	non-polymer	?
BI7	non-polymer	?
BI8	NON-POLYMER	?
BI9	non-polymer	?
BIA	NON-POLYMER	?
BIB	NON-POLYMER	?
BIC	NON-POLYMER	?
BID	NON-POLYMER	?
BIE	NON-POLYMER	?
BIF	L-PEPTIDE LINKING	PHE
BIG	NON-POLYMER	?
BIH	NON-POLYMER	?
BII	non-polymer	?
BIJ	non-polymer	?
BIK	NON-POLYMER	?
BIL	L-peptide linking	?
BIM	NON-POLYMER	?
BIN	NON-POLYMER	?
BIO	NON-POLYMER	?
BIP	NON-POLYMER	?
BIQ	NON-POLYMER	?
BIR	NON-POLYMER	?
BIS	NON-POLYMER	?
BIT	NON-POLYMER	?
BIU	L-peptide linking	ILE
BIV	NON-POLYMER	?
BIW	NON-POLYMER	?
BIX	NON-POLYMER	?
BIY	non-polymer	?
BIZ	NON-POLYMER	?
BJ1	NON-POLYMER	?
BJ2	NON-POLYMER	?
BJ3	non-polymer	?
BJ4	NON-POLYMER	?
BJ5	NON-POLYMER	?
BJ6	non-polymer	?
BJ8	NON-POLYMER	?
BJ9	non-polymer	?
BJA	NON-POLYMER	?
BJB	NON-POLYMER	?
BJC	NON-POLYMER	?
BJD	NON-POLYMER	?
BJE	NON-POLYMER	?
BJF	NON-POLYMER	?
BJG	non-polymer	?
BJH	L-PEPTIDE LINKING	?
BJI	NON-POLYMER	?
BJJ	NON-POLYMER	?
BJK	NON-POLYMER	?
BJL	NON-POLYMER	?
BJM	NON-POLYMER	?
BJN	NON-POLYMER	?
BJO	L-peptide linking	LEU, LEU, GLY
BJP	NON-POLYMER	?
BJQ	NON-POLYMER	?
BJR	NON-POLYMER	?
BJS	NON-POLYMER	?
BJT	non-polymer	?
BJU	NON-POLYMER	?
BJV	NON-POLYMER	?
BJW	NON-POLYMER	?
BJX	NON-POLYMER	?
BJY	NON-POLYMER	?
BJZ	NON-POLYMER	?
BK0	non-polymer	?
BK1	NON-POLYMER	?
BK2	NON-POLYMER	?
BK3	NON-POLYMER	?
BK4	NON-POLYMER	?
BK5	NON-POLYMER	?
BK6	NON-POLYMER	?
BK7	NON-POLYMER	?
BK8	NON-POLYMER	?
BK9	NON-POLYMER	?
BKA	NON-POLYMER	?
BKB	non-polymer	?
BKC	NON-POLYMER	?
BKD	NON-POLYMER	?
BKE	NON-POLYMER	?
BKF	NON-POLYMER	?
BKG	non-polymer	?
BKH	NON-POLYMER	?
BKI	NON-POLYMER	?
BKJ	NON-POLYMER	?
BKK	NON-POLYMER	?
BKL	NON-POLYMER	?
BKM	NON-POLYMER	?
BKN	NON-POLYMER	?
BKO	NON-POLYMER	?
BKP	NON-POLYMER	?
BKQ	NON-POLYMER	?
BKR	NON-POLYMER	?
BKS	NON-POLYMER	?
BKU	NON-POLYMER	?
BKV	NON-POLYMER	?
BKW	NON-POLYMER	?
BKX	NON-POLYMER	?
BKY	NON-POLYMER	?
BKZ	NON-POLYMER	?
BL0	NON-POLYMER	?
BL1	NON-POLYMER	?
BL2	L-PEPTIDE LINKING	LEU
BL3	NON-POLYMER	?
BL4	NON-POLYMER	?
BL5	NON-POLYMER	?
BL6	NON-POLYMER	?
BL7	NON-POLYMER	?
BL8	NON-POLYMER	?
BLA	NON-POLYMER	?
BLB	NON-POLYMER	?
BLD	NON-POLYMER	?
BLE	peptide-like	LEU
BLF	NON-POLYMER	?
BLG	NON-POLYMER	?
BLI	NON-POLYMER	?
BLJ	NON-POLYMER	?
BLK	NON-POLYMER	?
BLL	NON-POLYMER	?
BLM	NON-POLYMER	?
BLN	NON-POLYMER	?
BLO	NON-POLYMER	?
BLP	NON-POLYMER	?
BLQ	NON-POLYMER	?
BLR	NON-POLYMER	?
BLS	NON-POLYMER	?
BLT	NON-POLYMER	?
BLV	NON-POLYMER	?
BLY	peptide-like	LYS
BLZ	NON-POLYMER	?
BM0	NON-POLYMER	?
BM1	NON-POLYMER	?
BM2	peptide-like	?
BM3	D-saccharide, alpha linking	?
BM4	NON-POLYMER	?
BM5	NON-POLYMER	?
BM6	NON-POLYMER	?
BM7	D-saccharide, beta linking	?
BM8	NON-POLYMER	?
BM9	peptide-like	?
BMA	D-saccharide, beta linking	?
BMB	NON-POLYMER	?
BMC	NON-POLYMER	?
BMD	NON-POLYMER	?
BME	NON-POLYMER	?
BMF	NON-POLYMER	?
BMG	NON-POLYMER	?
BMH	NON-POLYMER	?
BMI	NON-POLYMER	?
BMJ	NON-POLYMER	?
BMK	NON-POLYMER	?
BML	NON-POLYMER	?
BMM	NON-POLYMER	?
BMN	DNA LINKING	?
BMO	NON-POLYMER	?
BMP	RNA LINKING	?
BMQ	RNA LINKING	?
BMR	NON-POLYMER	?
BMS	NON-POLYMER	?
BMT	L-PEPTIDE LINKING	THR
BMU	NON-POLYMER	?
BMV	NON-POLYMER	?
BMW	NON-POLYMER	?
BMX	D-saccharide, alpha linking	BM3
BMZ	NON-POLYMER	?
BN1	NON-POLYMER	?
BN2	NON-POLYMER	?
BN3	NON-POLYMER	?
BN4	NON-POLYMER	?
BN5	NON-POLYMER	?
BN6	NON-POLYMER	?
BN7	NON-POLYMER	?
BN8	non-polymer	?
BNA	NON-POLYMER	?
BNB	NON-POLYMER	?
BNC	NON-POLYMER	?
BND	D-saccharide	?
BNE	NON-POLYMER	?
BNF	NON-POLYMER	?
BNG	D-saccharide	BGC
BNH	NON-POLYMER	?
BNI	NON-POLYMER	?
BNJ	NON-POLYMER	?
BNK	NON-POLYMER	?
BNL	NON-POLYMER	?
BNM	NON-POLYMER	?
BNN	L-PEPTIDE LINKING	PHE
BNO	peptide-like	LEU
BNP	NON-POLYMER	?
BNQ	NON-POLYMER	?
BNR	NON-POLYMER	?
BNS	NON-POLYMER	?
BNT	NON-POLYMER	?
BNU	NON-POLYMER	?
BNV	NON-POLYMER	?
BNW	NON-POLYMER	?
BNX	D-saccharide, beta linking	BGC
BNY	NON-POLYMER	?
BNZ	NON-POLYMER	?
BO0	NON-POLYMER	?
BO1	D-saccharide	?
BO2	NON-POLYMER	?
BO3	NON-POLYMER	?
BO4	NON-POLYMER	?
BO5	non-polymer	?
BO6	NON-POLYMER	?
BO7	NON-POLYMER	?
BO8	non-polymer	?
BO9	NON-POLYMER	?
BOA	NON-POLYMER	?
BOB	NON-POLYMER	?
BOC	NON-POLYMER	?
BOD	NON-POLYMER	?
BOE	RNA LINKING	DT
BOF	NON-POLYMER	?
BOG	D-saccharide	BGC
BOH	NON-POLYMER	?
BOI	non-polymer	?
BOJ	NON-POLYMER	?
BOL	NON-POLYMER	?
BOM	NON-POLYMER	?
BON	NON-POLYMER	?
BOP	NON-POLYMER	?
BOQ	NON-POLYMER	?
BOR	peptide-like	ARG
BOS	NON-POLYMER	?
BOT	NON-POLYMER	?
BOU	NON-POLYMER	?
BOV	non-polymer	?
BOW	NON-POLYMER	?
BOX	NON-POLYMER	?
BOY	NON-POLYMER	?
BOZ	NON-POLYMER	?
BP	NON-POLYMER	?
BP0	NON-POLYMER	?
BP1	NON-POLYMER	?
BP2	NON-POLYMER	?
BP3	NON-POLYMER	?
BP4	NON-POLYMER	?
BP5	L-PEPTIDE LINKING	ALA
BP6	NON-POLYMER	?
BP7	NON-POLYMER	?
BP8	NON-POLYMER	?
BP9	NON-POLYMER	?
BPA	NON-POLYMER	?
BPB	NON-POLYMER	?
BPC	NON-POLYMER	?
BPD	NON-POLYMER	?
BPE	L-PEPTIDE LINKING	CYS
BPF	NON-POLYMER	?
BPG	NON-POLYMER	?
BPH	NON-POLYMER	?
BPI	NON-POLYMER	?
BPJ	NON-POLYMER	?
BPK	NON-POLYMER	?
BPL	NON-POLYMER	?
BPM	NON-POLYMER	?
BPN	NON-POLYMER	?
BPO	NON-POLYMER	?
BPP	NON-POLYMER	?
BPQ	NON-POLYMER	?
BPR	NON-POLYMER	?
BPS	NON-POLYMER	?
BPT	NON-POLYMER	?
BPU	NON-POLYMER	?
BPV	NON-POLYMER	?
BPW	NON-POLYMER	?
BPX	NON-POLYMER	?
BPY	NON-POLYMER	?
BPZ	NON-POLYMER	?
BQ0	NON-POLYMER	?
BQ1	non-polymer	?
BQ2	NON-POLYMER	?
BQ3	NON-POLYMER	?
BQ4	NON-POLYMER	?
BQ5	NON-POLYMER	?
BQ6	non-polymer	?
BQ7	NON-POLYMER	?
BQ8	NON-POLYMER	?
BQ9	NON-POLYMER	?
BQA	NON-POLYMER	?
BQB	NON-POLYMER	?
BQC	NON-POLYMER	?
BQD	NON-POLYMER	?
BQE	NON-POLYMER	?
BQF	NON-POLYMER	?
BQG	non-polymer	?
BQH	NON-POLYMER	?
BQI	non-polymer	?
BQJ	NON-POLYMER	?
BQK	NON-POLYMER	?
BQL	NON-POLYMER	?
BQM	NON-POLYMER	?
BQN	NON-POLYMER	?
BQO	NON-POLYMER	?
BQP	NON-POLYMER	?
BQQ	NON-POLYMER	?
BQR	NON-POLYMER	?
BQS	NON-POLYMER	?
BQT	NON-POLYMER	?
BQU	NON-POLYMER	?
BQV	NON-POLYMER	?
BQW	NON-POLYMER	?
BQX	NON-POLYMER	?
BQY	D-saccharide	GAL
BQZ	NON-POLYMER	?
BR	NON-POLYMER	?
BR0	NON-POLYMER	?
BR1	NON-POLYMER	?
BR2	NON-POLYMER	?
BR3	NON-POLYMER	?
BR4	NON-POLYMER	?
BR5	NON-POLYMER	?
BR6	NON-POLYMER	?
BR7	NON-POLYMER	?
BR8	non-polymer	?
BR9	non-polymer	?
BRA	NON-POLYMER	?
BRB	NON-POLYMER	?
BRC	NON-POLYMER	?
BRD	NON-POLYMER	?
BRE	NON-POLYMER	?
BRF	NON-POLYMER	?
BRG	NON-POLYMER	?
BRH	NON-POLYMER	?
BRI	SACCHARIDE	?
BRJ	NON-POLYMER	?
BRK	NON-POLYMER	?
BRL	NON-POLYMER	?
BRM	NON-POLYMER	?
BRN	NON-POLYMER	?
BRO	NON-POLYMER	?
BRP	NON-POLYMER	?
BRQ	NON-POLYMER	?
BRR	NON-POLYMER	?
BRS	NON-POLYMER	?
BRT	NON-POLYMER	?
BRU	DNA LINKING	DU
BRV	NON-POLYMER	?
BRW	NON-POLYMER	?
BRX	non-polymer	?
BRY	NON-POLYMER	?
BRZ	NON-POLYMER	?
BS0	NON-POLYMER	?
BS1	non-polymer	?
BS2	non-polymer	?
BS3	NON-POLYMER	?
BS4	NON-POLYMER	?
BS5	NON-POLYMER	?
BS6	NON-POLYMER	?
BS7	D-saccharide	GAL
BS8	NON-POLYMER	?
BSA	NON-POLYMER	?
BSB	NON-POLYMER	?
BSC	NON-POLYMER	?
BSD	non-polymer	?
BSE	L-PEPTIDE LINKING	SER
BSF	NON-POLYMER	?
BSG	NON-POLYMER	?
BSH	NON-POLYMER	?
BSI	NON-POLYMER	?
BSJ	non-polymer	?
BSM	NON-POLYMER	?
BSO	NON-POLYMER	?
BSP	NON-POLYMER	?
BST	NON-POLYMER	?
BSU	NON-POLYMER	?
BSV	NON-POLYMER	?
BSW	NON-POLYMER	?
BSX	NON-POLYMER	?
BSY	non-polymer	?
BSZ	NON-POLYMER	?
BT0	NON-POLYMER	?
BT1	NON-POLYMER	?
BT2	NON-POLYMER	?
BT3	NON-POLYMER	?
BT5	RNA LINKING	?
BT6	NON-POLYMER	?
BT7	NON-POLYMER	?
BT8	NON-POLYMER	?
BT9	NON-POLYMER	?
BTA	L-PEPTIDE LINKING	LEU
BTB	NON-POLYMER	?
BTC	L-PEPTIDE LINKING	CYS
BTD	NON-POLYMER	?
BTE	NON-POLYMER	?
BTF	NON-POLYMER	?
BTG	D-saccharide	NGA
BTH	NON-POLYMER	?
BTI	NON-POLYMER	?
BTJ	NON-POLYMER	?
BTK	L-peptide linking	LYS
BTL	NON-POLYMER	?
BTM	NON-POLYMER	?
BTN	NON-POLYMER	?
BTO	NON-POLYMER	?
BTP	NON-POLYMER	?
BTQ	NON-POLYMER	?
BTR	L-PEPTIDE LINKING	TRP
BTS	NON-POLYMER	?
BTT	NON-POLYMER	?
BTU	saccharide	?
BTV	NON-POLYMER	?
BTW	NON-POLYMER	?
BTX	NON-POLYMER	?
BTY	NON-POLYMER	?
BTZ	NON-POLYMER	?
BU0	NON-POLYMER	?
BU1	NON-POLYMER	?
BU2	NON-POLYMER	?
BU3	NON-POLYMER	?
BU4	NON-POLYMER	?
BU5	NON-POLYMER	?
BU6	non-polymer	?
BU7	NON-POLYMER	?
BU8	NON-POLYMER	?
BU9	non-polymer	?
BUA	non-polymer	?
BUB	NON-POLYMER	?
BUC	L-PEPTIDE LINKING	CYS
BUD	NON-POLYMER	?
BUE	NON-POLYMER	?
BUF	NON-POLYMER	?
BUG	L-PEPTIDE LINKING	VAL
BUH	NON-POLYMER	?
BUI	NON-POLYMER	?
BUJ	NON-POLYMER	?
BUK	NON-POLYMER	?
BUL	NON-POLYMER	?
BUM	NON-POLYMER	?
BUN	NON-POLYMER	?
BUO	NON-POLYMER	?
BUP	NON-POLYMER	?
BUQ	NON-POLYMER	?
BUR	NON-POLYMER	?
BUT	NON-POLYMER	?
BUU	NON-POLYMER	?
BUV	NON-POLYMER	?
BUW	NON-POLYMER	?
BUX	NON-POLYMER	?
BUY	NON-POLYMER	?
BV0	NON-POLYMER	?
BV1	NON-POLYMER	?
BV2	NON-POLYMER	?
BV3	NON-POLYMER	?
BV4	NON-POLYMER	?
BV5	non-polymer	?
BV6	NON-POLYMER	?
BV7	non-polymer	?
BV8	NON-POLYMER	?
BV9	NON-POLYMER	?
BVA	NON-POLYMER	?
BVB	NON-POLYMER	?
BVC	NON-POLYMER	?
BVD	NON-POLYMER	?
BVE	NON-POLYMER	?
BVF	NON-POLYMER	?
BVG	NON-POLYMER	?
BVH	NON-POLYMER	?
BVI	non-polymer	?
BVJ	NON-POLYMER	?
BVK	NON-POLYMER	?
BVL	NON-POLYMER	?
BVM	NON-POLYMER	?
BVN	NON-POLYMER	?
BVO	NON-POLYMER	?
BVP	DNA LINKING	DU
BVQ	NON-POLYMER	?
BVR	NON-POLYMER	?
BVS	NON-POLYMER	?
BVT	NON-POLYMER	?
BVU	NON-POLYMER	?
BVV	NON-POLYMER	?
BVX	non-polymer	?
BVY	NON-POLYMER	?
BVZ	NON-POLYMER	?
BW0	non-polymer	?
BW1	NON-POLYMER	?
BW2	NON-POLYMER	?
BW3	D-saccharide, alpha linking	?
BW4	NON-POLYMER	?
BW5	L-peptide linking	?
BW6	NON-POLYMER	?
BW7	NON-POLYMER	?
BW8	NON-POLYMER	?
BW9	NON-POLYMER	?
BWA	NON-POLYMER	?
BWB	L-peptide linking	SER
BWC	NON-POLYMER	?
BWD	NON-POLYMER	?
BWE	NON-POLYMER	?
BWF	non-polymer	?
BWG	D-saccharide	?
BWH	NON-POLYMER	?
BWI	non-polymer	?
BWJ	non-polymer	?
BWK	NON-POLYMER	?
BWL	non-polymer	?
BWM	NON-POLYMER	?
BWO	non-polymer	?
BWP	NON-POLYMER	?
BWQ	NON-POLYMER	?
BWR	NON-POLYMER	?
BWS	NON-POLYMER	?
BWT	NON-POLYMER	?
BWU	NON-POLYMER	?
BWV	L-peptide linking	ARG
BWW	NON-POLYMER	?
BWX	NON-POLYMER	?
BWY	NON-POLYMER	?
BWZ	NON-POLYMER	?
BX0	non-polymer	?
BX1	non-polymer	?
BX2	NON-POLYMER	?
BX3	NON-POLYMER	?
BX4	NON-POLYMER	?
BX5	NON-POLYMER	?
BX6	NON-POLYMER	?
BX7	NON-POLYMER	?
BX9	NON-POLYMER	?
BXA	NON-POLYMER	?
BXB	NON-POLYMER	?
BXC	NON-POLYMER	?
BXD	NON-POLYMER	?
BXE	NON-POLYMER	?
BXF	D-saccharide, beta linking	?
BXG	NON-POLYMER	?
BXH	NON-POLYMER	?
BXI	non-polymer	?
BXJ	NON-POLYMER	?
BXK	NON-POLYMER	?
BXL	NON-POLYMER	?
BXM	NON-POLYMER	?
BXN	NON-POLYMER	?
BXO	NON-POLYMER	?
BXP	saccharide	?
BXQ	NON-POLYMER	?
BXR	NON-POLYMER	?
BXS	NON-POLYMER	?
BXT	L-peptide linking	SER
BXU	NON-POLYMER	?
BXV	NON-POLYMER	?
BXW	NON-POLYMER	?
BXX	D-saccharide, beta linking	?
BXY	D-saccharide, alpha linking	?
BXZ	NON-POLYMER	?
BY0	NON-POLYMER	?
BY1	NON-POLYMER	?
BY2	NON-POLYMER	?
BY3	non-polymer	?
BY4	non-polymer	?
BY5	NON-POLYMER	?
BY6	NON-POLYMER	?
BY7	NON-POLYMER	?
BY8	NON-POLYMER	?
BY9	non-polymer	?
BYA	NON-POLYMER	?
BYB	NON-POLYMER	?
BYC	NON-POLYMER	?
BYD	NON-POLYMER	?
BYE	NON-POLYMER	?
BYG	NON-POLYMER	?
BYH	NON-POLYMER	?
BYI	non-polymer	?
BYJ	NON-POLYMER	?
BYK	NON-POLYMER	?
BYL	non-polymer	?
BYM	NON-POLYMER	?
BYN	NON-POLYMER	?
BYO	NON-POLYMER	?
BYP	NON-POLYMER	?
BYR	L-PEPTIDE LINKING	TYR
BYS	NON-POLYMER	?
BYT	NON-POLYMER	?
BYU	NON-POLYMER	?
BYV	NON-POLYMER	?
BYW	non-polymer	?
BYX	NON-POLYMER	?
BYY	NON-POLYMER	?
BYZ	NON-POLYMER	?
BZ0	non-polymer	?
BZ1	NON-POLYMER	?
BZ2	NON-POLYMER	?
BZ3	NON-POLYMER	?
BZ4	NON-POLYMER	?
BZ5	non-polymer	?
BZ6	NON-POLYMER	?
BZ7	NON-POLYMER	?
BZ8	non-polymer	?
BZ9	NON-POLYMER	?
BZA	NON-POLYMER	?
BZB	NON-POLYMER	?
BZC	NON-POLYMER	?
BZD	D-saccharide	?
BZE	NON-POLYMER	?
BZF	NON-POLYMER	?
BZG	DNA LINKING	?
BZH	NON-POLYMER	?
BZI	NON-POLYMER	?
BZJ	NON-POLYMER	?
BZK	L-peptide linking	?
BZM	NON-POLYMER	?
BZN	NON-POLYMER	?
BZO	NON-POLYMER	?
BZP	NON-POLYMER	?
BZQ	NON-POLYMER	?
BZR	NON-POLYMER	?
BZS	NON-POLYMER	?
BZT	NON-POLYMER	?
BZU	NON-POLYMER	?
BZV	non-polymer	?
BZW	NON-POLYMER	?
BZX	NON-POLYMER	?
BZY	NON-POLYMER	?
BZZ	NON-POLYMER	?
C	RNA LINKING	?
C00	NON-POLYMER	?
C01	NON-POLYMER	?
C02	NON-POLYMER	?
C03	NON-POLYMER	?
C04	NON-POLYMER	?
C05	NON-POLYMER	?
C06	NON-POLYMER	?
C07	NON-POLYMER	?
C08	NON-POLYMER	?
C09	NON-POLYMER	?
C0A	NON-POLYMER	?
C0C	non-polymer	?
C0D	NON-POLYMER	?
C0E	NON-POLYMER	?
C0F	NON-POLYMER	?
C0G	NON-POLYMER	?
C0H	NON-POLYMER	?
C0I	non-polymer	?
C0J	NON-POLYMER	?
C0K	NON-POLYMER	?
C0L	NON-POLYMER	?
C0M	NON-POLYMER	?
C0N	non-polymer	?
C0O	L-peptide linking	?
C0P	non-polymer	?
C0Q	NON-POLYMER	?
C0R	NON-POLYMER	?
C0S	NON-POLYMER	?
C0T	NON-POLYMER	?
C0V	NON-POLYMER	?
C0W	NON-POLYMER	?
C0X	NON-POLYMER	?
C0Y	non-polymer	?
C0Z	non-polymer	?
C10	NON-POLYMER	?
C11	NON-POLYMER	?
C12	L-PEPTIDE LINKING	THR, TYR, GLY
C13	NON-POLYMER	?
C14	NON-POLYMER	?
C15	NON-POLYMER	?
C16	NON-POLYMER	?
C17	NON-POLYMER	?
C18	NON-POLYMER	?
C19	NON-POLYMER	?
C1A	NON-POLYMER	?
C1B	NON-POLYMER	?
C1C	NON-POLYMER	?
C1D	NON-POLYMER	?
C1E	NON-POLYMER	?
C1F	NON-POLYMER	?
C1G	NON-POLYMER	?
C1H	NON-POLYMER	?
C1I	non-polymer	?
C1J	NON-POLYMER	ARG
C1K	non-polymer	?
C1L	NON-POLYMER	?
C1M	non-polymer	?
C1N	NON-POLYMER	?
C1O	NON-POLYMER	?
C1P	NON-POLYMER	?
C1Q	NON-POLYMER	?
C1R	NON-POLYMER	?
C1S	NON-POLYMER	CYS
C1T	L-peptide linking	CYS
C1U	NON-POLYMER	?
C1V	non-polymer	?
C1W	NON-POLYMER	?
C1X	L-PEPTIDE LINKING	LYS
C1Y	NON-POLYMER	?
C1Z	NON-POLYMER	?
C20	NON-POLYMER	?
C21	NON-POLYMER	?
C22	L-peptide linking	ALA
C23	non-polymer	?
C24	NON-POLYMER	?
C25	RNA LINKING	C
C26	NON-POLYMER	?
C27	non-polymer	?
C28	NON-POLYMER	?
C29	NON-POLYMER	?
C2A	NON-POLYMER	?
C2B	NON-POLYMER	?
C2C	NON-POLYMER	?
C2D	NON-POLYMER	?
C2E	NON-POLYMER	?
C2F	NON-POLYMER	?
C2G	NON-POLYMER	?
C2H	NON-POLYMER	?
C2I	NON-POLYMER	?
C2J	NON-POLYMER	?
C2K	non-polymer	?
C2L	RNA LINKING	C
C2M	NON-POLYMER	?
C2N	D-PEPTIDE LINKING	?
C2O	NON-POLYMER	?
C2P	NON-POLYMER	?
C2Q	NON-POLYMER	?
C2R	NON-POLYMER	?
C2S	DNA LINKING	DC
C2T	non-polymer	?
C2U	NON-POLYMER	?
C2V	NON-POLYMER	?
C2W	NON-POLYMER	?
C2X	NON-POLYMER	?
C2Y	NON-POLYMER	?
C2Z	NON-POLYMER	?
C30	NON-POLYMER	?
C31	RNA LINKING	C
C32	DNA LINKING	DC
C33	NON-POLYMER	?
C34	DNA LINKING	DC
C35	NON-POLYMER	?
C36	DNA LINKING	DC
C37	DNA LINKING	DC
C38	DNA LINKING	DC
C39	NON-POLYMER	?
C3A	NON-POLYMER	?
C3B	D-saccharide	?
C3D	NON-POLYMER	?
C3E	NON-POLYMER	?
C3F	non-polymer	?
C3G	D-saccharide	BDP
C3H	NON-POLYMER	?
C3I	non-polymer	?
C3J	NON-POLYMER	?
C3K	NON-POLYMER	?
C3L	NON-POLYMER	?
C3M	NON-POLYMER	?
C3O	NON-POLYMER	?
C3P	NON-POLYMER	?
C3Q	NON-POLYMER	?
C3R	NON-POLYMER	?
C3S	NON-POLYMER	?
C3T	NON-POLYMER	?
C3U	NON-POLYMER	?
C3V	NON-POLYMER	?
C3W	NON-POLYMER	?
C3X	D-saccharide	XYP
C3Y	L-PEPTIDE LINKING	CYS
C3Z	NON-POLYMER	?
C40	NON-POLYMER	?
C41	NON-POLYMER	?
C42	DNA LINKING	DC
C43	RNA LINKING	C
C44	non-polymer	?
C45	DNA LINKING	DC
C46	DNA LINKING	DC
C47	non-polymer	?
C48	NON-POLYMER	?
C49	DNA LINKING	DC
C4A	NON-POLYMER	?
C4B	D-saccharide	?
C4C	NON-POLYMER	?
C4D	NON-POLYMER	?
C4E	NON-POLYMER	?
C4F	NON-POLYMER	?
C4G	NON-POLYMER	ARG
C4H	NON-POLYMER	?
C4I	non-polymer	?
C4J	RNA linking	?
C4K	NON-POLYMER	?
C4L	NON-POLYMER	?
C4M	NON-POLYMER	?
C4N	NON-POLYMER	?
C4O	NON-POLYMER	?
C4P	NON-POLYMER	?
C4Q	NON-POLYMER	?
C4R	L-PEPTIDE LINKING	CYS
C4S	DNA linking	DC
C4T	NON-POLYMER	?
C4U	NON-POLYMER	?
C4V	NON-POLYMER	?
C4W	D-saccharide	?
C4X	D-SACCHARIDE	?
C4Y	NON-POLYMER	?
C4Z	NON-POLYMER	?
C50	NON-POLYMER	?
C51	NON-POLYMER	?
C52	NON-POLYMER	?
C53	NON-POLYMER	?
C54	NON-POLYMER	?
C55	non-polymer	?
C56	NON-POLYMER	?
C57	NON-POLYMER	?
C58	NON-POLYMER	?
C5A	NON-POLYMER	?
C5B	NON-POLYMER	?
C5C	L-PEPTIDE LINKING	CYS
C5D	NON-POLYMER	?
C5E	NON-POLYMER	?
C5F	NON-POLYMER	?
C5G	NON-POLYMER	?
C5H	NON-POLYMER	?
C5I	NON-POLYMER	?
C5J	NON-POLYMER	?
C5K	NON-POLYMER	?
C5L	RNA LINKING	C
C5M	NON-POLYMER	?
C5N	NON-POLYMER	?
C5O	NON-POLYMER	?
C5P	NON-POLYMER	?
C5Q	NON-POLYMER	?
C5R	NON-POLYMER	?
C5S	NON-POLYMER	?
C5U	NON-POLYMER	?
C5V	NON-POLYMER	?
C5W	NON-POLYMER	?
C5X	D-saccharide	XYP
C5Y	non-polymer	?
C5Z	NON-POLYMER	?
C60	NON-POLYMER	?
C61	NON-POLYMER	?
C62	NON-POLYMER	?
C63	NON-POLYMER	?
C64	NON-POLYMER	?
C65	NON-POLYMER	?
C66	L-PEPTIDE LINKING	?
C67	NON-POLYMER	ARG
C68	NON-POLYMER	?
C69	NON-POLYMER	?
C6A	NON-POLYMER	?
C6B	NON-POLYMER	?
C6C	L-PEPTIDE LINKING	CYS
C6D	NON-POLYMER	ARG
C6F	NON-POLYMER	?
C6G	DNA LINKING	DG
C6H	NON-POLYMER	?
C6I	non-polymer	?
C6J	NON-POLYMER	?
C6K	NON-POLYMER	?
C6L	NON-POLYMER	?
C6M	NON-POLYMER	?
C6N	NON-POLYMER	?
C6O	NON-POLYMER	?
C6P	NON-POLYMER	?
C6Q	NON-POLYMER	?
C6R	NON-POLYMER	?
C6S	non-polymer	?
C6T	NON-POLYMER	?
C6U	NON-POLYMER	?
C6V	NON-POLYMER	?
C6W	non-polymer	?
C6X	NON-POLYMER	?
C6Z	NON-POLYMER	?
C7	NON-POLYMER	?
C70	NON-POLYMER	?
C71	NON-POLYMER	?
C72	NON-POLYMER	?
C73	NON-POLYMER	?
C74	non-polymer	?
C75	NON-POLYMER	?
C76	NON-POLYMER	?
C77	NON-POLYMER	?
C78	NON-POLYMER	?
C79	non-polymer	?
C7A	non-polymer	?
C7B	NON-POLYMER	?
C7C	non-polymer	?
C7G	NON-POLYMER	?
C7H	NON-POLYMER	?
C7I	non-polymer	?
C7J	non-polymer	?
C7K	NON-POLYMER	?
C7L	NON-POLYMER	?
C7M	NON-POLYMER	?
C7N	NON-POLYMER	?
C7O	NON-POLYMER	?
C7P	NON-POLYMER	?
C7Q	NON-POLYMER	?
C7R	DNA linking	DC
C7S	DNA linking	DC
C7T	NON-POLYMER	?
C7U	non-polymer	?
C7V	NON-POLYMER	?
C7W	NON-POLYMER	?
C7X	NON-POLYMER	?
C7Y	NON-POLYMER	?
C7Z	NON-POLYMER	?
C80	NON-POLYMER	?
C81	NON-POLYMER	?
C82	NON-POLYMER	?
C83	NON-POLYMER	?
C84	non-polymer	?
C85	NON-POLYMER	?
C86	NON-POLYMER	?
C87	NON-POLYMER	?
C88	NON-POLYMER	?
C89	NON-POLYMER	?
C8A	NON-POLYMER	?
C8B	NON-POLYMER	?
C8C	non-polymer	?
C8D	non-polymer	?
C8E	NON-POLYMER	?
C8F	NON-POLYMER	?
C8G	NON-POLYMER	?
C8H	NON-POLYMER	?
C8I	non-polymer	?
C8J	non-polymer	?
C8K	NON-POLYMER	?
C8L	NON-POLYMER	?
C8M	NON-POLYMER	?
C8N	NON-POLYMER	?
C8O	NON-POLYMER	?
C8P	NON-POLYMER	?
C8Q	NON-POLYMER	?
C8R	NON-POLYMER	?
C8S	NON-POLYMER	?
C8U	NON-POLYMER	?
C8V	NON-POLYMER	?
C8W	NON-POLYMER	?
C8X	NON-POLYMER	?
C8Y	NON-POLYMER	?
C8Z	NON-POLYMER	?
C90	NON-POLYMER	?
C91	NON-POLYMER	?
C92	NON-POLYMER	?
C93	NON-POLYMER	?
C94	NON-POLYMER	?
C95	NON-POLYMER	?
C96	NON-POLYMER	?
C97	non-polymer	?
C98	NON-POLYMER	?
C99	L-PEPTIDE LINKING	THR, PHE, GLY
C9A	NON-POLYMER	?
C9B	NON-POLYMER	?
C9C	NON-POLYMER	?
C9D	NON-POLYMER	?
C9E	NON-POLYMER	?
C9F	non-polymer	?
C9G	NON-POLYMER	?
C9H	NON-POLYMER	?
C9I	non-polymer	?
C9J	NON-POLYMER	?
C9K	NON-POLYMER	?
C9L	NON-POLYMER	?
C9M	NON-POLYMER	?
C9N	non-polymer	?
C9O	NON-POLYMER	?
C9P	NON-POLYMER	?
C9Q	NON-POLYMER	?
C9R	NON-POLYMER	?
C9T	non-polymer	?
C9U	NON-POLYMER	?
C9V	NON-POLYMER	?
C9W	non-polymer	?
C9X	NON-POLYMER	?
C9Y	NON-POLYMER	?
C9Z	NON-POLYMER	?
CA	NON-POLYMER	?
CA0	NON-POLYMER	?
CA1	NON-POLYMER	?
CA2	NON-POLYMER	?
CA3	NON-POLYMER	?
CA4	NON-POLYMER	?
CA5	NON-POLYMER	?
CA6	NON-POLYMER	?
CA7	NON-POLYMER	?
CA8	NON-POLYMER	?
CA9	NON-POLYMER	?
CAA	NON-POLYMER	?
CAB	L-PEPTIDE LINKING	?
CAC	NON-POLYMER	?
CAD	NON-POLYMER	?
CAE	NON-POLYMER	?
CAF	L-PEPTIDE LINKING	CYS
CAG	NON-POLYMER	?
CAH	NON-POLYMER	?
CAI	NON-POLYMER	?
CAJ	NON-POLYMER	?
CAK	NON-POLYMER	?
CAL	peptide-like	?
CAM	NON-POLYMER	?
CAN	NON-POLYMER	?
CAO	NON-POLYMER	?
CAP	SACCHARIDE	?
CAQ	NON-POLYMER	?
CAR	RNA LINKING	DC
CAS	L-PEPTIDE LINKING	CYS
CAT	NON-POLYMER	?
CAU	NON-POLYMER	?
CAV	peptide-like	?
CAW	non-polymer	?
CAX	NON-POLYMER	?
CAY	L-PEPTIDE LINKING	CYS
CAZ	NON-POLYMER	?
CB0	non-polymer	?
CB1	NON-POLYMER	?
CB2	RNA LINKING	DC
CB3	NON-POLYMER	?
CB4	NON-POLYMER	?
CB5	NON-POLYMER	?
CB6	non-polymer	?
CB7	NON-POLYMER	?
CB8	NON-POLYMER	?
CB9	NON-POLYMER	?
CBA	NON-POLYMER	?
CBB	non-polymer	?
CBC	NON-POLYMER	?
CBD	NON-POLYMER	?
CBE	NON-POLYMER	?
CBF	D-saccharide, alpha linking	?
CBG	NON-POLYMER	?
CBH	NON-POLYMER	?
CBI	saccharide	?
CBJ	NON-POLYMER	?
CBK	saccharide	?
CBL	NON-POLYMER	?
CBM	NON-POLYMER	?
CBN	NON-POLYMER	?
CBO	NON-POLYMER	?
CBP	NON-POLYMER	?
CBQ	NON-POLYMER	?
CBR	DNA LINKING	DC
CBT	NON-POLYMER	?
CBU	non-polymer	?
CBV	RNA LINKING	C
CBW	non-polymer	?
CBX	NON-POLYMER	?
CBY	NON-POLYMER	?
CBZ	NON-POLYMER	?
CC0	NON-POLYMER	?
CC1	NON-POLYMER	?
CC2	NON-POLYMER	?
CC3	NON-POLYMER	?
CC4	non-polymer	?
CC5	NON-POLYMER	?
CC6	NON-POLYMER	?
CC7	NON-POLYMER	?
CC8	non-polymer	?
CC9	NON-POLYMER	?
CCA	NON-POLYMER	?
CCB	NON-POLYMER	?
CCC	RNA LINKING	C
CCD	NON-POLYMER	?
CCE	NON-POLYMER	?
CCH	NON-POLYMER	?
CCI	NON-POLYMER	?
CCJ	D-peptide linking	?
CCK	NON-POLYMER	?
CCL	D-PEPTIDE LINKING	?
CCM	NON-POLYMER	?
CCN	NON-POLYMER	?
CCO	NON-POLYMER	?
CCP	NON-POLYMER	?
CCQ	NON-POLYMER	?
CCR	peptide-like	?
CCS	L-PEPTIDE LINKING	CYS
CCT	NON-POLYMER	?
CCU	NON-POLYMER	?
CCV	NON-POLYMER	?
CCW	non-polymer	?
CCX	NON-POLYMER	?
CCY	L-PEPTIDE LINKING	CYS, TYR, GLY
CCZ	NON-POLYMER	?
CD	NON-POLYMER	?
CD0	NON-POLYMER	?
CD1	NON-POLYMER	?
CD2	NON-POLYMER	?
CD3	NON-POLYMER	?
CD4	NON-POLYMER	?
CD5	NON-POLYMER	?
CD6	NON-POLYMER	?
CD7	NON-POLYMER	?
CD8	NON-POLYMER	?
CD9	NON-POLYMER	?
CDA	NON-POLYMER	?
CDB	NON-POLYMER	?
CDC	NON-POLYMER	?
CDD	NON-POLYMER	?
CDE	L-PEPTIDE LINKING	?
CDF	non-polymer	?
CDG	NON-POLYMER	?
CDH	NON-POLYMER	?
CDI	NON-POLYMER	?
CDJ	non-polymer	?
CDK	non-polymer	?
CDL	NON-POLYMER	?
CDM	NON-POLYMER	?
CDN	NON-POLYMER	?
CDO	NON-POLYMER	?
CDP	NON-POLYMER	?
CDQ	NON-POLYMER	?
CDR	D-saccharide, beta linking	?
CDS	NON-POLYMER	?
CDT	NON-POLYMER	?
CDU	NON-POLYMER	?
CDV	L-PEPTIDE LINKING	?
CDW	DNA LINKING	DC
CDX	NON-POLYMER	?
CDY	NON-POLYMER	?
CDZ	NON-POLYMER	?
CE	NON-POLYMER	?
CE0	NON-POLYMER	?
CE1	NON-POLYMER	?
CE2	NON-POLYMER	?
CE3	NON-POLYMER	?
CE4	NON-POLYMER	?
CE5	saccharide	?
CE6	saccharide	?
CE7	L-peptide linking	ASN
CE8	saccharide	?
CE9	NON-POLYMER	?
CEA	L-PEPTIDE LINKING	CYS
CEB	NON-POLYMER	?
CEC	NON-POLYMER	?
CED	NON-POLYMER	?
CEE	NON-POLYMER	?
CEF	NON-POLYMER	?
CEG	D-saccharide, beta linking	BGC
CEH	NON-POLYMER	?
CEI	NON-POLYMER	?
CEJ	NON-POLYMER	?
CEK	NON-POLYMER	?
CEL	NON-POLYMER	?
CEM	NON-POLYMER	?
CEN	NON-POLYMER	?
CEO	NON-POLYMER	?
CEP	NON-POLYMER	?
CEQ	NON-POLYMER	?
CER	NON-POLYMER	?
CES	NON-POLYMER	?
CET	NON-POLYMER	?
CEU	NON-POLYMER	?
CEV	NON-POLYMER	?
CEW	NON-POLYMER	?
CEX	saccharide	?
CEY	saccharide	?
CEZ	D-saccharide	BGC
CF	NON-POLYMER	?
CF0	NON-POLYMER	?
CF1	NON-POLYMER	?
CF2	non-polymer	?
CF3	NON-POLYMER	?
CF4	non-polymer	?
CF5	NON-POLYMER	?
CF6	NON-POLYMER	?
CF7	NON-POLYMER	?
CF8	NON-POLYMER	?
CF9	NON-POLYMER	?
CFA	NON-POLYMER	?
CFB	NON-POLYMER	?
CFC	NON-POLYMER	?
CFD	NON-POLYMER	?
CFE	NON-POLYMER	?
CFF	NON-POLYMER	?
CFG	NON-POLYMER	?
CFH	NON-POLYMER	?
CFI	NON-POLYMER	?
CFJ	NON-POLYMER	?
CFK	NON-POLYMER	?
CFL	DNA LINKING	DC
CFM	NON-POLYMER	?
CFN	non-polymer	?
CFO	NON-POLYMER	?
CFP	NON-POLYMER	?
CFQ	non-polymer	?
CFS	NON-POLYMER	?
CFT	NON-POLYMER	?
CFU	NON-POLYMER	?
CFV	NON-POLYMER	?
CFX	non-polymer	?
CFY	L-PEPTIDE LINKING	PHE, CYS, TYR, GLY
CFZ	DNA LINKING	DC
CG	NON-POLYMER	?
CG0	NON-POLYMER	?
CG1	RNA linking	G
CG2	NON-POLYMER	?
CG3	non-polymer	?
CG4	NON-POLYMER	?
CG5	NON-POLYMER	?
CG6	L-peptide linking	CYS
CG7	NON-POLYMER	?
CG8	NON-POLYMER	?
CG9	NON-POLYMER	?
CGA	L-PEPTIDE LINKING	GLU
CGB	NON-POLYMER	?
CGD	NON-POLYMER	?
CGE	NON-POLYMER	?
CGF	D-saccharide	?
CGG	NON-POLYMER	?
CGH	PEPTIDE LINKING	?
CGI	non-polymer	?
CGJ	NON-POLYMER	?
CGK	NON-POLYMER	?
CGL	L-peptide linking	CYS
CGM	NON-POLYMER	?
CGN	NON-POLYMER	?
CGO	NON-POLYMER	?
CGP	NON-POLYMER	?
CGQ	NON-POLYMER	?
CGR	NON-POLYMER	?
CGS	NON-POLYMER	?
CGT	NON-POLYMER	?
CGU	L-PEPTIDE LINKING	GLU
CGV	L-PEPTIDE LINKING	CYS
CGW	NON-POLYMER	?
CGX	NON-POLYMER	?
CGY	DNA linking	?
CGZ	non-polymer	?
CH	RNA LINKING	C
CH0	NON-POLYMER	?
CH1	NON-POLYMER	?
CH2	NON-POLYMER	?
CH3	NON-POLYMER	?
CH4	NON-POLYMER	?
CH5	NON-POLYMER	?
CH6	L-PEPTIDE LINKING	MET, TYR, GLY
CH7	L-PEPTIDE LINKING	LYS,TYR,GLY
CH8	NON-POLYMER	?
CH9	NON-POLYMER	?
CHA	NON-POLYMER	?
CHB	NON-POLYMER	?
CHC	NON-POLYMER	?
CHD	NON-POLYMER	?
CHF	peptide-like	?
CHG	L-PEPTIDE LINKING	?
CHH	NON-POLYMER	?
CHI	NON-POLYMER	?
CHJ	NON-POLYMER	?
CHK	NON-POLYMER	?
CHL	NON-POLYMER	?
CHM	NON-POLYMER	?
CHN	NON-POLYMER	?
CHO	NON-POLYMER	?
CHP	L-PEPTIDE LINKING	GLY
CHQ	NON-POLYMER	?
CHR	NON-POLYMER	?
CHS	peptide-like	?
CHT	NON-POLYMER	?
CHU	NON-POLYMER	?
CHV	NON-POLYMER	?
CHW	NON-POLYMER	?
CHX	NON-POLYMER	?
CHZ	NON-POLYMER	?
CI0	non-polymer	?
CI1	non-polymer	?
CI2	NON-POLYMER	?
CI3	non-polymer	?
CI4	NON-POLYMER	?
CI5	non-polymer	?
CI7	non-polymer	?
CI8	non-polymer	?
CI9	non-polymer	?
CIA	NON-POLYMER	?
CIB	NON-POLYMER	?
CIC	NON-POLYMER	?
CID	NON-POLYMER	?
CIE	NON-POLYMER	?
CIF	non-polymer	?
CIG	non-polymer	?
CIH	NON-POLYMER	?
CII	non-polymer	?
CIJ	NON-POLYMER	?
CIL	NON-POLYMER	?
CIN	NON-POLYMER	?
CIO	NON-POLYMER	?
CIP	NON-POLYMER	?
CIQ	NON-POLYMER	?
CIR	L-PEPTIDE LINKING	ARG
CIS	NON-POLYMER	?
CIT	NON-POLYMER	?
CIU	NON-POLYMER	?
CIV	L-peptide linking	LYS, TYR, GLY
CIW	NON-POLYMER	?
CIX	peptide-like	?
CIY	NON-POLYMER	?
CIZ	NON-POLYMER	?
CJ0	NON-POLYMER	?
CJ1	DNA linking	?
CJ2	NON-POLYMER	?
CJ3	NON-POLYMER	?
CJ4	NON-POLYMER	?
CJ5	NON-POLYMER	?
CJ6	NON-POLYMER	?
CJ7	NON-POLYMER	?
CJ8	NON-POLYMER	?
CJ9	NON-POLYMER	?
CJA	NON-POLYMER	?
CJB	D-saccharide	?
CJC	NON-POLYMER	?
CJD	NON-POLYMER	?
CJE	NON-POLYMER	?
CJF	NON-POLYMER	?
CJG	NON-POLYMER	?
CJH	NON-POLYMER	?
CJI	non-polymer	?
CJJ	NON-POLYMER	?
CJK	NON-POLYMER	?
CJL	NON-POLYMER	?
CJM	NON-POLYMER	?
CJN	NON-POLYMER	?
CJO	L-PEPTIDE LINKING	GLY, TYR, GLY
CJP	NON-POLYMER	?
CJQ	NON-POLYMER	?
CJR	NON-POLYMER	?
CJT	NON-POLYMER	?
CJU	NON-POLYMER	?
CJV	NON-POLYMER	?
CJW	NON-POLYMER	?
CJX	NON-POLYMER	?
CJY	NON-POLYMER	?
CJZ	NON-POLYMER	?
CK0	NON-POLYMER	?
CK1	NON-POLYMER	?
CK2	NON-POLYMER	?
CK3	NON-POLYMER	?
CK4	NON-POLYMER	?
CK5	NON-POLYMER	?
CK6	NON-POLYMER	?
CK7	NON-POLYMER	?
CK8	NON-POLYMER	?
CK9	NON-POLYMER	?
CKA	NON-POLYMER	?
CKB	D-saccharide	?
CKC	NON-POLYMER	?
CKD	NON-POLYMER	?
CKE	NON-POLYMER	?
CKF	non-polymer	?
CKG	non-polymer	?
CKH	NON-POLYMER	?
CKI	NON-POLYMER	?
CKJ	NON-POLYMER	?
CKK	NON-POLYMER	?
CKL	NON-POLYMER	?
CKM	NON-POLYMER	?
CKN	NON-POLYMER	?
CKO	NON-POLYMER	?
CKP	D-saccharide	PSV
CKQ	NON-POLYMER	?
CKR	NON-POLYMER	?
CKS	NON-POLYMER	?
CKT	NON-POLYMER	?
CKU	NON-POLYMER	?
CKV	NON-POLYMER	?
CKW	NON-POLYMER	?
CKX	NON-POLYMER	?
CKY	NON-POLYMER	?
CKZ	NON-POLYMER	?
CL	NON-POLYMER	?
CL0	NON-POLYMER	?
CL1	NON-POLYMER	?
CL2	NON-POLYMER	?
CL3	NON-POLYMER	?
CL4	NON-POLYMER	?
CL5	NON-POLYMER	?
CL6	NON-POLYMER	?
CL7	NON-POLYMER	?
CL8	non-polymer	?
CL9	NON-POLYMER	?
CLA	NON-POLYMER	?
CLB	D-PEPTIDE LINKING	?
CLC	NON-POLYMER	?
CLD	D-PEPTIDE LINKING	?
CLE	L-PEPTIDE LINKING	LEU
CLF	NON-POLYMER	?
CLG	L-PEPTIDE LINKING	LYS
CLH	L-PEPTIDE LINKING	LYS
CLI	NON-POLYMER	?
CLJ	NON-POLYMER	?
CLK	NON-POLYMER	?
CLL	NON-POLYMER	?
CLM	NON-POLYMER	?
CLN	NON-POLYMER	?
CLO	NON-POLYMER	?
CLP	NON-POLYMER	?
CLQ	NON-POLYMER	?
CLR	NON-POLYMER	?
CLS	NON-POLYMER	?
CLT	NON-POLYMER	?
CLU	NON-POLYMER	?
CLV	L-PEPTIDE LINKING	ALA, PHE, GLY
CLW	NON-POLYMER	?
CLX	NON-POLYMER	?
CLY	NON-POLYMER	?
CLZ	NON-POLYMER	?
CM	NON-POLYMER	?
CM0	RNA LINKING	?
CM1	NON-POLYMER	?
CM2	NON-POLYMER	?
CM3	NON-POLYMER	?
CM4	NON-POLYMER	?
CM5	NON-POLYMER	?
CM6	NON-POLYMER	?
CM7	non-polymer	?
CM8	non-polymer	?
CM9	non-polymer	?
CMA	NON-POLYMER	?
CMB	NON-POLYMER	?
CMC	NON-POLYMER	?
CMD	NON-POLYMER	?
CME	L-PEPTIDE LINKING	CYS
CMF	NON-POLYMER	?
CMG	NON-POLYMER	?
CMH	L-PEPTIDE LINKING	CYS
CMI	NON-POLYMER	?
CMJ	NON-POLYMER	?
CMK	NON-POLYMER	?
CML	L-PEPTIDE LINKING	CYS
CMM	NON-POLYMER	?
CMN	NON-POLYMER	?
CMO	NON-POLYMER	?
CMP	NON-POLYMER	?
CMQ	NON-POLYMER	?
CMR	DNA LINKING	DC
CMS	NON-POLYMER	?
CMT	L-PEPTIDE LINKING	CYS
CMU	NON-POLYMER	?
CMV	NON-POLYMER	?
CMW	non-polymer	?
CMX	NON-POLYMER	?
CMY	NON-POLYMER	?
CMZ	NON-POLYMER	?
CN	NON-POLYMER	?
CN0	NON-POLYMER	?
CN1	NON-POLYMER	?
CN2	NON-POLYMER	?
CN3	NON-POLYMER	?
CN4	NON-POLYMER	?
CN5	NON-POLYMER	?
CN6	NON-POLYMER	?
CN7	NON-POLYMER	?
CN8	non-polymer	?
CN9	non-polymer	?
CNA	NON-POLYMER	?
CNB	NON-POLYMER	?
CNC	NON-POLYMER	?
CND	NON-POLYMER	?
CNE	NON-POLYMER	?
CNF	NON-POLYMER	?
CNG	PEPTIDE LINKING	?
CNH	NON-POLYMER	?
CNI	NON-POLYMER	?
CNK	NON-POLYMER	?
CNL	NON-POLYMER	?
CNM	NON-POLYMER	?
CNN	NON-POLYMER	?
CNO	NON-POLYMER	?
CNP	D-saccharide	?
CNQ	NON-POLYMER	?
CNR	NON-POLYMER	?
CNS	NON-POLYMER	?
CNT	NON-POLYMER	?
CNU	RNA linking	U
CNV	non-polymer	?
CNW	non-polymer	?
CNX	NON-POLYMER	?
CNY	NON-POLYMER	?
CNZ	NON-POLYMER	?
CO	NON-POLYMER	?
CO0	NON-POLYMER	?
CO1	NON-POLYMER	?
CO2	NON-POLYMER	?
CO3	NON-POLYMER	?
CO4	NON-POLYMER	?
CO5	NON-POLYMER	?
CO6	NON-POLYMER	?
CO7	NON-POLYMER	?
CO8	NON-POLYMER	?
CO9	NON-POLYMER	?
COA	NON-POLYMER	?
COB	NON-POLYMER	?
COC	NON-POLYMER	?
COD	NON-POLYMER	?
COE	NON-POLYMER	?
COF	NON-POLYMER	?
COG	NON-POLYMER	?
COH	NON-POLYMER	?
COI	NON-POLYMER	?
COJ	NON-POLYMER	?
COK	NON-POLYMER	?
COL	NON-POLYMER	?
COM	NON-POLYMER	?
CON	NON-POLYMER	?
COO	NON-POLYMER	?
COP	NON-POLYMER	?
COQ	NON-POLYMER	?
COR	NON-POLYMER	?
COS	NON-POLYMER	?
COT	NON-POLYMER	?
COU	NON-POLYMER	?
COV	NON-POLYMER	?
COW	NON-POLYMER	?
COX	NON-POLYMER	?
COY	NON-POLYMER	?
COZ	NON-POLYMER	?
CP	NON-POLYMER	?
CP0	NON-POLYMER	?
CP1	DNA LINKING	DC
CP2	NON-POLYMER	?
CP3	NON-POLYMER	?
CP4	NON-POLYMER	?
CP5	NON-POLYMER	?
CP6	NON-POLYMER	?
CP7	NON-POLYMER	?
CP8	NON-POLYMER	?
CP9	NON-POLYMER	?
CPA	NON-POLYMER	?
CPB	NON-POLYMER	?
CPC	L-PEPTIDE LINKING	?
CPD	NON-POLYMER	?
CPF	NON-POLYMER	?
CPG	NON-POLYMER	?
CPH	NON-POLYMER	?
CPI	D-PEPTIDE LINKING	?
CPJ	NON-POLYMER	?
CPK	NON-POLYMER	?
CPL	NON-POLYMER	?
CPM	NON-POLYMER	?
CPN	PEPTIDE-LIKE	?
CPO	NON-POLYMER	?
CPP	NON-POLYMER	?
CPQ	NON-POLYMER	?
CPR	NON-POLYMER	?
CPS	NON-POLYMER	?
CPT	NON-POLYMER	?
CPU	NON-POLYMER	?
CPV	NON-POLYMER	?
CPW	NON-POLYMER	?
CPX	NON-POLYMER	?
CPY	NON-POLYMER	?
CPZ	NON-POLYMER	?
CQ0	NON-POLYMER	?
CQ1	PEPTIDE LINKING	THR, TYR, GLY
CQ2	L-PEPTIDE LINKING	GLY, TYR, GLY
CQ3	NON-POLYMER	?
CQ4	NON-POLYMER	?
CQ5	NON-POLYMER	?
CQ6	NON-POLYMER	?
CQ7	NON-POLYMER	?
CQ8	non-polymer	?
CQ9	NON-POLYMER	?
CQA	NON-POLYMER	?
CQB	NON-POLYMER	?
CQC	NON-POLYMER	?
CQD	NON-POLYMER	?
CQE	non-polymer	?
CQF	NON-POLYMER	?
CQG	NON-POLYMER	?
CQH	NON-POLYMER	?
CQI	non-polymer	?
CQJ	NON-POLYMER	?
CQK	NON-POLYMER	?
CQL	NON-POLYMER	?
CQM	NON-POLYMER	?
CQN	NON-POLYMER	?
CQO	NON-POLYMER	?
CQP	NON-POLYMER	?
CQQ	NON-POLYMER	?
CQR	L-PEPTIDE LINKING	GLY, TYR, GLY
CQS	NON-POLYMER	?
CQT	NON-POLYMER	?
CQU	NON-POLYMER	?
CQV	NON-POLYMER	?
CQW	NON-POLYMER	?
CQX	NON-POLYMER	?
CQY	NON-POLYMER	?
CQZ	NON-POLYMER	?
CR	NON-POLYMER	?
CR0	L-PEPTIDE LINKING	THR, LEU, GLY
CR1	D-saccharide	?
CR2	L-PEPTIDE LINKING	GLY, TYR, GLY
CR3	NON-POLYMER	?
CR4	NON-POLYMER	?
CR5	L-PEPTIDE LINKING	GLY
CR6	D-saccharide	?
CR7	L-PEPTIDE LINKING	LYS, TYR, GLY
CR8	L-PEPTIDE LINKING	HIS, TYR, GLY
CR9	NON-POLYMER	?
CRA	D-saccharide	?
CRB	NON-POLYMER	?
CRC	NON-POLYMER	?
CRD	NON-POLYMER	?
CRE	NON-POLYMER	?
CRF	L-PEPTIDE LINKING	THR, TRP, GLY
CRG	L-PEPTIDE LINKING	THR, HIS, GLY
CRH	NON-POLYMER	?
CRI	NON-POLYMER	?
CRJ	NON-POLYMER	?
CRK	L-PEPTIDE LINKING	MET, TYR, GLY
CRL	NON-POLYMER	?
CRM	NON-POLYMER	?
CRN	NON-POLYMER	?
CRO	L-PEPTIDE LINKING	THR, TYR, GLY
CRP	NON-POLYMER	?
CRQ	L-PEPTIDE LINKING	GLN, TYR, GLY
CRR	NON-POLYMER	?
CRS	NON-POLYMER	?
CRT	NON-POLYMER	?
CRU	L-PEPTIDE LINKING	GLU, TYR, GLY
CRV	NON-POLYMER	?
CRW	L-PEPTIDE LINKING	ALA, SER, GLY
CRX	L-PEPTIDE LINKING	ALA, SER, GLY
CRY	NON-POLYMER	?
CRZ	NON-POLYMER	?
CS	NON-POLYMER	?
CS0	L-PEPTIDE LINKING	CYS
CS1	L-PEPTIDE LINKING	CYS
CS2	NON-POLYMER	?
CS3	L-PEPTIDE LINKING	CYS
CS4	L-PEPTIDE LINKING	CYS
CS5	NON-POLYMER	?
CS7	NON-POLYMER	?
CS8	RNA LINKING	?
CS9	NON-POLYMER	?
CSA	L-PEPTIDE LINKING	CYS
CSB	L-PEPTIDE LINKING	CYS
CSC	NON-POLYMER	?
CSD	L-PEPTIDE LINKING	CYS
CSE	L-PEPTIDE LINKING	CYS
CSF	RNA LINKING	C
CSG	NON-POLYMER	?
CSH	L-PEPTIDE LINKING	SER, HIS, GLY
CSI	NON-POLYMER	?
CSJ	L-PEPTIDE LINKING	CYS
CSK	L-PEPTIDE LINKING	?
CSL	DNA LINKING	DC
CSM	DNA LINKING	?
CSN	NON-POLYMER	?
CSO	L-PEPTIDE LINKING	CYS
CSP	L-PEPTIDE LINKING	CYS
CSQ	NON-POLYMER	?
CSR	L-PEPTIDE LINKING	CYS
CSS	L-PEPTIDE LINKING	CYS
CSU	L-PEPTIDE LINKING	CYS
CSV	NON-POLYMER	?
CSW	L-PEPTIDE LINKING	CYS
CSX	L-PEPTIDE LINKING	CYS
CSY	L-PEPTIDE LINKING	SER, TYR, GLY
CSZ	L-PEPTIDE LINKING	CYS
CT0	NON-POLYMER	?
CT1	NON-POLYMER	?
CT2	NON-POLYMER	?
CT3	saccharide	?
CT4	NON-POLYMER	?
CT5	NON-POLYMER	?
CT6	NON-POLYMER	?
CT7	NON-POLYMER	?
CT8	NON-POLYMER	?
CT9	NON-POLYMER	?
CTA	NON-POLYMER	?
CTB	NON-POLYMER	?
CTC	NON-POLYMER	?
CTD	NON-POLYMER	?
CTE	L-PEPTIDE LINKING	TRP
CTF	NON-POLYMER	?
CTG	DNA LINKING	DT
CTH	L-PEPTIDE LINKING	THR
CTI	NON-POLYMER	?
CTJ	NON-POLYMER	?
CTK	NON-POLYMER	?
CTL	NON-POLYMER	?
CTM	NON-POLYMER	?
CTN	NON-POLYMER	?
CTO	saccharide	?
CTP	NON-POLYMER	?
CTQ	non-polymer	?
CTR	saccharide	?
CTS	NON-POLYMER	?
CTT	saccharide	?
CTU	NON-POLYMER	?
CTV	NON-POLYMER	?
CTW	peptide-like	?
CTX	NON-POLYMER	?
CTY	NON-POLYMER	?
CTZ	NON-POLYMER	?
CU	NON-POLYMER	?
CU0	NON-POLYMER	?
CU1	NON-POLYMER	?
CU3	non-polymer	?
CU4	NON-POLYMER	?
CU5	NON-POLYMER	?
CU6	NON-POLYMER	?
CU7	NON-POLYMER	?
CU8	NON-POLYMER	?
CU9	NON-POLYMER	?
CUA	NON-POLYMER	?
CUB	NON-POLYMER	?
CUC	L-peptide linking	?
CUD	D-PEPTIDE LINKING	?
CUE	NON-POLYMER	?
CUF	NON-POLYMER	?
CUG	NON-POLYMER	?
CUH	NON-POLYMER	?
CUK	NON-POLYMER	?
CUL	NON-POLYMER	?
CUM	NON-POLYMER	?
CUN	NON-POLYMER	?
CUO	NON-POLYMER	?
CUP	NON-POLYMER	?
CUQ	NON-POLYMER	?
CUR	NON-POLYMER	?
CUS	NON-POLYMER	?
CUT	NON-POLYMER	?
CUU	NON-POLYMER	?
CUV	NON-POLYMER	?
CUW	NON-POLYMER	?
CUX	NON-POLYMER	?
CUY	NON-POLYMER	?
CUZ	NON-POLYMER	?
CV0	NON-POLYMER	?
CV1	NON-POLYMER	?
CV2	NON-POLYMER	?
CV3	NON-POLYMER	?
CV4	NON-POLYMER	?
CV5	NON-POLYMER	?
CV6	non-polymer	?
CV7	non-polymer	?
CV8	NON-POLYMER	?
CV9	NON-POLYMER	?
CVA	NON-POLYMER	?
CVB	NON-POLYMER	?
CVC	RNA linking	?
CVD	NON-POLYMER	?
CVE	NON-POLYMER	?
CVF	NON-POLYMER	?
CVG	NON-POLYMER	?
CVI	NON-POLYMER	?
CVJ	NON-POLYMER	?
CVK	NON-POLYMER	?
CVL	NON-POLYMER	?
CVM	non-polymer	?
CVN	NON-POLYMER	?
CVO	NON-POLYMER	?
CVP	NON-POLYMER	?
CVQ	NON-POLYMER	?
CVR	NON-POLYMER	?
CVT	NON-POLYMER	?
CVU	NON-POLYMER	?
CVV	NON-POLYMER	?
CVW	NON-POLYMER	?
CVX	non-polymer	?
CVY	non-polymer	?
CVZ	NON-POLYMER	?
CW0	NON-POLYMER	?
CW1	NON-POLYMER	?
CW2	NON-POLYMER	?
CW3	non-polymer	?
CW4	NON-POLYMER	?
CW5	NON-POLYMER	?
CW6	NON-POLYMER	?
CW7	NON-POLYMER	?
CW8	non-polymer	?
CW9	NON-POLYMER	?
CWA	NON-POLYMER	?
CWB	non-polymer	?
CWC	NON-POLYMER	?
CWD	L-peptide linking	ALA
CWE	NON-POLYMER	?
CWF	NON-POLYMER	?
CWG	NON-POLYMER	?
CWH	NON-POLYMER	?
CWI	non-polymer	?
CWJ	NON-POLYMER	?
CWK	NON-POLYMER	?
CWL	NON-POLYMER	?
CWM	NON-POLYMER	?
CWN	NON-POLYMER	?
CWO	NON-POLYMER	?
CWP	NON-POLYMER	?
CWQ	NON-POLYMER	?
CWR	L-PEPTIDE LINKING	SER
CWS	non-polymer	?
CWT	non-polymer	?
CWU	non-polymer	?
CWV	NON-POLYMER	?
CWW	NON-POLYMER	?
CWX	non-polymer	?
CWY	NON-POLYMER	?
CWZ	non-polymer	?
CX0	NON-POLYMER	?
CX1	NON-POLYMER	?
CX2	DNA LINKING	DC
CX3	NON-POLYMER	?
CX4	NON-POLYMER	?
CX5	NON-POLYMER	?
CX6	NON-POLYMER	?
CX7	NON-POLYMER	?
CX8	NON-POLYMER	?
CX9	non-polymer	?
CXA	NON-POLYMER	?
CXB	NON-POLYMER	?
CXC	NON-POLYMER	?
CXD	non-polymer	?
CXE	NON-POLYMER	?
CXF	NON-POLYMER	?
CXG	non-polymer	?
CXH	NON-POLYMER	?
CXI	non-polymer	?
CXJ	NON-POLYMER	?
CXL	NON-POLYMER	?
CXM	L-PEPTIDE LINKING	MET
CXN	NON-POLYMER	?
CXO	NON-POLYMER	?
CXP	NON-POLYMER	?
CXQ	NON-POLYMER	?
CXR	NON-POLYMER	?
CXS	NON-POLYMER	?
CXT	NON-POLYMER	?
CXU	NON-POLYMER	?
CXV	NON-POLYMER	?
CXW	NON-POLYMER	?
CXX	NON-POLYMER	?
CXY	NON-POLYMER	?
CXZ	NON-POLYMER	?
CY0	L-PEPTIDE LINKING	CYS
CY1	L-PEPTIDE LINKING	CYS
CY3	L-PEPTIDE LINKING	CYS
CY4	L-PEPTIDE LINKING	CYS
CY5	D-PEPTIDE LINKING	?
CY6	NON-POLYMER	?
CY7	NON-POLYMER	?
CY8	NON-POLYMER	?
CY9	NON-POLYMER	?
CYA	L-PEPTIDE LINKING	CYS
CYB	NON-POLYMER	?
CYC	NON-POLYMER	?
CYD	L-peptide COOH carboxy terminus	CYS
CYE	NON-POLYMER	?
CYF	L-PEPTIDE LINKING	CYS
CYG	L-PEPTIDE LINKING	CYS
CYH	NON-POLYMER	?
CYI	NON-POLYMER	?
CYJ	L-PEPTIDE LINKING	LYS
CYK	NON-POLYMER	?
CYL	NON-POLYMER	?
CYM	L-PEPTIDE LINKING	CYS
CYN	NON-POLYMER	?
CYO	NON-POLYMER	?
CYP	NON-POLYMER	?
CYQ	L-PEPTIDE LINKING	CYS
CYR	L-PEPTIDE LINKING	CYS
CYS	L-PEPTIDE LINKING	?
CYT	NON-POLYMER	?
CYU	NON-POLYMER	?
CYV	NON-POLYMER	?
CYW	L-PEPTIDE LINKING	CYS
CYX	NON-POLYMER	?
CYY	NON-POLYMER	?
CYZ	NON-POLYMER	?
CZ0	NON-POLYMER	?
CZ2	L-PEPTIDE LINKING	CYS
CZ3	NON-POLYMER	?
CZ4	NON-POLYMER	?
CZ5	NON-POLYMER	?
CZ6	non-polymer	?
CZ7	NON-POLYMER	?
CZ8	NON-POLYMER	?
CZ9	NON-POLYMER	?
CZA	NON-POLYMER	?
CZB	NON-POLYMER	?
CZC	NON-POLYMER	?
CZD	NON-POLYMER	?
CZE	NON-POLYMER	?
CZF	NON-POLYMER	?
CZG	NON-POLYMER	?
CZH	NON-POLYMER	?
CZI	NON-POLYMER	?
CZJ	NON-POLYMER	?
CZK	NON-POLYMER	?
CZL	NON-POLYMER	?
CZM	NON-POLYMER	?
CZN	NON-POLYMER	?
CZO	L-PEPTIDE LINKING	GLY, TYR, GLY
CZP	NON-POLYMER	?
CZQ	NON-POLYMER	?
CZS	peptide linking	ALA
CZT	NON-POLYMER	?
CZU	NON-POLYMER	?
CZV	NON-POLYMER	?
CZX	NON-POLYMER	?
CZY	NON-POLYMER	?
CZZ	L-PEPTIDE LINKING	CYS
D00	DNA LINKING	DC
D01	NON-POLYMER	?
D02	NON-POLYMER	?
D03	NON-POLYMER	?
D04	NON-POLYMER	?
D05	NON-POLYMER	?
D06	non-polymer	?
D07	NON-POLYMER	?
D08	NON-POLYMER	?
D09	NON-POLYMER	?
D0A	NON-POLYMER	?
D0B	NON-POLYMER	?
D0C	D-peptide linking	?
D0D	non-polymer	?
D0E	NON-POLYMER	?
D0F	NON-POLYMER	?
D0G	NON-POLYMER	?
D0H	NON-POLYMER	?
D0I	non-polymer	?
D0J	NON-POLYMER	?
D0K	NON-POLYMER	?
D0L	NON-POLYMER	?
D0M	non-polymer	?
D0N	saccharide	?
D0O	NON-POLYMER	?
D0P	NON-POLYMER	?
D0Q	L-peptide linking	?
D0R	peptide-like	?
D0S	NON-POLYMER	?
D0T	NON-POLYMER	?
D0U	NON-POLYMER	?
D0V	NON-POLYMER	?
D0W	NON-POLYMER	?
D0X	NON-POLYMER	?
D0Y	NON-POLYMER	?
D0Z	NON-POLYMER	?
D10	NON-POLYMER	?
D11	D-PEPTIDE LINKING	?
D12	NON-POLYMER	?
D13	NON-POLYMER	?
D14	NON-POLYMER	?
D15	non-polymer	?
D16	NON-POLYMER	?
D17	non-polymer	?
D18	NON-POLYMER	?
D19	NON-POLYMER	?
D1A	non-polymer	?
D1B	NON-POLYMER	?
D1C	NON-POLYMER	?
D1D	NON-POLYMER	?
D1E	non-polymer	?
D1F	NON-POLYMER	?
D1G	NON-POLYMER	?
D1H	NON-POLYMER	?
D1I	NON-POLYMER	?
D1J	NON-POLYMER	?
D1K	NON-POLYMER	?
D1L	NON-POLYMER	?
D1M	D-saccharide	?
D1N	NON-POLYMER	?
D1O	non-polymer	?
D1P	DNA LINKING	?
D1Q	NON-POLYMER	?
D1R	NON-POLYMER	?
D1S	NON-POLYMER	?
D1T	NON-POLYMER	?
D1U	NON-POLYMER	?
D1V	NON-POLYMER	?
D1W	NON-POLYMER	?
D1X	NON-POLYMER	?
D1Y	NON-POLYMER	?
D1Z	NON-POLYMER	?
D20	NON-POLYMER	?
D21	NON-POLYMER	?
D22	NON-POLYMER	?
D23	NON-POLYMER	?
D24	NON-POLYMER	?
D25	non-polymer	?
D26	non-polymer	?
D27	non-polymer	?
D28	non-polymer	?
D29	NON-POLYMER	?
D2A	NON-POLYMER	?
D2B	NON-POLYMER	?
D2C	NON-POLYMER	?
D2D	NON-POLYMER	?
D2E	NON-POLYMER	?
D2F	NON-POLYMER	?
D2G	NON-POLYMER	?
D2H	NON-POLYMER	?
D2I	non-polymer	?
D2J	NON-POLYMER	?
D2K	NON-POLYMER	?
D2L	NON-POLYMER	?
D2M	NON-POLYMER	?
D2N	NON-POLYMER	?
D2O	NON-POLYMER	?
D2P	NON-POLYMER	?
D2Q	NON-POLYMER	?
D2R	NON-POLYMER	?
D2S	NON-POLYMER	?
D2T	L-peptide linking	ASP
D2U	NON-POLYMER	?
D2V	NON-POLYMER	?
D2W	NON-POLYMER	?
D2X	NON-POLYMER	?
D2Y	non-polymer	?
D2Z	NON-POLYMER	?
D3	DNA LINKING	?
D30	NON-POLYMER	?
D31	NON-POLYMER	?
D32	NON-POLYMER	?
D33	DNA linking	?
D34	NON-POLYMER	?
D35	NON-POLYMER	?
D36	NON-POLYMER	?
D37	NON-POLYMER	?
D38	NON-POLYMER	?
D39	NON-POLYMER	?
D3A	NON-POLYMER	?
D3B	NON-POLYMER	?
D3C	NON-POLYMER	?
D3D	NON-POLYMER	?
D3E	NON-POLYMER	?
D3F	NON-POLYMER	?
D3G	NON-POLYMER	?
D3H	NON-POLYMER	?
D3I	non-polymer	?
D3J	NON-POLYMER	?
D3K	NON-POLYMER	?
D3L	NON-POLYMER	?
D3M	NON-POLYMER	?
D3N	DNA LINKING	?
D3O	non-polymer	?
D3P	D-PEPTIDE LINKING	?
D3Q	NON-POLYMER	?
D3R	NON-POLYMER	?
D3S	NON-POLYMER	?
D3T	DNA OH 3 PRIME TERMINUS	DT
D3U	NON-POLYMER	?
D3V	NON-POLYMER	?
D3W	NON-POLYMER	?
D3X	NON-POLYMER	?
D3Y	NON-POLYMER	?
D3Z	NON-POLYMER	?
D40	NON-POLYMER	?
D41	NON-POLYMER	?
D42	NON-POLYMER	?
D43	NON-POLYMER	?
D44	NON-POLYMER	?
D45	NON-POLYMER	?
D46	NON-POLYMER	?
D47	NON-POLYMER	?
D48	NON-POLYMER	?
D49	NON-POLYMER	?
D4A	NON-POLYMER	?
D4B	DNA LINKING	DC
D4C	NON-POLYMER	?
D4D	NON-POLYMER	?
D4E	non-polymer	?
D4F	NON-POLYMER	?
D4G	NON-POLYMER	?
D4H	NON-POLYMER	?
D4I	non-polymer	?
D4J	NON-POLYMER	?
D4K	NON-POLYMER	?
D4L	NON-POLYMER	?
D4M	DNA LINKING	DT
D4N	NON-POLYMER	?
D4O	NON-POLYMER	?
D4P	L-PEPTIDE LINKING	?
D4Q	NON-POLYMER	?
D4R	NON-POLYMER	?
D4S	NON-POLYMER	?
D4T	NON-POLYMER	?
D4U	NON-POLYMER	?
D4V	NON-POLYMER	?
D4W	NON-POLYMER	?
D4X	NON-POLYMER	?
D4Y	NON-POLYMER	?
D4Z	NON-POLYMER	?
D50	NON-POLYMER	?
D51	NON-POLYMER	?
D52	NON-POLYMER	?
D53	NON-POLYMER	?
D54	NON-POLYMER	?
D55	non-polymer	?
D56	non-polymer	?
D57	NON-POLYMER	?
D58	NON-POLYMER	?
D59	NON-POLYMER	?
D5A	non-polymer	?
D5B	NON-POLYMER	?
D5C	NON-POLYMER	?
D5D	RNA linking	?
D5E	D-saccharide	PA1
D5F	NON-POLYMER	?
D5G	NON-POLYMER	?
D5H	NON-POLYMER	?
D5I	NON-POLYMER	?
D5M	NON-POLYMER	?
D5N	NON-POLYMER	?
D5O	NON-POLYMER	?
D5P	non-polymer	?
D5Q	NON-POLYMER	?
D5R	non-polymer	?
D5S	non-polymer	?
D5T	NON-POLYMER	?
D5U	NON-POLYMER	?
D5V	NON-POLYMER	?
D5W	NON-POLYMER	?
D5X	NON-POLYMER	?
D5Y	NON-POLYMER	?
D5Z	NON-POLYMER	?
D60	NON-POLYMER	?
D61	NON-POLYMER	?
D62	NON-POLYMER	?
D63	NON-POLYMER	?
D64	non-polymer	?
D65	NON-POLYMER	?
D66	NON-POLYMER	?
D67	NON-POLYMER	?
D68	NON-POLYMER	?
D69	NON-POLYMER	?
D6A	NON-POLYMER	?
D6B	non-polymer	?
D6C	NON-POLYMER	?
D6D	NON-POLYMER	?
D6E	NON-POLYMER	?
D6F	NON-POLYMER	?
D6G	D-saccharide, alpha linking	?
D6I	non-polymer	?
D6J	non-polymer	?
D6K	NON-POLYMER	?
D6M	non-polymer	?
D6N	NON-POLYMER	?
D6O	NON-POLYMER	?
D6P	NON-POLYMER	?
D6Q	NON-POLYMER	?
D6R	NON-POLYMER	?
D6S	NON-POLYMER	?
D6T	NON-POLYMER	?
D6U	NON-POLYMER	?
D6V	NON-POLYMER	?
D6W	NON-POLYMER	?
D6X	NON-POLYMER	?
D6Y	NON-POLYMER	?
D6Z	NON-POLYMER	?
D70	non-polymer	?
D71	NON-POLYMER	?
D72	NON-POLYMER	?
D73	NON-POLYMER	?
D74	NON-POLYMER	?
D75	NON-POLYMER	?
D76	NON-POLYMER	?
D77	NON-POLYMER	?
D78	NON-POLYMER	?
D79	NON-POLYMER	?
D7A	NON-POLYMER	?
D7B	NON-POLYMER	?
D7C	NON-POLYMER	?
D7D	NON-POLYMER	?
D7E	non-polymer	?
D7F	NON-POLYMER	?
D7G	NON-POLYMER	?
D7H	NON-POLYMER	?
D7I	NON-POLYMER	?
D7J	NON-POLYMER	?
D7K	NON-POLYMER	?
D7L	NON-POLYMER	?
D7M	NON-POLYMER	?
D7N	non-polymer	?
D7O	non-polymer	?
D7P	NON-POLYMER	?
D7Q	NON-POLYMER	?
D7R	NON-POLYMER	?
D7S	NON-POLYMER	?
D7T	NON-POLYMER	?
D7U	NON-POLYMER	?
D7V	NON-POLYMER	?
D7W	NON-POLYMER	?
D7X	NON-POLYMER	?
D7Y	NON-POLYMER	?
D7Z	NON-POLYMER	?
D80	NON-POLYMER	?
D81	NON-POLYMER	?
D82	non-polymer	?
D83	NON-POLYMER	?
D84	NON-POLYMER	?
D85	non-polymer	?
D86	NON-POLYMER	?
D87	NON-POLYMER	?
D88	non-polymer	?
D89	NON-POLYMER	?
D8A	NON-POLYMER	?
D8B	NON-POLYMER	?
D8C	NON-POLYMER	?
D8D	NON-POLYMER	?
D8E	NON-POLYMER	?
D8F	NON-POLYMER	?
D8G	NON-POLYMER	?
D8H	non-polymer	?
D8I	NON-POLYMER	?
D8J	NON-POLYMER	?
D8K	NON-POLYMER	?
D8L	non-polymer	?
D8M	NON-POLYMER	?
D8N	NON-POLYMER	?
D8P	NON-POLYMER	?
D8Q	NON-POLYMER	?
D8R	L-peptide linking	LYS
D8S	non-polymer	?
D8T	NON-POLYMER	?
D8U	NON-POLYMER	?
D8V	NON-POLYMER	?
D8W	NON-POLYMER	?
D8X	NON-POLYMER	?
D8Y	NON-POLYMER	?
D8Z	NON-POLYMER	?
D90	NON-POLYMER	?
D91	NON-POLYMER	?
D92	NON-POLYMER	?
D93	NON-POLYMER	?
D94	NON-POLYMER	?
D95	NON-POLYMER	?
D96	NON-POLYMER	?
D97	NON-POLYMER	?
D98	non-polymer	?
D99	NON-POLYMER	?
D9A	NON-POLYMER	?
D9B	NON-POLYMER	?
D9C	NON-POLYMER	?
D9D	NON-POLYMER	?
D9F	NON-POLYMER	?
D9G	NON-POLYMER	?
D9H	NON-POLYMER	?
D9I	non-polymer	?
D9J	non-polymer	?
D9K	NON-POLYMER	?
D9L	NON-POLYMER	?
D9M	NON-POLYMER	?
D9N	NON-POLYMER	?
D9O	NON-POLYMER	?
D9P	NON-POLYMER	?
D9Q	NON-POLYMER	?
D9S	NON-POLYMER	?
D9T	NON-POLYMER	?
D9U	NON-POLYMER	?
D9V	NON-POLYMER	?
D9W	NON-POLYMER	?
D9X	non-polymer	?
D9Y	NON-POLYMER	?
D9Z	NON-POLYMER	?
DA	DNA LINKING	?
DA1	NON-POLYMER	?
DA2	L-PEPTIDE LINKING	ARG
DA3	NON-POLYMER	?
DA4	NON-POLYMER	?
DA5	NON-POLYMER	?
DA6	NON-POLYMER	?
DA7	NON-POLYMER	?
DA8	NON-POLYMER	?
DA9	NON-POLYMER	?
DAA	NON-POLYMER	?
DAB	L-PEPTIDE LINKING	ALA
DAC	NON-POLYMER	?
DAD	NON-POLYMER	?
DAE	NON-POLYMER	?
DAF	D-saccharide, alpha linking	?
DAG	D-saccharide, beta linking	?
DAH	L-PEPTIDE LINKING	TYR
DAI	NON-POLYMER	?
DAJ	NON-POLYMER	?
DAK	NON-POLYMER	?
DAL	D-PEPTIDE LINKING	?
DAM	PEPTIDE LINKING	?
DAN	D-saccharide	?
DAO	NON-POLYMER	?
DAP	NON-POLYMER	?
DAQ	NON-POLYMER	?
DAR	D-PEPTIDE LINKING	?
DAS	D-PEPTIDE LINKING	?
DAT	NON-POLYMER	?
DAU	NON-POLYMER	?
DAV	NON-POLYMER	?
DAW	NON-POLYMER	?
DAX	NON-POLYMER	?
DAY	NON-POLYMER	?
DAZ	NON-POLYMER	?
DB0	NON-POLYMER	?
DB1	NON-POLYMER	?
DB2	non-polymer	?
DB3	NON-POLYMER	?
DB4	NON-POLYMER	?
DB5	NON-POLYMER	?
DB6	NON-POLYMER	?
DB7	NON-POLYMER	?
DB8	NON-POLYMER	?
DB9	NON-POLYMER	?
DBA	NON-POLYMER	?
DBB	D-PEPTIDE LINKING	?
DBC	NON-POLYMER	?
DBD	NON-POLYMER	?
DBE	non-polymer	?
DBF	NON-POLYMER	?
DBG	NON-POLYMER	?
DBH	NON-POLYMER	?
DBI	NON-POLYMER	?
DBJ	NON-POLYMER	?
DBK	NON-POLYMER	?
DBM	RNA LINKING	?
DBN	NON-POLYMER	?
DBO	NON-POLYMER	?
DBP	NON-POLYMER	?
DBQ	NON-POLYMER	?
DBR	NON-POLYMER	?
DBS	L-PEPTIDE LINKING	SER
DBT	NON-POLYMER	?
DBU	PEPTIDE LINKING	THR
DBV	NON-POLYMER	?
DBW	NON-POLYMER	?
DBX	NON-POLYMER	?
DBY	L-PEPTIDE LINKING	TYR
DBZ	L-PEPTIDE LINKING	ALA
DC	DNA LINKING	?
DC0	peptide-like	?
DC1	NON-POLYMER	?
DC2	L-PEPTIDE LINKING	CYS
DC3	NON-POLYMER	?
DC4	non-polymer	?
DC5	non-polymer	?
DC6	non-polymer	?
DC7	NON-POLYMER	?
DC8	NON-POLYMER	?
DC9	non-polymer	?
DCA	NON-POLYMER	?
DCB	NON-POLYMER	?
DCC	NON-POLYMER	?
DCD	NON-POLYMER	?
DCE	NON-POLYMER	?
DCF	NON-POLYMER	?
DCG	DNA LINKING	DG
DCH	NON-POLYMER	?
DCI	NON-POLYMER	?
DCJ	non-polymer	?
DCK	NON-POLYMER	?
DCL	peptide-like	?
DCM	NON-POLYMER	?
DCN	NON-POLYMER	?
DCO	NON-POLYMER	?
DCP	NON-POLYMER	?
DCQ	NON-POLYMER	?
DCR	NON-POLYMER	?
DCS	NON-POLYMER	?
DCT	DNA LINKING	DC
DCU	NON-POLYMER	?
DCV	NON-POLYMER	?
DCW	non-polymer	?
DCX	NON-POLYMER	?
DCY	D-PEPTIDE LINKING	?
DCZ	DNA OH 5 prime terminus	?
DD0	non-polymer	?
DD1	NON-POLYMER	?
DD2	NON-POLYMER	?
DD3	NON-POLYMER	?
DD4	NON-POLYMER	?
DD5	NON-POLYMER	?
DD6	NON-POLYMER	?
DD7	NON-POLYMER	?
DD8	NON-POLYMER	?
DD9	NON-POLYMER	?
DDA	D-saccharide, beta linking	?
DDB	D-SACCHARIDE	?
DDC	NON-POLYMER	?
DDD	NON-POLYMER	?
DDE	L-PEPTIDE LINKING	HIS
DDF	NON-POLYMER	?
DDG	DNA LINKING	DG
DDH	NON-POLYMER	?
DDI	NON-POLYMER	?
DDJ	NON-POLYMER	?
DDK	NON-POLYMER	?
DDL	D-saccharide, beta linking	?
DDM	NON-POLYMER	?
DDN	DNA LINKING	DU
DDO	NON-POLYMER	?
DDP	NON-POLYMER	?
DDQ	NON-POLYMER	?
DDR	NON-POLYMER	?
DDS	NON-POLYMER	?
DDT	NON-POLYMER	?
DDU	NON-POLYMER	?
DDV	NON-POLYMER	?
DDW	NON-POLYMER	?
DDX	DNA LINKING	?
DDY	NON-POLYMER	?
DDZ	L-PEPTIDE LINKING	ALA
DE0	NON-POLYMER	?
DE1	NON-POLYMER	?
DE2	NON-POLYMER	?
DE3	NON-POLYMER	?
DE4	NON-POLYMER	?
DE5	NON-POLYMER	?
DE6	NON-POLYMER	?
DE7	NON-POLYMER	?
DE9	NON-POLYMER	?
DEA	NON-POLYMER	?
DEB	NON-POLYMER	?
DEC	NON-POLYMER	?
DED	NON-POLYMER	?
DEE	NON-POLYMER	?
DEF	NON-POLYMER	?
DEG	D-saccharide	MAN
DEH	NON-POLYMER	?
DEI	NON-POLYMER	?
DEJ	NON-POLYMER	?
DEL	saccharide	?
DEM	NON-POLYMER	?
DEN	NON-POLYMER	?
DEO	NON-POLYMER	?
DEP	NON-POLYMER	?
DEQ	NON-POLYMER	?
DER	NON-POLYMER	?
DES	NON-POLYMER	?
DET	NON-POLYMER	?
DEU	NON-POLYMER	?
DEV	NON-POLYMER	?
DEW	NON-POLYMER	?
DEX	NON-POLYMER	?
DEY	NON-POLYMER	?
DEZ	NON-POLYMER	?
DF0	NON-POLYMER	?
DF1	NON-POLYMER	?
DF2	NON-POLYMER	?
DF3	NON-POLYMER	?
DF4	NON-POLYMER	?
DF5	NON-POLYMER	?
DF6	NON-POLYMER	?
DF7	NON-POLYMER	?
DF8	NON-POLYMER	?
DF9	NON-POLYMER	?
DFA	NON-POLYMER	?
DFB	NON-POLYMER	?
DFC	DNA LINKING	DC
DFD	NON-POLYMER	?
DFE	NON-POLYMER	?
DFF	D-PEPTIDE LINKING	?
DFG	DNA LINKING	DG
DFH	NON-POLYMER	?
DFI	L-PEPTIDE LINKING	?
DFJ	NON-POLYMER	?
DFK	NON-POLYMER	?
DFL	NON-POLYMER	?
DFM	NON-POLYMER	?
DFN	NON-POLYMER	?
DFO	L-PEPTIDE LINKING	?
DFP	NON-POLYMER	?
DFQ	NON-POLYMER	?
DFR	D-saccharide, beta linking	?
DFS	NON-POLYMER	?
DFT	DNA LINKING	?
DFU	NON-POLYMER	?
DFV	NON-POLYMER	?
DFW	NON-POLYMER	?
DFX	D-saccharide	?
DFY	NON-POLYMER	?
DFZ	NON-POLYMER	?
DG	DNA LINKING	?
DG0	saccharide	?
DG1	NON-POLYMER	?
DG2	NON-POLYMER	?
DG3	NON-POLYMER	?
DG4	non-polymer	?
DG6	NON-POLYMER	?
DG7	NON-POLYMER	?
DG8	DNA LINKING	DG
DG9	NON-POLYMER	?
DGA	NON-POLYMER	?
DGB	NON-POLYMER	?
DGC	D-SACCHARIDE	?
DGD	SACCHARIDE	?
DGE	NON-POLYMER	?
DGF	NON-POLYMER	?
DGG	NON-POLYMER	?
DGH	D-PEPTIDE LINKING	?
DGI	DNA LINKING	DG
DGJ	NON-POLYMER	?
DGK	non-polymer	?
DGL	D-PEPTIDE LINKING	?
DGM	D-SACCHARIDE	?
DGN	D-PEPTIDE LINKING	?
DGO	D-saccharide	?
DGP	NON-POLYMER	DG
DGQ	NON-POLYMER	?
DGR	non-polymer	?
DGS	D-saccharide, alpha linking	?
DGT	NON-POLYMER	?
DGU	D-saccharide	?
DGV	NON-POLYMER	?
DGW	NON-POLYMER	?
DGX	NON-POLYMER	?
DGY	NON-POLYMER	?
DGZ	NON-POLYMER	?
DH1	NON-POLYMER	?
DH2	NON-POLYMER	?
DH3	NON-POLYMER	?
DH4	NON-POLYMER	?
DH5	non-polymer	?
DH6	NON-POLYMER	?
DH7	NON-POLYMER	?
DH8	NON-POLYMER	?
DH9	NON-POLYMER	?
DHA	PEPTIDE LINKING	SER
DHB	NON-POLYMER	?
DHC	NON-POLYMER	?
DHD	NON-POLYMER	?
DHE	NON-POLYMER	?
DHF	NON-POLYMER	?
DHG	NON-POLYMER	?
DHH	NON-POLYMER	?
DHI	D-PEPTIDE LINKING	?
DHJ	NON-POLYMER	?
DHK	NON-POLYMER	?
DHL	L-PEPTIDE LINKING	?
DHM	NON-POLYMER	?
DHN	L-PEPTIDE LINKING	VAL
DHO	NON-POLYMER	?
DHP	L-PEPTIDE LINKING	?
DHQ	NON-POLYMER	?
DHR	NON-POLYMER	?
DHS	NON-POLYMER	?
DHT	NON-POLYMER	?
DHU	RNA LINKING	U
DHV	D-peptide linking	?
DHY	NON-POLYMER	?
DHZ	NON-POLYMER	?
DI	DNA LINKING	?
DI0	NON-POLYMER	?
DI1	non-polymer	?
DI2	NON-POLYMER	?
DI3	NON-POLYMER	?
DI4	NON-POLYMER	?
DI5	NON-POLYMER	?
DI6	NON-POLYMER	?
DI7	L-peptide linking	TYR
DI8	L-peptide linking	?
DI9	NON-POLYMER	?
DIA	NON-POLYMER	?
DIB	NON-POLYMER	?
DIC	NON-POLYMER	?
DID	NON-POLYMER	?
DIE	NON-POLYMER	?
DIF	NON-POLYMER	?
DIG	SACCHARIDE	?
DIH	NON-POLYMER	?
DII	NON-POLYMER	?
DIJ	non-polymer	?
DIK	NON-POLYMER	?
DIL	D-PEPTIDE LINKING	?
DIM	NON-POLYMER	?
DIN	NON-POLYMER	?
DIO	NON-POLYMER	?
DIP	NON-POLYMER	?
DIQ	NON-POLYMER	?
DIR	L-PEPTIDE LINKING	ARG
DIS	NON-POLYMER	?
DISEP	L-PEPTIDE LINKING	SER
DIT	NON-POLYMER	?
DIU	NON-POLYMER	?
DIV	D-PEPTIDE LINKING	?
DIW	NON-POLYMER	?
DIX	NON-POLYMER	?
DIY	NON-POLYMER	?
DIZ	NON-POLYMER	?
DJ0	NON-POLYMER	?
DJ1	NON-POLYMER	?
DJ2	NON-POLYMER	?
DJ3	NON-POLYMER	?
DJ4	NON-POLYMER	?
DJ5	non-polymer	?
DJ6	NON-POLYMER	?
DJ8	non-polymer	?
DJ9	NON-POLYMER	?
DJB	D-saccharide, alpha linking	?
DJC	NON-POLYMER	?
DJD	L-peptide linking	PHE
DJE	D-saccharide, alpha linking	?
DJF	RNA LINKING	?
DJH	NON-POLYMER	?
DJJ	NON-POLYMER	?
DJK	NON-POLYMER	?
DJL	NON-POLYMER	?
DJM	NON-POLYMER	?
DJN	NON-POLYMER	?
DJO	NON-POLYMER	?
DJP	NON-POLYMER	?
DJQ	NON-POLYMER	?
DJR	NON-POLYMER	?
DJS	NON-POLYMER	?
DJT	NON-POLYMER	?
DJU	NON-POLYMER	?
DJV	NON-POLYMER	?
DJW	NON-POLYMER	?
DJX	NON-POLYMER	?
DJY	NON-POLYMER	?
DJZ	NON-POLYMER	?
DK0	NON-POLYMER	?
DK1	NON-POLYMER	?
DK2	NON-POLYMER	?
DK3	NON-POLYMER	?
DK4	D-saccharide	?
DK5	NON-POLYMER	?
DK6	NON-POLYMER	?
DK7	NON-POLYMER	?
DK8	non-polymer	?
DK9	NON-POLYMER	?
DKA	NON-POLYMER	?
DKB	non-polymer	?
DKD	NON-POLYMER	?
DKE	non-polymer	?
DKF	NON-POLYMER	?
DKG	NON-POLYMER	?
DKH	NON-POLYMER	?
DKI	NON-POLYMER	?
DKJ	NON-POLYMER	?
DKK	NON-POLYMER	?
DKL	NON-POLYMER	?
DKM	NON-POLYMER	?
DKN	NON-POLYMER	?
DKO	NON-POLYMER	?
DKP	NON-POLYMER	?
DKQ	NON-POLYMER	?
DKR	NON-POLYMER	?
DKS	NON-POLYMER	?
DKT	NON-POLYMER	?
DKU	NON-POLYMER	?
DKV	NON-POLYMER	?
DKW	NON-POLYMER	?
DKX	D-saccharide	?
DKY	NON-POLYMER	?
DKZ	D-saccharide	?
DL0	NON-POLYMER	?
DL1	NON-POLYMER	?
DL2	NON-POLYMER	?
DL3	NON-POLYMER	?
DL4	NON-POLYMER	?
DL5	NON-POLYMER	?
DL6	D-saccharide	?
DL7	NON-POLYMER	?
DL8	NON-POLYMER	?
DL9	NON-POLYMER	?
DLA	NON-POLYMER	?
DLB	NON-POLYMER	?
DLC	non-polymer	?
DLD	saccharide	?
DLE	D-PEPTIDE LINKING	?
DLF	L-saccharide, alpha linking	?
DLG	D-saccharide	?
DLH	NON-POLYMER	?
DLI	NON-POLYMER	?
DLJ	NON-POLYMER	?
DLK	NON-POLYMER	?
DLL	non-polymer	?
DLM	NON-POLYMER	?
DLN	non-polymer	?
DLO	non-polymer	?
DLP	NON-POLYMER	?
DLR	NON-POLYMER	?
DLS	L-PEPTIDE LINKING	LYS
DLT	non-polymer	?
DLU	NON-POLYMER	?
DLW	NON-POLYMER	?
DLX	NON-POLYMER	?
DLY	D-PEPTIDE LINKING	?
DLZ	NON-POLYMER	?
DM0	L-PEPTIDE LINKING	LYS
DM1	NON-POLYMER	?
DM2	NON-POLYMER	?
DM3	NON-POLYMER	?
DM4	NON-POLYMER	?
DM5	NON-POLYMER	?
DM6	NON-POLYMER	?
DM7	NON-POLYMER	?
DM8	NON-POLYMER	?
DM9	NON-POLYMER	?
DMA	NON-POLYMER	?
DMB	NON-POLYMER	?
DMC	NON-POLYMER	?
DMD	NON-POLYMER	?
DME	NON-POLYMER	?
DMF	NON-POLYMER	?
DMG	NON-POLYMER	?
DMH	L-PEPTIDE LINKING	ASN
DMI	NON-POLYMER	?
DMJ	NON-POLYMER	?
DMK	L-PEPTIDE LINKING	ASP
DML	NON-POLYMER	?
DMM	NON-POLYMER	?
DMN	NON-POLYMER	?
DMO	NON-POLYMER	?
DMP	NON-POLYMER	?
DMQ	NON-POLYMER	?
DMR	NON-POLYMER	?
DMS	NON-POLYMER	?
DMT	L-PEPTIDE LINKING	?
DMU	D-SACCHARIDE	?
DMV	NON-POLYMER	?
DMW	NON-POLYMER	?
DMX	NON-POLYMER	?
DMY	NON-POLYMER	?
DMZ	NON-POLYMER	?
DN	DNA LINKING	?
DN0	NON-POLYMER	?
DN1	NON-POLYMER	?
DN2	NON-POLYMER	?
DN3	NON-POLYMER	?
DN4	NON-POLYMER	?
DN5	NON-POLYMER	?
DN6	NON-POLYMER	?
DN7	NON-POLYMER	?
DN8	NON-POLYMER	?
DN9	NON-POLYMER	?
DNA	NON-POLYMER	?
DNB	NON-POLYMER	?
DNC	NON-POLYMER	?
DND	NON-POLYMER	?
DNE	D-PEPTIDE LINKING	?
DNF	NON-POLYMER	?
DNG	D-PEPTIDE LINKING	?
DNH	NON-POLYMER	?
DNI	non-polymer	?
DNJ	NON-POLYMER	?
DNK	NON-POLYMER	?
DNL	L-PEPTIDE LINKING	LYS
DNM	D-PEPTIDE LINKING	?
DNN	NON-POLYMER	?
DNO	D-saccharide	?
DNP	L-PEPTIDE LINKING	ALA
DNQ	NON-POLYMER	?
DNR	DNA LINKING	DC
DNS	L-PEPTIDE LINKING	LYS
DNT	NON-POLYMER	?
DNU	non-polymer	?
DNV	NON-POLYMER	?
DNW	L-PEPTIDE LINKING	ALA
DNX	NON-POLYMER	?
DNY	NON-POLYMER	?
DNZ	NON-POLYMER	?
DO0	non-polymer	?
DO1	NON-POLYMER	?
DO2	L-PEPTIDE LINKING	?
DO3	NON-POLYMER	?
DO4	NON-POLYMER	?
DO5	NON-POLYMER	?
DO6	NON-POLYMER	?
DO7	non-polymer	?
DO8	D-saccharide, alpha linking	KDO
DO9	NON-POLYMER	?
DOA	L-PEPTIDE LINKING	?
DOB	NON-POLYMER	?
DOC	DNA LINKING	DC
DOD	NON-POLYMER	?
DOE	NON-POLYMER	?
DOF	NON-POLYMER	?
DOG	NON-POLYMER	?
DOH	L-PEPTIDE LINKING	ASP
DOI	NON-POLYMER	?
DOJ	NON-POLYMER	?
DOK	NON-POLYMER	?
DOL	NON-POLYMER	?
DOM	saccharide	?
DON	L-PEPTIDE LINKING	LEU
DOO	NON-POLYMER	?
DOP	NON-POLYMER	?
DOQ	NON-POLYMER	?
DOR	NON-POLYMER	?
DOS	NON-POLYMER	?
DOT	NON-POLYMER	?
DOU	non-polymer	?
DOV	non-polymer	?
DOW	NON-POLYMER	?
DOX	NON-POLYMER	?
DOY	NON-POLYMER	?
DOZ	NON-POLYMER	?
DP	DNA linking	?
DP0	NON-POLYMER	?
DP1	NON-POLYMER	ARG
DP2	NON-POLYMER	?
DP3	NON-POLYMER	?
DP4	NON-POLYMER	?
DP5	saccharide	?
DP6	NON-POLYMER	?
DP7	NON-POLYMER	?
DP8	NON-POLYMER	?
DP9	NON-POLYMER	?
DPA	NON-POLYMER	?
DPB	DNA LINKING	DT
DPC	L-saccharide	?
DPD	NON-POLYMER	?
DPE	NON-POLYMER	?
DPF	NON-POLYMER	?
DPG	NON-POLYMER	?
DPH	NON-POLYMER	?
DPJ	NON-POLYMER	?
DPK	NON-POLYMER	?
DPL	L-PEPTIDE LINKING	PRO
DPM	NON-POLYMER	?
DPN	D-PEPTIDE LINKING	?
DPO	NON-POLYMER	?
DPP	L-PEPTIDE LINKING	ALA
DPQ	L-PEPTIDE LINKING	TYR
DPR	D-PEPTIDE LINKING	?
DPS	NON-POLYMER	?
DPT	NON-POLYMER	?
DPU	NON-POLYMER	?
DPV	NON-POLYMER	?
DPW	NON-POLYMER	?
DPX	NON-POLYMER	?
DPY	DNA LINKING	?
DPZ	NON-POLYMER	?
DQ0	NON-POLYMER	?
DQ1	NON-POLYMER	?
DQ2	NON-POLYMER	?
DQ3	NON-POLYMER	?
DQ4	non-polymer	?
DQ5	NON-POLYMER	?
DQ6	non-polymer	?
DQ7	non-polymer	?
DQ8	non-polymer	?
DQ9	NON-POLYMER	?
DQA	NON-POLYMER	?
DQB	NON-POLYMER	?
DQC	NON-POLYMER	?
DQD	NON-POLYMER	?
DQE	non-polymer	?
DQF	NON-POLYMER	?
DQG	NON-POLYMER	?
DQH	NON-POLYMER	?
DQI	non-polymer	?
DQJ	NON-POLYMER	?
DQK	NON-POLYMER	?
DQL	NON-POLYMER	?
DQM	NON-POLYMER	?
DQN	NON-POLYMER	?
DQO	NON-POLYMER	?
DQP	NON-POLYMER	?
DQQ	D-SACCHARIDE	?
DQR	saccharide	?
DQS	NON-POLYMER	?
DQT	NON-POLYMER	?
DQU	NON-POLYMER	?
DQV	NON-POLYMER	?
DQW	NON-POLYMER	?
DQX	NON-POLYMER	?
DQY	NON-POLYMER	?
DQZ	NON-POLYMER	?
DR0	NON-POLYMER	?
DR1	NON-POLYMER	?
DR2	saccharide	?
DR3	saccharide	?
DR4	SACCHARIDE	?
DR5	saccharide	?
DR6	NON-POLYMER	?
DR7	NON-POLYMER	?
DR8	NON-POLYMER	?
DR9	NON-POLYMER	?
DRA	NON-POLYMER	?
DRB	NON-POLYMER	?
DRC	NON-POLYMER	?
DRD	NON-POLYMER	?
DRE	NON-POLYMER	?
DRF	NON-POLYMER	?
DRG	NON-POLYMER	?
DRH	NON-POLYMER	?
DRI	D-saccharide, beta linking	?
DRJ	NON-POLYMER	?
DRK	NON-POLYMER	?
DRL	NON-POLYMER	?
DRM	DNA LINKING	DU
DRN	non-polymer	?
DRO	non-polymer	?
DRP	DNA LINKING	?
DRQ	NON-POLYMER	?
DRR	NON-POLYMER	?
DRS	NON-POLYMER	?
DRT	DNA LINKING	DT
DRU	NON-POLYMER	?
DRV	NON-POLYMER	?
DRW	NON-POLYMER	?
DRX	NON-POLYMER	?
DRY	NON-POLYMER	?
DRZ	DNA LINKING	?
DS0	non-polymer	?
DS1	NON-POLYMER	?
DS2	NON-POLYMER	?
DS3	NON-POLYMER	?
DS4	NON-POLYMER	?
DS5	NON-POLYMER	?
DS6	NON-POLYMER	?
DS7	NON-POLYMER	?
DS8	NON-POLYMER	?
DS9	NON-POLYMER	?
DSA	NON-POLYMER	?
DSB	NON-POLYMER	?
DSC	NON-POLYMER	?
DSD	NON-POLYMER	?
DSE	D-PEPTIDE LINKING	?
DSF	NON-POLYMER	?
DSG	D-PEPTIDE LINKING	?
DSH	NON-POLYMER	?
DSI	NON-POLYMER	?
DSJ	NON-POLYMER	?
DSK	NON-POLYMER	?
DSL	non-polymer	?
DSM	NON-POLYMER	?
DSN	D-PEPTIDE LINKING	?
DSO	NON-POLYMER	?
DSP	D-PEPTIDE LINKING	?
DSQ	NON-POLYMER	?
DSR	D-saccharide, beta linking	?
DSS	NON-POLYMER	?
DST	NON-POLYMER	?
DSU	NON-POLYMER	?
DSV	NON-POLYMER	?
DSX	NON-POLYMER	?
DSY	NON-POLYMER	?
DSZ	NON-POLYMER	?
DT	DNA LINKING	?
DT0	NON-POLYMER	?
DT1	NON-POLYMER	?
DT2	NON-POLYMER	?
DT3	NON-POLYMER	?
DT4	NON-POLYMER	?
DT5	NON-POLYMER	?
DT6	D-saccharide, beta linking	?
DT7	NON-POLYMER	?
DT8	NON-POLYMER	?
DT9	NON-POLYMER	?
DTA	NON-POLYMER	?
DTB	NON-POLYMER	?
DTC	NON-POLYMER	?
DTD	NON-POLYMER	?
DTE	non-polymer	?
DTF	NON-POLYMER	?
DTG	NON-POLYMER	?
DTH	D-PEPTIDE LINKING	?
DTI	NON-POLYMER	?
DTJ	NON-POLYMER	?
DTK	NON-POLYMER	?
DTL	NON-POLYMER	?
DTM	NON-POLYMER	?
DTN	NON-POLYMER	?
DTO	NON-POLYMER	?
DTP	NON-POLYMER	?
DTQ	NON-POLYMER	?
DTR	D-PEPTIDE LINKING	?
DTS	NON-POLYMER	?
DTT	NON-POLYMER	?
DTU	NON-POLYMER	?
DTV	NON-POLYMER	?
DTW	NON-POLYMER	?
DTX	NON-POLYMER	?
DTY	D-PEPTIDE LINKING	?
DTZ	NON-POLYMER	?
DU	DNA LINKING	?
DU0	NON-POLYMER	?
DU1	NON-POLYMER	?
DU2	NON-POLYMER	?
DU3	NON-POLYMER	?
DU4	NON-POLYMER	?
DU5	NON-POLYMER	?
DU6	NON-POLYMER	?
DU7	NON-POLYMER	?
DU8	NON-POLYMER	?
DU9	NON-POLYMER	?
DUA	NON-POLYMER	?
DUB	NON-POLYMER	?
DUC	NON-POLYMER	?
DUD	NON-POLYMER	?
DUE	NON-POLYMER	?
DUG	NON-POLYMER	?
DUH	NON-POLYMER	?
DUI	non-polymer	?
DUK	NON-POLYMER	?
DUL	NON-POLYMER	?
DUM	NON-POLYMER	?
DUN	NON-POLYMER	?
DUO	NON-POLYMER	?
DUP	NON-POLYMER	?
DUQ	non-polymer	?
DUR	NON-POLYMER	?
DUS	NON-POLYMER	?
DUT	NON-POLYMER	?
DUU	NON-POLYMER	?
DUV	NON-POLYMER	?
DUW	NON-POLYMER	?
DUX	NON-POLYMER	?
DUY	NON-POLYMER	?
DUZ	DNA linking	DU
DV0	NON-POLYMER	?
DV1	NON-POLYMER	?
DV2	NON-POLYMER	?
DV3	NON-POLYMER	?
DV4	NON-POLYMER	?
DV5	NON-POLYMER	?
DV6	NON-POLYMER	?
DV7	L-peptide linking	?
DV8	NON-POLYMER	?
DV9	L-peptide linking	GLU
DVA	D-PEPTIDE LINKING	?
DVC	L-saccharide, alpha linking	?
DVD	NON-POLYMER	?
DVE	NON-POLYMER	?
DVF	non-polymer	?
DVG	NON-POLYMER	?
DVH	NON-POLYMER	?
DVI	non-polymer	?
DVJ	NON-POLYMER	?
DVK	NON-POLYMER	?
DVL	non-polymer	?
DVM	NON-POLYMER	?
DVN	NON-POLYMER	?
DVO	non-polymer	?
DVP	NON-POLYMER	?
DVQ	NON-POLYMER	?
DVR	NON-POLYMER	?
DVS	non-polymer	?
DVT	NON-POLYMER	?
DVU	non-polymer	?
DVW	NON-POLYMER	?
DVX	NON-POLYMER	?
DVY	non-polymer	?
DVZ	NON-POLYMER	?
DW0	non-polymer	?
DW1	NON-POLYMER	?
DW2	NON-POLYMER	?
DW3	NON-POLYMER	?
DW4	NON-POLYMER	?
DW5	NON-POLYMER	?
DW6	non-polymer	?
DW7	NON-POLYMER	?
DW8	NON-POLYMER	?
DW9	NON-POLYMER	?
DWA	NON-POLYMER	?
DWB	NON-POLYMER	?
DWC	NON-POLYMER	?
DWD	NON-POLYMER	?
DWE	NON-POLYMER	?
DWF	NON-POLYMER	?
DWG	NON-POLYMER	?
DWH	NON-POLYMER	?
DWI	non-polymer	?
DWJ	NON-POLYMER	?
DWK	NON-POLYMER	?
DWM	NON-POLYMER	?
DWN	NON-POLYMER	?
DWP	NON-POLYMER	?
DWQ	NON-POLYMER	?
DWS	NON-POLYMER	?
DWT	NON-POLYMER	?
DWV	NON-POLYMER	?
DWW	NON-POLYMER	?
DWX	NON-POLYMER	?
DWY	NON-POLYMER	?
DWZ	NON-POLYMER	?
DX	DNA linking	?
DX0	non-polymer	?
DX1	NON-POLYMER	?
DX2	NON-POLYMER	?
DX3	NON-POLYMER	?
DX4	NON-POLYMER	?
DX5	NON-POLYMER	?
DX6	NON-POLYMER	?
DX7	NON-POLYMER	?
DX8	NON-POLYMER	?
DX9	NON-POLYMER	?
DXA	NON-POLYMER	?
DXB	NON-POLYMER	?
DXC	NON-POLYMER	?
DXD	DNA LINKING	?
DXE	NON-POLYMER	?
DXF	NON-POLYMER	?
DXG	NON-POLYMER	?
DXH	NON-POLYMER	?
DXJ	NON-POLYMER	?
DXK	NON-POLYMER	?
DXL	NON-POLYMER	?
DXM	NON-POLYMER	?
DXN	DNA LINKING	?
DXO	non-polymer	?
DXP	NON-POLYMER	?
DXQ	NON-POLYMER	?
DXR	NON-POLYMER	?
DXS	NON-POLYMER	?
DXT	NON-POLYMER	?
DXU	NON-POLYMER	?
DXV	NON-POLYMER	?
DXW	NON-POLYMER	?
DXX	NON-POLYMER	?
DXY	NON-POLYMER	?
DXZ	NON-POLYMER	?
DY	NON-POLYMER	?
DY0	NON-POLYMER	?
DY1	NON-POLYMER	?
DY2	NON-POLYMER	?
DY3	NON-POLYMER	?
DY4	NON-POLYMER	?
DY5	NON-POLYMER	?
DY6	NON-POLYMER	?
DY7	NON-POLYMER	?
DY8	NON-POLYMER	?
DY9	NON-POLYMER	?
DYA	L-PEPTIDE LINKING	ASP
DYB	NON-POLYMER	?
DYC	NON-POLYMER	?
DYD	NON-POLYMER	?
DYF	NON-POLYMER	?
DYG	L-PEPTIDE LINKING	ASP, TYR, GLY
DYH	NON-POLYMER	?
DYI	non-polymer	?
DYJ	L-peptide linking	PRO
DYK	NON-POLYMER	?
DYL	D-PEPTIDE LINKING	?
DYM	L-saccharide	?
DYN	NON-POLYMER	?
DYO	non-polymer	?
DYP	NON-POLYMER	?
DYQ	non-polymer	?
DYR	NON-POLYMER	?
DYS	L-PEPTIDE LINKING	CYS
DYT	NON-POLYMER	?
DYU	NON-POLYMER	?
DYV	NON-POLYMER	?
DYW	NON-POLYMER	?
DYX	NON-POLYMER	?
DYY	NON-POLYMER	?
DYZ	NON-POLYMER	?
DZ	DNA linking	?
DZ0	NON-POLYMER	?
DZ1	NON-POLYMER	?
DZ2	NON-POLYMER	?
DZ3	NON-POLYMER	?
DZ4	NON-POLYMER	?
DZ5	NON-POLYMER	?
DZ6	NON-POLYMER	?
DZ7	NON-POLYMER	?
DZ8	NON-POLYMER	?
DZ9	NON-POLYMER	?
DZA	non-polymer	?
DZB	NON-POLYMER	?
DZC	NON-POLYMER	?
DZD	NON-POLYMER	?
DZE	NON-POLYMER	?
DZF	NON-POLYMER	?
DZG	NON-POLYMER	?
DZH	NON-POLYMER	?
DZI	non-polymer	?
DZJ	NON-POLYMER	?
DZK	NON-POLYMER	?
DZL	non-polymer	?
DZM	DNA LINKING	DA
DZN	NON-POLYMER	?
DZO	NON-POLYMER	?
DZP	NON-POLYMER	?
DZQ	non-polymer	?
DZR	NON-POLYMER	?
DZS	NON-POLYMER	?
DZT	NON-POLYMER	?
DZU	NON-POLYMER	?
DZV	NON-POLYMER	?
DZW	NON-POLYMER	?
DZX	non-polymer	?
DZY	NON-POLYMER	?
DZZ	NON-POLYMER	?
E	DNA LINKING	DA
E00	non-polymer	?
E01	NON-POLYMER	?
E02	NON-POLYMER	?
E03	D-peptide linking	?
E04	NON-POLYMER	?
E05	NON-POLYMER	?
E06	non-polymer	?
E07	NON-POLYMER	?
E08	NON-POLYMER	?
E09	NON-POLYMER	?
E0A	NON-POLYMER	?
E0B	NON-POLYMER	?
E0C	NON-POLYMER	?
E0D	NON-POLYMER	?
E0E	NON-POLYMER	?
E0F	NON-POLYMER	?
E0G	NON-POLYMER	?
E0H	NON-POLYMER	?
E0J	NON-POLYMER	?
E0K	NON-POLYMER	?
E0L	NON-POLYMER	?
E0M	NON-POLYMER	?
E0N	NON-POLYMER	?
E0O	non-polymer	?
E0P	NON-POLYMER	?
E0Q	NON-POLYMER	?
E0R	non-polymer	?
E0S	NON-POLYMER	?
E0T	NON-POLYMER	?
E0U	non-polymer	?
E0V	NON-POLYMER	?
E0X	non-polymer	?
E0Y	L-peptide linking	PRO
E0Z	NON-POLYMER	?
E10	NON-POLYMER	?
E11	NON-POLYMER	?
E12	NON-POLYMER	?
E13	peptide-like	?
E14	peptide-like	?
E15	peptide-like	?
E16	peptide-like	?
E17	peptide-like	?
E18	non-polymer	?
E1B	NON-POLYMER	?
E1C	non-polymer	?
E1D	NON-POLYMER	?
E1E	NON-POLYMER	?
E1F	NON-POLYMER	?
E1G	NON-POLYMER	?
E1H	NON-POLYMER	?
E1I	non-polymer	?
E1J	NON-POLYMER	?
E1K	NON-POLYMER	?
E1L	non-polymer	?
E1M	NON-POLYMER	?
E1N	NON-POLYMER	?
E1O	non-polymer	?
E1P	NON-POLYMER	?
E1R	non-polymer	?
E1S	NON-POLYMER	?
E1T	NON-POLYMER	?
E1U	non-polymer	?
E1V	non-polymer	?
E1W	NON-POLYMER	?
E1X	DNA LINKING	DA
E1Z	non-polymer	?
E20	NON-POLYMER	?
E21	NON-POLYMER	?
E22	NON-POLYMER	?
E23	NON-POLYMER	?
E24	NON-POLYMER	?
E26	NON-POLYMER	?
E27	NON-POLYMER	?
E28	NON-POLYMER	?
E29	non-polymer	?
E2A	non-polymer	?
E2B	NON-POLYMER	?
E2C	non-polymer	?
E2E	non-polymer	?
E2F	non-polymer	?
E2G	peptide-like	?
E2H	non-polymer	?
E2I	NON-POLYMER	?
E2J	NON-POLYMER	?
E2K	NON-POLYMER	?
E2L	non-polymer	?
E2M	NON-POLYMER	?
E2N	NON-POLYMER	?
E2O	non-polymer	?
E2P	NON-POLYMER	?
E2Q	NON-POLYMER	?
E2R	non-polymer	?
E2T	NON-POLYMER	?
E2U	non-polymer	?
E2V	NON-POLYMER	?
E2W	NON-POLYMER	?
E2X	non-polymer	?
E2Y	non-polymer	?
E2Z	NON-POLYMER	?
E30	non-polymer	?
E31	NON-POLYMER	?
E32	NON-POLYMER	?
E33	non-polymer	?
E34	NON-POLYMER	?
E35	NON-POLYMER	?
E36	NON-POLYMER	?
E37	NON-POLYMER	?
E38	NON-POLYMER	?
E39	non-polymer	?
E3A	NON-POLYMER	?
E3B	NON-POLYMER	?
E3C	RNA linking	C
E3D	NON-POLYMER	?
E3E	NON-POLYMER	?
E3F	non-polymer	?
E3G	NON-POLYMER	?
E3H	NON-POLYMER	?
E3I	non-polymer	?
E3J	non-polymer	?
E3K	NON-POLYMER	?
E3M	D-saccharide	?
E3N	NON-POLYMER	?
E3O	NON-POLYMER	?
E3P	NON-POLYMER	?
E3Q	NON-POLYMER	?
E3R	non-polymer	?
E3S	NON-POLYMER	?
E3T	NON-POLYMER	?
E3U	non-polymer	?
E3V	NON-POLYMER	?
E3W	non-polymer	?
E3X	non-polymer	?
E3Y	NON-POLYMER	?
E3Z	NON-POLYMER	?
E40	NON-POLYMER	?
E41	non-polymer	?
E42	NON-POLYMER	?
E43	NON-POLYMER	?
E44	NON-POLYMER	?
E45	non-polymer	?
E46	non-polymer	?
E47	non-polymer	?
E48	NON-POLYMER	?
E49	NON-POLYMER	?
E4A	NON-POLYMER	?
E4B	NON-POLYMER	?
E4C	non-polymer	?
E4D	NON-POLYMER	?
E4E	NON-POLYMER	?
E4F	NON-POLYMER	?
E4G	NON-POLYMER	?
E4H	NON-POLYMER	?
E4I	non-polymer	?
E4J	NON-POLYMER	?
E4K	NON-POLYMER	?
E4L	non-polymer	?
E4M	NON-POLYMER	?
E4N	NON-POLYMER	?
E4O	non-polymer	?
E4P	SACCHARIDE	?
E4Q	NON-POLYMER	?
E4R	non-polymer	?
E4S	NON-POLYMER	?
E4T	NON-POLYMER	?
E4U	non-polymer	?
E4V	NON-POLYMER	?
E4W	NON-POLYMER	?
E4X	non-polymer	?
E4Y	NON-POLYMER	?
E4Z	NON-POLYMER	?
E50	NON-POLYMER	?
E51	NON-POLYMER	?
E52	NON-POLYMER	?
E53	non-polymer	?
E55	NON-POLYMER	?
E56	non-polymer	?
E57	NON-POLYMER	?
E58	non-polymer	?
E59	NON-POLYMER	?
E5A	NON-POLYMER	?
E5B	non-polymer	?
E5C	non-polymer	?
E5D	NON-POLYMER	?
E5E	NON-POLYMER	?
E5G	D-saccharide	GLC
E5H	NON-POLYMER	?
E5I	non-polymer	?
E5J	NON-POLYMER	?
E5K	NON-POLYMER	?
E5L	non-polymer	?
E5M	NON-POLYMER	?
E5N	NON-POLYMER	?
E5O	non-polymer	?
E5P	NON-POLYMER	?
E5Q	NON-POLYMER	?
E5R	non-polymer	?
E5S	NON-POLYMER	?
E5T	NON-POLYMER	?
E5U	non-polymer	?
E5V	NON-POLYMER	?
E5W	NON-POLYMER	?
E5X	non-polymer	?
E5Y	NON-POLYMER	?
E5Z	NON-POLYMER	?
E60	non-polymer	?
E61	NON-POLYMER	?
E62	NON-POLYMER	?
E63	NON-POLYMER	?
E64	NON-POLYMER	?
E65	NON-POLYMER	?
E66	non-polymer	?
E67	NON-POLYMER	?
E68	NON-POLYMER	?
E69	PEPTIDE-LIKE	?
E6A	NON-POLYMER	?
E6B	NON-POLYMER	?
E6C	NON-POLYMER	?
E6D	NON-POLYMER	?
E6E	NON-POLYMER	?
E6F	non-polymer	?
E6G	RNA linking	G
E6H	non-polymer	?
E6I	non-polymer	?
E6J	NON-POLYMER	?
E6K	non-polymer	?
E6L	non-polymer	?
E6M	NON-POLYMER	?
E6N	NON-POLYMER	?
E6O	non-polymer	?
E6P	NON-POLYMER	?
E6Q	NON-POLYMER	?
E6R	non-polymer	?
E6S	NON-POLYMER	?
E6T	NON-POLYMER	?
E6U	NON-POLYMER	?
E6V	NON-POLYMER	?
E6W	NON-POLYMER	?
E6Y	NON-POLYMER	?
E6Z	NON-POLYMER	?
E70	NON-POLYMER	?
E71	NON-POLYMER	?
E72	NON-POLYMER	?
E74	NON-POLYMER	?
E75	NON-POLYMER	?
E77	NON-POLYMER	?
E78	NON-POLYMER	?
E79	non-polymer	?
E7A	NON-POLYMER	?
E7B	NON-POLYMER	?
E7C	non-polymer	?
E7D	NON-POLYMER	?
E7E	NON-POLYMER	?
E7F	non-polymer	?
E7G	RNA linking	G
E7H	NON-POLYMER	?
E7I	non-polymer	?
E7J	non-polymer	?
E7K	non-polymer	?
E7L	non-polymer	?
E7M	NON-POLYMER	?
E7N	NON-POLYMER	?
E7O	non-polymer	?
E7P	NON-POLYMER	?
E7Q	NON-POLYMER	?
E7R	non-polymer	?
E7S	NON-POLYMER	?
E7T	non-polymer	?
E7U	non-polymer	?
E7V	NON-POLYMER	?
E7W	NON-POLYMER	?
E7X	non-polymer	?
E7Y	NON-POLYMER	?
E7Z	NON-POLYMER	?
E80	non-polymer	?
E81	non-polymer	?
E82	NON-POLYMER	?
E83	non-polymer	?
E84	non-polymer	?
E85	NON-POLYMER	?
E86	NON-POLYMER	?
E87	NON-POLYMER	?
E88	NON-POLYMER	?
E89	NON-POLYMER	?
E8B	NON-POLYMER	?
E8C	NON-POLYMER	?
E8D	NON-POLYMER	?
E8E	NON-POLYMER	?
E8F	NON-POLYMER	?
E8G	NON-POLYMER	?
E8H	NON-POLYMER	?
E8I	non-polymer	?
E8J	NON-POLYMER	?
E8K	NON-POLYMER	?
E8L	non-polymer	?
E8M	NON-POLYMER	?
E8N	NON-POLYMER	?
E8O	non-polymer	?
E8P	NON-POLYMER	?
E8Q	non-polymer	?
E8R	NON-POLYMER	?
E8S	NON-POLYMER	?
E8T	non-polymer	?
E8U	non-polymer	?
E8V	NON-POLYMER	?
E8W	NON-POLYMER	?
E8X	non-polymer	?
E8Y	non-polymer	?
E8Z	NON-POLYMER	?
E90	NON-POLYMER	?
E91	NON-POLYMER	?
E92	NON-POLYMER	?
E93	non-polymer	?
E94	NON-POLYMER	?
E95	L-peptide linking	?
E96	NON-POLYMER	?
E97	NON-POLYMER	?
E98	NON-POLYMER	?
E9A	NON-POLYMER	?
E9B	non-polymer	?
E9C	L-peptide linking	TYR
E9D	NON-POLYMER	?
E9E	NON-POLYMER	?
E9F	non-polymer	?
E9G	NON-POLYMER	?
E9H	NON-POLYMER	?
E9I	non-polymer	?
E9J	NON-POLYMER	?
E9K	NON-POLYMER	?
E9L	NON-POLYMER	?
E9M	L-peptide linking	TRP
E9N	NON-POLYMER	?
E9O	non-polymer	?
E9P	NON-POLYMER	?
E9Q	NON-POLYMER	?
E9R	non-polymer	?
E9S	NON-POLYMER	?
E9T	NON-POLYMER	?
E9U	non-polymer	?
E9V	L-peptide linking	HIS
E9W	NON-POLYMER	?
E9X	non-polymer	?
E9Y	NON-POLYMER	?
E9Z	NON-POLYMER	?
EA0	non-polymer	?
EA1	NON-POLYMER	?
EA2	NON-POLYMER	?
EA3	NON-POLYMER	?
EA4	NON-POLYMER	?
EA5	NON-POLYMER	?
EA6	non-polymer	?
EA7	NON-POLYMER	?
EA9	non-polymer	?
EAA	NON-POLYMER	?
EAB	NON-POLYMER	?
EAC	NON-POLYMER	?
EAD	NON-POLYMER	?
EAE	non-polymer	?
EAF	non-polymer	?
EAG	D-saccharide	NAG
EAH	NON-POLYMER	?
EAI	non-polymer	?
EAJ	NON-POLYMER	?
EAK	non-polymer	?
EAL	NON-POLYMER	?
EAM	NON-POLYMER	?
EAN	DNA linking	DT
EAO	non-polymer	?
EAP	NON-POLYMER	?
EAQ	NON-POLYMER	?
EAR	non-polymer	?
EAS	NON-POLYMER	?
EAT	NON-POLYMER	?
EAU	NON-POLYMER	?
EAV	NON-POLYMER	?
EAW	NON-POLYMER	?
EAX	NON-POLYMER	?
EAY	NON-POLYMER	?
EAZ	NON-POLYMER	?
EB0	NON-POLYMER	?
EB1	NON-POLYMER	?
EB2	NON-POLYMER	?
EB3	NON-POLYMER	?
EB4	NON-POLYMER	?
EB5	NON-POLYMER	?
EB6	non-polymer	?
EB7	NON-POLYMER	?
EB8	NON-POLYMER	?
EB9	NON-POLYMER	?
EBB	NON-POLYMER	?
EBC	NON-POLYMER	?
EBD	NON-POLYMER	?
EBE	NON-POLYMER	?
EBF	non-polymer	?
EBG	D-saccharide	GLC
EBH	NON-POLYMER	?
EBI	NON-POLYMER	?
EBJ	NON-POLYMER	?
EBK	NON-POLYMER	?
EBL	non-polymer	?
EBM	NON-POLYMER	?
EBN	NON-POLYMER	?
EBO	non-polymer	?
EBP	NON-POLYMER	?
EBQ	D-saccharide	GLC
EBR	non-polymer	?
EBS	NON-POLYMER	?
EBT	NON-POLYMER	?
EBU	NON-POLYMER	?
EBV	NON-POLYMER	?
EBW	NON-POLYMER	?
EBX	non-polymer	?
EBY	NON-POLYMER	?
EBZ	non-polymer	?
EC0	non-polymer	?
EC2	non-polymer	?
EC3	non-polymer	?
EC4	NON-POLYMER	?
EC5	non-polymer	?
EC6	peptide-like	?
EC7	NON-POLYMER	?
EC8	NON-POLYMER	?
EC9	non-polymer	?
ECA	NON-POLYMER	?
ECB	NON-POLYMER	?
ECC	L-PEPTIDE LINKING	GLN
ECD	NON-POLYMER	?
ECE	NON-POLYMER	?
ECF	non-polymer	?
ECG	NON-POLYMER	?
ECH	NON-POLYMER	?
ECI	non-polymer	?
ECJ	NON-POLYMER	?
ECK	non-polymer	?
ECL	NON-POLYMER	?
ECM	NON-POLYMER	?
ECN	NON-POLYMER	?
ECO	NON-POLYMER	?
ECP	NON-POLYMER	?
ECQ	NON-POLYMER	?
ECR	non-polymer	?
ECS	NON-POLYMER	?
ECT	NON-POLYMER	?
ECU	non-polymer	?
ECV	NON-POLYMER	?
ECW	non-polymer	?
ECX	L-PEPTIDE LINKING	CYS
ECY	NON-POLYMER	?
ECZ	non-polymer	?
ED0	non-polymer	?
ED1	NON-POLYMER	?
ED2	NON-POLYMER	?
ED3	non-polymer	?
ED4	NON-POLYMER	?
ED5	NON-POLYMER	?
ED6	L-saccharide	FUL
ED7	NON-POLYMER	?
ED8	NON-POLYMER	?
ED9	NON-POLYMER	?
EDA	DNA LINKING	DA
EDB	NON-POLYMER	?
EDC	DNA LINKING	?
EDD	NON-POLYMER	?
EDE	NON-POLYMER	?
EDF	non-polymer	?
EDG	non-polymer	?
EDH	NON-POLYMER	?
EDI	DNA LINKING	?
EDJ	NON-POLYMER	?
EDK	NON-POLYMER	?
EDM	NON-POLYMER	?
EDN	non-polymer	?
EDO	NON-POLYMER	?
EDP	NON-POLYMER	?
EDR	NON-POLYMER	?
EDS	NON-POLYMER	?
EDT	NON-POLYMER	?
EDU	NON-POLYMER	?
EDV	NON-POLYMER	?
EDX	non-polymer	?
EDZ	NON-POLYMER	?
EE0	non-polymer	?
EE1	NON-POLYMER	?
EE2	non-polymer	?
EE3	non-polymer	?
EE4	NON-POLYMER	?
EE5	NON-POLYMER	?
EE6	non-polymer	?
EE7	NON-POLYMER	?
EE8	NON-POLYMER	?
EE9	non-polymer	?
EEA	NON-POLYMER	?
EEB	NON-POLYMER	?
EEC	NON-POLYMER	?
EED	NON-POLYMER	?
EEE	NON-POLYMER	?
EEF	peptide-like	?
EEG	NON-POLYMER	?
EEH	non-polymer	?
EEI	non-polymer	?
EEJ	NON-POLYMER	?
EEK	NON-POLYMER	?
EEL	non-polymer	?
EEM	NON-POLYMER	?
EEN	D-saccharide, alpha linking	A2G
EEO	non-polymer	?
EEP	L-peptide linking	?
EEQ	D-saccharide, alpha linking	A2G
EER	non-polymer	?
EES	NON-POLYMER	?
EET	NON-POLYMER	?
EEU	non-polymer	?
EEV	NON-POLYMER	?
EEW	NON-POLYMER	?
EEX	non-polymer	?
EEY	NON-POLYMER	?
EEZ	NON-POLYMER	?
EF0	non-polymer	?
EF1	NON-POLYMER	?
EF2	non-polymer	?
EF3	NON-POLYMER	?
EF4	NON-POLYMER	?
EF5	NON-POLYMER	?
EF6	NON-POLYMER	?
EF8	NON-POLYMER	?
EF9	non-polymer	?
EFA	NON-POLYMER	?
EFB	NON-POLYMER	?
EFC	L-PEPTIDE LINKING	CYS
EFD	NON-POLYMER	?
EFE	NON-POLYMER	?
EFF	non-polymer	?
EFG	NON-POLYMER	DG
EFH	non-polymer	?
EFI	non-polymer	?
EFJ	non-polymer	?
EFK	NON-POLYMER	?
EFL	NON-POLYMER	?
EFM	NON-POLYMER	?
EFN	NON-POLYMER	?
EFO	NON-POLYMER	?
EFP	NON-POLYMER	?
EFQ	NON-POLYMER	?
EFR	non-polymer	?
EFS	NON-POLYMER	?
EFT	NON-POLYMER	?
EFU	NON-POLYMER	?
EFV	NON-POLYMER	?
EFW	NON-POLYMER	?
EFX	NON-POLYMER	?
EFY	NON-POLYMER	?
EFZ	NON-POLYMER	?
EG0	non-polymer	?
EG1	NON-POLYMER	?
EG2	NON-POLYMER	?
EG3	NON-POLYMER	?
EG5	NON-POLYMER	?
EG6	NON-POLYMER	?
EG7	NON-POLYMER	?
EG8	NON-POLYMER	?
EGA	D-saccharide	GAL
EGB	non-polymer	?
EGC	NON-POLYMER	?
EGD	NON-POLYMER	?
EGE	NON-POLYMER	?
EGF	non-polymer	?
EGG	NON-POLYMER	?
EGH	NON-POLYMER	?
EGI	non-polymer	?
EGJ	NON-POLYMER	?
EGK	non-polymer	?
EGL	NON-POLYMER	?
EGM	NON-POLYMER	?
EGN	NON-POLYMER	?
EGO	non-polymer	?
EGP	NON-POLYMER	?
EGR	NON-POLYMER	?
EGT	NON-POLYMER	?
EGU	non-polymer	?
EGV	NON-POLYMER	?
EGW	NON-POLYMER	?
EGX	non-polymer	?
EGY	NON-POLYMER	?
EGZ	NON-POLYMER	?
EH0	non-polymer	?
EH1	NON-POLYMER	?
EH2	NON-POLYMER	?
EH3	non-polymer	?
EH5	NON-POLYMER	?
EH6	non-polymer	?
EH8	NON-POLYMER	?
EH9	NON-POLYMER	?
EHA	NON-POLYMER	?
EHB	NON-POLYMER	?
EHC	non-polymer	?
EHD	NON-POLYMER	?
EHE	NON-POLYMER	?
EHF	NON-POLYMER	?
EHG	DNA LINKING	DG
EHH	NON-POLYMER	?
EHI	non-polymer	?
EHK	NON-POLYMER	?
EHL	non-polymer	?
EHM	NON-POLYMER	?
EHN	NON-POLYMER	?
EHO	non-polymer	?
EHP	L-PEPTIDE LINKING	PHE
EHQ	NON-POLYMER	?
EHR	non-polymer	?
EHS	non-polymer	?
EHT	NON-POLYMER	?
EHU	non-polymer	?
EHV	NON-POLYMER	?
EHW	NON-POLYMER	?
EHX	non-polymer	?
EHY	NON-POLYMER	?
EHZ	NON-POLYMER	?
EI0	non-polymer	?
EI1	NON-POLYMER	?
EI2	non-polymer	?
EI3	NON-POLYMER	?
EI4	L-peptide linking	ARG
EI5	non-polymer	?
EI6	non-polymer	?
EI7	non-polymer	?
EI8	NON-POLYMER	?
EI9	NON-POLYMER	?
EIA	non-polymer	?
EIB	non-polymer	?
EIC	NON-POLYMER	?
EID	non-polymer	?
EIE	non-polymer	?
EIF	non-polymer	?
EIG	non-polymer	?
EIH	non-polymer	?
EII	non-polymer	?
EIJ	non-polymer	?
EIK	non-polymer	?
EIL	non-polymer	?
EIM	NON-POLYMER	?
EIN	NON-POLYMER	?
EIO	non-polymer	?
EIP	NON-POLYMER	?
EIQ	non-polymer	?
EIS	NON-POLYMER	?
EIT	RNA LINKING	DT
EIU	non-polymer	?
EIV	non-polymer	?
EIW	non-polymer	?
EIX	DNA linking	DC
EIZ	non-polymer	?
EJ1	NON-POLYMER	?
EJ2	NON-POLYMER	?
EJ3	non-polymer	?
EJ4	NON-POLYMER	?
EJ5	NON-POLYMER	?
EJ6	non-polymer	?
EJ7	NON-POLYMER	?
EJ8	NON-POLYMER	?
EJ9	non-polymer	?
EJA	L-peptide linking	CYS
EJB	non-polymer	?
EJC	non-polymer	?
EJD	NON-POLYMER	?
EJE	NON-POLYMER	?
EJF	non-polymer	?
EJG	non-polymer	?
EJH	NON-POLYMER	?
EJI	non-polymer	?
EJJ	PEPTIDE LINKING	GLY
EJK	NON-POLYMER	?
EJL	non-polymer	?
EJM	L-peptide linking	?
EJN	NON-POLYMER	?
EJO	non-polymer	?
EJP	NON-POLYMER	?
EJQ	NON-POLYMER	?
EJR	non-polymer	?
EJS	NON-POLYMER	?
EJT	SACCHARIDE	?
EJU	non-polymer	?
EJV	NON-POLYMER	?
EJW	NON-POLYMER	?
EJY	NON-POLYMER	?
EJZ	NON-POLYMER	?
EK0	NON-POLYMER	?
EK1	NON-POLYMER	?
EK2	NON-POLYMER	?
EK3	NON-POLYMER	?
EK4	NON-POLYMER	?
EK5	NON-POLYMER	?
EK6	NON-POLYMER	?
EK7	NON-POLYMER	?
EK8	NON-POLYMER	?
EK9	NON-POLYMER	?
EKA	NON-POLYMER	?
EKB	NON-POLYMER	?
EKD	NON-POLYMER	?
EKE	NON-POLYMER	?
EKF	non-polymer	?
EKG	NON-POLYMER	?
EKH	NON-POLYMER	?
EKI	non-polymer	?
EKJ	NON-POLYMER	?
EKK	NON-POLYMER	?
EKL	non-polymer	?
EKM	NON-POLYMER	?
EKN	NON-POLYMER	?
EKO	NON-POLYMER	?
EKP	NON-POLYMER	?
EKQ	NON-POLYMER	?
EKR	non-polymer	?
EKS	NON-POLYMER	?
EKT	NON-POLYMER	?
EKU	non-polymer	?
EKV	NON-POLYMER	?
EKW	non-polymer	?
EKX	non-polymer	?
EKY	non-polymer	?
EKZ	NON-POLYMER	?
EL	NON-POLYMER	?
EL0	non-polymer	?
EL1	NON-POLYMER	?
EL2	NON-POLYMER	?
EL3	NON-POLYMER	?
EL5	NON-POLYMER	?
EL6	non-polymer	?
EL7	NON-POLYMER	?
EL8	NON-POLYMER	?
EL9	non-polymer	?
ELA	NON-POLYMER	?
ELB	NON-POLYMER	?
ELD	NON-POLYMER	?
ELE	NON-POLYMER	?
ELF	non-polymer	?
ELG	NON-POLYMER	?
ELH	NON-POLYMER	?
ELI	NON-POLYMER	?
ELJ	NON-POLYMER	?
ELK	NON-POLYMER	?
ELL	non-polymer	?
ELM	NON-POLYMER	?
ELN	NON-POLYMER	?
ELO	non-polymer	?
ELP	NON-POLYMER	?
ELQ	NON-POLYMER	?
ELR	non-polymer	?
ELS	NON-POLYMER	?
ELT	NON-POLYMER	?
ELU	non-polymer	?
ELV	NON-POLYMER	?
ELW	NON-POLYMER	?
ELX	non-polymer	?
ELY	L-peptide linking	LYS
ELZ	NON-POLYMER	?
EM0	non-polymer	?
EM1	NON-POLYMER	?
EM2	NON-POLYMER	?
EM4	NON-POLYMER	?
EM5	NON-POLYMER	?
EM6	NON-POLYMER	?
EM7	non-polymer	?
EM8	NON-POLYMER	?
EM9	NON-POLYMER	?
EMA	NON-POLYMER	?
EMB	NON-POLYMER	?
EMC	NON-POLYMER	?
EMD	NON-POLYMER	?
EME	L-PEPTIDE LINKING	GLU
EMF	NON-POLYMER	?
EMG	NON-POLYMER	?
EMH	NON-POLYMER	?
EMI	non-polymer	?
EMJ	NON-POLYMER	?
EMK	NON-POLYMER	?
EML	NON-POLYMER	?
EMM	NON-POLYMER	?
EMN	NON-POLYMER	?
EMO	NON-POLYMER	?
EMP	L-saccharide, alpha linking	?
EMQ	NON-POLYMER	?
EMR	NON-POLYMER	?
EMS	NON-POLYMER	?
EMT	NON-POLYMER	?
EMU	NON-POLYMER	?
EMV	NON-POLYMER	?
EMW	NON-POLYMER	?
EMX	non-polymer	?
EMY	non-polymer	?
EMZ	D-saccharide, beta linking	GAL
EN0	NON-POLYMER	?
EN1	NON-POLYMER	?
EN2	NON-POLYMER	?
EN3	non-polymer	?
EN4	NON-POLYMER	?
EN5	NON-POLYMER	?
EN6	non-polymer	?
EN7	non-polymer	?
EN8	NON-POLYMER	?
EN9	non-polymer	?
ENA	RNA LINKING	?
ENB	NON-POLYMER	?
ENC	NON-POLYMER	?
END	NON-POLYMER	?
ENE	NON-POLYMER	?
ENF	NON-POLYMER	?
ENG	NON-POLYMER	?
ENH	NON-POLYMER	?
ENJ	NON-POLYMER	?
ENK	NON-POLYMER	?
ENL	NON-POLYMER	?
ENM	NON-POLYMER	?
ENN	NON-POLYMER	?
ENO	NON-POLYMER	?
ENP	RNA LINKING	?
ENQ	RNA linking	?
ENR	non-polymer	?
ENS	NON-POLYMER	?
ENT	NON-POLYMER	?
ENU	non-polymer	?
ENV	NON-POLYMER	?
ENW	NON-POLYMER	?
ENX	NON-POLYMER	?
ENY	NON-POLYMER	?
ENZ	NON-POLYMER	?
EO0	non-polymer	?
EO1	NON-POLYMER	?
EO2	L-peptide linking	?
EO3	non-polymer	?
EO4	NON-POLYMER	?
EO5	NON-POLYMER	?
EO6	non-polymer	?
EO7	NON-POLYMER	?
EO8	NON-POLYMER	?
EO9	non-polymer	?
EOA	NON-POLYMER	?
EOB	NON-POLYMER	?
EOC	non-polymer	?
EOD	NON-POLYMER	?
EOE	L-peptide linking	?
EOF	non-polymer	?
EOG	NON-POLYMER	?
EOH	NON-POLYMER	?
EOI	NON-POLYMER	?
EOJ	NON-POLYMER	?
EOK	NON-POLYMER	?
EOL	NON-POLYMER	?
EOM	NON-POLYMER	?
EON	NON-POLYMER	?
EOO	non-polymer	?
EOP	NON-POLYMER	?
EOQ	NON-POLYMER	?
EOR	non-polymer	?
EOS	NON-POLYMER	?
EOT	NON-POLYMER	?
EOU	non-polymer	?
EOW	NON-POLYMER	?
EOX	NON-POLYMER	?
EOY	NON-POLYMER	?
EOZ	NON-POLYMER	?
EP	NON-POLYMER	?
EP0	NON-POLYMER	?
EP1	NON-POLYMER	?
EP2	peptide-like	?
EP4	NON-POLYMER	?
EP5	NON-POLYMER	?
EP6	NON-POLYMER	?
EP7	NON-POLYMER	?
EP8	NON-POLYMER	?
EP9	peptide-like	?
EPA	NON-POLYMER	?
EPB	NON-POLYMER	?
EPC	NON-POLYMER	?
EPD	NON-POLYMER	?
EPE	NON-POLYMER	?
EPG	D-saccharide	GLC
EPH	NON-POLYMER	?
EPI	NON-POLYMER	?
EPJ	NON-POLYMER	?
EPK	NON-POLYMER	?
EPL	NON-POLYMER	?
EPM	NON-POLYMER	MET
EPN	NON-POLYMER	?
EPO	NON-POLYMER	?
EPQ	NON-POLYMER	GLN
EPR	NON-POLYMER	?
EPS	NON-POLYMER	?
EPT	NON-POLYMER	?
EPU	NON-POLYMER	?
EPV	NON-POLYMER	?
EPW	NON-POLYMER	?
EPY	NON-POLYMER	?
EPZ	NON-POLYMER	?
EQ0	RNA linking	G
EQ1	NON-POLYMER	?
EQ2	NON-POLYMER	?
EQ3	NON-POLYMER	?
EQ4	RNA linking	G
EQ5	NON-POLYMER	?
EQ7	NON-POLYMER	?
EQ8	NON-POLYMER	?
EQ9	non-polymer	?
EQA	NON-POLYMER	?
EQB	NON-POLYMER	?
EQC	non-polymer	?
EQD	NON-POLYMER	?
EQE	NON-POLYMER	?
EQF	non-polymer	?
EQG	NON-POLYMER	?
EQH	non-polymer	?
EQI	NON-POLYMER	?
EQJ	NON-POLYMER	?
EQK	non-polymer	?
EQL	non-polymer	?
EQM	NON-POLYMER	?
EQN	NON-POLYMER	?
EQO	NON-POLYMER	?
EQP	D-saccharide	?
EQQ	NON-POLYMER	?
EQR	non-polymer	?
EQS	non-polymer	?
EQT	NON-POLYMER	?
EQU	NON-POLYMER	?
EQV	D-saccharide	?
EQW	NON-POLYMER	?
EQX	non-polymer	?
EQY	NON-POLYMER	?
EQZ	NON-POLYMER	?
ER0	non-polymer	?
ER2	NON-POLYMER	?
ER3	NON-POLYMER	?
ER4	NON-POLYMER	?
ER5	NON-POLYMER	?
ER6	non-polymer	?
ER7	NON-POLYMER	?
ER8	NON-POLYMER	?
ER9	non-polymer	?
ERA	NON-POLYMER	?
ERB	NON-POLYMER	?
ERC	NON-POLYMER	?
ERD	NON-POLYMER	?
ERE	L-saccharide, alpha linking	?
ERF	NON-POLYMER	?
ERG	NON-POLYMER	?
ERH	non-polymer	?
ERI	L-saccharide, alpha linking	RAE
ERJ	NON-POLYMER	?
ERK	NON-POLYMER	?
ERL	L-peptide linking	?
ERM	NON-POLYMER	?
ERN	NON-POLYMER	?
ERO	NON-POLYMER	?
ERP	NON-POLYMER	?
ERR	non-polymer	?
ERS	NON-POLYMER	?
ERT	NON-POLYMER	?
ERU	NON-POLYMER	?
ERV	non-polymer	?
ERW	NON-POLYMER	?
ERX	non-polymer	?
ERY	NON-POLYMER	?
ERZ	NON-POLYMER	?
ES0	NON-POLYMER	?
ES1	NON-POLYMER	?
ES2	NON-POLYMER	?
ES3	NON-POLYMER	?
ES4	NON-POLYMER	?
ES5	NON-POLYMER	?
ES6	NON-POLYMER	?
ES7	NON-POLYMER	?
ES8	NON-POLYMER	?
ES9	NON-POLYMER	?
ESA	NON-POLYMER	?
ESB	L-PEPTIDE LINKING	TYR
ESC	L-PEPTIDE LINKING	MET
ESD	NON-POLYMER	?
ESE	NON-POLYMER	?
ESF	non-polymer	?
ESG	NON-POLYMER	?
ESH	NON-POLYMER	?
ESI	NON-POLYMER	?
ESJ	non-polymer	?
ESK	NON-POLYMER	?
ESL	NON-POLYMER	?
ESM	NON-POLYMER	?
ESN	NON-POLYMER	?
ESO	NON-POLYMER	?
ESP	NON-POLYMER	?
ESQ	NON-POLYMER	?
ESR	NON-POLYMER	?
ESS	non-polymer	?
EST	NON-POLYMER	?
ESV	non-polymer	?
ESW	NON-POLYMER	?
ESX	NON-POLYMER	?
ESY	NON-POLYMER	?
ESZ	NON-POLYMER	?
ET	NON-POLYMER	?
ET0	NON-POLYMER	?
ET1	NON-POLYMER	?
ET2	NON-POLYMER	?
ET3	non-polymer	?
ET4	non-polymer	?
ET5	NON-POLYMER	?
ET6	non-polymer	?
ET7	non-polymer	?
ET8	NON-POLYMER	?
ET9	NON-POLYMER	?
ETA	L-peptide COOH carboxy terminus	?
ETB	NON-POLYMER	?
ETC	NON-POLYMER	?
ETD	NON-POLYMER	?
ETE	NON-POLYMER	?
ETF	NON-POLYMER	?
ETG	NON-POLYMER	?
ETH	NON-POLYMER	?
ETI	NON-POLYMER	?
ETJ	non-polymer	?
ETK	NON-POLYMER	?
ETL	non-polymer	?
ETM	NON-POLYMER	?
ETN	NON-POLYMER	?
ETO	NON-POLYMER	?
ETP	NON-POLYMER	?
ETQ	NON-POLYMER	?
ETR	NON-POLYMER	?
ETS	NON-POLYMER	?
ETT	D-saccharide	?
ETU	NON-POLYMER	?
ETV	NON-POLYMER	?
ETW	NON-POLYMER	?
ETX	NON-POLYMER	?
ETY	NON-POLYMER	?
ETZ	NON-POLYMER	?
EU	NON-POLYMER	?
EU0	L-peptide linking	VAL
EU1	NON-POLYMER	?
EU2	NON-POLYMER	?
EU3	NON-POLYMER	?
EU4	NON-POLYMER	?
EU5	NON-POLYMER	?
EU7	NON-POLYMER	?
EU9	non-polymer	?
EUA	non-polymer	?
EUB	NON-POLYMER	?
EUD	NON-POLYMER	?
EUE	NON-POLYMER	?
EUF	non-polymer	?
EUG	NON-POLYMER	?
EUH	NON-POLYMER	?
EUI	non-polymer	?
EUJ	NON-POLYMER	?
EUK	NON-POLYMER	?
EUL	non-polymer	?
EUM	non-polymer	?
EUN	NON-POLYMER	?
EUO	non-polymer	?
EUP	L-PEPTIDE LINKING	THR
EUQ	NON-POLYMER	?
EUR	non-polymer	?
EUS	saccharide	?
EUT	NON-POLYMER	?
EUU	non-polymer	?
EUW	NON-POLYMER	?
EUX	non-polymer	?
EUY	NON-POLYMER	?
EV0	NON-POLYMER	?
EV1	non-polymer	?
EV2	NON-POLYMER	?
EV3	NON-POLYMER	?
EV4	NON-POLYMER	?
EV5	NON-POLYMER	?
EV6	NON-POLYMER	?
EV7	NON-POLYMER	?
EV8	NON-POLYMER	?
EV9	non-polymer	?
EVA	NON-POLYMER	?
EVB	NON-POLYMER	?
EVC	non-polymer	?
EVD	NON-POLYMER	?
EVE	NON-POLYMER	?
EVF	NON-POLYMER	?
EVG	NON-POLYMER	?
EVH	NON-POLYMER	?
EVI	NON-POLYMER	?
EVJ	NON-POLYMER	?
EVK	NON-POLYMER	?
EVL	non-polymer	?
EVM	NON-POLYMER	?
EVN	NON-POLYMER	?
EVO	NON-POLYMER	?
EVP	NON-POLYMER	?
EVQ	NON-POLYMER	?
EVR	non-polymer	?
EVS	NON-POLYMER	?
EVT	NON-POLYMER	?
EVU	non-polymer	?
EVV	NON-POLYMER	?
EVW	NON-POLYMER	?
EVY	NON-POLYMER	?
EVZ	NON-POLYMER	?
EW0	non-polymer	?
EW1	NON-POLYMER	?
EW2	NON-POLYMER	?
EW3	DNA linking	?
EW4	NON-POLYMER	?
EW5	NON-POLYMER	?
EW6	L-peptide linking	SER
EW8	NON-POLYMER	?
EW9	non-polymer	?
EWA	non-polymer	?
EWB	non-polymer	?
EWC	DNA linking	?
EWD	NON-POLYMER	?
EWE	NON-POLYMER	?
EWF	non-polymer	?
EWG	NON-POLYMER	?
EWH	NON-POLYMER	?
EWJ	NON-POLYMER	?
EWK	NON-POLYMER	?
EWL	non-polymer	?
EWM	NON-POLYMER	?
EWN	NON-POLYMER	?
EWO	non-polymer	?
EWQ	NON-POLYMER	?
EWR	non-polymer	?
EWS	NON-POLYMER	?
EWT	NON-POLYMER	?
EWU	non-polymer	?
EWV	NON-POLYMER	?
EWW	NON-POLYMER	?
EWX	non-polymer	?
EWY	NON-POLYMER	?
EWZ	NON-POLYMER	?
EX0	non-polymer	?
EX1	NON-POLYMER	?
EX3	non-polymer	?
EX4	NON-POLYMER	?
EX5	NON-POLYMER	?
EX6	non-polymer	?
EX7	NON-POLYMER	?
EX8	NON-POLYMER	?
EX9	non-polymer	?
EXA	peptide linking	LYS
EXB	NON-POLYMER	?
EXC	DNA linking	DC
EXD	NON-POLYMER	?
EXE	NON-POLYMER	?
EXF	non-polymer	?
EXG	NON-POLYMER	?
EXH	NON-POLYMER	?
EXI	NON-POLYMER	?
EXJ	NON-POLYMER	?
EXL	L-peptide linking	TRP
EXM	NON-POLYMER	?
EXN	NON-POLYMER	?
EXO	NON-POLYMER	?
EXP	NON-POLYMER	?
EXQ	NON-POLYMER	?
EXR	non-polymer	?
EXS	NON-POLYMER	?
EXT	NON-POLYMER	?
EXU	non-polymer	?
EXV	NON-POLYMER	?
EXW	NON-POLYMER	?
EXX	NON-POLYMER	?
EXY	L-peptide linking	LEU
EXZ	non-polymer	?
EY0	non-polymer	?
EY1	NON-POLYMER	?
EY2	NON-POLYMER	?
EY3	non-polymer	?
EY4	NON-POLYMER	?
EY5	non-polymer	?
EY6	non-polymer	?
EY7	NON-POLYMER	?
EY8	NON-POLYMER	?
EY9	non-polymer	?
EYA	NON-POLYMER	?
EYB	NON-POLYMER	?
EYC	NON-POLYMER	?
EYE	NON-POLYMER	?
EYF	non-polymer	?
EYG	L-PEPTIDE LINKING	MET, TYR, GLY
EYH	NON-POLYMER	?
EYI	non-polymer	?
EYJ	NON-POLYMER	?
EYK	NON-POLYMER	?
EYL	non-polymer	?
EYM	NON-POLYMER	?
EYN	NON-POLYMER	?
EYO	non-polymer	?
EYP	NON-POLYMER	?
EYQ	NON-POLYMER	?
EYR	non-polymer	?
EYS	L-PEPTIDE LINKING	?
EYT	NON-POLYMER	?
EYV	NON-POLYMER	?
EYW	NON-POLYMER	?
EYY	NON-POLYMER	?
EYZ	NON-POLYMER	?
EZ1	NON-POLYMER	?
EZ2	NON-POLYMER	?
EZ3	non-polymer	?
EZ4	NON-POLYMER	?
EZ5	NON-POLYMER	?
EZ6	non-polymer	?
EZ7	NON-POLYMER	?
EZ8	NON-POLYMER	?
EZ9	non-polymer	?
EZA	NON-POLYMER	?
EZB	NON-POLYMER	?
EZC	non-polymer	?
EZE	NON-POLYMER	?
EZF	non-polymer	?
EZG	NON-POLYMER	?
EZH	NON-POLYMER	?
EZI	non-polymer	?
EZJ	non-polymer	?
EZK	NON-POLYMER	?
EZL	NON-POLYMER	?
EZM	NON-POLYMER	?
EZN	NON-POLYMER	?
EZO	non-polymer	?
EZP	NON-POLYMER	?
EZQ	non-polymer	?
EZR	NON-POLYMER	?
EZS	NON-POLYMER	?
EZT	NON-POLYMER	?
EZU	non-polymer	?
EZV	NON-POLYMER	?
EZW	NON-POLYMER	?
EZX	non-polymer	?
EZY	NON-POLYMER	GLY
EZZ	NON-POLYMER	?
F	NON-POLYMER	?
F00	non-polymer	?
F01	NON-POLYMER	?
F02	NON-POLYMER	?
F03	non-polymer	?
F04	non-polymer	?
F05	NON-POLYMER	?
F06	NON-POLYMER	?
F07	non-polymer	?
F08	NON-POLYMER	?
F09	NON-POLYMER	?
F0A	NON-POLYMER	?
F0B	NON-POLYMER	?
F0C	non-polymer	?
F0D	NON-POLYMER	?
F0E	NON-POLYMER	?
F0F	non-polymer	?
F0G	L-peptide linking	?
F0H	NON-POLYMER	?
F0J	NON-POLYMER	?
F0K	NON-POLYMER	?
F0L	non-polymer	?
F0M	NON-POLYMER	?
F0N	NON-POLYMER	?
F0O	non-polymer	?
F0P	NON-POLYMER	?
F0Q	NON-POLYMER	?
F0R	non-polymer	?
F0S	NON-POLYMER	?
F0T	NON-POLYMER	?
F0U	non-polymer	?
F0V	NON-POLYMER	?
F0W	NON-POLYMER	?
F0X	non-polymer	?
F0Y	NON-POLYMER	?
F0Z	NON-POLYMER	?
F10	NON-POLYMER	?
F11	NON-POLYMER	?
F12	NON-POLYMER	?
F13	NON-POLYMER	?
F14	NON-POLYMER	?
F15	NON-POLYMER	?
F16	NON-POLYMER	?
F17	NON-POLYMER	?
F18	NON-POLYMER	?
F19	NON-POLYMER	?
F1A	non-polymer	?
F1B	NON-POLYMER	?
F1C	NON-POLYMER	?
F1D	NON-POLYMER	?
F1E	NON-POLYMER	?
F1G	NON-POLYMER	?
F1H	NON-POLYMER	?
F1I	NON-POLYMER	?
F1J	NON-POLYMER	?
F1K	NON-POLYMER	?
F1L	NON-POLYMER	?
F1M	NON-POLYMER	?
F1N	NON-POLYMER	?
F1P	D-saccharide	BDF
F1Q	NON-POLYMER	?
F1R	non-polymer	?
F1S	NON-POLYMER	?
F1T	NON-POLYMER	?
F1U	non-polymer	?
F1V	NON-POLYMER	?
F1W	NON-POLYMER	?
F1X	D-saccharide, beta linking	FRU
F1Y	NON-POLYMER	?
F1Z	NON-POLYMER	?
F20	NON-POLYMER	?
F21	NON-POLYMER	?
F22	non-polymer	?
F23	NON-POLYMER	?
F24	NON-POLYMER	?
F25	NON-POLYMER	?
F26	non-polymer	?
F27	NON-POLYMER	?
F28	non-polymer	?
F29	NON-POLYMER	?
F2A	NON-POLYMER	?
F2B	NON-POLYMER	?
F2C	NON-POLYMER	?
F2D	non-polymer	?
F2E	NON-POLYMER	?
F2F	L-PEPTIDE LINKING	PHE
F2G	NON-POLYMER	?
F2H	NON-POLYMER	?
F2I	NON-POLYMER	?
F2J	NON-POLYMER	?
F2K	NON-POLYMER	?
F2L	non-polymer	?
F2M	NON-POLYMER	?
F2N	NON-POLYMER	?
F2O	NON-POLYMER	?
F2P	NON-POLYMER	?
F2R	NON-POLYMER	?
F2S	NON-POLYMER	?
F2T	RNA linking	U
F2U	NON-POLYMER	?
F2V	non-polymer	?
F2W	NON-POLYMER	?
F2X	non-polymer	?
F2Y	L-PEPTIDE LINKING	TYR
F2Z	NON-POLYMER	?
F30	non-polymer	?
F31	NON-POLYMER	?
F32	NON-POLYMER	?
F33	non-polymer	?
F34	non-polymer	?
F35	non-polymer	?
F36	non-polymer	?
F37	non-polymer	?
F38	non-polymer	?
F39	non-polymer	?
F3A	NON-POLYMER	?
F3B	NON-POLYMER	?
F3C	NON-POLYMER	?
F3D	NON-POLYMER	?
F3E	NON-POLYMER	?
F3F	NON-POLYMER	?
F3H	DNA linking	DT
F3I	non-polymer	?
F3J	NON-POLYMER	?
F3K	NON-POLYMER	?
F3L	non-polymer	?
F3M	L-PEPTIDE LINKING	?
F3N	RNA LINKING	A
F3O	RNA LINKING	?
F3P	NON-POLYMER	?
F3Q	NON-POLYMER	?
F3R	non-polymer	?
F3S	NON-POLYMER	?
F3T	L-PEPTIDE LINKING	?
F3U	non-polymer	?
F3V	NON-POLYMER	?
F3W	NON-POLYMER	?
F3Y	non-polymer	?
F3Z	NON-POLYMER	?
F40	non-polymer	?
F41	NON-POLYMER	?
F42	NON-POLYMER	?
F43	non-polymer	?
F44	NON-POLYMER	?
F45	NON-POLYMER	?
F46	NON-POLYMER	?
F47	non-polymer	?
F48	NON-POLYMER	?
F49	NON-POLYMER	?
F4A	NON-POLYMER	?
F4B	NON-POLYMER	?
F4C	NON-POLYMER	?
F4D	NON-POLYMER	?
F4E	NON-POLYMER	?
F4F	non-polymer	?
F4G	NON-POLYMER	?
F4H	DNA linking	DT
F4I	non-polymer	?
F4J	NON-POLYMER	?
F4K	NON-POLYMER	?
F4L	non-polymer	?
F4M	NON-POLYMER	?
F4N	NON-POLYMER	?
F4O	non-polymer	?
F4P	NON-POLYMER	?
F4Q	DNA linking	DG
F4R	non-polymer	?
F4S	NON-POLYMER	?
F4T	NON-POLYMER	?
F4U	non-polymer	?
F4W	NON-POLYMER	?
F4X	non-polymer	?
F4Z	NON-POLYMER	?
F50	NON-POLYMER	?
F51	NON-POLYMER	?
F52	NON-POLYMER	?
F53	NON-POLYMER	?
F54	NON-POLYMER	?
F55	D-saccharide	?
F56	non-polymer	?
F57	NON-POLYMER	?
F58	D-saccharide	?
F59	NON-POLYMER	?
F5A	NON-POLYMER	?
F5B	NON-POLYMER	?
F5C	NON-POLYMER	?
F5D	NON-POLYMER	?
F5E	NON-POLYMER	?
F5F	non-polymer	?
F5G	NON-POLYMER	?
F5H	DNA LINKING	?
F5I	non-polymer	?
F5J	NON-POLYMER	?
F5K	non-polymer	?
F5L	non-polymer	?
F5M	NON-POLYMER	?
F5N	NON-POLYMER	?
F5O	non-polymer	?
F5P	NON-POLYMER	?
F5Q	NON-POLYMER	?
F5R	non-polymer	?
F5S	NON-POLYMER	?
F5T	non-polymer	?
F5U	non-polymer	?
F5V	NON-POLYMER	?
F5W	non-polymer	?
F5X	non-polymer	?
F5Y	NON-POLYMER	?
F5Z	NON-POLYMER	?
F60	NON-POLYMER	?
F61	NON-POLYMER	?
F62	NON-POLYMER	?
F63	NON-POLYMER	?
F64	NON-POLYMER	?
F65	NON-POLYMER	?
F66	non-polymer	?
F67	NON-POLYMER	?
F68	NON-POLYMER	?
F69	NON-POLYMER	?
F6A	NON-POLYMER	?
F6B	NON-POLYMER	?
F6C	NON-POLYMER	?
F6D	NON-POLYMER	?
F6E	NON-POLYMER	?
F6F	NON-POLYMER	?
F6G	NON-POLYMER	?
F6H	DNA LINKING	?
F6I	non-polymer	?
F6J	NON-POLYMER	?
F6K	NON-POLYMER	?
F6L	non-polymer	?
F6M	NON-POLYMER	?
F6N	peptide linking	GLY, SER
F6O	non-polymer	?
F6P	D-saccharide, beta linking	FRU
F6Q	NON-POLYMER	?
F6R	NON-POLYMER	?
F6T	NON-POLYMER	?
F6U	DNA linking	?
F6W	NON-POLYMER	?
F6X	DNA linking	?
F6Y	non-polymer	?
F6Z	non-polymer	?
F70	NON-POLYMER	?
F71	NON-POLYMER	?
F72	NON-POLYMER	?
F73	DNA linking	?
F74	DNA linking	DG
F75	peptide linking	GLY, CYS
F76	NON-POLYMER	?
F77	NON-POLYMER	?
F78	NON-POLYMER	?
F79	NON-POLYMER	?
F7A	NON-POLYMER	?
F7B	NON-POLYMER	?
F7C	non-polymer	?
F7D	NON-POLYMER	?
F7E	NON-POLYMER	?
F7F	non-polymer	?
F7H	DNA linking	DC
F7I	non-polymer	?
F7J	NON-POLYMER	?
F7K	DNA linking	DG
F7L	NON-POLYMER	?
F7M	NON-POLYMER	?
F7N	NON-POLYMER	?
F7O	DNA linking	?
F7P	L-peptide linking	?
F7Q	L-peptide linking	TYR
F7R	DNA linking	?
F7S	L-peptide linking	?
F7T	non-polymer	?
F7U	non-polymer	?
F7V	L-peptide linking	?
F7W	L-peptide linking	TRP
F7X	DNA linking	?
F7Z	non-polymer	?
F80	non-polymer	?
F81	NON-POLYMER	?
F82	NON-POLYMER	?
F83	NON-POLYMER	?
F85	NON-POLYMER	?
F86	non-polymer	?
F87	NON-POLYMER	?
F88	NON-POLYMER	?
F89	NON-POLYMER	?
F8A	NON-POLYMER	?
F8B	NON-POLYMER	?
F8C	non-polymer	?
F8D	NON-POLYMER	?
F8E	NON-POLYMER	?
F8F	non-polymer	?
F8G	NON-POLYMER	?
F8H	NON-POLYMER	?
F8I	non-polymer	?
F8J	NON-POLYMER	?
F8K	NON-POLYMER	?
F8L	non-polymer	?
F8M	NON-POLYMER	?
F8N	NON-POLYMER	?
F8O	non-polymer	?
F8P	NON-POLYMER	?
F8Q	NON-POLYMER	?
F8R	non-polymer	?
F8S	NON-POLYMER	?
F8T	NON-POLYMER	?
F8U	non-polymer	?
F8V	NON-POLYMER	?
F8W	NON-POLYMER	?
F8X	D-saccharide, beta linking	?
F8Y	NON-POLYMER	?
F8Z	NON-POLYMER	?
F90	NON-POLYMER	?
F91	NON-POLYMER	?
F92	NON-POLYMER	?
F93	peptide linking	?
F94	NON-POLYMER	?
F95	NON-POLYMER	?
F96	non-polymer	?
F97	NON-POLYMER	?
F98	NON-POLYMER	?
F99	non-polymer	?
F9A	NON-POLYMER	?
F9B	NON-POLYMER	?
F9C	non-polymer	?
F9D	D-peptide linking	?
F9E	NON-POLYMER	?
F9F	NON-POLYMER	?
F9G	NON-POLYMER	?
F9H	non-polymer	?
F9I	non-polymer	?
F9J	non-polymer	?
F9K	non-polymer	?
F9M	non-polymer	?
F9N	NON-POLYMER	?
F9O	non-polymer	?
F9P	NON-POLYMER	?
F9Q	NON-POLYMER	?
F9R	non-polymer	?
F9S	NON-POLYMER	?
F9T	NON-POLYMER	?
F9U	non-polymer	?
F9V	non-polymer	?
F9W	NON-POLYMER	?
F9X	non-polymer	?
F9Y	NON-POLYMER	?
F9Z	NON-POLYMER	?
FA	NON-POLYMER	?
FA0	NON-POLYMER	?
FA1	NON-POLYMER	?
FA2	RNA LINKING	DA
FA3	NON-POLYMER	?
FA4	NON-POLYMER	?
FA5	RNA LINKING	?
FA6	NON-POLYMER	?
FA7	non-polymer	?
FA8	NON-POLYMER	?
FA9	NON-POLYMER	?
FAA	NON-POLYMER	?
FAB	NON-POLYMER	?
FAC	NON-POLYMER	?
FAD	NON-POLYMER	?
FAE	NON-POLYMER	?
FAF	NON-POLYMER	?
FAG	DNA LINKING	?
FAH	NON-POLYMER	?
FAI	RNA LINKING	?
FAJ	non-polymer	?
FAK	L-PEPTIDE LINKING	LYS
FAL	NON-POLYMER	?
FAM	NON-POLYMER	?
FAN	NON-POLYMER	?
FAO	non-polymer	?
FAP	NON-POLYMER	?
FAQ	NON-POLYMER	?
FAR	NON-POLYMER	?
FAS	NON-POLYMER	?
FAT	NON-POLYMER	?
FAV	NON-POLYMER	?
FAW	NON-POLYMER	?
FAX	DNA LINKING	?
FAY	NON-POLYMER	?
FAZ	NON-POLYMER	?
FB	NON-POLYMER	?
FB0	NON-POLYMER	?
FB1	non-polymer	?
FB2	non-polymer	?
FB4	NON-POLYMER	?
FB5	L-peptide linking	ALA
FB6	L-peptide linking	ALA
FB7	NON-POLYMER	?
FB8	NON-POLYMER	?
FB9	non-polymer	?
FBA	NON-POLYMER	?
FBB	NON-POLYMER	?
FBC	NON-POLYMER	?
FBD	NON-POLYMER	?
FBE	peptide-like	?
FBF	NON-POLYMER	?
FBG	NON-POLYMER	?
FBI	NON-POLYMER	?
FBJ	NON-POLYMER	?
FBK	NON-POLYMER	?
FBL	NON-POLYMER	?
FBM	NON-POLYMER	?
FBN	NON-POLYMER	?
FBO	NON-POLYMER	?
FBP	D-saccharide, beta linking	FRU
FBQ	NON-POLYMER	?
FBR	NON-POLYMER	?
FBS	NON-POLYMER	?
FBT	NON-POLYMER	?
FBU	NON-POLYMER	?
FBV	non-polymer	?
FBW	non-polymer	?
FBX	non-polymer	?
FBY	NON-POLYMER	?
FBZ	NON-POLYMER	?
FC0	L-peptide COOH carboxy terminus	PHE
FC1	NON-POLYMER	?
FC2	NON-POLYMER	?
FC3	NON-POLYMER	?
FC4	NON-POLYMER	?
FC5	NON-POLYMER	?
FC6	NON-POLYMER	?
FC7	NON-POLYMER	?
FC8	NON-POLYMER	?
FC9	NON-POLYMER	?
FCA	D-saccharide, alpha linking	?
FCB	D-saccharide, beta linking	?
FCC	non-polymer	?
FCD	NON-POLYMER	?
FCE	NON-POLYMER	?
FCF	NON-POLYMER	?
FCG	NON-POLYMER	?
FCH	NON-POLYMER	?
FCI	NON-POLYMER	?
FCJ	NON-POLYMER	?
FCK	NON-POLYMER	?
FCL	L-PEPTIDE LINKING	PHE
FCM	NON-POLYMER	?
FCN	NON-POLYMER	?
FCO	NON-POLYMER	?
FCP	NON-POLYMER	?
FCQ	NON-POLYMER	?
FCR	NON-POLYMER	?
FCS	NON-POLYMER	?
FCT	saccharide	?
FCU	non-polymer	?
FCV	NON-POLYMER	?
FCW	non-polymer	?
FCX	NON-POLYMER	?
FCY	NON-POLYMER	?
FCZ	NON-POLYMER	?
FD0	non-polymer	?
FD1	NON-POLYMER	?
FD2	NON-POLYMER	?
FD3	NON-POLYMER	?
FD4	NON-POLYMER	?
FD5	NON-POLYMER	?
FD6	non-polymer	?
FD7	NON-POLYMER	?
FD8	NON-POLYMER	?
FD9	non-polymer	?
FDA	NON-POLYMER	?
FDB	NON-POLYMER	?
FDC	NON-POLYMER	?
FDD	NON-POLYMER	?
FDE	NON-POLYMER	?
FDF	NON-POLYMER	?
FDG	DNA LINKING	DG
FDH	NON-POLYMER	?
FDI	NON-POLYMER	?
FDJ	NON-POLYMER	?
FDK	NON-POLYMER	?
FDL	L-PEPTIDE LINKING	LYS
FDM	NON-POLYMER	?
FDN	NON-POLYMER	?
FDO	non-polymer	?
FDP	D-saccharide, beta linking	FRU
FDQ	D-saccharide	?
FDR	NON-POLYMER	?
FDS	NON-POLYMER	?
FDT	NON-POLYMER	?
FDU	NON-POLYMER	?
FDV	non-polymer	?
FDW	NON-POLYMER	?
FDX	non-polymer	?
FDY	NON-POLYMER	?
FDZ	NON-POLYMER	?
FE	NON-POLYMER	?
FE0	non-polymer	?
FE1	NON-POLYMER	?
FE2	NON-POLYMER	?
FE3	NON-POLYMER	?
FE5	NON-POLYMER	?
FE6	non-polymer	?
FE7	NON-POLYMER	?
FE8	NON-POLYMER	?
FE9	NON-POLYMER	?
FEA	NON-POLYMER	?
FEB	NON-POLYMER	?
FEC	NON-POLYMER	?
FED	NON-POLYMER	?
FEE	NON-POLYMER	?
FEF	non-polymer	?
FEG	NON-POLYMER	?
FEH	NON-POLYMER	?
FEI	non-polymer	?
FEJ	NON-POLYMER	?
FEK	NON-POLYMER	?
FEL	NON-POLYMER	?
FEM	NON-POLYMER	?
FEN	NON-POLYMER	?
FEO	NON-POLYMER	?
FEP	NON-POLYMER	?
FEQ	NON-POLYMER	?
FER	NON-POLYMER	?
FES	NON-POLYMER	?
FEU	non-polymer	?
FEV	NON-POLYMER	?
FEW	NON-POLYMER	?
FEX	NON-POLYMER	?
FEY	non-polymer	?
FEZ	NON-POLYMER	?
FF0	NON-POLYMER	?
FF1	NON-POLYMER	?
FF2	NON-POLYMER	?
FF3	NON-POLYMER	?
FF4	NON-POLYMER	?
FF5	NON-POLYMER	?
FF7	NON-POLYMER	?
FF8	NON-POLYMER	?
FF9	L-peptide linking	LYS
FFA	NON-POLYMER	?
FFB	NON-POLYMER	?
FFC	saccharide	?
FFD	DNA LINKING	?
FFE	NON-POLYMER	?
FFF	NON-POLYMER	?
FFG	NON-POLYMER	?
FFH	NON-POLYMER	?
FFI	non-polymer	?
FFJ	NON-POLYMER	?
FFK	NON-POLYMER	?
FFL	non-polymer	LEU
FFM	L-peptide linking	CYS
FFN	NON-POLYMER	?
FFO	NON-POLYMER	?
FFP	NON-POLYMER	?
FFQ	non-polymer	?
FFR	non-polymer	?
FFS	NON-POLYMER	?
FFT	NON-POLYMER	?
FFU	non-polymer	?
FFV	NON-POLYMER	?
FFW	NON-POLYMER	?
FFX	D-saccharide	?
FFY	NON-POLYMER	?
FFZ	NON-POLYMER	?
FG0	non-polymer	?
FG1	NON-POLYMER	?
FG2	NON-POLYMER	?
FG3	NON-POLYMER	?
FG4	NON-POLYMER	?
FG5	NON-POLYMER	?
FG6	NON-POLYMER	?
FG7	NON-POLYMER	?
FG8	NON-POLYMER	?
FG9	NON-POLYMER	?
FGA	D-gamma-peptide, C-delta linking	?
FGD	NON-POLYMER	?
FGE	NON-POLYMER	?
FGF	NON-POLYMER	?
FGG	NON-POLYMER	?
FGH	NON-POLYMER	?
FGJ	NON-POLYMER	?
FGL	L-PEPTIDE LINKING	GLY
FGM	NON-POLYMER	?
FGN	NON-POLYMER	?
FGO	non-polymer	?
FGP	L-PEPTIDE LINKING	SER
FGQ	NON-POLYMER	?
FGR	NON-POLYMER	?
FGS	non-polymer	?
FGT	NON-POLYMER	?
FGU	non-polymer	?
FGV	NON-POLYMER	?
FGW	NON-POLYMER	?
FGX	non-polymer	?
FGY	NON-POLYMER	?
FGZ	NON-POLYMER	?
FH0	non-polymer	?
FH1	NON-POLYMER	?
FH2	NON-POLYMER	?
FH3	non-polymer	?
FH4	NON-POLYMER	?
FH5	non-polymer	?
FH6	non-polymer	?
FH7	PEPTIDE LINKING	LYS
FH8	NON-POLYMER	?
FH9	non-polymer	?
FHA	NON-POLYMER	?
FHB	NON-POLYMER	?
FHC	NON-POLYMER	?
FHD	NON-POLYMER	?
FHE	L-peptide linking	THR, TYR, GLY
FHF	NON-POLYMER	?
FHG	NON-POLYMER	?
FHH	NON-POLYMER	?
FHI	NON-POLYMER	?
FHJ	NON-POLYMER	?
FHK	NON-POLYMER	?
FHL	L-PEPTIDE LINKING	LYS
FHM	NON-POLYMER	?
FHN	NON-POLYMER	?
FHO	L-PEPTIDE LINKING	LYS
FHP	NON-POLYMER	?
FHQ	NON-POLYMER	?
FHR	peptide-like	?
FHS	non-polymer	?
FHT	NON-POLYMER	?
FHU	RNA LINKING	U
FHV	NON-POLYMER	?
FHW	NON-POLYMER	?
FHX	non-polymer	?
FHY	NON-POLYMER	?
FHZ	NON-POLYMER	?
FI0	NON-POLYMER	?
FI1	NON-POLYMER	?
FI3	NON-POLYMER	?
FI4	NON-POLYMER	?
FI5	non-polymer	?
FI6	non-polymer	?
FI7	non-polymer	?
FI8	NON-POLYMER	?
FI9	non-polymer	?
FIA	NON-POLYMER	?
FIB	NON-POLYMER	?
FIC	NON-POLYMER	?
FID	NON-POLYMER	?
FIE	non-polymer	?
FIF	L-saccharide	?
FIG	NON-POLYMER	?
FIH	NON-POLYMER	?
FII	NON-POLYMER	?
FIJ	NON-POLYMER	?
FIK	non-polymer	?
FIL	NON-POLYMER	?
FIN	NON-POLYMER	?
FIO	L-PEPTIDE LINKING	ARG
FIP	NON-POLYMER	?
FIQ	non-polymer	?
FIR	NON-POLYMER	?
FIS	NON-POLYMER	?
FIT	NON-POLYMER	?
FIV	NON-POLYMER	?
FIW	non-polymer	?
FIX	D-SACCHARIDE	?
FIY	non-polymer	?
FIZ	non-polymer	?
FJ0	non-polymer	?
FJ1	NON-POLYMER	?
FJ2	NON-POLYMER	?
FJ3	NON-POLYMER	?
FJ4	NON-POLYMER	?
FJ5	NON-POLYMER	?
FJ6	NON-POLYMER	?
FJ7	NON-POLYMER	?
FJ8	NON-POLYMER	?
FJ9	non-polymer	?
FJA	NON-POLYMER	?
FJB	NON-POLYMER	?
FJC	peptide-like	?
FJD	non-polymer	?
FJE	NON-POLYMER	?
FJF	non-polymer	?
FJG	NON-POLYMER	?
FJH	NON-POLYMER	?
FJI	NON-POLYMER	?
FJJ	NON-POLYMER	?
FJK	NON-POLYMER	?
FJL	non-polymer	?
FJM	NON-POLYMER	?
FJN	NON-POLYMER	?
FJO	non-polymer	?
FJP	NON-POLYMER	?
FJQ	NON-POLYMER	?
FJR	non-polymer	?
FJS	NON-POLYMER	?
FJT	NON-POLYMER	?
FJU	non-polymer	?
FJV	NON-POLYMER	?
FJW	non-polymer	?
FJX	non-polymer	?
FJY	NON-POLYMER	?
FJZ	NON-POLYMER	?
FK0	non-polymer	?
FK1	NON-POLYMER	?
FK2	NON-POLYMER	?
FK3	non-polymer	?
FK4	NON-POLYMER	?
FK5	NON-POLYMER	?
FK8	NON-POLYMER	?
FK9	D-saccharide	MAN
FKA	NON-POLYMER	?
FKB	NON-POLYMER	?
FKC	non-polymer	?
FKD	L-saccharide, alpha linking	?
FKE	NON-POLYMER	?
FKF	non-polymer	?
FKG	NON-POLYMER	?
FKH	non-polymer	?
FKI	NON-POLYMER	?
FKJ	NON-POLYMER	?
FKK	NON-POLYMER	?
FKL	NON-POLYMER	?
FKM	NON-POLYMER	?
FKN	NON-POLYMER	?
FKO	NON-POLYMER	?
FKP	NON-POLYMER	?
FKQ	NON-POLYMER	?
FKR	non-polymer	?
FKS	NON-POLYMER	?
FKT	non-polymer	?
FKU	non-polymer	?
FKV	NON-POLYMER	?
FKW	NON-POLYMER	?
FKX	non-polymer	?
FKY	NON-POLYMER	?
FKZ	NON-POLYMER	?
FL0	non-polymer	?
FL1	NON-POLYMER	?
FL2	NON-POLYMER	?
FL3	non-polymer	?
FL4	NON-POLYMER	?
FL5	NON-POLYMER	?
FL6	L-peptide linking	ASP
FL7	NON-POLYMER	?
FL8	NON-POLYMER	?
FL9	NON-POLYMER	?
FLA	L-PEPTIDE LINKING	ALA
FLB	NON-POLYMER	?
FLC	NON-POLYMER	?
FLD	NON-POLYMER	?
FLE	L-PEPTIDE LINKING	LEU
FLF	NON-POLYMER	?
FLG	NON-POLYMER	?
FLH	NON-POLYMER	?
FLI	NON-POLYMER	?
FLJ	NON-POLYMER	?
FLK	NON-POLYMER	?
FLL	NON-POLYMER	?
FLM	NON-POLYMER	?
FLN	NON-POLYMER	?
FLO	NON-POLYMER	?
FLP	NON-POLYMER	?
FLQ	NON-POLYMER	?
FLR	NON-POLYMER	?
FLS	NON-POLYMER	?
FLT	L-PEPTIDE LINKING	TYR
FLU	NON-POLYMER	?
FLV	NON-POLYMER	?
FLW	NON-POLYMER	?
FLX	NON-POLYMER	?
FLY	NON-POLYMER	?
FLZ	NON-POLYMER	?
FM0	NON-POLYMER	?
FM1	NON-POLYMER	?
FM2	NON-POLYMER	?
FM4	NON-POLYMER	?
FM5	non-polymer	?
FM6	non-polymer	?
FM7	non-polymer	?
FM8	NON-POLYMER	?
FM9	NON-POLYMER	?
FMA	NON-POLYMER	?
FMB	NON-POLYMER	?
FMC	NON-POLYMER	?
FMD	NON-POLYMER	?
FME	L-PEPTIDE LINKING	MET
FMF	D-saccharide	?
FMG	DNA linking	DG
FMH	NON-POLYMER	?
FMI	non-polymer	?
FMJ	NON-POLYMER	?
FMK	NON-POLYMER	?
FML	NON-POLYMER	?
FMM	NON-POLYMER	?
FMN	NON-POLYMER	?
FMO	saccharide	?
FMP	NON-POLYMER	?
FMQ	NON-POLYMER	?
FMR	NON-POLYMER	?
FMS	NON-POLYMER	?
FMT	NON-POLYMER	?
FMU	RNA LINKING	?
FMV	NON-POLYMER	?
FMW	NON-POLYMER	?
FMX	NON-POLYMER	?
FMY	NON-POLYMER	?
FMZ	NON-POLYMER	?
FN0	non-polymer	?
FN1	NON-POLYMER	?
FN2	non-polymer	?
FN3	non-polymer	?
FN5	NON-POLYMER	?
FN6	non-polymer	?
FN7	non-polymer	?
FN8	NON-POLYMER	?
FN9	non-polymer	?
FNA	NON-POLYMER	?
FNB	NON-POLYMER	?
FNC	non-polymer	?
FND	NON-POLYMER	?
FNE	NON-POLYMER	?
FNF	NON-POLYMER	?
FNG	D-saccharide	GLA
FNH	NON-POLYMER	?
FNI	NON-POLYMER	?
FNJ	NON-POLYMER	?
FNK	NON-POLYMER	?
FNM	NON-POLYMER	?
FNN	NON-POLYMER	?
FNO	non-polymer	?
FNP	NON-POLYMER	?
FNQ	NON-POLYMER	?
FNR	NON-POLYMER	?
FNS	NON-POLYMER	?
FNT	NON-POLYMER	?
FNU	DNA linking	U
FNV	NON-POLYMER	?
FNW	non-polymer	?
FNX	NON-POLYMER	?
FNY	saccharide	?
FNZ	NON-POLYMER	?
FO0	non-polymer	?
FO1	NON-POLYMER	?
FO2	NON-POLYMER	?
FO4	NON-POLYMER	?
FO5	NON-POLYMER	?
FO6	non-polymer	?
FO7	NON-POLYMER	?
FO8	NON-POLYMER	?
FO9	NON-POLYMER	?
FOA	NON-POLYMER	?
FOB	NON-POLYMER	?
FOC	NON-POLYMER	?
FOD	L-peptide linking	?
FOE	L-PEPTIDE LINKING	CYS
FOF	NON-POLYMER	?
FOG	peptide-like	?
FOH	NON-POLYMER	?
FOI	NON-POLYMER	?
FOJ	NON-POLYMER	?
FOK	NON-POLYMER	?
FOL	NON-POLYMER	?
FOM	NON-POLYMER	?
FON	NON-POLYMER	?
FOO	NON-POLYMER	?
FOP	NON-POLYMER	?
FOQ	NON-POLYMER	?
FOR	NON-POLYMER	?
FOS	NON-POLYMER	?
FOT	NON-POLYMER	?
FOU	NON-POLYMER	?
FOV	NON-POLYMER	?
FOW	NON-POLYMER	?
FOX	DNA LINKING	DG
FOY	NON-POLYMER	?
FOZ	NON-POLYMER	?
FP0	NON-POLYMER	?
FP1	non-polymer	?
FP2	NON-POLYMER	?
FP3	NON-POLYMER	?
FP4	NON-POLYMER	?
FP5	non-polymer	?
FP6	NON-POLYMER	?
FP7	NON-POLYMER	?
FP8	non-polymer	?
FP9	L-PEPTIDE LINKING	PRO
FPA	NON-POLYMER	?
FPB	NON-POLYMER	?
FPC	NON-POLYMER	?
FPD	NON-POLYMER	?
FPE	NON-POLYMER	?
FPF	NON-POLYMER	?
FPG	NON-POLYMER	?
FPH	NON-POLYMER	?
FPI	NON-POLYMER	?
FPJ	NON-POLYMER	?
FPK	L-PEPTIDE LINKING	PRO
FPL	NON-POLYMER	?
FPM	NON-POLYMER	?
FPN	NON-POLYMER	?
FPO	NON-POLYMER	?
FPP	NON-POLYMER	?
FPQ	NON-POLYMER	?
FPR	L-peptide linking	?
FPS	NON-POLYMER	?
FPT	NON-POLYMER	?
FPU	NON-POLYMER	?
FPW	NON-POLYMER	?
FPX	NON-POLYMER	?
FPY	NON-POLYMER	?
FPZ	NON-POLYMER	?
FQ0	non-polymer	?
FQ1	NON-POLYMER	?
FQ3	non-polymer	?
FQ4	NON-POLYMER	?
FQ5	NON-POLYMER	?
FQ6	non-polymer	?
FQ7	NON-POLYMER	?
FQ8	NON-POLYMER	?
FQ9	non-polymer	?
FQA	L-peptide linking	LYS
FQB	NON-POLYMER	?
FQC	NON-POLYMER	?
FQD	NON-POLYMER	?
FQE	NON-POLYMER	?
FQF	non-polymer	?
FQG	NON-POLYMER	?
FQH	NON-POLYMER	?
FQI	non-polymer	?
FQJ	NON-POLYMER	?
FQK	NON-POLYMER	?
FQL	non-polymer	?
FQM	NON-POLYMER	?
FQN	NON-POLYMER	?
FQP	NON-POLYMER	?
FQQ	NON-POLYMER	?
FQR	non-polymer	?
FQT	NON-POLYMER	?
FQU	non-polymer	?
FQV	NON-POLYMER	?
FQW	non-polymer	?
FQX	NON-POLYMER	?
FQY	NON-POLYMER	?
FQZ	NON-POLYMER	?
FR0	NON-POLYMER	?
FR1	NON-POLYMER	?
FR2	NON-POLYMER	?
FR3	NON-POLYMER	?
FR4	NON-POLYMER	?
FR5	NON-POLYMER	?
FR6	NON-POLYMER	?
FR7	NON-POLYMER	?
FR8	NON-POLYMER	?
FR9	NON-POLYMER	?
FRA	NON-POLYMER	?
FRB	NON-POLYMER	?
FRC	NON-POLYMER	?
FRD	L-PEPTIDE LINKING	?
FRE	NON-POLYMER	?
FRF	NON-POLYMER	?
FRG	NON-POLYMER	?
FRH	NON-POLYMER	?
FRI	NON-POLYMER	?
FRJ	NON-POLYMER	?
FRK	NON-POLYMER	?
FRL	NON-POLYMER	?
FRM	NON-POLYMER	?
FRO	NON-POLYMER	?
FRP	NON-POLYMER	?
FRQ	NON-POLYMER	?
FRR	NON-POLYMER	?
FRS	NON-POLYMER	?
FRT	non-polymer	?
FRU	D-saccharide, beta linking	?
FRV	non-polymer	?
FRW	NON-POLYMER	?
FRX	NON-POLYMER	?
FRY	NON-POLYMER	?
FRZ	NON-POLYMER	?
FS0	NON-POLYMER	?
FS1	NON-POLYMER	?
FS2	NON-POLYMER	?
FS3	NON-POLYMER	?
FS4	NON-POLYMER	?
FS5	NON-POLYMER	?
FS6	non-polymer	?
FS7	NON-POLYMER	?
FS8	NON-POLYMER	?
FS9	NON-POLYMER	?
FSA	D-saccharide, beta linking	?
FSB	NON-POLYMER	?
FSC	NON-POLYMER	?
FSD	NON-POLYMER	?
FSE	NON-POLYMER	?
FSF	NON-POLYMER	?
FSG	NON-POLYMER	?
FSH	NON-POLYMER	?
FSI	D-saccharide, beta linking	SLB
FSJ	NON-POLYMER	?
FSK	NON-POLYMER	?
FSL	non-polymer	?
FSM	saccharide	?
FSN	NON-POLYMER	?
FSO	NON-POLYMER	?
FSP	NON-POLYMER	?
FSQ	NON-POLYMER	?
FSR	L-saccharide	?
FSS	NON-POLYMER	?
FST	NON-POLYMER	?
FSU	NON-POLYMER	?
FSV	NON-POLYMER	?
FSW	L-saccharide	?
FSX	NON-POLYMER	?
FSY	NON-POLYMER	?
FSZ	NON-POLYMER	?
FT0	NON-POLYMER	?
FT1	NON-POLYMER	?
FT2	NON-POLYMER	?
FT3	NON-POLYMER	?
FT4	NON-POLYMER	?
FT5	NON-POLYMER	?
FT6	L-PEPTIDE LINKING	TRP
FT7	NON-POLYMER	?
FT8	NON-POLYMER	?
FT9	non-polymer	?
FTA	NON-POLYMER	?
FTB	NON-POLYMER	?
FTC	NON-POLYMER	?
FTD	NON-POLYMER	?
FTE	NON-POLYMER	?
FTG	NON-POLYMER	?
FTH	NON-POLYMER	?
FTI	NON-POLYMER	?
FTJ	NON-POLYMER	?
FTK	NON-POLYMER	?
FTL	NON-POLYMER	?
FTM	NON-POLYMER	?
FTN	NON-POLYMER	?
FTO	peptide-like	?
FTP	NON-POLYMER	?
FTQ	NON-POLYMER	?
FTR	L-PEPTIDE LINKING	TRP
FTS	NON-POLYMER	?
FTT	NON-POLYMER	?
FTU	NON-POLYMER	?
FTV	NON-POLYMER	?
FTW	NON-POLYMER	?
FTX	non-polymer	?
FTY	L-PEPTIDE LINKING	TYR
FTZ	NON-POLYMER	?
FU0	NON-POLYMER	?
FU1	NON-POLYMER	?
FU2	NON-POLYMER	?
FU3	NON-POLYMER	?
FU4	D-SACCHARIDE	?
FU5	NON-POLYMER	?
FU6	non-polymer	?
FU7	NON-POLYMER	?
FU8	NON-POLYMER	?
FU9	NON-POLYMER	?
FUA	NON-POLYMER	?
FUB	L-saccharide, beta linking	?
FUC	L-saccharide, alpha linking	?
FUD	D-saccharide	?
FUE	NON-POLYMER	?
FUF	L-saccharide, beta linking	?
FUG	NON-POLYMER	?
FUH	NON-POLYMER	?
FUI	non-polymer	?
FUJ	NON-POLYMER	?
FUK	NON-POLYMER	?
FUL	L-saccharide, beta linking	?
FUM	NON-POLYMER	?
FUN	NON-POLYMER	?
FUO	non-polymer	?
FUP	NON-POLYMER	?
FUQ	NON-POLYMER	?
FUR	NON-POLYMER	?
FUS	NON-POLYMER	?
FUT	non-polymer	?
FUU	NON-POLYMER	?
FUV	NON-POLYMER	?
FUW	non-polymer	?
FUX	NON-POLYMER	?
FUY	L-saccharide	?
FUZ	NON-POLYMER	?
FV0	NON-POLYMER	?
FV1	NON-POLYMER	?
FV2	NON-POLYMER	?
FV3	non-polymer	?
FV4	NON-POLYMER	?
FV5	non-polymer	?
FV7	NON-POLYMER	?
FV8	NON-POLYMER	?
FV9	NON-POLYMER	?
FVA	L-PEPTIDE LINKING	VAL
FVB	non-polymer	?
FVC	non-polymer	?
FVD	NON-POLYMER	?
FVE	non-polymer	?
FVF	NON-POLYMER	?
FVG	NON-POLYMER	?
FVH	NON-POLYMER	?
FVJ	NON-POLYMER	?
FVK	NON-POLYMER	?
FVM	NON-POLYMER	?
FVN	NON-POLYMER	?
FVP	NON-POLYMER	?
FVQ	D-saccharide	MAN
FVR	non-polymer	?
FVS	NON-POLYMER	?
FVT	NON-POLYMER	?
FVV	NON-POLYMER	?
FVW	NON-POLYMER	?
FVX	NON-POLYMER	?
FVY	NON-POLYMER	?
FVZ	NON-POLYMER	?
FW1	NON-POLYMER	?
FW2	NON-POLYMER	?
FW3	non-polymer	?
FW4	NON-POLYMER	?
FW5	NON-POLYMER	?
FW6	non-polymer	?
FW7	NON-POLYMER	?
FW8	NON-POLYMER	?
FW9	non-polymer	?
FWA	NON-POLYMER	?
FWB	NON-POLYMER	?
FWC	non-polymer	?
FWD	NON-POLYMER	?
FWE	NON-POLYMER	?
FWF	NON-POLYMER	?
FWG	NON-POLYMER	?
FWH	NON-POLYMER	?
FWI	non-polymer	?
FWJ	NON-POLYMER	?
FWK	NON-POLYMER	?
FWL	non-polymer	?
FWM	NON-POLYMER	?
FWN	NON-POLYMER	?
FWO	non-polymer	?
FWP	NON-POLYMER	?
FWQ	NON-POLYMER	?
FWR	non-polymer	?
FWS	NON-POLYMER	?
FWT	NON-POLYMER	?
FWU	non-polymer	?
FWV	NON-POLYMER	?
FWW	NON-POLYMER	?
FWX	non-polymer	?
FWY	NON-POLYMER	?
FWZ	NON-POLYMER	?
FX0	non-polymer	?
FX1	D-saccharide, beta linking	?
FX2	NON-POLYMER	?
FX3	non-polymer	?
FX4	NON-POLYMER	?
FX5	NON-POLYMER	?
FX6	non-polymer	?
FX7	NON-POLYMER	?
FX8	NON-POLYMER	?
FX9	L-peptide linking	PHE
FXA	NON-POLYMER	?
FXB	NON-POLYMER	?
FXC	D-peptide linking	?
FXD	NON-POLYMER	?
FXE	non-polymer	?
FXF	D-peptide linking	?
FXG	NON-POLYMER	?
FXH	NON-POLYMER	?
FXI	NON-POLYMER	?
FXJ	NON-POLYMER	?
FXK	NON-POLYMER	?
FXL	D-peptide linking	?
FXM	NON-POLYMER	?
FXN	NON-POLYMER	?
FXQ	NON-POLYMER	?
FXR	non-polymer	?
FXS	NON-POLYMER	?
FXT	NON-POLYMER	?
FXU	non-polymer	?
FXV	NON-POLYMER	?
FXW	NON-POLYMER	?
FXX	non-polymer	?
FXY	NON-POLYMER	?
FY0	NON-POLYMER	?
FY1	NON-POLYMER	?
FY2	L-peptide linking	TYR
FY3	L-peptide linking	TYR
FY4	NON-POLYMER	?
FY5	NON-POLYMER	?
FY6	non-polymer	?
FY7	NON-POLYMER	?
FY8	NON-POLYMER	?
FY9	non-polymer	?
FYA	NON-POLYMER	?
FYB	NON-POLYMER	?
FYC	non-polymer	?
FYD	NON-POLYMER	?
FYE	NON-POLYMER	?
FYF	non-polymer	?
FYG	NON-POLYMER	?
FYH	NON-POLYMER	?
FYI	peptide-like	?
FYJ	D-saccharide	?
FYK	NON-POLYMER	?
FYL	non-polymer	?
FYM	non-polymer	?
FYN	NON-POLYMER	?
FYO	NON-POLYMER	?
FYP	NON-POLYMER	?
FYQ	peptide-like	?
FYR	non-polymer	?
FYS	NON-POLYMER	?
FYT	non-polymer	?
FYU	NON-POLYMER	?
FYV	NON-POLYMER	?
FYW	NON-POLYMER	?
FYX	NON-POLYMER	?
FYY	NON-POLYMER	?
FYZ	non-polymer	?
FZ0	non-polymer	?
FZ1	NON-POLYMER	?
FZ2	non-polymer	?
FZ3	non-polymer	?
FZ4	NON-POLYMER	?
FZ5	NON-POLYMER	?
FZ6	non-polymer	?
FZ8	NON-POLYMER	?
FZ9	NON-POLYMER	?
FZA	NON-POLYMER	?
FZB	NON-POLYMER	?
FZC	non-polymer	?
FZE	NON-POLYMER	?
FZF	non-polymer	?
FZH	NON-POLYMER	?
FZI	non-polymer	?
FZJ	NON-POLYMER	?
FZK	NON-POLYMER	?
FZL	non-polymer	?
FZM	NON-POLYMER	?
FZN	L-peptide linking	LYS
FZO	non-polymer	?
FZP	NON-POLYMER	?
FZQ	NON-POLYMER	?
FZR	non-polymer	?
FZS	NON-POLYMER	?
FZT	NON-POLYMER	?
FZU	non-polymer	?
FZV	NON-POLYMER	?
FZW	NON-POLYMER	?
FZX	non-polymer	?
FZZ	NON-POLYMER	?
G	RNA LINKING	?
G00	NON-POLYMER	?
G01	D-peptide NH3 amino terminus	GLU
G02	NON-POLYMER	?
G03	non-polymer	?
G04	NON-POLYMER	?
G05	NON-POLYMER	?
G06	non-polymer	?
G07	NON-POLYMER	?
G08	NON-POLYMER	?
G09	non-polymer	?
G0B	NON-POLYMER	?
G0C	non-polymer	?
G0D	NON-POLYMER	?
G0E	NON-POLYMER	?
G0F	non-polymer	?
G0G	NON-POLYMER	?
G0H	NON-POLYMER	?
G0I	non-polymer	?
G0J	NON-POLYMER	?
G0K	NON-POLYMER	?
G0M	NON-POLYMER	?
G0N	NON-POLYMER	?
G0O	non-polymer	?
G0P	NON-POLYMER	?
G0Q	NON-POLYMER	?
G0R	non-polymer	?
G0S	D-saccharide	?
G0T	NON-POLYMER	?
G0U	non-polymer	?
G0V	NON-POLYMER	?
G0W	NON-POLYMER	?
G0X	non-polymer	?
G0Y	NON-POLYMER	?
G0Z	NON-POLYMER	?
G10	NON-POLYMER	?
G11	NON-POLYMER	?
G12	NON-POLYMER	?
G13	NON-POLYMER	?
G14	NON-POLYMER	?
G15	NON-POLYMER	?
G16	D-saccharide	GLC
G17	NON-POLYMER	?
G18	non-polymer	?
G19	NON-POLYMER	?
G1C	NON-POLYMER	?
G1D	NON-POLYMER	?
G1E	NON-POLYMER	?
G1G	NON-POLYMER	G
G1H	NON-POLYMER	?
G1I	non-polymer	?
G1J	NON-POLYMER	?
G1K	NON-POLYMER	?
G1L	NON-POLYMER	?
G1M	NON-POLYMER	?
G1N	NON-POLYMER	?
G1O	NON-POLYMER	?
G1P	D-saccharide	GLC
G1R	NON-POLYMER	?
G1S	non-polymer	?
G1T	NON-POLYMER	?
G1U	non-polymer	?
G1V	non-polymer	?
G1W	NON-POLYMER	?
G1X	L-peptide linking	TYR
G1Y	NON-POLYMER	?
G1Z	NON-POLYMER	?
G20	L-saccharide	?
G21	NON-POLYMER	?
G23	NON-POLYMER	?
G24	NON-POLYMER	?
G25	RNA LINKING	G
G26	NON-POLYMER	?
G27	NON-POLYMER	?
G28	L-saccharide	?
G29	NON-POLYMER	?
G2A	non-polymer	?
G2B	NON-POLYMER	?
G2C	NON-POLYMER	?
G2D	NON-POLYMER	?
G2E	non-polymer	?
G2F	D-saccharide, alpha linking	?
G2G	NON-POLYMER	?
G2H	NON-POLYMER	?
G2I	NON-POLYMER	?
G2J	NON-POLYMER	?
G2K	NON-POLYMER	?
G2L	RNA LINKING	G
G2M	NON-POLYMER	?
G2N	NON-POLYMER	?
G2O	non-polymer	?
G2P	NON-POLYMER	?
G2Q	NON-POLYMER	?
G2R	NON-POLYMER	?
G2S	DNA LINKING	DG
G2T	non-polymer	?
G2U	non-polymer	?
G2V	NON-POLYMER	?
G2W	non-polymer	?
G2X	non-polymer	?
G2Y	NON-POLYMER	?
G2Z	NON-POLYMER	?
G30	NON-POLYMER	?
G31	DNA LINKING	DG
G32	DNA LINKING	DG
G33	DNA LINKING	DG
G34	NON-POLYMER	?
G35	DNA linking	?
G36	DNA LINKING	DG
G37	NON-POLYMER	?
G38	DNA LINKING	DG
G39	NON-POLYMER	?
G3A	NON-POLYMER	G,A
G3B	NON-POLYMER	?
G3C	non-polymer	?
G3D	NON-POLYMER	?
G3E	NON-POLYMER	?
G3F	D-saccharide, beta linking	?
G3G	NON-POLYMER	?
G3H	NON-POLYMER	?
G3I	saccharide	?
G3J	NON-POLYMER	?
G3K	NON-POLYMER	?
G3L	non-polymer	?
G3M	L-peptide linking	ARG
G3N	NON-POLYMER	?
G3O	non-polymer	?
G3P	NON-POLYMER	?
G3Q	NON-POLYMER	?
G3R	non-polymer	?
G3S	NON-POLYMER	?
G3T	NON-POLYMER	?
G3U	non-polymer	?
G3V	NON-POLYMER	?
G3W	NON-POLYMER	?
G3X	NON-POLYMER	?
G3Y	non-polymer	?
G3Z	NON-POLYMER	?
G40	non-polymer	?
G41	non-polymer	?
G42	DNA LINKING	DG
G43	NON-POLYMER	?
G44	NON-POLYMER	?
G45	NON-POLYMER	?
G46	RNA LINKING	G
G47	DNA LINKING	DG
G48	RNA LINKING	G
G49	DNA LINKING	DG
G4A	NON-POLYMER	?
G4B	NON-POLYMER	?
G4C	non-polymer	?
G4D	D-saccharide, alpha linking	?
G4E	NON-POLYMER	?
G4F	NON-POLYMER	?
G4G	NON-POLYMER	?
G4H	NON-POLYMER	?
G4I	non-polymer	?
G4J	NON-POLYMER	?
G4K	NON-POLYMER	?
G4M	NON-POLYMER	?
G4N	NON-POLYMER	?
G4O	non-polymer	?
G4P	RNA LINKING	?
G4Q	NON-POLYMER	?
G4R	non-polymer	?
G4S	D-saccharide, beta linking	GAL
G4T	NON-POLYMER	?
G4U	non-polymer	?
G4V	NON-POLYMER	?
G4W	NON-POLYMER	?
G4X	non-polymer	?
G4Y	NON-POLYMER	?
G4Z	NON-POLYMER	?
G50	NON-POLYMER	?
G51	NON-POLYMER	?
G52	NON-POLYMER	?
G53	NON-POLYMER	?
G54	NON-POLYMER	?
G55	NON-POLYMER	?
G56	non-polymer	?
G57	NON-POLYMER	?
G58	NON-POLYMER	?
G59	NON-POLYMER	?
G5A	NON-POLYMER	?
G5B	NON-POLYMER	?
G5C	non-polymer	?
G5D	NON-POLYMER	?
G5E	NON-POLYMER	?
G5F	non-polymer	?
G5G	L-peptide linking	LEU
G5H	NON-POLYMER	?
G5J	NON-POLYMER	?
G5K	NON-POLYMER	?
G5L	non-polymer	?
G5M	NON-POLYMER	?
G5N	NON-POLYMER	?
G5O	non-polymer	?
G5P	NON-POLYMER	?
G5Q	NON-POLYMER	?
G5R	non-polymer	?
G5T	NON-POLYMER	?
G5U	non-polymer	?
G5V	NON-POLYMER	?
G5W	NON-POLYMER	?
G5X	non-polymer	?
G5Y	NON-POLYMER	?
G5Z	NON-POLYMER	?
G60	non-polymer	?
G61	NON-POLYMER	?
G62	NON-POLYMER	?
G63	NON-POLYMER	?
G64	NON-POLYMER	?
G65	NON-POLYMER	?
G67	NON-POLYMER	?
G68	NON-POLYMER	?
G69	NON-POLYMER	?
G6A	NON-POLYMER	?
G6B	NON-POLYMER	?
G6C	non-polymer	?
G6D	D-saccharide, alpha linking	?
G6E	NON-POLYMER	?
G6F	NON-POLYMER	?
G6G	NON-POLYMER	?
G6H	NON-POLYMER	?
G6I	NON-POLYMER	?
G6J	NON-POLYMER	?
G6K	NON-POLYMER	?
G6L	non-polymer	?
G6M	NON-POLYMER	?
G6N	non-polymer	?
G6O	non-polymer	?
G6P	D-saccharide, alpha linking	GLC
G6Q	NON-POLYMER	?
G6R	non-polymer	?
G6S	D-saccharide, beta linking	GAL
G6T	NON-POLYMER	?
G6U	non-polymer	?
G6V	NON-POLYMER	?
G6W	NON-POLYMER	?
G6X	NON-POLYMER	?
G6Y	NON-POLYMER	?
G6Z	NON-POLYMER	?
G70	non-polymer	?
G71	NON-POLYMER	?
G72	NON-POLYMER	?
G73	NON-POLYMER	?
G74	non-polymer	?
G75	non-polymer	?
G76	NON-POLYMER	?
G77	non-polymer	?
G79	NON-POLYMER	?
G7A	NON-POLYMER	?
G7B	NON-POLYMER	?
G7C	non-polymer	?
G7D	NON-POLYMER	?
G7E	NON-POLYMER	?
G7F	non-polymer	?
G7G	NON-POLYMER	?
G7H	NON-POLYMER	?
G7I	non-polymer	?
G7J	NON-POLYMER	?
G7K	NON-POLYMER	?
G7L	non-polymer	?
G7M	RNA LINKING	G
G7N	NON-POLYMER	?
G7O	non-polymer	?
G7P	D-saccharide, beta linking	?
G7Q	NON-POLYMER	?
G7R	non-polymer	?
G7T	NON-POLYMER	?
G7U	non-polymer	?
G7V	NON-POLYMER	?
G7W	NON-POLYMER	?
G7X	non-polymer	?
G7Z	NON-POLYMER	?
G80	NON-POLYMER	?
G81	non-polymer	?
G82	non-polymer	?
G83	non-polymer	?
G84	NON-POLYMER	?
G85	peptide-like	?
G86	NON-POLYMER	?
G87	NON-POLYMER	?
G88	NON-POLYMER	?
G89	peptide-like	?
G8A	NON-POLYMER	?
G8B	NON-POLYMER	?
G8C	non-polymer	?
G8D	NON-POLYMER	?
G8E	NON-POLYMER	?
G8F	non-polymer	?
G8G	NON-POLYMER	?
G8H	NON-POLYMER	?
G8I	non-polymer	?
G8J	NON-POLYMER	?
G8K	NON-POLYMER	?
G8L	non-polymer	?
G8M	L-PEPTIDE LINKING	GLU
G8N	NON-POLYMER	?
G8O	non-polymer	?
G8Q	NON-POLYMER	?
G8R	non-polymer	?
G8S	NON-POLYMER	?
G8T	NON-POLYMER	?
G8U	non-polymer	?
G8V	NON-POLYMER	?
G8W	NON-POLYMER	?
G8X	L-peptide linking	PRO
G8Y	NON-POLYMER	?
G8Z	D-saccharide	MAN
G90	non-polymer	?
G91	NON-POLYMER	?
G92	NON-POLYMER	?
G93	NON-POLYMER	?
G94	NON-POLYMER	?
G95	NON-POLYMER	?
G96	NON-POLYMER	?
G97	NON-POLYMER	?
G98	NON-POLYMER	?
G9A	NON-POLYMER	?
G9B	NON-POLYMER	?
G9C	non-polymer	?
G9D	NON-POLYMER	?
G9E	NON-POLYMER	?
G9F	NON-POLYMER	?
G9G	NON-POLYMER	?
G9H	NON-POLYMER	?
G9I	NON-POLYMER	?
G9J	NON-POLYMER	?
G9K	NON-POLYMER	?
G9L	NON-POLYMER	?
G9M	NON-POLYMER	?
G9N	NON-POLYMER	?
G9O	non-polymer	?
G9P	NON-POLYMER	?
G9Q	NON-POLYMER	?
G9R	non-polymer	?
G9S	NON-POLYMER	?
G9U	non-polymer	?
G9V	NON-POLYMER	?
G9W	NON-POLYMER	?
G9X	non-polymer	?
G9Y	NON-POLYMER	?
G9Z	NON-POLYMER	?
GA	NON-POLYMER	?
GA0	NON-POLYMER	?
GA2	NON-POLYMER	?
GA3	NON-POLYMER	?
GA4	NON-POLYMER	?
GA5	NON-POLYMER	?
GA6	NON-POLYMER	?
GA7	NON-POLYMER	?
GA8	NON-POLYMER	?
GA9	NON-POLYMER	?
GAA	D-saccharide	GLA
GAB	NON-POLYMER	?
GAC	saccharide	?
GAD	L-saccharide	?
GAE	NON-POLYMER	?
GAF	D-saccharide, alpha linking	?
GAG	NON-POLYMER	?
GAH	peptide-like	?
GAI	NON-POLYMER	?
GAJ	NON-POLYMER	?
GAK	NON-POLYMER	?
GAL	D-saccharide, beta linking	?
GAM	L-peptide linking	GLU
GAN	NON-POLYMER	?
GAO	RNA LINKING	G
GAP	NON-POLYMER	?
GAQ	NON-POLYMER	?
GAR	NON-POLYMER	?
GAS	NON-POLYMER	?
GAT	D-saccharide	GLA
GAU	L-PEPTIDE LINKING	GLU
GAV	NON-POLYMER	?
GAW	NON-POLYMER	?
GAX	NON-POLYMER	?
GAY	non-polymer	?
GAZ	NON-POLYMER	?
GB	NON-POLYMER	?
GB0	NON-POLYMER	?
GB1	NON-POLYMER	?
GB2	NON-POLYMER	?
GB3	NON-POLYMER	?
GB4	NON-POLYMER	?
GB5	NON-POLYMER	?
GB6	NON-POLYMER	?
GB7	NON-POLYMER	?
GB8	NON-POLYMER	?
GB9	non-polymer	?
GBA	NON-POLYMER	?
GBC	NON-POLYMER	?
GBD	NON-POLYMER	?
GBE	NON-POLYMER	?
GBF	NON-POLYMER	?
GBG	NON-POLYMER	?
GBH	D-saccharide	BGC
GBI	NON-POLYMER	?
GBJ	NON-POLYMER	?
GBK	NON-POLYMER	?
GBL	NON-POLYMER	?
GBM	NON-POLYMER	?
GBN	NON-POLYMER	?
GBO	NON-POLYMER	?
GBP	NON-POLYMER	?
GBQ	NON-POLYMER	?
GBR	NON-POLYMER	?
GBS	non-polymer	?
GBT	NON-POLYMER	?
GBU	non-polymer	?
GBV	NON-POLYMER	?
GBW	NON-POLYMER	?
GBX	NON-POLYMER	?
GBZ	NON-POLYMER	?
GC0	non-polymer	?
GC1	D-saccharide	?
GC2	non-polymer	?
GC3	non-polymer	?
GC4	D-saccharide, beta linking	?
GC5	non-polymer	PNS
GC6	non-polymer	?
GC7	NON-POLYMER	?
GC8	non-polymer	?
GC9	L-saccharide	?
GCA	NON-POLYMER	?
GCB	D-saccharide	?
GCC	non-polymer	?
GCD	L-saccharide, alpha linking	?
GCE	NON-POLYMER	?
GCF	NON-POLYMER	?
GCG	NON-POLYMER	?
GCH	NON-POLYMER	?
GCI	non-polymer	?
GCK	DNA LINKING	DC
GCL	NON-POLYMER	?
GCM	L-PEPTIDE LINKING	?
GCN	D-saccharide, alpha linking	?
GCO	D-saccharide	?
GCP	NON-POLYMER	?
GCQ	NON-POLYMER	?
GCR	NON-POLYMER	?
GCS	D-saccharide, beta linking	?
GCT	D-saccharide	?
GCU	D-saccharide, alpha linking	?
GCV	D-saccharide, alpha linking	GCU
GCW	D-saccharide, beta linking	BDP
GCY	NON-POLYMER	?
GCZ	NON-POLYMER	?
GD	NON-POLYMER	?
GD0	non-polymer	?
GD1	NON-POLYMER	?
GD2	non-polymer	?
GD3	NON-POLYMER	?
GD4	NON-POLYMER	?
GD5	non-polymer	?
GD7	NON-POLYMER	?
GD8	NON-POLYMER	?
GD9	NON-POLYMER	?
GDA	D-saccharide, alpha linking	?
GDB	NON-POLYMER	?
GDC	NON-POLYMER	?
GDD	NON-POLYMER	?
GDE	NON-POLYMER	?
GDF	non-polymer	?
GDG	NON-POLYMER	?
GDH	NON-POLYMER	?
GDI	non-polymer	?
GDJ	non-polymer	?
GDK	NON-POLYMER	?
GDL	D-saccharide	?
GDM	NON-POLYMER	?
GDN	NON-POLYMER	?
GDO	RNA LINKING	G
GDP	RNA LINKING	G
GDQ	NON-POLYMER	?
GDR	RNA LINKING	DG
GDS	NON-POLYMER	?
GDT	NON-POLYMER	?
GDU	NON-POLYMER	?
GDV	NON-POLYMER	?
GDW	NON-POLYMER	?
GDX	NON-POLYMER	?
GDY	NON-POLYMER	?
GDZ	NON-POLYMER	?
GE0	non-polymer	?
GE1	D-saccharide, alpha linking	?
GE2	NON-POLYMER	?
GE3	L-saccharide, beta linking	?
GE5	NON-POLYMER	?
GE6	non-polymer	?
GE7	non-polymer	?
GE8	NON-POLYMER	?
GE9	non-polymer	?
GEB	NON-POLYMER	?
GEC	non-polymer	?
GED	non-polymer	?
GEE	L-peptide linking	GLY
GEF	non-polymer	?
GEG	NON-POLYMER	?
GEH	NON-POLYMER	?
GEI	non-polymer	?
GEJ	non-polymer	?
GEK	NON-POLYMER	?
GEL	NON-POLYMER	?
GEM	NON-POLYMER	?
GEN	NON-POLYMER	?
GEO	NON-POLYMER	?
GEP	NON-POLYMER	?
GEQ	NON-POLYMER	?
GER	NON-POLYMER	?
GES	NON-POLYMER	?
GET	NON-POLYMER	?
GEU	non-polymer	?
GEV	NON-POLYMER	?
GEW	NON-POLYMER	?
GEX	non-polymer	?
GEY	NON-POLYMER	?
GEZ	NON-POLYMER	?
GF0	NON-POLYMER	?
GF1	NON-POLYMER	?
GF2	DNA linking	DG
GF3	non-polymer	?
GF4	NON-POLYMER	?
GF5	NON-POLYMER	?
GF6	non-polymer	?
GF7	NON-POLYMER	?
GF8	NON-POLYMER	?
GF9	non-polymer	?
GFA	NON-POLYMER	?
GFB	NON-POLYMER	?
GFC	NON-POLYMER	?
GFD	non-polymer	?
GFE	NON-POLYMER	?
GFF	NON-POLYMER	?
GFH	NON-POLYMER	?
GFI	non-polymer	?
GFJ	NON-POLYMER	?
GFK	NON-POLYMER	?
GFL	DNA LINKING	DG
GFM	NON-POLYMER	?
GFN	NON-POLYMER	?
GFO	non-polymer	?
GFP	D-saccharide	?
GFQ	NON-POLYMER	?
GFR	non-polymer	?
GFS	non-polymer	?
GFT	L-PEPTIDE LINKING	SER
GFU	non-polymer	?
GFV	NON-POLYMER	?
GFW	NON-POLYMER	?
GFX	non-polymer	?
GFZ	NON-POLYMER	?
GG0	non-polymer	?
GG1	NON-POLYMER	?
GG2	NON-POLYMER	?
GG3	NON-POLYMER	?
GG4	NON-POLYMER	?
GG5	NON-POLYMER	?
GG6	NON-POLYMER	?
GG7	NON-POLYMER	?
GG8	NON-POLYMER	?
GG9	NON-POLYMER	?
GGA	NON-POLYMER	?
GGB	L-peptide linking	?
GGC	NON-POLYMER	?
GGD	NON-POLYMER	?
GGE	NON-POLYMER	?
GGF	non-polymer	?
GGG	NON-POLYMER	?
GGH	NON-POLYMER	?
GGI	non-polymer	?
GGJ	NON-POLYMER	?
GGK	NON-POLYMER	?
GGL	L-gamma-peptide, C-delta linking	?
GGM	NON-POLYMER	?
GGN	NON-POLYMER	?
GGO	NON-POLYMER	?
GGP	NON-POLYMER	?
GGQ	non-polymer	?
GGS	NON-POLYMER	?
GGT	NON-POLYMER	?
GGU	non-polymer	?
GGV	NON-POLYMER	?
GGW	NON-POLYMER	?
GGX	NON-POLYMER	?
GGY	non-polymer	?
GGZ	NON-POLYMER	?
GH0	non-polymer	?
GH1	NON-POLYMER	?
GH2	NON-POLYMER	?
GH3	RNA LINKING	G
GH4	NON-POLYMER	?
GH5	NON-POLYMER	?
GH6	non-polymer	?
GH7	NON-POLYMER	?
GH8	NON-POLYMER	?
GH9	non-polymer	?
GHA	NON-POLYMER	?
GHB	NON-POLYMER	?
GHC	L-peptide linking	GLU
GHD	non-polymer	?
GHE	non-polymer	?
GHF	non-polymer	?
GHG	L-PEPTIDE LINKING	GLN
GHI	non-polymer	?
GHJ	NON-POLYMER	?
GHK	NON-POLYMER	?
GHL	non-polymer	?
GHM	NON-POLYMER	?
GHN	NON-POLYMER	?
GHO	non-polymer	?
GHP	D-PEPTIDE LINKING	?
GHQ	NON-POLYMER	?
GHR	NON-POLYMER	?
GHS	NON-POLYMER	?
GHT	NON-POLYMER	?
GHU	non-polymer	?
GHV	non-polymer	?
GHW	L-peptide linking	GLU
GHX	non-polymer	?
GHY	non-polymer	?
GHZ	non-polymer	?
GI0	non-polymer	?
GI1	NON-POLYMER	?
GI2	NON-POLYMER	?
GI3	NON-POLYMER	?
GI4	NON-POLYMER	?
GI5	non-polymer	?
GI6	non-polymer	?
GI7	non-polymer	?
GI8	NON-POLYMER	?
GI9	non-polymer	?
GIA	NON-POLYMER	?
GIC	peptide-like	?
GID	non-polymer	?
GIE	non-polymer	?
GIF	NON-POLYMER	?
GIG	NON-POLYMER	?
GIH	non-polymer	?
GII	non-polymer	?
GIJ	non-polymer	?
GIK	non-polymer	?
GIL	NON-POLYMER	?
GIM	NON-POLYMER	?
GIN	NON-POLYMER	?
GIO	NON-POLYMER	?
GIP	NON-POLYMER	?
GIQ	NON-POLYMER	?
GIR	NON-POLYMER	?
GIS	NON-POLYMER	?
GIT	non-polymer	?
GIU	non-polymer	?
GIV	L-saccharide, beta linking	?
GIW	non-polymer	?
GIX	NON-POLYMER	?
GIY	non-polymer	?
GIZ	non-polymer	?
GJ0	non-polymer	?
GJ1	NON-POLYMER	?
GJ2	NON-POLYMER	?
GJ3	non-polymer	?
GJ4	non-polymer	?
GJ5	NON-POLYMER	?
GJ6	non-polymer	?
GJ7	NON-POLYMER	?
GJ8	NON-POLYMER	?
GJ9	non-polymer	?
GJA	NON-POLYMER	?
GJB	non-polymer	?
GJC	non-polymer	?
GJD	NON-POLYMER	?
GJE	NON-POLYMER	?
GJF	non-polymer	?
GJG	NON-POLYMER	?
GJI	non-polymer	?
GJJ	NON-POLYMER	?
GJK	NON-POLYMER	?
GJL	non-polymer	?
GJM	non-polymer	?
GJN	non-polymer	?
GJO	non-polymer	?
GJP	NON-POLYMER	?
GJQ	NON-POLYMER	?
GJR	non-polymer	?
GJS	NON-POLYMER	?
GJT	NON-POLYMER	?
GJU	non-polymer	?
GJV	NON-POLYMER	?
GJW	NON-POLYMER	?
GJX	non-polymer	?
GJY	NON-POLYMER	?
GJZ	NON-POLYMER	?
GK0	NON-POLYMER	?
GK1	NON-POLYMER	?
GK2	NON-POLYMER	?
GK3	NON-POLYMER	?
GK4	NON-POLYMER	?
GK5	NON-POLYMER	?
GK6	NON-POLYMER	?
GK7	NON-POLYMER	?
GK8	NON-POLYMER	?
GK9	NON-POLYMER	?
GKA	NON-POLYMER	?
GKB	NON-POLYMER	?
GKC	non-polymer	?
GKD	NON-POLYMER	?
GKE	NON-POLYMER	?
GKF	non-polymer	?
GKG	NON-POLYMER	?
GKH	NON-POLYMER	?
GKI	non-polymer	?
GKJ	NON-POLYMER	?
GKK	NON-POLYMER	?
GKL	peptide-like	?
GKM	NON-POLYMER	?
GKN	NON-POLYMER	?
GKO	non-polymer	?
GKP	NON-POLYMER	?
GKQ	NON-POLYMER	?
GKR	NON-POLYMER	?
GKS	NON-POLYMER	?
GKT	NON-POLYMER	?
GKU	non-polymer	?
GKW	NON-POLYMER	?
GKX	non-polymer	?
GKY	NON-POLYMER	?
GKZ	NON-POLYMER	?
GL0	D-saccharide, beta linking	?
GL1	D-saccharide	GLA
GL2	D-saccharide	?
GL3	L-PEPTIDE LINKING	GLY
GL4	D-saccharide	?
GL5	D-saccharide	?
GL6	D-saccharide	?
GL7	D-saccharide	?
GL8	NON-POLYMER	?
GL9	D-saccharide	?
GLA	D-saccharide, alpha linking	?
GLB	D-SACCHARIDE	?
GLC	D-saccharide, alpha linking	?
GLD	D-saccharide, alpha linking	?
GLE	NON-POLYMER	?
GLF	D-saccharide	?
GLG	D-saccharide	?
GLH	L-PEPTIDE LINKING	GLN
GLI	NON-POLYMER	?
GLJ	L-PEPTIDE LINKING	GLU
GLK	peptide-like	GLU
GLL	NON-POLYMER	?
GLM	L-PEPTIDE LINKING	?
GLN	L-PEPTIDE LINKING	?
GLO	D-saccharide	?
GLP	D-saccharide, alpha linking	PA1
GLQ	L-PEPTIDE LINKING	GLU
GLR	NON-POLYMER	?
GLS	D-saccharide	?
GLT	D-saccharide, alpha linking	?
GLU	L-PEPTIDE LINKING	?
GLV	NON-POLYMER	?
GLW	SACCHARIDE	?
GLX	L-PEPTIDE LINKING	?
GLY	PEPTIDE LINKING	?
GLZ	L-PEPTIDE LINKING	GLY
GM0	D-saccharide, alpha linking	GMH
GM1	NON-POLYMER	?
GM2	NON-POLYMER	?
GM3	NON-POLYMER	?
GM4	NON-POLYMER	?
GM5	NON-POLYMER	?
GM6	NON-POLYMER	?
GM7	NON-POLYMER	?
GM8	NON-POLYMER	?
GM9	non-polymer	?
GMA	L-PEPTIDE LINKING	GLU
GMB	D-saccharide	?
GMC	NON-POLYMER	?
GMD	NON-POLYMER	?
GME	L-peptide linking	GLU
GMF	non-polymer	?
GMG	NON-POLYMER	?
GMH	D-saccharide, alpha linking	?
GMI	non-polymer	?
GMJ	NON-POLYMER	?
GMK	non-polymer	?
GMM	NON-POLYMER	?
GMN	NON-POLYMER	?
GMO	L-peptide linking	THR, TYR, GLY
GMP	NON-POLYMER	?
GMQ	NON-POLYMER	?
GMR	NON-POLYMER	?
GMS	DNA LINKING	DG
GMT	D-saccharide	NDG
GMU	RNA LINKING	DU
GMV	non-polymer	?
GMW	NON-POLYMER	?
GMX	RNA linking	?
GMY	NON-POLYMER	?
GMZ	D-saccharide	?
GN0	NON-POLYMER	?
GN1	D-saccharide	NDG
GN2	NON-POLYMER	?
GN3	NON-POLYMER	?
GN4	D-saccharide, beta linking	BM7
GN5	NON-POLYMER	?
GN6	non-polymer	?
GN7	DNA LINKING	DG
GN8	NON-POLYMER	?
GN9	non-polymer	?
GNA	NON-POLYMER	?
GNB	NON-POLYMER	?
GNC	L-PEPTIDE LINKING	GLN
GND	L-PEPTIDE LINKING	LYS
GNE	DNA LINKING	?
GNF	NON-POLYMER	?
GNG	RNA OH 5 prime terminus	G
GNH	NON-POLYMER	?
GNI	NON-POLYMER	?
GNJ	NON-POLYMER	?
GNK	NON-POLYMER	?
GNL	NON-POLYMER	?
GNM	NON-POLYMER	?
GNO	non-polymer	?
GNP	NON-POLYMER	?
GNQ	NON-POLYMER	?
GNR	NON-POLYMER	?
GNS	D-saccharide, alpha linking	PA1
GNT	NON-POLYMER	?
GNU	non-polymer	?
GNV	NON-POLYMER	?
GNW	NON-POLYMER	?
GNX	D-saccharide, alpha linking	PA1
GNY	NON-POLYMER	?
GNZ	NON-POLYMER	?
GO0	NON-POLYMER	?
GO1	NON-POLYMER	?
GO2	NON-POLYMER	?
GO3	non-polymer	?
GO4	non-polymer	?
GO5	NON-POLYMER	?
GO6	non-polymer	?
GO7	NON-POLYMER	?
GO8	NON-POLYMER	?
GO9	non-polymer	?
GOA	NON-POLYMER	?
GOB	NON-POLYMER	?
GOC	non-polymer	?
GOD	NON-POLYMER	?
GOE	NON-POLYMER	?
GOF	non-polymer	?
GOG	NON-POLYMER	?
GOH	non-polymer	?
GOI	NON-POLYMER	?
GOJ	NON-POLYMER	?
GOK	NON-POLYMER	?
GOL	NON-POLYMER	?
GOM	RNA LINKING	G
GON	NON-POLYMER	?
GOO	NON-POLYMER	?
GOP	NON-POLYMER	?
GOQ	NON-POLYMER	?
GOR	non-polymer	?
GOS	NON-POLYMER	?
GOT	NON-POLYMER	?
GOU	non-polymer	?
GOV	non-polymer	?
GOW	NON-POLYMER	?
GOX	NON-POLYMER	?
GOY	NON-POLYMER	?
GOZ	NON-POLYMER	?
GP0	D-saccharide	?
GP1	D-saccharide	PA1
GP2	NON-POLYMER	?
GP3	NON-POLYMER	?
GP4	D-saccharide, alpha linking	?
GP5	NON-POLYMER	?
GP6	NON-POLYMER	?
GP7	NON-POLYMER	?
GP8	NON-POLYMER	?
GP9	non-polymer	?
GPA	NON-POLYMER	?
GPB	NON-POLYMER	?
GPC	NON-POLYMER	?
GPD	NON-POLYMER	?
GPE	NON-POLYMER	?
GPF	NON-POLYMER	?
GPG	NON-POLYMER	?
GPH	D-saccharide, beta linking	?
GPI	NON-POLYMER	?
GPJ	NON-POLYMER	?
GPK	D-saccharide	?
GPL	L-PEPTIDE LINKING	LYS
GPM	D-saccharide	?
GPN	PEPTIDE-LIKE	?
GPO	D-saccharide, beta linking	?
GPP	NON-POLYMER	?
GPQ	D-saccharide	?
GPR	NON-POLYMER	?
GPS	NON-POLYMER	?
GPT	NON-POLYMER	?
GPU	D-saccharide	?
GPV	D-saccharide	?
GPW	D-saccharide	?
GPX	NON-POLYMER	?
GQ0	non-polymer	?
GQ1	D-saccharide, alpha linking	GLC
GQ3	non-polymer	?
GQ5	NON-POLYMER	?
GQ6	non-polymer	?
GQ7	NON-POLYMER	?
GQ8	NON-POLYMER	?
GQ9	non-polymer	?
GQA	NON-POLYMER	?
GQB	NON-POLYMER	?
GQC	non-polymer	?
GQD	non-polymer	?
GQE	NON-POLYMER	?
GQF	non-polymer	?
GQG	non-polymer	?
GQH	NON-POLYMER	?
GQI	L-peptide linking	CYS
GQJ	NON-POLYMER	?
GQK	NON-POLYMER	?
GQL	NON-POLYMER	?
GQM	NON-POLYMER	?
GQN	NON-POLYMER	?
GQO	non-polymer	?
GQP	NON-POLYMER	?
GQQ	NON-POLYMER	?
GQR	non-polymer	?
GQS	NON-POLYMER	?
GQT	NON-POLYMER	?
GQU	non-polymer	?
GQV	NON-POLYMER	?
GQW	NON-POLYMER	?
GQX	non-polymer	?
GQY	NON-POLYMER	?
GQZ	NON-POLYMER	?
GR0	NON-POLYMER	?
GR1	NON-POLYMER	?
GR2	non-polymer	?
GR3	NON-POLYMER	?
GR4	NON-POLYMER	?
GR5	NON-POLYMER	?
GR6	NON-POLYMER	?
GR7	NON-POLYMER	?
GR8	NON-POLYMER	?
GR9	non-polymer	?
GRA	NON-POLYMER	?
GRB	RNA LINKING	G
GRC	NON-POLYMER	?
GRD	NON-POLYMER	?
GRE	NON-POLYMER	?
GRF	D-saccharide, beta linking	?
GRG	NON-POLYMER	?
GRH	NON-POLYMER	?
GRI	NON-POLYMER	?
GRJ	non-polymer	?
GRK	NON-POLYMER	?
GRL	NON-POLYMER	?
GRM	NON-POLYMER	?
GRN	NON-POLYMER	?
GRO	NON-POLYMER	?
GRP	NON-POLYMER	?
GRQ	NON-POLYMER	?
GRR	NON-POLYMER	?
GRT	NON-POLYMER	?
GRV	NON-POLYMER	?
GRW	NON-POLYMER	?
GRX	D-saccharide	?
GRY	NON-POLYMER	?
GRZ	NON-POLYMER	?
GS	DNA LINKING	DG
GS0	non-polymer	?
GS1	D-saccharide, beta linking	?
GS2	NON-POLYMER	?
GS3	NON-POLYMER	?
GS4	D-SACCHARIDE	?
GS5	NON-POLYMER	?
GS6	NON-POLYMER	?
GS7	NON-POLYMER	?
GS8	non-polymer	?
GS9	D-saccharide	?
GSA	SACCHARIDE	?
GSB	NON-POLYMER	?
GSC	L-PEPTIDE LINKING	GLY
GSD	D-SACCHARIDE	?
GSE	NON-POLYMER	?
GSF	NON-POLYMER	?
GSG	NON-POLYMER	?
GSH	peptide-like	?
GSI	non-polymer	?
GSJ	NON-POLYMER	?
GSK	NON-POLYMER	?
GSL	NON-POLYMER	?
GSM	NON-POLYMER	?
GSN	NON-POLYMER	?
GSO	NON-POLYMER	?
GSP	NON-POLYMER	?
GSQ	NON-POLYMER	?
GSR	DNA LINKING	DG
GSS	DNA LINKING	DG
GST	NON-POLYMER	?
GSU	L-PEPTIDE LINKING	GLU
GSV	non-polymer	?
GSW	NON-POLYMER	?
GSX	NON-POLYMER	?
GSY	non-polymer	?
GSZ	NON-POLYMER	?
GT0	NON-POLYMER	?
GT1	NON-POLYMER	?
GT2	NON-POLYMER	?
GT3	non-polymer	?
GT4	NON-POLYMER	?
GT5	NON-POLYMER	?
GT6	NON-POLYMER	?
GT7	NON-POLYMER	?
GT8	NON-POLYMER	?
GT9	L-PEPTIDE LINKING	CYS
GTA	NON-POLYMER	?
GTB	NON-POLYMER	?
GTC	NON-POLYMER	?
GTD	NON-POLYMER	?
GTE	SACCHARIDE	?
GTF	NON-POLYMER	?
GTG	NON-POLYMER	?
GTH	SACCHARIDE	?
GTI	NON-POLYMER	?
GTJ	NON-POLYMER	?
GTK	D-saccharide, beta linking	?
GTL	NON-POLYMER	?
GTM	D-saccharide	?
GTN	NON-POLYMER	?
GTO	NON-POLYMER	?
GTP	NON-POLYMER	G
GTQ	NON-POLYMER	?
GTR	D-saccharide, beta linking	?
GTS	NON-POLYMER	?
GTT	NON-POLYMER	?
GTU	non-polymer	?
GTV	NON-POLYMER	?
GTW	NON-POLYMER	?
GTX	NON-POLYMER	?
GTY	NON-POLYMER	?
GTZ	NON-POLYMER	?
GU0	D-saccharide, beta linking	BGC
GU1	D-saccharide, beta linking	BDP
GU2	L-saccharide, alpha linking	Z0F
GU3	D-saccharide	GLC
GU4	D-saccharide, alpha linking	GLC
GU5	D-saccharide, alpha linking	GLC
GU6	D-saccharide, alpha linking	GLC
GU7	NON-POLYMER	?
GU8	D-saccharide, beta linking	BGC
GU9	D-saccharide, alpha linking	GLC
GUA	NON-POLYMER	?
GUB	NON-POLYMER	?
GUC	non-polymer	?
GUD	NON-POLYMER	?
GUE	NON-POLYMER	?
GUF	D-saccharide, beta linking	?
GUG	NON-POLYMER	?
GUH	NON-POLYMER	?
GUI	non-polymer	?
GUJ	NON-POLYMER	?
GUK	NON-POLYMER	?
GUL	L-saccharide	?
GUM	NON-POLYMER	?
GUN	NON-POLYMER	?
GUO	NON-POLYMER	?
GUP	L-saccharide, alpha linking	?
GUQ	NON-POLYMER	?
GUR	NON-POLYMER	?
GUS	NON-POLYMER	?
GUT	NON-POLYMER	?
GUU	non-polymer	?
GUV	NON-POLYMER	?
GUW	NON-POLYMER	?
GUX	NON-POLYMER	?
GUY	NON-POLYMER	?
GUZ	D-saccharide, alpha linking	?
GV0	NON-POLYMER	?
GV1	NON-POLYMER	?
GV2	NON-POLYMER	?
GV3	non-polymer	?
GV4	NON-POLYMER	?
GV5	NON-POLYMER	?
GV6	non-polymer	?
GV7	NON-POLYMER	?
GV8	NON-POLYMER	?
GV9	NON-POLYMER	?
GVA	NON-POLYMER	?
GVB	NON-POLYMER	?
GVC	NON-POLYMER	?
GVD	NON-POLYMER	?
GVE	peptide-like	?
GVF	NON-POLYMER	?
GVG	NON-POLYMER	?
GVH	NON-POLYMER	?
GVI	NON-POLYMER	?
GVJ	NON-POLYMER	?
GVK	NON-POLYMER	?
GVL	L-PEPTIDE LINKING	SER
GVM	NON-POLYMER	?
GVN	NON-POLYMER	?
GVO	NON-POLYMER	?
GVP	NON-POLYMER	?
GVQ	NON-POLYMER	?
GVR	non-polymer	?
GVS	non-polymer	?
GVT	non-polymer	?
GVU	non-polymer	?
GVV	NON-POLYMER	?
GVW	NON-POLYMER	?
GVX	peptide-like	?
GVY	NON-POLYMER	?
GVZ	NON-POLYMER	?
GW0	NON-POLYMER	?
GW1	NON-POLYMER	?
GW2	NON-POLYMER	?
GW3	NON-POLYMER	?
GW4	NON-POLYMER	?
GW5	NON-POLYMER	?
GW6	NON-POLYMER	?
GW7	NON-POLYMER	?
GW8	NON-POLYMER	?
GW9	NON-POLYMER	?
GWA	NON-POLYMER	?
GWB	NON-POLYMER	?
GWC	non-polymer	?
GWD	NON-POLYMER	?
GWE	NON-POLYMER	?
GWF	non-polymer	?
GWG	NON-POLYMER	?
GWH	NON-POLYMER	?
GWI	NON-POLYMER	?
GWJ	NON-POLYMER	?
GWK	NON-POLYMER	?
GWL	non-polymer	?
GWM	NON-POLYMER	?
GWN	NON-POLYMER	?
GWO	peptide-like	?
GWP	NON-POLYMER	?
GWQ	NON-POLYMER	?
GWR	non-polymer	?
GWS	NON-POLYMER	?
GWT	NON-POLYMER	?
GWU	non-polymer	?
GWV	NON-POLYMER	?
GWW	NON-POLYMER	?
GWX	non-polymer	?
GWY	NON-POLYMER	?
GWZ	NON-POLYMER	?
GX0	non-polymer	?
GX1	DNA linking	DG
GX2	NON-POLYMER	?
GX3	non-polymer	?
GX4	NON-POLYMER	?
GX5	non-polymer	?
GX6	non-polymer	?
GX7	NON-POLYMER	?
GX8	NON-POLYMER	?
GXA	NON-POLYMER	?
GXB	NON-POLYMER	?
GXC	non-polymer	?
GXD	NON-POLYMER	?
GXE	NON-POLYMER	?
GXF	non-polymer	?
GXG	NON-POLYMER	?
GXH	NON-POLYMER	?
GXI	non-polymer	?
GXJ	non-polymer	?
GXK	NON-POLYMER	?
GXL	L-saccharide, alpha linking	?
GXM	NON-POLYMER	?
GXN	NON-POLYMER	?
GXO	non-polymer	?
GXP	NON-POLYMER	?
GXQ	NON-POLYMER	?
GXR	non-polymer	?
GXS	NON-POLYMER	?
GXT	NON-POLYMER	?
GXU	non-polymer	?
GXV	L-saccharide	?
GXW	NON-POLYMER	?
GXY	NON-POLYMER	?
GXZ	NON-POLYMER	?
GY0	non-polymer	?
GY1	non-polymer	?
GY2	non-polymer	?
GY3	NON-POLYMER	?
GY4	NON-POLYMER	?
GY5	NON-POLYMER	?
GY6	NON-POLYMER	?
GY7	NON-POLYMER	?
GY8	NON-POLYMER	?
GY9	NON-POLYMER	?
GYA	NON-POLYMER	?
GYB	NON-POLYMER	?
GYC	L-PEPTIDE LINKING	CYS, TYR, GLY
GYD	NON-POLYMER	?
GYE	D-saccharide, beta linking	?
GYF	non-polymer	?
GYG	D-saccharide	?
GYI	non-polymer	?
GYK	NON-POLYMER	?
GYL	NON-POLYMER	?
GYM	non-polymer	?
GYN	non-polymer	?
GYO	non-polymer	?
GYP	D-saccharide	GLC
GYQ	NON-POLYMER	?
GYR	NON-POLYMER	?
GYS	L-PEPTIDE LINKING	SER, TYR, GLY
GYT	NON-POLYMER	?
GYU	D-saccharide	PA1
GYV	D-saccharide	?
GYW	NON-POLYMER	?
GYX	non-polymer	?
GYY	NON-POLYMER	?
GYZ	NON-POLYMER	?
GZ0	non-polymer	?
GZ2	NON-POLYMER	?
GZ3	non-polymer	?
GZ4	NON-POLYMER	?
GZ5	NON-POLYMER	?
GZ6	non-polymer	?
GZ7	NON-POLYMER	?
GZ8	NON-POLYMER	?
GZ9	non-polymer	?
GZA	NON-POLYMER	?
GZB	L-peptide NH3 amino terminus	?
GZC	NON-POLYMER	?
GZD	NON-POLYMER	?
GZE	NON-POLYMER	?
GZF	non-polymer	?
GZG	NON-POLYMER	?
GZH	NON-POLYMER	?
GZI	non-polymer	?
GZJ	L-peptide linking	?
GZK	NON-POLYMER	?
GZL	D-saccharide, beta linking	?
GZM	non-polymer	?
GZN	NON-POLYMER	?
GZO	non-polymer	?
GZP	non-polymer	?
GZQ	NON-POLYMER	?
GZR	non-polymer	?
GZS	non-polymer	?
GZT	NON-POLYMER	?
GZV	NON-POLYMER	?
GZW	NON-POLYMER	?
GZX	non-polymer	?
GZY	NON-POLYMER	?
GZZ	NON-POLYMER	?
H	NON-POLYMER	?
H00	NON-POLYMER	?
H01	NON-POLYMER	?
H02	NON-POLYMER	?
H03	non-polymer	?
H04	NON-POLYMER	?
H05	NON-POLYMER	?
H06	NON-POLYMER	?
H07	NON-POLYMER	?
H08	NON-POLYMER	?
H09	non-polymer	?
H0A	NON-POLYMER	?
H0B	NON-POLYMER	?
H0C	non-polymer	?
H0D	NON-POLYMER	?
H0E	NON-POLYMER	?
H0F	non-polymer	?
H0G	NON-POLYMER	?
H0H	NON-POLYMER	?
H0I	non-polymer	?
H0J	NON-POLYMER	?
H0K	NON-POLYMER	?
H0L	non-polymer	?
H0M	NON-POLYMER	?
H0N	NON-POLYMER	?
H0O	non-polymer	?
H0P	NON-POLYMER	?
H0Q	NON-POLYMER	?
H0R	non-polymer	?
H0S	NON-POLYMER	?
H0T	NON-POLYMER	?
H0U	non-polymer	?
H0V	non-polymer	?
H0W	NON-POLYMER	?
H0X	NON-POLYMER	?
H0Y	non-polymer	?
H0Z	NON-POLYMER	?
H10	NON-POLYMER	?
H11	NON-POLYMER	?
H12	NON-POLYMER	?
H13	NON-POLYMER	?
H14	L-PEPTIDE LINKING	PHE
H15	NON-POLYMER	?
H16	NON-POLYMER	?
H17	NON-POLYMER	?
H18	NON-POLYMER	?
H19	NON-POLYMER	?
H1A	NON-POLYMER	?
H1B	non-polymer	?
H1C	non-polymer	?
H1D	NON-POLYMER	MET
H1F	non-polymer	?
H1G	NON-POLYMER	?
H1H	NON-POLYMER	?
H1I	non-polymer	?
H1J	NON-POLYMER	?
H1K	NON-POLYMER	?
H1L	NON-POLYMER	?
H1M	D-saccharide	?
H1N	NON-POLYMER	?
H1O	non-polymer	?
H1P	NON-POLYMER	?
H1Q	NON-POLYMER	?
H1R	non-polymer	?
H1S	saccharide	?
H1T	NON-POLYMER	?
H1U	non-polymer	?
H1V	NON-POLYMER	?
H1W	NON-POLYMER	?
H1X	non-polymer	?
H1Y	NON-POLYMER	?
H1Z	NON-POLYMER	?
H20	NON-POLYMER	?
H21	non-polymer	?
H22	non-polymer	?
H23	NON-POLYMER	?
H24	non-polymer	?
H25	non-polymer	?
H26	NON-POLYMER	?
H27	NON-POLYMER	?
H28	NON-POLYMER	?
H29	non-polymer	?
H2A	NON-POLYMER	?
H2B	NON-POLYMER	?
H2C	non-polymer	?
H2D	NON-POLYMER	?
H2E	NON-POLYMER	?
H2G	NON-POLYMER	?
H2H	NON-POLYMER	?
H2I	non-polymer	?
H2J	NON-POLYMER	?
H2K	NON-POLYMER	?
H2L	non-polymer	?
H2M	NON-POLYMER	?
H2N	NON-POLYMER	?
H2P	D-saccharide	GLC
H2Q	NON-POLYMER	?
H2R	non-polymer	?
H2S	NON-POLYMER	?
H2T	non-polymer	?
H2U	RNA LINKING	U
H2V	NON-POLYMER	?
H2W	non-polymer	?
H2X	non-polymer	?
H2Y	NON-POLYMER	?
H2Z	NON-POLYMER	?
H30	non-polymer	?
H31	NON-POLYMER	?
H32	NON-POLYMER	?
H33	NON-POLYMER	?
H34	NON-POLYMER	?
H35	NON-POLYMER	?
H36	NON-POLYMER	?
H37	peptide-like	?
H38	NON-POLYMER	?
H39	NON-POLYMER	?
H3A	NON-POLYMER	?
H3B	NON-POLYMER	?
H3C	non-polymer	?
H3D	NON-POLYMER	?
H3E	NON-POLYMER	?
H3F	non-polymer	?
H3G	NON-POLYMER	?
H3H	NON-POLYMER	?
H3I	non-polymer	?
H3J	NON-POLYMER	?
H3K	NON-POLYMER	?
H3L	non-polymer	?
H3M	NON-POLYMER	?
H3N	NON-POLYMER	?
H3P	NON-POLYMER	?
H3Q	NON-POLYMER	?
H3R	non-polymer	?
H3S	saccharide	?
H3T	NON-POLYMER	?
H3U	non-polymer	?
H3V	NON-POLYMER	?
H3W	NON-POLYMER	?
H3X	non-polymer	?
H3Y	NON-POLYMER	?
H3Z	NON-POLYMER	?
H40	non-polymer	?
H41	non-polymer	?
H42	NON-POLYMER	?
H43	non-polymer	?
H44	NON-POLYMER	?
H45	NON-POLYMER	?
H46	non-polymer	?
H47	NON-POLYMER	?
H48	NON-POLYMER	?
H49	non-polymer	?
H4A	NON-POLYMER	?
H4B	NON-POLYMER	?
H4C	NON-POLYMER	?
H4D	NON-POLYMER	?
H4E	NON-POLYMER	?
H4G	NON-POLYMER	?
H4H	NON-POLYMER	?
H4I	non-polymer	?
H4K	NON-POLYMER	?
H4L	non-polymer	?
H4M	NON-POLYMER	?
H4N	NON-POLYMER	?
H4O	non-polymer	?
H4P	NON-POLYMER	?
H4Q	NON-POLYMER	?
H4R	non-polymer	?
H4S	NON-POLYMER	?
H4T	NON-POLYMER	?
H4U	non-polymer	?
H4V	NON-POLYMER	?
H4W	NON-POLYMER	?
H4X	non-polymer	?
H4Y	NON-POLYMER	?
H4Z	NON-POLYMER	?
H50	NON-POLYMER	?
H52	NON-POLYMER	?
H53	D-saccharide	?
H54	NON-POLYMER	?
H55	NON-POLYMER	?
H56	non-polymer	?
H57	NON-POLYMER	?
H58	NON-POLYMER	?
H59	NON-POLYMER	?
H5A	NON-POLYMER	?
H5B	NON-POLYMER	?
H5C	non-polymer	?
H5D	NON-POLYMER	?
H5E	NON-POLYMER	?
H5F	non-polymer	?
H5G	NON-POLYMER	?
H5H	NON-POLYMER	?
H5I	non-polymer	?
H5J	NON-POLYMER	?
H5K	NON-POLYMER	?
H5L	non-polymer	?
H5M	L-PEPTIDE LINKING	PRO
H5N	NON-POLYMER	?
H5O	non-polymer	?
H5P	NON-POLYMER	?
H5Q	NON-POLYMER	?
H5R	non-polymer	?
H5S	NON-POLYMER	?
H5T	NON-POLYMER	?
H5U	NON-POLYMER	?
H5V	NON-POLYMER	?
H5W	NON-POLYMER	?
H5X	non-polymer	?
H5Y	NON-POLYMER	?
H5Z	NON-POLYMER	?
H60	non-polymer	?
H61	NON-POLYMER	?
H62	NON-POLYMER	?
H63	non-polymer	?
H64	NON-POLYMER	?
H65	non-polymer	?
H66	non-polymer	?
H67	NON-POLYMER	?
H68	NON-POLYMER	?
H69	non-polymer	?
H6A	NON-POLYMER	?
H6B	NON-POLYMER	?
H6D	NON-POLYMER	?
H6E	NON-POLYMER	?
H6F	non-polymer	?
H6G	NON-POLYMER	?
H6H	NON-POLYMER	?
H6I	non-polymer	?
H6J	NON-POLYMER	?
H6K	NON-POLYMER	?
H6L	non-polymer	?
H6M	NON-POLYMER	?
H6N	NON-POLYMER	?
H6O	non-polymer	?
H6P	NON-POLYMER	?
H6Q	D-saccharide, beta linking	BGC
H6R	non-polymer	?
H6S	NON-POLYMER	?
H6T	NON-POLYMER	?
H6U	non-polymer	?
H6V	NON-POLYMER	?
H6W	NON-POLYMER	?
H6X	non-polymer	?
H6Y	non-polymer	?
H6Z	D-saccharide, alpha linking	GLC
H70	non-polymer	?
H71	NON-POLYMER	?
H72	NON-POLYMER	?
H73	non-polymer	?
H74	NON-POLYMER	?
H75	NON-POLYMER	?
H76	NON-POLYMER	?
H77	NON-POLYMER	?
H78	NON-POLYMER	?
H79	NON-POLYMER	?
H7A	NON-POLYMER	?
H7B	NON-POLYMER	?
H7C	non-polymer	?
H7D	NON-POLYMER	?
H7E	NON-POLYMER	?
H7F	non-polymer	?
H7G	NON-POLYMER	?
H7I	non-polymer	?
H7J	NON-POLYMER	?
H7K	NON-POLYMER	?
H7L	non-polymer	?
H7M	NON-POLYMER	?
H7N	NON-POLYMER	?
H7O	non-polymer	?
H7P	NON-POLYMER	?
H7Q	NON-POLYMER	?
H7R	non-polymer	?
H7S	NON-POLYMER	?
H7T	NON-POLYMER	?
H7U	non-polymer	?
H7V	L-PEPTIDE LINKING	ALA
H7W	NON-POLYMER	?
H7X	non-polymer	?
H7Y	non-polymer	?
H7Z	NON-POLYMER	?
H80	non-polymer	?
H81	NON-POLYMER	?
H82	NON-POLYMER	?
H83	NON-POLYMER	?
H84	NON-POLYMER	?
H86	NON-POLYMER	?
H88	NON-POLYMER	?
H89	NON-POLYMER	?
H8A	NON-POLYMER	?
H8B	NON-POLYMER	?
H8C	non-polymer	?
H8D	NON-POLYMER	?
H8E	NON-POLYMER	?
H8F	non-polymer	?
H8G	NON-POLYMER	?
H8H	NON-POLYMER	?
H8I	non-polymer	?
H8J	NON-POLYMER	?
H8K	NON-POLYMER	?
H8L	non-polymer	?
H8M	NON-POLYMER	?
H8N	NON-POLYMER	?
H8O	non-polymer	?
H8Q	NON-POLYMER	?
H8R	NON-POLYMER	?
H8S	NON-POLYMER	?
H8T	NON-POLYMER	?
H8U	non-polymer	?
H8V	NON-POLYMER	?
H8W	NON-POLYMER	?
H8X	non-polymer	?
H8Z	NON-POLYMER	?
H90	NON-POLYMER	?
H91	NON-POLYMER	?
H92	NON-POLYMER	?
H93	non-polymer	?
H94	NON-POLYMER	?
H95	NON-POLYMER	?
H96	non-polymer	?
H97	NON-POLYMER	?
H98	NON-POLYMER	?
H99	non-polymer	?
H9A	NON-POLYMER	?
H9B	NON-POLYMER	?
H9C	non-polymer	?
H9D	non-polymer	?
H9E	NON-POLYMER	?
H9F	non-polymer	?
H9G	NON-POLYMER	?
H9H	NON-POLYMER	?
H9I	non-polymer	?
H9J	NON-POLYMER	?
H9K	NON-POLYMER	?
H9L	non-polymer	?
H9M	NON-POLYMER	?
H9O	non-polymer	?
H9P	NON-POLYMER	?
H9R	non-polymer	?
H9S	NON-POLYMER	?
H9T	NON-POLYMER	?
H9U	non-polymer	?
H9V	NON-POLYMER	?
H9X	non-polymer	?
H9Y	NON-POLYMER	?
H9Z	NON-POLYMER	?
HA0	NON-POLYMER	?
HA1	NON-POLYMER	?
HA2	non-polymer	?
HA3	non-polymer	?
HA4	non-polymer	?
HA5	NON-POLYMER	?
HA6	NON-POLYMER	?
HA7	NON-POLYMER	?
HA8	NON-POLYMER	?
HAA	NON-POLYMER	?
HAB	NON-POLYMER	?
HAC	L-PEPTIDE LINKING	ALA
HAD	NON-POLYMER	?
HAE	NON-POLYMER	?
HAF	non-polymer	?
HAG	NON-POLYMER	?
HAH	NON-POLYMER	?
HAI	NON-POLYMER	?
HAJ	non-polymer	?
HAK	NON-POLYMER	?
HAL	NON-POLYMER	?
HAM	NON-POLYMER	?
HAN	NON-POLYMER	?
HAO	peptide-like	?
HAP	NON-POLYMER	?
HAQ	peptide-like	?
HAR	L-PEPTIDE LINKING	ARG
HAS	NON-POLYMER	?
HAT	NON-POLYMER	?
HAU	NON-POLYMER	?
HAV	NON-POLYMER	?
HAW	NON-POLYMER	?
HAX	NON-POLYMER	?
HAY	NON-POLYMER	?
HAZ	NON-POLYMER	?
HB0	NON-POLYMER	?
HB1	NON-POLYMER	?
HB2	NON-POLYMER	?
HB3	non-polymer	?
HB4	NON-POLYMER	?
HB5	NON-POLYMER	?
HB6	non-polymer	?
HB7	NON-POLYMER	?
HB8	NON-POLYMER	?
HB9	NON-POLYMER	?
HBA	NON-POLYMER	?
HBB	NON-POLYMER	?
HBC	NON-POLYMER	?
HBD	NON-POLYMER	?
HBE	NON-POLYMER	?
HBF	NON-POLYMER	?
HBG	NON-POLYMER	?
HBH	NON-POLYMER	?
HBI	NON-POLYMER	?
HBJ	NON-POLYMER	?
HBK	NON-POLYMER	?
HBL	NON-POLYMER	?
HBM	NON-POLYMER	?
HBN	L-PEPTIDE LINKING	HIS
HBO	NON-POLYMER	?
HBP	NON-POLYMER	?
HBQ	NON-POLYMER	?
HBR	NON-POLYMER	?
HBS	NON-POLYMER	?
HBT	NON-POLYMER	?
HBU	NON-POLYMER	?
HBV	NON-POLYMER	?
HBW	NON-POLYMER	?
HBX	NON-POLYMER	?
HBY	NON-POLYMER	?
HBZ	D-saccharide	?
HC0	NON-POLYMER	?
HC1	NON-POLYMER	?
HC2	NON-POLYMER	?
HC3	NON-POLYMER	?
HC4	NON-POLYMER	?
HC5	NON-POLYMER	?
HC6	NON-POLYMER	?
HC7	NON-POLYMER	?
HC8	NON-POLYMER	?
HC9	NON-POLYMER	?
HCA	NON-POLYMER	?
HCB	NON-POLYMER	?
HCC	NON-POLYMER	?
HCD	NON-POLYMER	?
HCE	NON-POLYMER	?
HCG	NON-POLYMER	?
HCH	NON-POLYMER	?
HCI	NON-POLYMER	?
HCJ	NON-POLYMER	?
HCK	NON-POLYMER	?
HCL	L-peptide linking	?
HCM	L-PEPTIDE LINKING	CYS
HCN	NON-POLYMER	?
HCO	NON-POLYMER	?
HCP	NON-POLYMER	?
HCQ	NON-POLYMER	?
HCR	NON-POLYMER	?
HCS	L-PEPTIDE LINKING	?
HCT	NON-POLYMER	?
HCU	non-polymer	?
HCV	NON-POLYMER	?
HCW	non-polymer	?
HCX	NON-POLYMER	?
HCY	non-polymer	?
HCZ	NON-POLYMER	?
HD0	Peptide-like	?
HD1	non-polymer	?
HD2	non-polymer	?
HD3	non-polymer	?
HD4	D-saccharide	NAG
HD5	NON-POLYMER	?
HD6	NON-POLYMER	?
HD9	non-polymer	?
HDA	NON-POLYMER	?
HDB	NON-POLYMER	?
HDC	NON-POLYMER	?
HDD	NON-POLYMER	?
HDE	NON-POLYMER	?
HDF	NON-POLYMER	?
HDG	NON-POLYMER	?
HDH	NON-POLYMER	?
HDI	NON-POLYMER	?
HDJ	NON-POLYMER	?
HDL	D-SACCHARIDE	?
HDM	NON-POLYMER	?
HDN	NON-POLYMER	?
HDO	NON-POLYMER	?
HDP	DNA LINKING	DU
HDQ	NON-POLYMER	?
HDR	NON-POLYMER	?
HDS	NON-POLYMER	?
HDT	NON-POLYMER	?
HDU	NON-POLYMER	?
HDV	NON-POLYMER	?
HDW	NON-POLYMER	?
HDX	NON-POLYMER	?
HDY	NON-POLYMER	?
HDZ	NON-POLYMER	?
HE0	NON-POLYMER	?
HE1	NON-POLYMER	?
HE2	NON-POLYMER	?
HE3	NON-POLYMER	?
HE4	NON-POLYMER	?
HE5	NON-POLYMER	?
HE6	NON-POLYMER	?
HE7	NON-POLYMER	?
HE8	NON-POLYMER	?
HE9	non-polymer	?
HEA	NON-POLYMER	?
HEB	NON-POLYMER	?
HEC	NON-POLYMER	?
HED	NON-POLYMER	?
HEE	NON-POLYMER	?
HEF	NON-POLYMER	?
HEG	NON-POLYMER	?
HEH	NON-POLYMER	?
HEI	non-polymer	?
HEJ	NON-POLYMER	?
HEK	NON-POLYMER	?
HEL	NON-POLYMER	?
HEM	NON-POLYMER	?
HEN	NON-POLYMER	?
HEO	NON-POLYMER	?
HEP	NON-POLYMER	?
HEQ	NON-POLYMER	?
HER	non-polymer	?
HES	NON-POLYMER	?
HET	NON-POLYMER	?
HEU	DNA LINKING	DU
HEV	NON-POLYMER	?
HEW	NON-POLYMER	?
HEX	NON-POLYMER	?
HEY	NON-POLYMER	?
HEZ	NON-POLYMER	?
HF0	non-polymer	?
HF1	NON-POLYMER	?
HF2	PEPTIDE-LIKE	?
HF3	NON-POLYMER	?
HF4	NON-POLYMER	?
HF5	NON-POLYMER	?
HF6	non-polymer	?
HF7	NON-POLYMER	?
HF8	NON-POLYMER	?
HF9	non-polymer	?
HFA	L-PEPTIDE LINKING	?
HFB	NON-POLYMER	?
HFC	non-polymer	?
HFD	NON-POLYMER	?
HFF	non-polymer	?
HFG	NON-POLYMER	?
HFH	NON-POLYMER	?
HFI	non-polymer	?
HFJ	NON-POLYMER	?
HFK	NON-POLYMER	?
HFL	NON-POLYMER	?
HFM	NON-POLYMER	?
HFN	NON-POLYMER	?
HFO	non-polymer	?
HFP	NON-POLYMER	?
HFQ	NON-POLYMER	?
HFR	non-polymer	?
HFS	NON-POLYMER	?
HFT	NON-POLYMER	?
HFU	non-polymer	?
HFV	NON-POLYMER	?
HFW	NON-POLYMER	?
HFX	non-polymer	?
HFY	NON-POLYMER	?
HFZ	NON-POLYMER	?
HG	NON-POLYMER	?
HG0	non-polymer	?
HG1	NON-POLYMER	?
HG2	NON-POLYMER	?
HG3	NON-POLYMER	?
HG4	NON-POLYMER	?
HG5	NON-POLYMER	?
HG6	non-polymer	?
HG7	L-peptide linking	?
HG8	NON-POLYMER	?
HG9	NON-POLYMER	?
HGA	NON-POLYMER	?
HGB	NON-POLYMER	?
HGC	NON-POLYMER	?
HGD	NON-POLYMER	?
HGE	NON-POLYMER	?
HGF	NON-POLYMER	?
HGG	NON-POLYMER	?
HGH	NON-POLYMER	?
HGI	NON-POLYMER	?
HGJ	NON-POLYMER	?
HGK	NON-POLYMER	?
HGL	L-PEPTIDE LINKING	?
HGM	D-peptide linking	?
HGN	NON-POLYMER	?
HGP	NON-POLYMER	?
HGQ	NON-POLYMER	?
HGR	NON-POLYMER	?
HGS	NON-POLYMER	?
HGT	NON-POLYMER	?
HGU	NON-POLYMER	?
HGV	NON-POLYMER	?
HGW	NON-POLYMER	?
HGX	NON-POLYMER	?
HGY	PEPTIDE LINKING	GLY
HGZ	NON-POLYMER	?
HH0	peptide-like	?
HH1	NON-POLYMER	?
HH2	NON-POLYMER	?
HH3	NON-POLYMER	?
HH4	NON-POLYMER	?
HH5	NON-POLYMER	?
HH6	NON-POLYMER	?
HH7	NON-POLYMER	?
HH8	NON-POLYMER	?
HH9	non-polymer	?
HHA	NON-POLYMER	?
HHB	NON-POLYMER	?
HHC	non-polymer	?
HHD	non-polymer	?
HHE	NON-POLYMER	?
HHF	NON-POLYMER	?
HHG	NON-POLYMER	?
HHH	NON-POLYMER	?
HHI	PEPTIDE LINKING	HIS
HHJ	NON-POLYMER	?
HHK	L-PEPTIDE LINKING	ALA, LYS
HHL	non-polymer	?
HHM	NON-POLYMER	?
HHN	NON-POLYMER	?
HHO	NON-POLYMER	?
HHP	NON-POLYMER	?
HHQ	NON-POLYMER	?
HHR	NON-POLYMER	?
HHS	NON-POLYMER	?
HHT	NON-POLYMER	?
HHU	RNA linking	?
HHV	NON-POLYMER	?
HHW	NON-POLYMER	?
HHX	RNA linking	?
HHY	NON-POLYMER	?
HHZ	NON-POLYMER	?
HI0	NON-POLYMER	?
HI1	NON-POLYMER	?
HI3	NON-POLYMER	?
HI4	NON-POLYMER	?
HI5	NON-POLYMER	?
HI6	NON-POLYMER	?
HI8	non-polymer	?
HI9	non-polymer	?
HIA	L-PEPTIDE LINKING	HIS
HIB	NON-POLYMER	?
HIC	L-PEPTIDE LINKING	HIS
HID	NON-POLYMER	?
HIE	NON-POLYMER	?
HIF	NON-POLYMER	?
HIG	NON-POLYMER	?
HIH	non-polymer	?
HII	NON-POLYMER	?
HIJ	non-polymer	?
HIK	non-polymer	?
HIL	non-polymer	?
HIN	NON-POLYMER	?
HIO	NON-POLYMER	?
HIP	L-PEPTIDE LINKING	HIS
HIQ	L-PEPTIDE LINKING	HIS
HIR	non-polymer	?
HIS	L-PEPTIDE LINKING	?
HIT	NON-POLYMER	?
HIU	NON-POLYMER	?
HIW	NON-POLYMER	?
HIX	L-PEPTIDE LINKING	ALA
HIY	non-polymer	?
HIZ	NON-POLYMER	?
HJ0	non-polymer	?
HJ1	NON-POLYMER	?
HJ2	NON-POLYMER	?
HJ3	NON-POLYMER	?
HJ4	NON-POLYMER	?
HJ5	NON-POLYMER	?
HJ6	non-polymer	?
HJ7	NON-POLYMER	?
HJ8	NON-POLYMER	?
HJ9	non-polymer	?
HJA	NON-POLYMER	?
HJB	NON-POLYMER	?
HJD	NON-POLYMER	?
HJF	non-polymer	?
HJG	NON-POLYMER	?
HJH	L-peptide linking	?
HJI	non-polymer	?
HJJ	NON-POLYMER	?
HJK	NON-POLYMER	?
HJL	non-polymer	?
HJM	NON-POLYMER	?
HJN	NON-POLYMER	?
HJO	non-polymer	?
HJP	NON-POLYMER	?
HJQ	NON-POLYMER	?
HJR	non-polymer	?
HJT	NON-POLYMER	?
HJV	D-peptide linking	?
HJW	NON-POLYMER	?
HJX	NON-POLYMER	?
HJY	D-peptide linking	?
HJZ	NON-POLYMER	?
HK0	NON-POLYMER	?
HK1	NON-POLYMER	?
HK2	NON-POLYMER	?
HK3	NON-POLYMER	?
HK4	NON-POLYMER	?
HK5	NON-POLYMER	?
HK6	NON-POLYMER	?
HK7	NON-POLYMER	?
HK8	NON-POLYMER	?
HK9	NON-POLYMER	?
HKA	non-polymer	?
HKB	NON-POLYMER	?
HKC	NON-POLYMER	?
HKD	NON-POLYMER	?
HKE	NON-POLYMER	?
HKG	NON-POLYMER	?
HKH	NON-POLYMER	?
HKI	NON-POLYMER	?
HKJ	NON-POLYMER	?
HKK	NON-POLYMER	?
HKL	NON-POLYMER	?
HKM	NON-POLYMER	?
HKN	NON-POLYMER	?
HKO	non-polymer	?
HKP	NON-POLYMER	?
HKQ	NON-POLYMER	?
HKR	non-polymer	?
HKS	NON-POLYMER	?
HKT	NON-POLYMER	?
HKU	non-polymer	?
HKV	NON-POLYMER	?
HKW	NON-POLYMER	?
HKX	NON-POLYMER	?
HKY	non-polymer	?
HKZ	NON-POLYMER	?
HL0	NON-POLYMER	?
HL1	NON-POLYMER	?
HL2	L-PEPTIDE LINKING	LEU
HL3	non-polymer	?
HL4	NON-POLYMER	?
HL5	L-peptide linking	Leu
HL6	NON-POLYMER	?
HL7	NON-POLYMER	?
HL8	NON-POLYMER	?
HL9	non-polymer	?
HLA	D-saccharide, alpha linking	GLA
HLB	NON-POLYMER	?
HLC	NON-POLYMER	?
HLD	NON-POLYMER	?
HLE	NON-POLYMER	?
HLF	non-polymer	?
HLG	NON-POLYMER	?
HLH	NON-POLYMER	?
HLI	NON-POLYMER	?
HLJ	NON-POLYMER	?
HLK	NON-POLYMER	?
HLL	non-polymer	?
HLM	NON-POLYMER	?
HLN	NON-POLYMER	?
HLO	NON-POLYMER	?
HLP	NON-POLYMER	?
HLQ	NON-POLYMER	?
HLR	non-polymer	?
HLS	NON-POLYMER	?
HLT	NON-POLYMER	?
HLU	L-PEPTIDE LINKING	LEU
HLV	NON-POLYMER	?
HLW	NON-POLYMER	?
HLX	L-PEPTIDE LINKING	?
HLY	L-peptide linking	LYS
HLZ	NON-POLYMER	?
HM0	non-polymer	?
HM2	NON-POLYMER	?
HM3	NON-POLYMER	?
HM4	NON-POLYMER	?
HM5	NON-POLYMER	?
HM6	non-polymer	?
HM7	non-polymer	?
HM8	L-PEPTIDE LINKING	?
HM9	L-PEPTIDE LINKING	?
HMA	NON-POLYMER	?
HMB	NON-POLYMER	?
HMC	NON-POLYMER	?
HMD	NON-POLYMER	?
HME	NON-POLYMER	?
HMF	D-PEPTIDE LINKING	?
HMG	NON-POLYMER	?
HMH	NON-POLYMER	?
HMI	NON-POLYMER	?
HMJ	NON-POLYMER	?
HMK	NON-POLYMER	?
HML	non-polymer	?
HMM	NON-POLYMER	?
HMN	NON-POLYMER	?
HMO	NON-POLYMER	?
HMP	NON-POLYMER	?
HMQ	non-polymer	?
HMR	L-PEPTIDE LINKING	ARG
HMS	SACCHARIDE	?
HMT	NON-POLYMER	?
HMU	NON-POLYMER	?
HMV	NON-POLYMER	?
HMW	NON-POLYMER	?
HMX	NON-POLYMER	?
HMY	NON-POLYMER	?
HMZ	NON-POLYMER	?
HN0	DNA LINKING	DG
HN1	DNA LINKING	DG
HN2	NON-POLYMER	?
HN3	NON-POLYMER	?
HN4	NON-POLYMER	?
HN5	NON-POLYMER	?
HN6	NON-POLYMER	?
HN7	NON-POLYMER	?
HN8	NON-POLYMER	?
HN9	non-polymer	?
HNA	NON-POLYMER	?
HNB	NON-POLYMER	?
HNC	L-PEPTIDE LINKING	CYS
HND	NON-POLYMER	?
HNE	NON-POLYMER	?
HNF	NON-POLYMER	?
HNG	NON-POLYMER	?
HNH	NON-POLYMER	?
HNI	NON-POLYMER	?
HNJ	NON-POLYMER	?
HNK	NON-POLYMER	?
HNL	NON-POLYMER	?
HNM	NON-POLYMER	?
HNN	NON-POLYMER	?
HNO	non-polymer	?
HNP	NON-POLYMER	?
HNQ	NON-POLYMER	?
HNR	non-polymer	?
HNS	NON-POLYMER	?
HNT	NON-POLYMER	?
HNU	non-polymer	?
HNV	D-saccharide	MAN
HNW	D-saccharide	MAN
HNX	non-polymer	?
HNY	NON-POLYMER	?
HNZ	NON-POLYMER	?
HO	NON-POLYMER	?
HO0	non-polymer	?
HO1	NON-POLYMER	?
HO2	NON-POLYMER	?
HO3	NON-POLYMER	?
HO4	NON-POLYMER	?
HO5	NON-POLYMER	?
HO6	NON-POLYMER	?
HO7	NON-POLYMER	?
HO8	NON-POLYMER	?
HO9	non-polymer	?
HOA	NON-POLYMER	?
HOB	NON-POLYMER	?
HOC	NON-POLYMER	?
HOE	NON-POLYMER	?
HOF	non-polymer	?
HOG	NON-POLYMER	?
HOH	NON-POLYMER	?
HOI	non-polymer	?
HOJ	NON-POLYMER	?
HOK	NON-POLYMER	?
HOL	DNA LINKING	?
HOM	NON-POLYMER	?
HOO	L-peptide linking	HIS
HOP	NON-POLYMER	?
HOQ	NON-POLYMER	?
HOR	non-polymer	?
HOS	NON-POLYMER	?
HOT	NON-POLYMER	?
HOU	non-polymer	?
HOV	NON-POLYMER	?
HOW	NON-POLYMER	?
HOX	L-PEPTIDE LINKING	PHE
HOZ	NON-POLYMER	?
HP0	peptide-like	?
HP1	NON-POLYMER	?
HP2	NON-POLYMER	?
HP3	NON-POLYMER	?
HP4	NON-POLYMER	?
HP5	NON-POLYMER	?
HP6	NON-POLYMER	?
HP7	NON-POLYMER	?
HP8	NON-POLYMER	?
HP9	L-peptide linking	PHE
HPA	NON-POLYMER	?
HPB	NON-POLYMER	?
HPC	L-PEPTIDE LINKING	PHE
HPD	NON-POLYMER	?
HPE	L-PEPTIDE LINKING	PHE
HPF	NON-POLYMER	?
HPG	NON-POLYMER	?
HPH	peptide-like	PHE
HPI	NON-POLYMER	?
HPJ	NON-POLYMER	?
HPK	NON-POLYMER	?
HPL	NON-POLYMER	?
HPM	NON-POLYMER	?
HPN	NON-POLYMER	?
HPO	NON-POLYMER	?
HPP	NON-POLYMER	?
HPQ	L-PEPTIDE LINKING	PHE
HPR	NON-POLYMER	?
HPS	NON-POLYMER	?
HPT	NON-POLYMER	?
HPU	NON-POLYMER	?
HPV	NON-POLYMER	?
HPW	NON-POLYMER	?
HPX	NON-POLYMER	?
HPY	NON-POLYMER	?
HPZ	NON-POLYMER	?
HQ	NON-POLYMER	?
HQ0	non-polymer	?
HQ2	NON-POLYMER	?
HQ3	non-polymer	?
HQ5	NON-POLYMER	?
HQ6	non-polymer	?
HQ7	NON-POLYMER	?
HQ8	NON-POLYMER	?
HQ9	non-polymer	?
HQA	L-PEPTIDE LINKING	ALA
HQB	NON-POLYMER	?
HQC	NON-POLYMER	?
HQD	non-polymer	?
HQE	NON-POLYMER	?
HQF	non-polymer	?
HQG	NON-POLYMER	?
HQH	NON-POLYMER	?
HQI	NON-POLYMER	?
HQJ	NON-POLYMER	?
HQK	NON-POLYMER	?
HQL	NON-POLYMER	?
HQM	NON-POLYMER	?
HQN	NON-POLYMER	?
HQO	NON-POLYMER	?
HQP	NON-POLYMER	?
HQQ	NON-POLYMER	?
HQR	non-polymer	?
HQS	NON-POLYMER	?
HQT	NON-POLYMER	?
HQU	NON-POLYMER	?
HQV	NON-POLYMER	?
HQW	NON-POLYMER	?
HQX	non-polymer	?
HQY	NON-POLYMER	?
HQZ	non-polymer	?
HR0	non-polymer	?
HR1	NON-POLYMER	?
HR2	NON-POLYMER	?
HR3	non-polymer	?
HR4	NON-POLYMER	?
HR5	NON-POLYMER	?
HR6	NON-POLYMER	?
HR7	L-PEPTIDE LINKING	ARG
HR8	NON-POLYMER	?
HR9	non-polymer	?
HRA	NON-POLYMER	?
HRB	NON-POLYMER	?
HRC	NON-POLYMER	?
HRD	NON-POLYMER	?
HRE	NON-POLYMER	?
HRF	non-polymer	?
HRG	L-PEPTIDE LINKING	ARG
HRH	NON-POLYMER	?
HRI	NON-POLYMER	?
HRJ	NON-POLYMER	?
HRK	NON-POLYMER	?
HRL	non-polymer	?
HRM	NON-POLYMER	?
HRN	NON-POLYMER	?
HRO	NON-POLYMER	?
HRP	L-PEPTIDE LINKING	TRP
HRQ	NON-POLYMER	?
HRR	non-polymer	?
HRS	NON-POLYMER	?
HRT	NON-POLYMER	?
HRU	NON-POLYMER	?
HRV	NON-POLYMER	?
HRW	NON-POLYMER	?
HRX	NON-POLYMER	?
HRY	NON-POLYMER	?
HRZ	NON-POLYMER	?
HS0	non-polymer	?
HS1	NON-POLYMER	?
HS3	NON-POLYMER	?
HS4	NON-POLYMER	?
HS5	NON-POLYMER	?
HS6	NON-POLYMER	?
HS7	NON-POLYMER	?
HS8	L-PEPTIDE LINKING	HIS
HS9	L-PEPTIDE LINKING	HIS
HSA	NON-POLYMER	?
HSC	NON-POLYMER	?
HSD	NON-POLYMER	?
HSE	L-PEPTIDE LINKING	SER
HSF	NON-POLYMER	?
HSG	L-saccharide	Z6H
HSH	D-saccharide	GAL
HSI	NON-POLYMER	?
HSJ	L-saccharide	ZEE
HSK	L-PEPTIDE LINKING	HIS
HSL	L-PEPTIDE LINKING	SER
HSM	NON-POLYMER	?
HSO	L-PEPTIDE LINKING	HIS
HSP	NON-POLYMER	?
HSQ	L-saccharide, alpha linking	?
HSR	SACCHARIDE	?
HSS	NON-POLYMER	?
HST	NON-POLYMER	?
HSU	SACCHARIDE	?
HSV	L-PEPTIDE LINKING	HIS
HSW	NON-POLYMER	?
HSX	D-saccharide, alpha linking	RIB
HSY	L-saccharide, alpha linking	?
HSZ	SACCHARIDE	?
HT	NON-POLYMER	?
HT0	non-polymer	?
HT1	NON-POLYMER	?
HT2	NON-POLYMER	?
HT3	NON-POLYMER	?
HT4	NON-POLYMER	?
HT5	non-polymer	?
HT6	NON-POLYMER	?
HT7	L-PEPTIDE LINKING	TRP
HT8	NON-POLYMER	?
HT9	non-polymer	?
HTA	NON-POLYMER	?
HTB	NON-POLYMER	?
HTC	NON-POLYMER	?
HTD	NON-POLYMER	?
HTE	NON-POLYMER	?
HTF	NON-POLYMER	?
HTG	D-saccharide	?
HTH	NON-POLYMER	?
HTI	L-PEPTIDE LINKING	CYS
HTJ	NON-POLYMER	?
HTK	NON-POLYMER	?
HTL	NON-POLYMER	?
HTM	L-saccharide	?
HTN	D-peptide linking	?
HTO	NON-POLYMER	?
HTP	NON-POLYMER	?
HTQ	NON-POLYMER	?
HTR	L-PEPTIDE LINKING	TRP
HTS	NON-POLYMER	?
HTT	NON-POLYMER	?
HTU	NON-POLYMER	?
HTV	NON-POLYMER	?
HTW	NON-POLYMER	?
HTX	NON-POLYMER	?
HTY	D-peptide linking	?
HTZ	NON-POLYMER	?
HU0	non-polymer	?
HU1	NON-POLYMER	?
HU2	NON-POLYMER	?
HU3	non-polymer	?
HU4	NON-POLYMER	?
HU5	NON-POLYMER	?
HU6	non-polymer	?
HU7	NON-POLYMER	?
HU8	NON-POLYMER	?
HU9	non-polymer	?
HUB	NON-POLYMER	?
HUC	non-polymer	?
HUD	peptide-like	?
HUE	NON-POLYMER	?
HUF	non-polymer	?
HUG	NON-POLYMER	?
HUH	NON-POLYMER	?
HUI	NON-POLYMER	?
HUJ	NON-POLYMER	?
HUK	NON-POLYMER	?
HUL	NON-POLYMER	?
HUM	NON-POLYMER	?
HUN	NON-POLYMER	?
HUO	non-polymer	?
HUP	NON-POLYMER	?
HUQ	NON-POLYMER	?
HUR	non-polymer	?
HUT	NON-POLYMER	?
HUU	non-polymer	?
HUV	non-polymer	?
HUW	non-polymer	?
HUX	NON-POLYMER	?
HUY	NON-POLYMER	?
HUZ	NON-POLYMER	?
HV0	non-polymer	?
HV1	NON-POLYMER	?
HV2	NON-POLYMER	?
HV4	NON-POLYMER	?
HV5	L-PEPTIDE LINKING	ALA
HV6	non-polymer	?
HV7	NON-POLYMER	?
HV8	peptide-like	?
HV9	NON-POLYMER	?
HVA	L-peptide linking	VAL
HVB	NON-POLYMER	?
HVC	D-saccharide, alpha linking	?
HVD	NON-POLYMER	?
HVE	NON-POLYMER	?
HVF	non-polymer	?
HVG	NON-POLYMER	?
HVH	NON-POLYMER	?
HVI	non-polymer	?
HVJ	NON-POLYMER	?
HVK	NON-POLYMER	?
HVL	non-polymer	?
HVM	NON-POLYMER	?
HVN	NON-POLYMER	?
HVO	non-polymer	?
HVP	NON-POLYMER	?
HVQ	NON-POLYMER	?
HVR	non-polymer	?
HVS	NON-POLYMER	?
HVT	NON-POLYMER	?
HVU	non-polymer	?
HVV	NON-POLYMER	?
HVW	NON-POLYMER	?
HVX	non-polymer	?
HVY	NON-POLYMER	?
HVZ	NON-POLYMER	?
HW0	NON-POLYMER	?
HW1	NON-POLYMER	?
HW2	NON-POLYMER	?
HW3	non-polymer	?
HW4	NON-POLYMER	?
HW5	NON-POLYMER	?
HW6	NON-POLYMER	?
HW7	NON-POLYMER	?
HW8	NON-POLYMER	?
HW9	NON-POLYMER	?
HWA	NON-POLYMER	?
HWB	NON-POLYMER	?
HWC	non-polymer	?
HWD	NON-POLYMER	?
HWE	NON-POLYMER	?
HWF	non-polymer	?
HWG	NON-POLYMER	?
HWH	NON-POLYMER	?
HWI	non-polymer	?
HWJ	NON-POLYMER	?
HWK	NON-POLYMER	?
HWL	non-polymer	?
HWM	NON-POLYMER	?
HWN	NON-POLYMER	?
HWO	non-polymer	?
HWP	non-polymer	?
HWQ	NON-POLYMER	?
HWR	non-polymer	?
HWS	NON-POLYMER	?
HWT	NON-POLYMER	?
HWU	non-polymer	?
HWV	NON-POLYMER	?
HWW	NON-POLYMER	?
HWX	non-polymer	?
HWY	NON-POLYMER	?
HWZ	NON-POLYMER	?
HX0	non-polymer	?
HX1	non-polymer	?
HX2	NON-POLYMER	?
HX3	NON-POLYMER	?
HX4	NON-POLYMER	?
HX5	NON-POLYMER	?
HX6	non-polymer	?
HX7	NON-POLYMER	?
HX8	NON-POLYMER	?
HX9	non-polymer	?
HXA	NON-POLYMER	?
HXB	NON-POLYMER	?
HXC	NON-POLYMER	?
HXD	NON-POLYMER	?
HXE	NON-POLYMER	?
HXF	non-polymer	?
HXG	NON-POLYMER	?
HXH	NON-POLYMER	?
HXI	non-polymer	?
HXJ	NON-POLYMER	?
HXK	NON-POLYMER	?
HXL	NON-POLYMER	?
HXM	NON-POLYMER	?
HXN	NON-POLYMER	?
HXO	non-polymer	?
HXP	NON-POLYMER	?
HXQ	NON-POLYMER	?
HXR	non-polymer	?
HXS	NON-POLYMER	?
HXT	NON-POLYMER	?
HXV	non-polymer	?
HXW	NON-POLYMER	?
HXX	NON-POLYMER	?
HXY	NON-POLYMER	?
HXZ	NON-POLYMER	?
HY0	NON-POLYMER	?
HY1	NON-POLYMER	?
HY2	NON-POLYMER	?
HY3	L-PEPTIDE LINKING	PRO
HY4	NON-POLYMER	?
HY5	NON-POLYMER	?
HY6	non-polymer	?
HY7	non-polymer	?
HY8	NON-POLYMER	?
HY9	non-polymer	?
HYA	NON-POLYMER	?
HYB	NON-POLYMER	?
HYC	NON-POLYMER	?
HYD	NON-POLYMER	?
HYE	NON-POLYMER	?
HYF	NON-POLYMER	?
HYG	NON-POLYMER	?
HYH	NON-POLYMER	?
HYI	NON-POLYMER	MET
HYJ	L-RNA linking	G
HYK	NON-POLYMER	?
HYM	NON-POLYMER	?
HYN	NON-POLYMER	?
HYO	non-polymer	?
HYP	L-PEPTIDE LINKING	PRO
HYQ	NON-POLYMER	?
HYR	non-polymer	?
HYS	NON-POLYMER	?
HYT	NON-POLYMER	?
HYV	NON-POLYMER	?
HYW	NON-POLYMER	?
HYY	NON-POLYMER	?
HYZ	NON-POLYMER	?
HZ0	non-polymer	?
HZ1	NON-POLYMER	?
HZ2	NON-POLYMER	?
HZ3	NON-POLYMER	?
HZ4	NON-POLYMER	?
HZ5	NON-POLYMER	?
HZ6	non-polymer	?
HZ7	NON-POLYMER	?
HZ8	NON-POLYMER	?
HZA	NON-POLYMER	?
HZB	NON-POLYMER	?
HZC	non-polymer	?
HZD	NON-POLYMER	?
HZE	NON-POLYMER	?
HZF	non-polymer	?
HZG	NON-POLYMER	?
HZH	NON-POLYMER	?
HZI	non-polymer	BGC
HZJ	NON-POLYMER	?
HZK	NON-POLYMER	?
HZL	non-polymer	?
HZM	NON-POLYMER	?
HZN	NON-POLYMER	?
HZO	non-polymer	?
HZP	L-peptide linking	PRO
HZQ	NON-POLYMER	?
HZR	non-polymer	?
HZS	non-polymer	?
HZT	NON-POLYMER	?
HZU	non-polymer	?
HZV	NON-POLYMER	?
HZW	NON-POLYMER	?
HZX	non-polymer	?
HZY	NON-POLYMER	?
HZZ	NON-POLYMER	?
I	RNA LINKING	?
I00	non-polymer	?
I01	NON-POLYMER	?
I02	NON-POLYMER	?
I03	NON-POLYMER	?
I04	NON-POLYMER	?
I05	NON-POLYMER	?
I06	NON-POLYMER	?
I07	non-polymer	?
I08	NON-POLYMER	?
I09	NON-POLYMER	?
I0A	non-polymer	?
I0B	non-polymer	?
I0C	non-polymer	?
I0D	NON-POLYMER	?
I0E	non-polymer	?
I0F	non-polymer	?
I0G	NON-POLYMER	?
I0H	non-polymer	?
I0I	non-polymer	?
I0J	non-polymer	?
I0K	non-polymer	?
I0L	non-polymer	?
I0M	non-polymer	?
I0N	non-polymer	?
I0O	non-polymer	?
I0P	non-polymer	?
I0Q	non-polymer	?
I0R	non-polymer	?
I0S	non-polymer	?
I0T	non-polymer	?
I0U	non-polymer	?
I0V	non-polymer	?
I0W	non-polymer	?
I0X	peptide-like	?
I0Y	peptide-like	?
I0Z	non-polymer	?
I10	NON-POLYMER	?
I11	NON-POLYMER	?
I12	NON-POLYMER	?
I13	NON-POLYMER	?
I14	non-polymer	?
I15	non-polymer	?
I16	NON-POLYMER	?
I17	NON-POLYMER	?
I18	NON-POLYMER	?
I19	non-polymer	?
I1A	non-polymer	?
I1B	non-polymer	?
I1C	L-peptide linking	Thr,Tyr,Gly
I1D	non-polymer	?
I1E	NON-POLYMER	?
I1F	non-polymer	?
I1G	non-polymer	I0W
I1H	NON-POLYMER	?
I1I	non-polymer	?
I1J	non-polymer	?
I1K	non-polymer	?
I1L	NON-POLYMER	?
I1M	non-polymer	?
I1N	NON-POLYMER	?
I1P	NON-POLYMER	?
I1Q	non-polymer	?
I1R	non-polymer	?
I1S	NON-POLYMER	?
I1T	non-polymer	?
I1V	non-polymer	?
I1W	non-polymer	?
I1X	non-polymer	?
I1Y	non-polymer	?
I1Z	non-polymer	?
I20	NON-POLYMER	?
I21	NON-POLYMER	?
I22	NON-POLYMER	?
I23	NON-POLYMER	?
I24	non-polymer	?
I25	NON-POLYMER	?
I26	NON-POLYMER	?
I27	non-polymer	?
I28	NON-POLYMER	?
I29	NON-POLYMER	?
I2A	NON-POLYMER	?
I2B	non-polymer	?
I2C	NON-POLYMER	?
I2D	non-polymer	?
I2E	non-polymer	?
I2F	L-peptide linking	LYS
I2G	non-polymer	?
I2H	NON-POLYMER	?
I2I	NON-POLYMER	?
I2J	non-polymer	?
I2K	non-polymer	?
I2L	non-polymer	?
I2M	L-peptide linking	ILE
I2N	non-polymer	?
I2O	NON-POLYMER	?
I2P	NON-POLYMER	?
I2Q	non-polymer	?
I2R	non-polymer	?
I2S	non-polymer	?
I2T	RNA linking	?
I2U	non-polymer	?
I2V	non-polymer	?
I2W	non-polymer	?
I2X	non-polymer	?
I2Z	non-polymer	?
I30	NON-POLYMER	?
I31	NON-POLYMER	?
I32	non-polymer	?
I33	non-polymer	?
I34	non-polymer	?
I35	NON-POLYMER	?
I36	non-polymer	?
I37	NON-POLYMER	?
I38	NON-POLYMER	?
I39	NON-POLYMER	?
I3A	NON-POLYMER	?
I3B	non-polymer	?
I3C	NON-POLYMER	?
I3D	non-polymer	TRP
I3E	NON-POLYMER	?
I3F	non-polymer	?
I3H	non-polymer	?
I3J	non-polymer	?
I3K	NON-POLYMER	?
I3L	L-peptide linking	CYS
I3M	NON-POLYMER	?
I3N	NON-POLYMER	?
I3O	non-polymer	?
I3P	NON-POLYMER	?
I3Q	non-polymer	?
I3R	non-polymer	?
I3S	NON-POLYMER	?
I3T	non-polymer	?
I3U	non-polymer	?
I3V	non-polymer	?
I3X	non-polymer	?
I3Y	non-polymer	?
I40	NON-POLYMER	?
I41	NON-POLYMER	?
I42	NON-POLYMER	?
I43	NON-POLYMER	?
I44	non-polymer	?
I45	NON-POLYMER	?
I46	NON-POLYMER	?
I47	NON-POLYMER	?
I48	NON-POLYMER	?
I49	non-polymer	?
I4A	NON-POLYMER	?
I4B	NON-POLYMER	?
I4D	non-polymer	?
I4E	NON-POLYMER	?
I4F	non-polymer	?
I4G	L-PEPTIDE LINKING	GLY
I4H	non-polymer	?
I4I	NON-POLYMER	?
I4L	non-polymer	?
I4M	non-polymer	?
I4O	L-peptide linking	HIS
I4P	NON-POLYMER	?
I4Q	non-polymer	?
I4R	non-polymer	?
I4S	non-polymer	?
I4U	RNA linking	U
I4V	non-polymer	?
I4X	non-polymer	?
I4Y	non-polymer	?
I4Z	non-polymer	?
I50	NON-POLYMER	?
I51	NON-POLYMER	?
I52	NON-POLYMER	?
I53	NON-POLYMER	?
I54	non-polymer	?
I55	non-polymer	?
I56	non-polymer	?
I57	D-saccharide	?
I58	L-PEPTIDE LINKING	LYS
I59	NON-POLYMER	?
I5A	NON-POLYMER	?
I5B	non-polymer	?
I5C	DNA LINKING	DC
I5D	non-polymer	?
I5E	non-polymer	?
I5F	non-polymer	?
I5G	non-polymer	?
I5H	NON-POLYMER	?
I5I	NON-POLYMER	?
I5J	non-polymer	?
I5K	non-polymer	?
I5L	non-polymer	?
I5M	non-polymer	?
I5N	non-polymer	?
I5O	non-polymer	?
I5P	NON-POLYMER	?
I5Q	non-polymer	?
I5R	NON-POLYMER	?
I5S	NON-POLYMER	?
I5T	non-polymer	?
I5U	non-polymer	?
I5W	NON-POLYMER	?
I5X	non-polymer	?
I5Y	non-polymer	?
I5Z	non-polymer	?
I60	non-polymer	?
I61	non-polymer	?
I62	non-polymer	?
I63	NON-POLYMER	?
I64	non-polymer	?
I65	non-polymer	?
I66	NON-POLYMER	?
I67	non-polymer	?
I68	non-polymer	?
I69	non-polymer	?
I6A	non-polymer	?
I6C	non-polymer	?
I6D	non-polymer	?
I6G	non-polymer	?
I6H	non-polymer	?
I6I	non-polymer	?
I6J	non-polymer	?
I6K	non-polymer	?
I6L	non-polymer	?
I6M	non-polymer	?
I6O	non-polymer	PRO
I6P	NON-POLYMER	?
I6Q	non-polymer	?
I6R	non-polymer	?
I6S	non-polymer	?
I6T	non-polymer	?
I6U	non-polymer	?
I6W	non-polymer	?
I6X	non-polymer	?
I6Y	non-polymer	?
I6Z	non-polymer	?
I70	non-polymer	?
I71	non-polymer	?
I72	non-polymer	?
I73	NON-POLYMER	?
I74	NON-POLYMER	?
I75	NON-POLYMER	?
I76	NON-POLYMER	?
I77	non-polymer	?
I78	non-polymer	?
I79	NON-POLYMER	?
I7A	NON-POLYMER	?
I7B	NON-POLYMER	?
I7C	NON-POLYMER	?
I7D	non-polymer	?
I7E	non-polymer	?
I7F	L-peptide linking	SER
I7G	non-polymer	?
I7H	non-polymer	?
I7I	non-polymer	?
I7J	non-polymer	?
I7K	non-polymer	?
I7L	non-polymer	?
I7M	non-polymer	?
I7N	non-polymer	?
I7O	non-polymer	?
I7P	NON-POLYMER	?
I7Q	non-polymer	?
I7R	non-polymer	?
I7S	non-polymer	?
I7T	non-polymer	?
I7U	non-polymer	?
I7V	non-polymer	?
I7W	non-polymer	?
I7X	non-polymer	?
I7Y	non-polymer	?
I7Z	non-polymer	?
I80	non-polymer	?
I81	non-polymer	?
I82	non-polymer	?
I83	NON-POLYMER	?
I84	NON-POLYMER	?
I85	NON-POLYMER	?
I87	non-polymer	?
I88	non-polymer	?
I8A	non-polymer	?
I8B	non-polymer	?
I8D	non-polymer	?
I8E	non-polymer	?
I8F	non-polymer	?
I8G	non-polymer	?
I8H	non-polymer	?
I8J	non-polymer	?
I8K	non-polymer	?
I8L	non-polymer	?
I8M	non-polymer	?
I8N	non-polymer	?
I8P	NON-POLYMER	?
I8Q	non-polymer	?
I8R	non-polymer	?
I8T	non-polymer	?
I8U	non-polymer	?
I8Y	non-polymer	?
I8Z	non-polymer	?
I90	non-polymer	?
I91	non-polymer	?
I92	NON-POLYMER	?
I93	NON-POLYMER	?
I94	non-polymer	?
I96	NON-POLYMER	?
I98	NON-POLYMER	?
I99	non-polymer	?
I9A	non-polymer	?
I9C	non-polymer	?
I9F	non-polymer	?
I9G	NON-POLYMER	?
I9H	non-polymer	?
I9K	non-polymer	?
I9L	non-polymer	?
I9N	non-polymer	?
I9O	non-polymer	?
I9P	non-polymer	?
I9Q	non-polymer	?
I9R	non-polymer	?
I9U	non-polymer	?
I9V	non-polymer	?
I9W	non-polymer	?
I9X	non-polymer	?
I9Z	non-polymer	?
IA	NON-POLYMER	?
IA0	non-polymer	?
IA1	non-polymer	?
IA2	non-polymer	?
IA3	non-polymer	?
IA4	non-polymer	?
IA5	non-polymer	?
IA7	non-polymer	?
IA9	NON-POLYMER	?
IAA	NON-POLYMER	?
IAB	saccharide	?
IAC	NON-POLYMER	?
IAD	NON-POLYMER	?
IAE	L-peptide linking	PHE
IAF	non-polymer	?
IAG	NON-POLYMER	?
IAH	non-polymer	?
IAI	non-polymer	?
IAJ	non-polymer	?
IAL	non-polymer	?
IAM	L-PEPTIDE LINKING	ALA
IAN	NON-POLYMER	?
IAO	non-polymer	?
IAP	NON-POLYMER	?
IAQ	NON-POLYMER	?
IAR	PEPTIDE LINKING	ARG
IAS	L-beta-peptide, C-gamma linking	?
IAT	non-polymer	?
IAU	non-polymer	?
IAV	NON-POLYMER	?
IAW	non-polymer	?
IAY	non-polymer	?
IAZ	non-polymer	?
IB	NON-POLYMER	?
IB0	non-polymer	?
IB1	NON-POLYMER	?
IB2	NON-POLYMER	?
IB3	NON-POLYMER	?
IB4	non-polymer	?
IB5	non-polymer	?
IB7	non-polymer	?
IB8	non-polymer	?
IB9	L-peptide linking	TYR
IBA	NON-POLYMER	?
IBB	NON-POLYMER	?
IBC	NON-POLYMER	?
IBD	NON-POLYMER	?
IBF	NON-POLYMER	?
IBG	NON-POLYMER	?
IBH	non-polymer	?
IBI	NON-POLYMER	?
IBJ	non-polymer	?
IBK	NON-POLYMER	?
IBL	non-polymer	?
IBM	NON-POLYMER	?
IBN	NON-POLYMER	?
IBO	NON-POLYMER	?
IBP	NON-POLYMER	?
IBQ	non-polymer	?
IBR	NON-POLYMER	?
IBS	NON-POLYMER	?
IBU	NON-POLYMER	?
IBV	non-polymer	?
IBW	non-polymer	?
IBY	non-polymer	?
IBZ	NON-POLYMER	?
IC	RNA LINKING	C
IC0	L-peptide linking	GLY
IC1	NON-POLYMER	?
IC2	non-polymer	?
IC3	non-polymer	?
IC4	non-polymer	?
IC5	non-polymer	?
IC6	non-polymer	?
IC7	non-polymer	?
IC8	non-polymer	?
IC9	NON-POLYMER	?
ICA	NON-POLYMER	?
ICB	NON-POLYMER	?
ICC	NON-POLYMER	?
ICD	NON-POLYMER	?
ICE	NON-POLYMER	?
ICF	NON-POLYMER	?
ICG	NON-POLYMER	?
ICH	NON-POLYMER	?
ICI	NON-POLYMER	?
ICJ	NON-POLYMER	?
ICK	non-polymer	?
ICL	NON-POLYMER	?
ICN	NON-POLYMER	?
ICO	NON-POLYMER	?
ICP	NON-POLYMER	?
ICQ	non-polymer	?
ICR	NON-POLYMER	?
ICS	NON-POLYMER	?
ICT	NON-POLYMER	?
ICU	NON-POLYMER	?
ICV	non-polymer	?
ICW	non-polymer	?
ICX	NON-POLYMER	?
ICY	L-peptide linking	CYS
ICZ	NON-POLYMER	?
ID0	non-polymer	?
ID1	NON-POLYMER	?
ID2	NON-POLYMER	?
ID3	NON-POLYMER	?
ID4	NON-POLYMER	?
ID5	NON-POLYMER	?
ID6	non-polymer	?
ID7	non-polymer	?
ID8	non-polymer	?
ID9	non-polymer	?
IDA	NON-POLYMER	?
IDB	NON-POLYMER	?
IDC	D-saccharide	BGC
IDD	NON-POLYMER	?
IDE	NON-POLYMER	?
IDF	L-saccharide	?
IDG	L-saccharide, beta linking	?
IDH	NON-POLYMER	?
IDI	NON-POLYMER	?
IDJ	NON-POLYMER	?
IDK	NON-POLYMER	?
IDL	NON-POLYMER	?
IDM	NON-POLYMER	?
IDN	NON-POLYMER	?
IDO	NON-POLYMER	?
IDP	NON-POLYMER	?
IDQ	NON-POLYMER	?
IDR	L-saccharide, alpha linking	?
IDS	L-saccharide, alpha linking	IDR
IDT	L-SACCHARIDE	?
IDU	L-saccharide, beta linking	3MK
IDV	NON-POLYMER	?
IDW	non-polymer	?
IDX	L-saccharide, alpha linking	LGU
IDY	L-saccharide, alpha linking	IDR
IDZ	NON-POLYMER	?
IE0	non-polymer	?
IE1	non-polymer	?
IE2	NON-POLYMER	?
IE3	non-polymer	?
IE4	non-polymer	?
IE5	non-polymer	?
IE6	non-polymer	?
IE7	non-polymer	?
IE8	NON-POLYMER	?
IEA	non-polymer	?
IEB	non-polymer	?
IEC	non-polymer	?
IED	non-polymer	?
IEE	non-polymer	?
IEF	NON-POLYMER	?
IEH	non-polymer	?
IEI	non-polymer	?
IEJ	non-polymer	?
IEK	non-polymer	?
IEL	L-PEPTIDE LINKING	LYS
IEM	L-saccharide	?
IEN	non-polymer	?
IEO	non-polymer	?
IEP	NON-POLYMER	?
IEQ	non-polymer	?
IER	non-polymer	?
IES	non-polymer	?
IET	NON-POLYMER	?
IEU	non-polymer	?
IEV	non-polymer	?
IEW	non-polymer	?
IEX	non-polymer	?
IEY	L-peptide NH3 amino terminus	HIS, TYR, GLY
IEZ	non-polymer	?
IF1	non-polymer	?
IF2	non-polymer	?
IF3	non-polymer	?
IF4	non-polymer	?
IF5	non-polymer	?
IF6	non-polymer	?
IF7	non-polymer	?
IF8	non-polymer	?
IF9	non-polymer	GUN
IFA	NON-POLYMER	?
IFB	NON-POLYMER	?
IFC	NON-POLYMER	?
IFE	non-polymer	?
IFF	non-polymer	?
IFG	NON-POLYMER	?
IFH	non-polymer	?
IFI	non-polymer	?
IFJ	non-polymer	?
IFK	non-polymer	?
IFL	NON-POLYMER	?
IFM	NON-POLYMER	?
IFN	non-polymer	?
IFO	non-polymer	?
IFP	NON-POLYMER	?
IFQ	non-polymer	?
IFR	non-polymer	?
IFS	NON-POLYMER	?
IFT	non-polymer	?
IFU	non-polymer	?
IFV	non-polymer	?
IFW	non-polymer	?
IFX	non-polymer	?
IFY	non-polymer	?
IFZ	non-polymer	?
IG	RNA LINKING	G
IG0	non-polymer	?
IG1	non-polymer	?
IG2	NON-POLYMER	?
IG3	non-polymer	?
IG5	non-polymer	?
IG6	non-polymer	?
IG7	non-polymer	?
IG8	non-polymer	?
IG9	non-polymer	?
IGA	NON-POLYMER	?
IGB	non-polymer	?
IGC	NON-POLYMER	?
IGD	non-polymer	?
IGE	non-polymer	?
IGF	NON-POLYMER	?
IGI	non-polymer	?
IGJ	non-polymer	?
IGL	L-PEPTIDE LINKING	GLY
IGM	non-polymer	?
IGN	NON-POLYMER	?
IGO	non-polymer	?
IGP	NON-POLYMER	?
IGQ	non-polymer	?
IGS	non-polymer	?
IGT	non-polymer	?
IGU	DNA LINKING	DG
IGV	non-polymer	?
IGW	non-polymer	?
IGX	non-polymer	?
IGZ	non-polymer	?
IH0	non-polymer	?
IH1	NON-POLYMER	?
IH2	NON-POLYMER	?
IH3	NON-POLYMER	?
IH4	NON-POLYMER	?
IH5	NON-POLYMER	?
IH6	NON-POLYMER	?
IH7	non-polymer	?
IH8	non-polymer	?
IH9	NON-POLYMER	?
IHA	NON-POLYMER	?
IHB	NON-POLYMER	?
IHC	NON-POLYMER	?
IHD	NON-POLYMER	?
IHE	NON-POLYMER	?
IHF	non-polymer	?
IHG	NON-POLYMER	?
IHH	NON-POLYMER	?
IHI	NON-POLYMER	?
IHJ	NON-POLYMER	?
IHL	non-polymer	?
IHM	NON-POLYMER	?
IHP	NON-POLYMER	?
IHQ	NON-POLYMER	?
IHR	non-polymer	?
IHS	NON-POLYMER	?
IHT	non-polymer	?
IHU	NON-POLYMER	?
IHV	non-polymer	?
IHW	non-polymer	?
IHX	NON-POLYMER	?
IHZ	NON-POLYMER	?
II0	non-polymer	?
II1	non-polymer	ASP
II2	non-polymer	?
II3	non-polymer	?
II4	non-polymer	?
II5	non-polymer	?
II6	non-polymer	?
II7	L-peptide linking	?
II9	non-polymer	?
IIA	NON-POLYMER	?
IIB	NON-POLYMER	?
IIC	L-PEPTIDE LINKING	SER, HIS, GLY
IID	NON-POLYMER	?
IIE	NON-POLYMER	?
IIG	NON-POLYMER	?
IIH	NON-POLYMER	?
III	NON-POLYMER	?
IIL	L-PEPTIDE LINKING	ILE
IIM	non-polymer	?
IIN	NON-POLYMER	?
IIP	NON-POLYMER	?
IIQ	non-polymer	?
IIR	non-polymer	?
IIS	non-polymer	?
IIU	non-polymer	?
IIV	non-polymer	?
IIW	non-polymer	?
IIX	non-polymer	?
IIY	non-polymer	?
IIZ	non-polymer	?
IJ0	non-polymer	?
IJ1	NON-POLYMER	?
IJ2	NON-POLYMER	?
IJ3	non-polymer	?
IJ4	NON-POLYMER	?
IJ5	non-polymer	?
IJ6	NON-POLYMER	?
IJ7	non-polymer	?
IJ8	non-polymer	?
IJ9	non-polymer	?
IJA	non-polymer	?
IJB	non-polymer	?
IJC	non-polymer	?
IJD	non-polymer	?
IJE	non-polymer	?
IJF	non-polymer	?
IJG	non-polymer	?
IJH	non-polymer	?
IJI	non-polymer	?
IJJ	non-polymer	?
IJK	non-polymer	?
IJL	non-polymer	?
IJM	non-polymer	?
IJN	non-polymer	?
IJO	non-polymer	?
IJP	non-polymer	?
IJQ	non-polymer	?
IJR	non-polymer	?
IJS	non-polymer	?
IJT	non-polymer	?
IJU	non-polymer	?
IJV	non-polymer	?
IJW	non-polymer	?
IJX	non-polymer	?
IJY	non-polymer	?
IJZ	NON-POLYMER	?
IK0	non-polymer	?
IK1	non-polymer	?
IK2	NON-POLYMER	?
IK3	non-polymer	?
IK4	non-polymer	?
IK5	non-polymer	?
IK6	non-polymer	?
IK7	non-polymer	?
IK8	NON-POLYMER	?
IK9	non-polymer	?
IKA	non-polymer	?
IKB	non-polymer	?
IKC	non-polymer	?
IKD	non-polymer	?
IKE	non-polymer	?
IKF	non-polymer	?
IKG	non-polymer	?
IKH	non-polymer	?
IKJ	non-polymer	?
IKK	non-polymer	?
IKL	non-polymer	?
IKM	NON-POLYMER	?
IKN	non-polymer	?
IKO	non-polymer	?
IKQ	non-polymer	?
IKR	NON-POLYMER	?
IKS	RNA linking	?
IKT	NON-POLYMER	?
IKU	non-polymer	?
IKV	non-polymer	?
IKW	non-polymer	?
IKX	non-polymer	?
IKY	non-polymer	?
IKZ	non-polymer	?
IL0	peptide-like	?
IL1	non-polymer	?
IL2	NON-POLYMER	?
IL3	NON-POLYMER	?
IL4	non-polymer	?
IL5	NON-POLYMER	?
IL6	non-polymer	?
IL7	non-polymer	?
IL8	non-polymer	?
IL9	non-polymer	?
ILA	NON-POLYMER	?
ILB	NON-POLYMER	?
ILC	NON-POLYMER	?
ILD	NON-POLYMER	?
ILE	L-PEPTIDE LINKING	?
ILF	NON-POLYMER	?
ILG	L-PEPTIDE LINKING	GLU
ILH	NON-POLYMER	?
ILI	NON-POLYMER	?
ILJ	non-polymer	?
ILK	RNA linking	?
ILL	non-polymer	?
ILM	L-peptide NH3 amino terminus	ILE
ILN	non-polymer	?
ILO	NON-POLYMER	?
ILP	NON-POLYMER	?
ILQ	non-polymer	?
ILR	non-polymer	?
ILS	non-polymer	?
ILT	NON-POLYMER	?
ILU	non-polymer	?
ILV	NON-POLYMER	?
ILW	non-polymer	?
ILX	L-PEPTIDE LINKING	ILE
ILY	NON-POLYMER	LYS
ILZ	non-polymer	?
IM0	non-polymer	?
IM1	NON-POLYMER	?
IM2	NON-POLYMER	?
IM3	NON-POLYMER	?
IM4	NON-POLYMER	?
IM5	NON-POLYMER	?
IM6	NON-POLYMER	?
IM7	NON-POLYMER	?
IM8	NON-POLYMER	?
IM9	non-polymer	?
IMA	NON-POLYMER	?
IMB	NON-POLYMER	?
IMC	DNA LINKING	DC
IMD	NON-POLYMER	?
IME	NON-POLYMER	?
IMF	NON-POLYMER	?
IMG	NON-POLYMER	?
IMH	NON-POLYMER	?
IMI	NON-POLYMER	?
IMJ	NON-POLYMER	?
IMK	NON-POLYMER	?
IML	L-PEPTIDE LINKING	ILE
IMM	NON-POLYMER	?
IMN	NON-POLYMER	?
IMO	NON-POLYMER	?
IMP	NON-POLYMER	G
IMQ	NON-POLYMER	?
IMR	NON-POLYMER	?
IMS	NON-POLYMER	?
IMT	NON-POLYMER	?
IMU	NON-POLYMER	?
IMV	NON-POLYMER	?
IMW	NON-POLYMER	?
IMX	NON-POLYMER	?
IMY	NON-POLYMER	?
IMZ	NON-POLYMER	?
IN	NON-POLYMER	?
IN0	NON-POLYMER	?
IN1	D-saccharide	BGC
IN2	NON-POLYMER	?
IN3	NON-POLYMER	?
IN4	NON-POLYMER	?
IN5	NON-POLYMER	?
IN6	NON-POLYMER	?
IN7	NON-POLYMER	?
IN8	NON-POLYMER	?
IN9	NON-POLYMER	?
INA	NON-POLYMER	?
INB	NON-POLYMER	?
INC	NON-POLYMER	?
IND	NON-POLYMER	?
INE	NON-POLYMER	?
INF	NON-POLYMER	?
ING	NON-POLYMER	?
INH	NON-POLYMER	?
INI	NON-POLYMER	?
INJ	NON-POLYMER	?
INK	NON-POLYMER	?
INL	NON-POLYMER	?
INM	NON-POLYMER	?
INN	peptide-like	?
INO	NON-POLYMER	?
INP	NON-POLYMER	?
INQ	NON-POLYMER	?
INR	NON-POLYMER	?
INS	NON-POLYMER	?
INT	NON-POLYMER	?
INU	NON-POLYMER	?
INV	NON-POLYMER	?
INW	NON-POLYMER	?
INX	NON-POLYMER	?
INY	NON-POLYMER	?
INZ	NON-POLYMER	?
IO0	non-polymer	?
IO2	NON-POLYMER	?
IO3	NON-POLYMER	?
IO4	non-polymer	?
IO5	non-polymer	?
IO6	non-polymer	?
IO7	non-polymer	?
IO8	L-peptide linking	GLY, TRP, GLY
IO9	non-polymer	?
IOA	NON-POLYMER	?
IOB	NON-POLYMER	?
IOC	NON-POLYMER	?
IOD	NON-POLYMER	?
IOE	NON-POLYMER	?
IOF	NON-POLYMER	?
IOG	NON-POLYMER	?
IOH	NON-POLYMER	?
IOI	non-polymer	?
IOK	NON-POLYMER	?
IOL	NON-POLYMER	?
IOM	NON-POLYMER	?
ION	NON-POLYMER	?
IOO	L-RNA linking	G
IOP	NON-POLYMER	?
IOQ	non-polymer	?
IOR	L-PEPTIDE LINKING	ARG
IOS	NON-POLYMER	?
IOT	NON-POLYMER	?
IOU	non-polymer	?
IOV	non-polymer	?
IOW	non-polymer	?
IOX	NON-POLYMER	?
IOY	D-PEPTIDE LINKING	?
IOZ	non-polymer	?
IP0	NON-POLYMER	?
IP1	NON-POLYMER	?
IP2	NON-POLYMER	?
IP3	NON-POLYMER	?
IP4	NON-POLYMER	?
IP5	NON-POLYMER	?
IP6	NON-POLYMER	?
IP7	NON-POLYMER	?
IP8	NON-POLYMER	?
IP9	NON-POLYMER	?
IPA	NON-POLYMER	?
IPB	NON-POLYMER	?
IPC	NON-POLYMER	?
IPD	NON-POLYMER	?
IPE	NON-POLYMER	?
IPF	NON-POLYMER	?
IPG	L-PEPTIDE LINKING	GLY
IPH	NON-POLYMER	?
IPI	non-polymer	?
IPJ	NON-POLYMER	?
IPK	NON-POLYMER	?
IPL	NON-POLYMER	?
IPM	NON-POLYMER	?
IPN	RNA LINKING	?
IPO	NON-POLYMER	?
IPP	NON-POLYMER	?
IPQ	non-polymer	GUN
IPR	NON-POLYMER	?
IPS	NON-POLYMER	?
IPT	D-saccharide	?
IPU	NON-POLYMER	?
IPV	NON-POLYMER	?
IPW	NON-POLYMER	?
IPX	NON-POLYMER	?
IPY	NON-POLYMER	?
IPZ	NON-POLYMER	?
IQ0	NON-POLYMER	?
IQ1	non-polymer	?
IQ2	non-polymer	?
IQ3	non-polymer	?
IQ4	non-polymer	?
IQ5	non-polymer	?
IQ6	NON-POLYMER	?
IQ7	non-polymer	?
IQ8	non-polymer	?
IQ9	non-polymer	?
IQA	NON-POLYMER	?
IQB	NON-POLYMER	?
IQC	non-polymer	?
IQD	NON-POLYMER	?
IQE	non-polymer	?
IQF	non-polymer	?
IQG	NON-POLYMER	?
IQH	non-polymer	?
IQJ	non-polymer	?
IQK	NON-POLYMER	?
IQL	non-polymer	?
IQM	non-polymer	?
IQN	non-polymer	?
IQO	NON-POLYMER	?
IQP	NON-POLYMER	?
IQQ	NON-POLYMER	?
IQR	non-polymer	?
IQS	NON-POLYMER	?
IQT	non-polymer	?
IQU	NON-POLYMER	?
IQV	non-polymer	?
IQW	NON-POLYMER	?
IQX	NON-POLYMER	?
IQY	non-polymer	?
IQZ	NON-POLYMER	?
IR	NON-POLYMER	?
IR0	non-polymer	?
IR1	NON-POLYMER	?
IR2	NON-POLYMER	?
IR3	NON-POLYMER	?
IR4	NON-POLYMER	?
IR5	NON-POLYMER	?
IR6	NON-POLYMER	?
IR7	non-polymer	?
IR8	NON-POLYMER	?
IR9	NON-POLYMER	?
IRA	NON-POLYMER	?
IRB	NON-POLYMER	?
IRC	NON-POLYMER	?
IRD	non-polymer	?
IRE	NON-POLYMER	?
IRF	NON-POLYMER	?
IRG	NON-POLYMER	?
IRH	NON-POLYMER	?
IRI	NON-POLYMER	?
IRJ	non-polymer	?
IRK	non-polymer	?
IRL	NON-POLYMER	?
IRM	non-polymer	?
IRN	RNA linking	?
IRO	NON-POLYMER	?
IRP	NON-POLYMER	?
IRQ	non-polymer	?
IRR	non-polymer	?
IRS	non-polymer	?
IRU	non-polymer	?
IRV	non-polymer	?
IRW	non-polymer	?
IRX	non-polymer	?
IRY	non-polymer	?
IRZ	non-polymer	?
IS0	non-polymer	?
IS1	NON-POLYMER	?
IS2	NON-POLYMER	?
IS3	NON-POLYMER	?
IS4	non-polymer	?
IS5	non-polymer	?
IS6	non-polymer	?
IS7	non-polymer	?
IS8	NON-POLYMER	?
IS9	non-polymer	?
ISA	NON-POLYMER	?
ISB	NON-POLYMER	?
ISC	NON-POLYMER	?
ISD	D-saccharide	?
ISE	NON-POLYMER	?
ISF	NON-POLYMER	?
ISG	non-polymer	?
ISH	NON-POLYMER	?
ISI	NON-POLYMER	?
ISJ	NON-POLYMER	?
ISK	non-polymer	?
ISL	D-saccharide	GLC
ISM	non-polymer	?
ISN	NON-POLYMER	?
ISO	NON-POLYMER	?
ISP	NON-POLYMER	?
ISQ	NON-POLYMER	?
ISS	NON-POLYMER	?
IST	NON-POLYMER	?
ISU	NON-POLYMER	?
ISW	NON-POLYMER	?
ISX	D-saccharide	BGC
ISY	NON-POLYMER	?
ISZ	NON-POLYMER	?
IT0	non-polymer	?
IT1	L-PEPTIDE LINKING	LYS
IT2	NON-POLYMER	?
IT3	non-polymer	?
IT4	non-polymer	?
IT5	NON-POLYMER	?
IT6	non-polymer	?
IT8	non-polymer	?
IT9	NON-POLYMER	?
ITA	NON-POLYMER	?
ITB	NON-POLYMER	?
ITC	NON-POLYMER	?
ITD	NON-POLYMER	?
ITE	NON-POLYMER	?
ITF	non-polymer	?
ITG	non-polymer	?
ITH	non-polymer	?
ITI	NON-POLYMER	?
ITJ	non-polymer	?
ITK	non-polymer	?
ITL	NON-POLYMER	?
ITM	NON-POLYMER	?
ITN	NON-POLYMER	?
ITO	non-polymer	?
ITP	NON-POLYMER	?
ITQ	NON-POLYMER	?
ITR	NON-POLYMER	?
ITS	NON-POLYMER	?
ITT	NON-POLYMER	?
ITU	NON-POLYMER	?
ITV	non-polymer	?
ITW	NON-POLYMER	?
ITX	non-polymer	?
ITY	NON-POLYMER	?
ITZ	peptide-like	?
IU	RNA LINKING	U
IU0	non-polymer	?
IU1	NON-POLYMER	?
IU2	non-polymer	?
IU3	non-polymer	?
IU4	non-polymer	?
IU5	NON-POLYMER	?
IU6	NON-POLYMER	?
IU7	non-polymer	?
IU8	non-polymer	?
IU9	non-polymer	?
IUA	non-polymer	?
IUB	non-polymer	?
IUC	non-polymer	?
IUD	non-polymer	?
IUE	non-polymer	?
IUF	non-polymer	?
IUG	NON-POLYMER	?
IUH	non-polymer	?
IUI	non-polymer	?
IUJ	non-polymer	?
IUK	non-polymer	?
IUL	NON-POLYMER	?
IUM	NON-POLYMER	?
IUN	non-polymer	?
IUO	non-polymer	?
IUP	non-polymer	?
IUQ	non-polymer	?
IUR	NON-POLYMER	?
IUS	non-polymer	?
IUT	non-polymer	?
IUU	NON-POLYMER	?
IUV	non-polymer	?
IUW	non-polymer	?
IUX	non-polymer	?
IUY	NON-POLYMER	?
IUZ	non-polymer	?
IV0	non-polymer	?
IV1	non-polymer	?
IV2	non-polymer	?
IV3	non-polymer	?
IV4	non-polymer	?
IV5	non-polymer	?
IV6	non-polymer	?
IV7	non-polymer	?
IV8	non-polymer	?
IV9	non-polymer	?
IVA	NON-POLYMER	?
IVB	non-polymer	?
IVC	NON-POLYMER	?
IVE	non-polymer	?
IVF	peptide-like	?
IVG	saccharide	XYP
IVH	NON-POLYMER	?
IVI	non-polymer	?
IVJ	non-polymer	?
IVK	NON-POLYMER	?
IVL	non-polymer	?
IVM	NON-POLYMER	?
IVN	non-polymer	?
IVO	non-polymer	?
IVP	non-polymer	?
IVQ	non-polymer	?
IVR	non-polymer	?
IVS	NON-POLYMER	?
IVT	non-polymer	?
IVU	NON-POLYMER	?
IVV	PEPTIDE-LIKE	?
IVW	non-polymer	?
IVY	non-polymer	?
IVZ	non-polymer	?
IW0	non-polymer	?
IW1	NON-POLYMER	?
IW2	NON-POLYMER	?
IW3	NON-POLYMER	?
IW4	NON-POLYMER	?
IW5	NON-POLYMER	?
IW6	NON-POLYMER	?
IW7	non-polymer	?
IW8	NON-POLYMER	?
IW9	non-polymer	?
IWA	non-polymer	?
IWB	non-polymer	?
IWC	non-polymer	?
IWD	NON-POLYMER	?
IWE	non-polymer	?
IWF	non-polymer	?
IWG	non-polymer	?
IWH	NON-POLYMER	?
IWI	non-polymer	?
IWJ	non-polymer	?
IWK	non-polymer	?
IWL	non-polymer	?
IWM	non-polymer	?
IWN	non-polymer	?
IWO	non-polymer	?
IWP	non-polymer	?
IWQ	peptide-like	?
IWR	NON-POLYMER	?
IWS	non-polymer	?
IWT	non-polymer	?
IWU	non-polymer	?
IWV	non-polymer	?
IWW	NON-POLYMER	?
IWX	NON-POLYMER	?
IWY	non-polymer	?
IWZ	non-polymer	?
IX0	non-polymer	?
IX1	NON-POLYMER	?
IX2	non-polymer	?
IX3	non-polymer	?
IX4	non-polymer	?
IX5	non-polymer	?
IX6	NON-POLYMER	?
IX7	non-polymer	?
IX8	non-polymer	?
IX9	non-polymer	?
IXA	non-polymer	?
IXB	non-polymer	?
IXC	non-polymer	?
IXD	D-saccharide, beta linking	?
IXE	NON-POLYMER	?
IXF	NON-POLYMER	?
IXG	NON-POLYMER	?
IXH	NON-POLYMER	?
IXI	non-polymer	?
IXJ	non-polymer	?
IXK	non-polymer	?
IXL	non-polymer	?
IXM	NON-POLYMER	?
IXN	NON-POLYMER	?
IXO	NON-POLYMER	?
IXP	NON-POLYMER	?
IXQ	non-polymer	?
IXR	non-polymer	?
IXS	NON-POLYMER	?
IXT	non-polymer	?
IXU	non-polymer	?
IXV	NON-POLYMER	?
IXW	NON-POLYMER	?
IXX	NON-POLYMER	?
IXY	NON-POLYMER	?
IXZ	NON-POLYMER	?
IY0	non-polymer	?
IY1	NON-POLYMER	?
IY2	non-polymer	?
IY3	non-polymer	?
IY4	non-polymer	?
IY5	non-polymer	?
IY6	non-polymer	?
IY7	non-polymer	?
IY8	non-polymer	?
IY9	non-polymer	?
IYA	non-polymer	?
IYB	non-polymer	?
IYC	non-polymer	?
IYD	non-polymer	?
IYE	non-polymer	?
IYF	non-polymer	?
IYG	NON-POLYMER	?
IYH	non-polymer	?
IYI	non-polymer	?
IYJ	non-polymer	?
IYK	non-polymer	?
IYL	non-polymer	?
IYM	non-polymer	?
IYN	non-polymer	?
IYO	non-polymer	?
IYP	NON-POLYMER	?
IYQ	non-polymer	?
IYR	L-PEPTIDE LINKING	TYR
IYS	non-polymer	?
IYT	D-PEPTIDE LINKING	?
IYU	non-polymer	?
IYV	non-polymer	?
IYW	non-polymer	?
IYX	NON-POLYMER	?
IYY	non-polymer	?
IYZ	NON-POLYMER	?
IZ1	non-polymer	?
IZ2	non-polymer	?
IZ3	non-polymer	?
IZ4	non-polymer	?
IZ5	non-polymer	?
IZ6	non-polymer	?
IZ7	non-polymer	?
IZ8	non-polymer	?
IZ9	non-polymer	?
IZA	NON-POLYMER	?
IZB	NON-POLYMER	?
IZC	NON-POLYMER	?
IZD	NON-POLYMER	?
IZE	NON-POLYMER	?
IZF	NON-POLYMER	?
IZG	NON-POLYMER	?
IZH	non-polymer	?
IZJ	non-polymer	?
IZK	non-polymer	?
IZL	non-polymer	?
IZM	non-polymer	?
IZN	NON-POLYMER	?
IZO	L-PEPTIDE LINKING	MET
IZP	NON-POLYMER	?
IZQ	non-polymer	?
IZR	non-polymer	?
IZS	non-polymer	?
IZT	non-polymer	?
IZU	non-polymer	?
IZV	non-polymer	?
IZW	non-polymer	?
IZX	NON-POLYMER	?
IZY	non-polymer	?
IZZ	NON-POLYMER	?
J00	non-polymer	?
J01	NON-POLYMER	?
J02	NON-POLYMER	?
J03	non-polymer	?
J04	NON-POLYMER	?
J05	NON-POLYMER	?
J06	non-polymer	?
J07	NON-POLYMER	?
J08	NON-POLYMER	?
J0A	NON-POLYMER	?
J0B	NON-POLYMER	?
J0C	non-polymer	?
J0D	NON-POLYMER	?
J0E	NON-POLYMER	?
J0F	non-polymer	?
J0G	NON-POLYMER	?
J0J	NON-POLYMER	?
J0K	NON-POLYMER	?
J0L	non-polymer	?
J0M	NON-POLYMER	?
J0N	NON-POLYMER	?
J0O	non-polymer	?
J0P	NON-POLYMER	?
J0R	non-polymer	?
J0S	NON-POLYMER	?
J0T	NON-POLYMER	?
J0U	non-polymer	?
J0V	NON-POLYMER	?
J0W	non-polymer	?
J0X	DNA linking	DC
J0Y	NON-POLYMER	?
J0Z	NON-POLYMER	?
J10	non-polymer	?
J11	NON-POLYMER	?
J12	NON-POLYMER	?
J13	NON-POLYMER	?
J14	NON-POLYMER	?
J15	NON-POLYMER	?
J18	NON-POLYMER	?
J19	NON-POLYMER	?
J1A	NON-POLYMER	?
J1B	NON-POLYMER	?
J1C	NON-POLYMER	?
J1D	NON-POLYMER	?
J1E	NON-POLYMER	?
J1F	NON-POLYMER	?
J1G	NON-POLYMER	?
J1H	NON-POLYMER	?
J1I	NON-POLYMER	?
J1J	non-polymer	?
J1K	NON-POLYMER	?
J1L	non-polymer	?
J1M	NON-POLYMER	?
J1N	NON-POLYMER	?
J1O	non-polymer	?
J1Q	NON-POLYMER	?
J1R	NON-POLYMER	?
J1S	NON-POLYMER	?
J1T	NON-POLYMER	?
J1V	NON-POLYMER	?
J1W	NON-POLYMER	?
J1X	NON-POLYMER	?
J1Z	NON-POLYMER	?
J20	NON-POLYMER	?
J21	NON-POLYMER	?
J22	NON-POLYMER	?
J23	non-polymer	?
J24	NON-POLYMER	?
J25	NON-POLYMER	?
J26	non-polymer	?
J27	NON-POLYMER	?
J28	NON-POLYMER	?
J29	non-polymer	?
J2A	NON-POLYMER	?
J2B	NON-POLYMER	?
J2C	non-polymer	?
J2D	NON-POLYMER	?
J2E	NON-POLYMER	?
J2F	L-peptide linking	TYR
J2G	NON-POLYMER	?
J2H	NON-POLYMER	?
J2I	NON-POLYMER	?
J2J	NON-POLYMER	?
J2L	non-polymer	?
J2M	NON-POLYMER	?
J2N	NON-POLYMER	?
J2O	non-polymer	?
J2P	NON-POLYMER	?
J2Q	NON-POLYMER	?
J2T	NON-POLYMER	?
J2U	non-polymer	?
J2V	NON-POLYMER	?
J2W	NON-POLYMER	?
J2X	non-polymer	?
J2Y	NON-POLYMER	?
J2Z	NON-POLYMER	?
J30	NON-POLYMER	?
J31	NON-POLYMER	?
J32	NON-POLYMER	?
J33	non-polymer	?
J34	NON-POLYMER	?
J35	NON-POLYMER	?
J36	non-polymer	?
J37	NON-POLYMER	?
J38	NON-POLYMER	?
J3A	NON-POLYMER	?
J3B	NON-POLYMER	?
J3C	non-polymer	?
J3D	L-peptide linking	CYS
J3E	NON-POLYMER	?
J3F	non-polymer	?
J3G	NON-POLYMER	?
J3H	NON-POLYMER	?
J3I	NON-POLYMER	?
J3J	NON-POLYMER	?
J3K	NON-POLYMER	?
J3L	non-polymer	?
J3M	NON-POLYMER	?
J3N	NON-POLYMER	?
J3O	non-polymer	?
J3P	NON-POLYMER	?
J3Q	NON-POLYMER	?
J3R	non-polymer	?
J3S	NON-POLYMER	?
J3T	NON-POLYMER	?
J3U	non-polymer	?
J3V	NON-POLYMER	?
J3W	NON-POLYMER	?
J3X	non-polymer	?
J3Y	NON-POLYMER	?
J3Z	NON-POLYMER	?
J40	non-polymer	?
J41	NON-POLYMER	?
J42	NON-POLYMER	?
J43	NON-POLYMER	?
J45	NON-POLYMER	?
J46	non-polymer	?
J47	NON-POLYMER	?
J48	NON-POLYMER	?
J49	non-polymer	?
J4A	NON-POLYMER	?
J4B	NON-POLYMER	?
J4C	non-polymer	?
J4D	NON-POLYMER	?
J4E	NON-POLYMER	?
J4F	non-polymer	?
J4G	NON-POLYMER	?
J4H	NON-POLYMER	?
J4I	non-polymer	?
J4J	NON-POLYMER	?
J4K	NON-POLYMER	?
J4L	non-polymer	?
J4M	NON-POLYMER	?
J4N	NON-POLYMER	?
J4O	non-polymer	?
J4P	NON-POLYMER	?
J4Q	NON-POLYMER	?
J4R	non-polymer	?
J4S	NON-POLYMER	?
J4T	DNA linking	?
J4U	non-polymer	?
J4V	NON-POLYMER	?
J4W	NON-POLYMER	?
J4X	NON-POLYMER	?
J4Y	NON-POLYMER	?
J4Z	NON-POLYMER	?
J50	non-polymer	?
J51	NON-POLYMER	?
J52	NON-POLYMER	?
J53	NON-POLYMER	?
J54	NON-POLYMER	?
J55	NON-POLYMER	?
J56	NON-POLYMER	?
J57	NON-POLYMER	?
J58	NON-POLYMER	?
J59	non-polymer	?
J5A	NON-POLYMER	?
J5B	D-saccharide	GLC
J5C	non-polymer	?
J5D	NON-POLYMER	?
J5E	NON-POLYMER	?
J5F	non-polymer	?
J5G	NON-POLYMER	?
J5H	NON-POLYMER	?
J5I	non-polymer	?
J5J	NON-POLYMER	?
J5K	NON-POLYMER	?
J5L	NON-POLYMER	?
J5M	NON-POLYMER	?
J5N	NON-POLYMER	?
J5P	NON-POLYMER	?
J5Q	NON-POLYMER	?
J5R	non-polymer	?
J5S	NON-POLYMER	?
J5T	NON-POLYMER	?
J5U	non-polymer	?
J5V	NON-POLYMER	?
J5W	NON-POLYMER	?
J5X	non-polymer	?
J5Y	NON-POLYMER	?
J5Z	NON-POLYMER	?
J60	NON-POLYMER	?
J61	NON-POLYMER	?
J62	NON-POLYMER	?
J63	NON-POLYMER	?
J64	NON-POLYMER	?
J66	non-polymer	?
J67	NON-POLYMER	?
J69	non-polymer	?
J6A	NON-POLYMER	?
J6B	NON-POLYMER	?
J6C	non-polymer	?
J6D	NON-POLYMER	?
J6E	NON-POLYMER	?
J6F	non-polymer	?
J6H	NON-POLYMER	?
J6I	non-polymer	?
J6J	NON-POLYMER	?
J6K	NON-POLYMER	?
J6L	non-polymer	?
J6M	non-polymer	?
J6N	NON-POLYMER	?
J6O	non-polymer	?
J6P	NON-POLYMER	?
J6Q	NON-POLYMER	?
J6R	non-polymer	?
J6S	NON-POLYMER	?
J6T	non-polymer	?
J6U	non-polymer	?
J6V	NON-POLYMER	?
J6W	NON-POLYMER	?
J6X	non-polymer	?
J6Z	NON-POLYMER	?
J70	non-polymer	?
J71	NON-POLYMER	?
J72	NON-POLYMER	?
J73	non-polymer	?
J74	NON-POLYMER	?
J75	NON-POLYMER	?
J76	NON-POLYMER	?
J77	NON-POLYMER	?
J78	NON-POLYMER	?
J79	non-polymer	?
J7B	NON-POLYMER	?
J7C	NON-POLYMER	?
J7D	NON-POLYMER	?
J7F	non-polymer	?
J7G	NON-POLYMER	?
J7H	D-peptide linking	?
J7I	non-polymer	?
J7J	NON-POLYMER	?
J7L	non-polymer	?
J7M	non-polymer	?
J7N	NON-POLYMER	?
J7O	non-polymer	?
J7Q	NON-POLYMER	?
J7R	non-polymer	?
J7S	NON-POLYMER	?
J7T	NON-POLYMER	?
J7U	non-polymer	?
J7V	NON-POLYMER	?
J7W	non-polymer	?
J7X	non-polymer	?
J7Z	NON-POLYMER	?
J80	NON-POLYMER	?
J81	NON-POLYMER	?
J82	non-polymer	?
J83	non-polymer	?
J84	NON-POLYMER	?
J85	NON-POLYMER	?
J86	non-polymer	?
J87	NON-POLYMER	?
J88	NON-POLYMER	?
J89	non-polymer	?
J8A	NON-POLYMER	?
J8B	NON-POLYMER	?
J8C	non-polymer	?
J8D	NON-POLYMER	?
J8E	NON-POLYMER	?
J8F	non-polymer	?
J8G	NON-POLYMER	?
J8H	NON-POLYMER	?
J8I	non-polymer	?
J8J	non-polymer	?
J8L	non-polymer	?
J8N	NON-POLYMER	?
J8O	non-polymer	?
J8Q	NON-POLYMER	?
J8R	non-polymer	?
J8S	NON-POLYMER	?
J8T	NON-POLYMER	?
J8U	non-polymer	?
J8V	NON-POLYMER	?
J8W	L-peptide linking	SER
J8X	non-polymer	?
J8Y	NON-POLYMER	?
J8Z	NON-POLYMER	?
J90	NON-POLYMER	?
J91	NON-POLYMER	?
J92	NON-POLYMER	?
J93	non-polymer	?
J94	NON-POLYMER	?
J95	NON-POLYMER	?
J96	NON-POLYMER	?
J97	NON-POLYMER	?
J98	non-polymer	?
J99	NON-POLYMER	?
J9A	L-peptide linking	?
J9B	non-polymer	?
J9C	non-polymer	?
J9D	NON-POLYMER	?
J9E	NON-POLYMER	?
J9F	non-polymer	?
J9G	NON-POLYMER	?
J9H	NON-POLYMER	?
J9I	non-polymer	?
J9K	NON-POLYMER	?
J9L	non-polymer	?
J9N	NON-POLYMER	?
J9O	non-polymer	?
J9P	NON-POLYMER	?
J9Q	NON-POLYMER	?
J9R	non-polymer	?
J9S	NON-POLYMER	?
J9T	NON-POLYMER	?
J9U	non-polymer	?
J9V	NON-POLYMER	?
J9W	NON-POLYMER	?
J9X	non-polymer	?
J9Y	L-peptide linking	ARG
J9Z	NON-POLYMER	?
JA0	non-polymer	?
JA1	NON-POLYMER	?
JA2	NON-POLYMER	?
JA3	non-polymer	?
JA4	NON-POLYMER	?
JA5	NON-POLYMER	?
JA6	non-polymer	?
JA7	NON-POLYMER	?
JA8	NON-POLYMER	?
JA9	non-polymer	?
JAA	NON-POLYMER	?
JAB	NON-POLYMER	?
JAC	NON-POLYMER	?
JAD	NON-POLYMER	?
JAE	NON-POLYMER	?
JAF	NON-POLYMER	?
JAG	NON-POLYMER	?
JAH	NON-POLYMER	?
JAI	NON-POLYMER	?
JAJ	NON-POLYMER	?
JAK	NON-POLYMER	?
JAL	non-polymer	?
JAN	NON-POLYMER	?
JAO	NON-POLYMER	?
JAP	non-polymer	?
JAQ	non-polymer	?
JAR	NON-POLYMER	?
JAS	NON-POLYMER	?
JAT	NON-POLYMER	?
JAU	non-polymer	?
JAV	NON-POLYMER	?
JAW	NON-POLYMER	?
JAX	non-polymer	?
JAY	NON-POLYMER	?
JAZ	non-polymer	?
JB0	non-polymer	?
JB1	NON-POLYMER	?
JB2	NON-POLYMER	?
JB3	NON-POLYMER	?
JB5	NON-POLYMER	?
JB6	NON-POLYMER	?
JB7	NON-POLYMER	?
JB8	NON-POLYMER	?
JB9	NON-POLYMER	?
JBA	NON-POLYMER	?
JBB	NON-POLYMER	?
JBC	non-polymer	?
JBD	non-polymer	?
JBE	NON-POLYMER	?
JBF	non-polymer	?
JBG	NON-POLYMER	?
JBH	NON-POLYMER	?
JBI	NON-POLYMER	?
JBJ	NON-POLYMER	?
JBK	NON-POLYMER	?
JBL	non-polymer	?
JBN	NON-POLYMER	?
JBO	non-polymer	?
JBQ	NON-POLYMER	?
JBR	non-polymer	?
JBS	NON-POLYMER	?
JBT	NON-POLYMER	?
JBU	non-polymer	?
JBV	non-polymer	?
JBW	non-polymer	?
JBY	L-peptide linking	?
JBZ	NON-POLYMER	?
JC1	NON-POLYMER	?
JC2	NON-POLYMER	?
JC3	non-polymer	?
JC4	NON-POLYMER	?
JC5	NON-POLYMER	?
JC6	non-polymer	?
JC7	NON-POLYMER	?
JC8	NON-POLYMER	?
JC9	non-polymer	?
JCA	non-polymer	?
JCB	NON-POLYMER	?
JCD	NON-POLYMER	?
JCE	NON-POLYMER	?
JCF	NON-POLYMER	?
JCG	NON-POLYMER	?
JCH	NON-POLYMER	?
JCI	non-polymer	?
JCJ	non-polymer	?
JCK	NON-POLYMER	?
JCL	NON-POLYMER	?
JCM	non-polymer	?
JCO	non-polymer	?
JCP	non-polymer	?
JCQ	NON-POLYMER	?
JCR	non-polymer	?
JCT	NON-POLYMER	?
JCU	non-polymer	?
JCV	non-polymer	?
JCW	NON-POLYMER	?
JCX	non-polymer	?
JCY	NON-POLYMER	?
JCZ	NON-POLYMER	?
JD1	NON-POLYMER	?
JD2	NON-POLYMER	?
JD3	non-polymer	?
JD5	NON-POLYMER	?
JD6	non-polymer	?
JD7	NON-POLYMER	?
JD8	NON-POLYMER	?
JD9	non-polymer	?
JDA	non-polymer	?
JDB	NON-POLYMER	?
JDC	NON-POLYMER	?
JDD	non-polymer	?
JDE	NON-POLYMER	?
JDF	non-polymer	?
JDG	NON-POLYMER	?
JDH	NON-POLYMER	?
JDJ	NON-POLYMER	?
JDK	NON-POLYMER	?
JDL	non-polymer	?
JDM	NON-POLYMER	?
JDN	NON-POLYMER	?
JDO	non-polymer	?
JDP	NON-POLYMER	?
JDQ	NON-POLYMER	?
JDR	NON-POLYMER	?
JDS	NON-POLYMER	?
JDT	DNA linking	DT
JDU	non-polymer	?
JDV	NON-POLYMER	?
JDW	non-polymer	?
JDX	non-polymer	?
JDY	NON-POLYMER	?
JE0	non-polymer	?
JE1	NON-POLYMER	?
JE2	peptide-like	?
JE3	non-polymer	?
JE4	NON-POLYMER	?
JE5	non-polymer	?
JE6	non-polymer	?
JE7	NON-POLYMER	?
JE8	NON-POLYMER	?
JE9	non-polymer	?
JEA	NON-POLYMER	?
JEB	NON-POLYMER	?
JEC	non-polymer	?
JED	NON-POLYMER	?
JEE	NON-POLYMER	?
JEF	NON-POLYMER	?
JEG	NON-POLYMER	?
JEH	NON-POLYMER	?
JEI	non-polymer	?
JEJ	NON-POLYMER	?
JEK	NON-POLYMER	?
JEL	non-polymer	?
JEN	NON-POLYMER	?
JEO	non-polymer	?
JEQ	NON-POLYMER	?
JER	non-polymer	?
JET	NON-POLYMER	?
JEU	non-polymer	?
JEV	NON-POLYMER	?
JEW	NON-POLYMER	?
JEX	non-polymer	?
JEY	NON-POLYMER	?
JF0	non-polymer	?
JF1	NON-POLYMER	?
JF2	NON-POLYMER	?
JF4	NON-POLYMER	?
JF5	NON-POLYMER	?
JF6	non-polymer	?
JF8	NON-POLYMER	?
JF9	non-polymer	?
JFA	NON-POLYMER	?
JFB	NON-POLYMER	?
JFC	non-polymer	?
JFD	NON-POLYMER	?
JFE	NON-POLYMER	?
JFF	non-polymer	?
JFG	non-polymer	?
JFH	NON-POLYMER	?
JFI	non-polymer	?
JFJ	NON-POLYMER	?
JFK	NON-POLYMER	?
JFL	non-polymer	?
JFM	NON-POLYMER	?
JFN	NON-POLYMER	?
JFO	non-polymer	?
JFP	NON-POLYMER	?
JFQ	NON-POLYMER	?
JFR	non-polymer	?
JFS	NON-POLYMER	?
JFT	NON-POLYMER	?
JFU	non-polymer	?
JFV	NON-POLYMER	?
JFW	non-polymer	?
JFX	NON-POLYMER	?
JFY	NON-POLYMER	?
JFZ	L-saccharide	FUC
JG0	non-polymer	?
JG1	NON-POLYMER	?
JG2	NON-POLYMER	?
JG3	peptide-like	?
JG4	NON-POLYMER	?
JG5	NON-POLYMER	?
JG6	non-polymer	?
JG7	non-polymer	?
JG8	non-polymer	?
JG9	non-polymer	?
JGA	NON-POLYMER	?
JGB	NON-POLYMER	?
JGC	non-polymer	?
JGD	NON-POLYMER	?
JGE	NON-POLYMER	?
JGF	non-polymer	?
JGG	NON-POLYMER	?
JGH	NON-POLYMER	?
JGI	non-polymer	?
JGJ	NON-POLYMER	?
JGK	NON-POLYMER	?
JGL	non-polymer	?
JGM	NON-POLYMER	?
JGN	NON-POLYMER	?
JGO	L-peptide linking	LYS
JGP	NON-POLYMER	?
JGQ	NON-POLYMER	?
JGR	non-polymer	?
JGS	NON-POLYMER	?
JGT	NON-POLYMER	?
JGU	non-polymer	?
JGV	NON-POLYMER	?
JGW	NON-POLYMER	?
JGX	non-polymer	?
JGY	NON-POLYMER	?
JGZ	NON-POLYMER	?
JH0	NON-POLYMER	?
JH1	NON-POLYMER	?
JH2	NON-POLYMER	?
JH3	NON-POLYMER	?
JH4	NON-POLYMER	?
JH5	non-polymer	?
JH6	non-polymer	?
JH7	NON-POLYMER	?
JH8	NON-POLYMER	?
JH9	non-polymer	?
JHA	NON-POLYMER	?
JHB	NON-POLYMER	?
JHC	non-polymer	?
JHD	NON-POLYMER	?
JHE	NON-POLYMER	?
JHF	non-polymer	?
JHG	NON-POLYMER	?
JHH	NON-POLYMER	?
JHI	non-polymer	?
JHJ	NON-POLYMER	?
JHK	NON-POLYMER	?
JHL	non-polymer	?
JHM	D-saccharide, alpha linking	?
JHN	NON-POLYMER	?
JHO	non-polymer	?
JHP	NON-POLYMER	?
JHR	non-polymer	?
JHS	NON-POLYMER	?
JHT	non-polymer	?
JHU	non-polymer	?
JHV	NON-POLYMER	?
JHW	NON-POLYMER	?
JHX	non-polymer	?
JHY	non-polymer	?
JHZ	NON-POLYMER	?
JI0	non-polymer	?
JI1	NON-POLYMER	?
JI2	NON-POLYMER	?
JI3	NON-POLYMER	?
JI4	NON-POLYMER	?
JI5	NON-POLYMER	?
JI6	non-polymer	?
JI7	NON-POLYMER	?
JI8	non-polymer	?
JI9	non-polymer	?
JIA	NON-POLYMER	?
JIB	non-polymer	?
JIC	non-polymer	?
JID	non-polymer	?
JIE	non-polymer	?
JIF	NON-POLYMER	?
JIG	non-polymer	?
JIH	non-polymer	?
JII	non-polymer	?
JIJ	non-polymer	?
JIK	non-polymer	?
JIL	NON-POLYMER	?
JIM	NON-POLYMER	?
JIN	NON-POLYMER	?
JIP	non-polymer	?
JIR	non-polymer	?
JIS	non-polymer	?
JIT	non-polymer	?
JIV	non-polymer	?
JIW	non-polymer	?
JIX	non-polymer	?
JIY	non-polymer	?
JIZ	non-polymer	?
JJ1	non-polymer	?
JJ2	NON-POLYMER	?
JJ3	NON-POLYMER	?
JJ4	NON-POLYMER	?
JJ5	NON-POLYMER	?
JJ6	non-polymer	?
JJ7	NON-POLYMER	?
JJ8	NON-POLYMER	?
JJ9	non-polymer	?
JJA	NON-POLYMER	?
JJB	NON-POLYMER	?
JJC	non-polymer	?
JJD	NON-POLYMER	?
JJE	NON-POLYMER	?
JJF	non-polymer	?
JJG	NON-POLYMER	?
JJH	NON-POLYMER	?
JJI	peptide-like	JIZ
JJJ	L-PEPTIDE LINKING	CYS
JJK	L-PEPTIDE LINKING	CYS
JJL	L-PEPTIDE LINKING	CYS
JJM	NON-POLYMER	?
JJN	NON-POLYMER	?
JJO	non-polymer	?
JJP	NON-POLYMER	?
JJQ	NON-POLYMER	?
JJR	non-polymer	?
JJS	non-polymer	?
JJT	NON-POLYMER	?
JJU	non-polymer	?
JJV	non-polymer	?
JJW	NON-POLYMER	?
JJX	non-polymer	?
JJY	NON-POLYMER	?
JJZ	NON-POLYMER	?
JK0	non-polymer	?
JK1	NON-POLYMER	?
JK2	NON-POLYMER	?
JK3	NON-POLYMER	?
JK4	NON-POLYMER	?
JK5	NON-POLYMER	?
JK6	non-polymer	?
JK7	NON-POLYMER	?
JK8	NON-POLYMER	?
JK9	non-polymer	?
JKA	NON-POLYMER	?
JKB	NON-POLYMER	?
JKC	L-peptide linking	?
JKD	non-polymer	?
JKE	NON-POLYMER	?
JKF	NON-POLYMER	?
JKG	NON-POLYMER	?
JKH	L-peptide linking	PRO
JKI	non-polymer	?
JKJ	NON-POLYMER	?
JKK	NON-POLYMER	?
JKL	non-polymer	?
JKM	NON-POLYMER	?
JKN	NON-POLYMER	?
JKO	non-polymer	?
JKP	NON-POLYMER	?
JKQ	NON-POLYMER	?
JKR	non-polymer	?
JKS	NON-POLYMER	?
JKT	non-polymer	?
JKU	peptide-like	?
JKV	NON-POLYMER	?
JKW	NON-POLYMER	?
JKX	non-polymer	?
JKY	NON-POLYMER	?
JKZ	NON-POLYMER	?
JL0	non-polymer	?
JL1	NON-POLYMER	?
JL2	NON-POLYMER	?
JL3	non-polymer	?
JL4	NON-POLYMER	?
JL5	NON-POLYMER	?
JL6	non-polymer	?
JL7	NON-POLYMER	?
JL8	NON-POLYMER	?
JL9	non-polymer	?
JLA	NON-POLYMER	?
JLB	NON-POLYMER	?
JLC	non-polymer	?
JLD	NON-POLYMER	?
JLE	NON-POLYMER	?
JLF	non-polymer	?
JLG	NON-POLYMER	?
JLH	NON-POLYMER	?
JLI	non-polymer	?
JLJ	NON-POLYMER	?
JLK	NON-POLYMER	?
JLL	non-polymer	?
JLM	NON-POLYMER	?
JLN	RNA LINKING	?
JLO	NON-POLYMER	?
JLP	L-peptide linking	LYS
JLQ	non-polymer	?
JLR	non-polymer	?
JLS	NON-POLYMER	?
JLT	D-saccharide	?
JLU	non-polymer	?
JLV	NON-POLYMER	?
JLW	NON-POLYMER	?
JLX	non-polymer	?
JLY	NON-POLYMER	?
JLZ	NON-POLYMER	?
JM0	non-polymer	?
JM1	NON-POLYMER	?
JM2	NON-POLYMER	?
JM3	non-polymer	?
JM4	NON-POLYMER	?
JM5	NON-POLYMER	?
JM6	NON-POLYMER	?
JM7	NON-POLYMER	?
JM8	NON-POLYMER	?
JM9	non-polymer	?
JMA	NON-POLYMER	?
JMB	NON-POLYMER	?
JMC	non-polymer	?
JMD	NON-POLYMER	?
JME	non-polymer	?
JMF	non-polymer	?
JMG	NON-POLYMER	?
JMH	RNA linking	C
JMI	non-polymer	?
JMJ	NON-POLYMER	?
JMK	NON-POLYMER	?
JML	non-polymer	?
JMM	NON-POLYMER	?
JMN	NON-POLYMER	?
JMO	peptide-like	?
JMP	NON-POLYMER	?
JMQ	NON-POLYMER	?
JMR	non-polymer	?
JMS	NON-POLYMER	?
JMT	NON-POLYMER	?
JMU	non-polymer	?
JMV	NON-POLYMER	?
JMW	NON-POLYMER	?
JMX	L-peptide linking	?
JMY	NON-POLYMER	?
JMZ	NON-POLYMER	?
JN0	non-polymer	?
JN1	NON-POLYMER	?
JN2	NON-POLYMER	?
JN3	NON-POLYMER	?
JN4	NON-POLYMER	?
JN5	NON-POLYMER	?
JN6	non-polymer	?
JN7	NON-POLYMER	?
JN8	NON-POLYMER	?
JN9	non-polymer	?
JNA	NON-POLYMER	?
JNB	NON-POLYMER	?
JNC	non-polymer	?
JND	NON-POLYMER	?
JNE	NON-POLYMER	?
JNF	NON-POLYMER	?
JNG	NON-POLYMER	?
JNH	NON-POLYMER	?
JNI	NON-POLYMER	?
JNJ	NON-POLYMER	?
JNK	NON-POLYMER	?
JNL	non-polymer	?
JNM	NON-POLYMER	?
JNN	NON-POLYMER	?
JNO	NON-POLYMER	?
JNP	NON-POLYMER	?
JNQ	non-polymer	?
JNR	non-polymer	?
JNS	non-polymer	?
JNT	NON-POLYMER	?
JNU	non-polymer	?
JNV	NON-POLYMER	?
JNW	NON-POLYMER	?
JNX	non-polymer	?
JNY	NON-POLYMER	?
JNZ	NON-POLYMER	?
JO0	non-polymer	?
JO1	NON-POLYMER	?
JO2	NON-POLYMER	?
JO3	NON-POLYMER	?
JO4	NON-POLYMER	?
JO5	NON-POLYMER	?
JO6	non-polymer	?
JO7	NON-POLYMER	?
JO8	NON-POLYMER	?
JO9	non-polymer	?
JOA	NON-POLYMER	?
JOB	NON-POLYMER	?
JOC	non-polymer	?
JOD	NON-POLYMER	?
JOE	NON-POLYMER	?
JOF	non-polymer	?
JOG	NON-POLYMER	?
JOH	NON-POLYMER	?
JOI	non-polymer	?
JOJ	NON-POLYMER	?
JOK	NON-POLYMER	?
JOL	non-polymer	?
JOM	NON-POLYMER	?
JON	NON-POLYMER	?
JOO	non-polymer	?
JOP	NON-POLYMER	?
JOQ	NON-POLYMER	?
JOR	non-polymer	?
JOS	NON-POLYMER	?
JOT	NON-POLYMER	?
JOU	non-polymer	?
JOV	NON-POLYMER	?
JOW	NON-POLYMER	?
JOX	non-polymer	?
JOY	NON-POLYMER	?
JOZ	NON-POLYMER	?
JP0	non-polymer	?
JP1	NON-POLYMER	?
JP2	NON-POLYMER	?
JP3	NON-POLYMER	?
JP4	NON-POLYMER	?
JP5	NON-POLYMER	?
JP6	non-polymer	?
JP7	NON-POLYMER	?
JP8	NON-POLYMER	?
JP9	non-polymer	?
JPA	NON-POLYMER	?
JPB	NON-POLYMER	?
JPC	NON-POLYMER	?
JPD	NON-POLYMER	?
JPE	NON-POLYMER	?
JPF	non-polymer	?
JPG	NON-POLYMER	?
JPH	NON-POLYMER	?
JPI	non-polymer	?
JPJ	NON-POLYMER	?
JPK	NON-POLYMER	?
JPL	NON-POLYMER	?
JPM	NON-POLYMER	?
JPN	NON-POLYMER	?
JPO	non-polymer	?
JPP	NON-POLYMER	?
JPQ	NON-POLYMER	?
JPR	NON-POLYMER	?
JPS	non-polymer	?
JPT	NON-POLYMER	?
JPU	non-polymer	?
JPV	NON-POLYMER	?
JPW	NON-POLYMER	?
JPX	non-polymer	?
JPY	NON-POLYMER	?
JPZ	NON-POLYMER	?
JQ0	non-polymer	?
JQ1	NON-POLYMER	?
JQ2	NON-POLYMER	?
JQ3	non-polymer	?
JQ4	NON-POLYMER	?
JQ5	NON-POLYMER	?
JQ6	non-polymer	?
JQ7	NON-POLYMER	?
JQ8	NON-POLYMER	?
JQ9	non-polymer	?
JQA	NON-POLYMER	?
JQB	NON-POLYMER	?
JQC	non-polymer	?
JQD	NON-POLYMER	?
JQE	NON-POLYMER	?
JQF	non-polymer	?
JQG	NON-POLYMER	?
JQH	NON-POLYMER	?
JQI	non-polymer	?
JQJ	non-polymer	?
JQK	NON-POLYMER	?
JQL	non-polymer	?
JQN	non-polymer	?
JQO	non-polymer	?
JQP	NON-POLYMER	?
JQQ	NON-POLYMER	?
JQR	non-polymer	?
JQS	NON-POLYMER	?
JQT	NON-POLYMER	?
JQU	non-polymer	?
JQV	NON-POLYMER	?
JQW	NON-POLYMER	?
JQX	non-polymer	?
JQY	NON-POLYMER	?
JQZ	NON-POLYMER	?
JR0	non-polymer	?
JR2	NON-POLYMER	?
JR3	NON-POLYMER	?
JR4	NON-POLYMER	?
JR5	NON-POLYMER	?
JR6	NON-POLYMER	?
JR7	NON-POLYMER	?
JR8	NON-POLYMER	?
JR9	NON-POLYMER	?
JRA	NON-POLYMER	?
JRB	NON-POLYMER	?
JRC	non-polymer	?
JRD	NON-POLYMER	?
JRE	NON-POLYMER	?
JRF	non-polymer	?
JRG	NON-POLYMER	?
JRH	NON-POLYMER	?
JRI	non-polymer	?
JRJ	non-polymer	?
JRK	NON-POLYMER	?
JRL	non-polymer	?
JRM	NON-POLYMER	?
JRN	NON-POLYMER	?
JRO	NON-POLYMER	?
JRP	non-polymer	?
JRQ	NON-POLYMER	?
JRR	NON-POLYMER	?
JRS	NON-POLYMER	?
JRT	NON-POLYMER	?
JRU	non-polymer	?
JRV	saccharide	?
JRW	NON-POLYMER	?
JRX	non-polymer	?
JRY	NON-POLYMER	?
JRZ	NON-POLYMER	?
JS0	non-polymer	?
JS1	NON-POLYMER	?
JS2	D-saccharide, alpha linking	RIB
JS3	NON-POLYMER	?
JS4	NON-POLYMER	?
JS5	NON-POLYMER	?
JS6	NON-POLYMER	?
JS7	NON-POLYMER	?
JS9	non-polymer	?
JSA	NON-POLYMER	?
JSB	NON-POLYMER	?
JSC	NON-POLYMER	?
JSD	NON-POLYMER	?
JSE	NON-POLYMER	?
JSF	non-polymer	?
JSG	NON-POLYMER	?
JSH	NON-POLYMER	?
JSI	non-polymer	?
JSJ	NON-POLYMER	?
JSK	NON-POLYMER	?
JSL	non-polymer	?
JSM	non-polymer	?
JSN	NON-POLYMER	?
JSO	non-polymer	?
JSP	DNA linking	?
JSQ	NON-POLYMER	?
JSR	NON-POLYMER	?
JSS	NON-POLYMER	?
JST	NON-POLYMER	?
JSU	non-polymer	?
JSV	saccharide	?
JSW	NON-POLYMER	?
JSX	NON-POLYMER	?
JSY	non-polymer	?
JSZ	NON-POLYMER	?
JT0	NON-POLYMER	?
JT1	NON-POLYMER	?
JT2	NON-POLYMER	?
JT3	non-polymer	?
JT4	non-polymer	?
JT5	NON-POLYMER	?
JT6	NON-POLYMER	?
JT7	NON-POLYMER	?
JT8	NON-POLYMER	?
JT9	non-polymer	?
JTA	NON-POLYMER	?
JTB	NON-POLYMER	?
JTC	non-polymer	?
JTD	NON-POLYMER	?
JTE	NON-POLYMER	?
JTF	non-polymer	?
JTG	NON-POLYMER	?
JTH	NON-POLYMER	?
JTI	non-polymer	?
JTJ	NON-POLYMER	?
JTK	NON-POLYMER	?
JTL	non-polymer	?
JTM	NON-POLYMER	?
JTN	NON-POLYMER	?
JTO	non-polymer	?
JTP	NON-POLYMER	?
JTQ	NON-POLYMER	?
JTR	non-polymer	?
JTS	NON-POLYMER	?
JTT	NON-POLYMER	?
JTU	NON-POLYMER	?
JTV	NON-POLYMER	?
JTW	NON-POLYMER	?
JTX	non-polymer	?
JTY	NON-POLYMER	?
JTZ	NON-POLYMER	?
JU0	non-polymer	?
JU1	NON-POLYMER	?
JU2	NON-POLYMER	?
JU3	non-polymer	?
JU4	NON-POLYMER	?
JU5	NON-POLYMER	?
JU6	non-polymer	?
JU7	NON-POLYMER	?
JU8	NON-POLYMER	?
JU9	non-polymer	?
JUA	non-polymer	?
JUB	NON-POLYMER	?
JUC	non-polymer	?
JUD	NON-POLYMER	?
JUE	NON-POLYMER	?
JUF	non-polymer	?
JUG	NON-POLYMER	?
JUH	NON-POLYMER	?
JUJ	NON-POLYMER	?
JUK	NON-POLYMER	?
JUL	non-polymer	?
JUM	NON-POLYMER	?
JUN	NON-POLYMER	?
JUO	NON-POLYMER	?
JUP	non-polymer	?
JUQ	NON-POLYMER	?
JUR	non-polymer	?
JUS	non-polymer	?
JUT	NON-POLYMER	?
JUU	non-polymer	?
JUV	NON-POLYMER	?
JUW	NON-POLYMER	?
JUX	non-polymer	?
JUY	NON-POLYMER	?
JUZ	NON-POLYMER	?
JV0	non-polymer	?
JV1	NON-POLYMER	?
JV2	NON-POLYMER	?
JV3	non-polymer	?
JV4	D-saccharide	?
JV5	NON-POLYMER	?
JV6	non-polymer	?
JV8	NON-POLYMER	?
JV9	non-polymer	?
JVA	D-saccharide	?
JVB	NON-POLYMER	?
JVC	non-polymer	?
JVD	NON-POLYMER	?
JVE	non-polymer	?
JVF	non-polymer	?
JVH	NON-POLYMER	?
JVI	non-polymer	?
JVJ	NON-POLYMER	?
JVK	NON-POLYMER	?
JVL	non-polymer	?
JVM	NON-POLYMER	?
JVN	NON-POLYMER	?
JVO	non-polymer	?
JVP	NON-POLYMER	?
JVQ	NON-POLYMER	?
JVR	non-polymer	?
JVS	D-saccharide	GLC
JVT	non-polymer	?
JVU	non-polymer	?
JVX	non-polymer	?
JVY	NON-POLYMER	?
JVZ	NON-POLYMER	?
JW0	non-polymer	?
JW1	NON-POLYMER	?
JW2	NON-POLYMER	?
JW3	NON-POLYMER	?
JW4	NON-POLYMER	?
JW5	RNA LINKING	?
JW6	non-polymer	?
JW7	non-polymer	?
JW8	NON-POLYMER	?
JW9	non-polymer	?
JWA	NON-POLYMER	?
JWB	NON-POLYMER	?
JWC	non-polymer	?
JWD	NON-POLYMER	?
JWE	NON-POLYMER	?
JWF	non-polymer	?
JWG	non-polymer	?
JWH	NON-POLYMER	?
JWI	non-polymer	?
JWJ	non-polymer	?
JWK	NON-POLYMER	?
JWL	non-polymer	?
JWM	NON-POLYMER	?
JWN	NON-POLYMER	?
JWO	non-polymer	?
JWP	NON-POLYMER	?
JWQ	NON-POLYMER	?
JWR	non-polymer	?
JWS	NON-POLYMER	?
JWT	non-polymer	?
JWV	NON-POLYMER	?
JWW	NON-POLYMER	?
JWX	non-polymer	?
JWY	NON-POLYMER	?
JWZ	NON-POLYMER	?
JX0	non-polymer	?
JX1	NON-POLYMER	?
JX2	NON-POLYMER	?
JX4	NON-POLYMER	?
JX5	NON-POLYMER	?
JX6	non-polymer	?
JX7	NON-POLYMER	?
JX8	NON-POLYMER	?
JX9	non-polymer	?
JXA	NON-POLYMER	?
JXB	NON-POLYMER	?
JXD	NON-POLYMER	?
JXE	NON-POLYMER	?
JXF	non-polymer	?
JXG	NON-POLYMER	?
JXH	NON-POLYMER	?
JXI	non-polymer	?
JXJ	non-polymer	?
JXK	NON-POLYMER	?
JXL	non-polymer	?
JXM	NON-POLYMER	?
JXN	NON-POLYMER	?
JXO	non-polymer	?
JXP	NON-POLYMER	?
JXQ	NON-POLYMER	?
JXR	L-peptide linking	?
JXS	NON-POLYMER	?
JXT	NON-POLYMER	?
JXV	NON-POLYMER	?
JXW	NON-POLYMER	?
JXX	non-polymer	?
JXY	non-polymer	?
JXZ	NON-POLYMER	?
JY	NON-POLYMER	?
JY0	non-polymer	?
JY1	NON-POLYMER	?
JY2	NON-POLYMER	?
JY3	non-polymer	?
JY4	NON-POLYMER	?
JY5	NON-POLYMER	?
JY6	non-polymer	?
JY7	NON-POLYMER	?
JY8	NON-POLYMER	?
JY9	non-polymer	?
JYA	non-polymer	?
JYB	NON-POLYMER	?
JYC	L-peptide linking	?
JYD	NON-POLYMER	?
JYE	NON-POLYMER	?
JYF	non-polymer	?
JYG	NON-POLYMER	?
JYH	NON-POLYMER	?
JYI	NON-POLYMER	?
JYJ	NON-POLYMER	?
JYK	NON-POLYMER	?
JYL	non-polymer	?
JYM	non-polymer	?
JYN	NON-POLYMER	?
JYO	non-polymer	?
JYP	NON-POLYMER	?
JYQ	NON-POLYMER	?
JYR	non-polymer	?
JYS	NON-POLYMER	?
JYT	NON-POLYMER	?
JYU	non-polymer	?
JYV	NON-POLYMER	?
JYW	NON-POLYMER	?
JYX	non-polymer	?
JYY	NON-POLYMER	?
JYZ	NON-POLYMER	?
JZ0	NON-POLYMER	?
JZ1	NON-POLYMER	?
JZ2	NON-POLYMER	?
JZ3	NON-POLYMER	?
JZ4	NON-POLYMER	?
JZ5	NON-POLYMER	?
JZ6	NON-POLYMER	?
JZ7	NON-POLYMER	?
JZ8	NON-POLYMER	?
JZ9	NON-POLYMER	?
JZA	NON-POLYMER	?
JZB	NON-POLYMER	?
JZC	NON-POLYMER	?
JZD	NON-POLYMER	?
JZE	NON-POLYMER	?
JZF	NON-POLYMER	?
JZG	NON-POLYMER	?
JZH	NON-POLYMER	?
JZI	NON-POLYMER	?
JZJ	NON-POLYMER	?
JZK	NON-POLYMER	?
JZL	NON-POLYMER	?
JZM	NON-POLYMER	?
JZN	NON-POLYMER	?
JZO	NON-POLYMER	?
JZP	peptide-like	?
JZQ	peptide-like	?
JZR	D-saccharide	BGC
JZS	NON-POLYMER	?
JZT	NON-POLYMER	?
JZU	NON-POLYMER	?
JZV	NON-POLYMER	?
JZW	NON-POLYMER	?
JZX	NON-POLYMER	?
JZY	NON-POLYMER	?
JZZ	NON-POLYMER	?
K	NON-POLYMER	?
K00	NON-POLYMER	?
K01	NON-POLYMER	?
K02	NON-POLYMER	?
K03	NON-POLYMER	?
K04	NON-POLYMER	?
K05	NON-POLYMER	?
K06	non-polymer	?
K07	NON-POLYMER	?
K08	NON-POLYMER	?
K09	NON-POLYMER	?
K0A	NON-POLYMER	?
K0B	NON-POLYMER	?
K0C	non-polymer	?
K0D	NON-POLYMER	?
K0E	NON-POLYMER	?
K0F	non-polymer	?
K0G	NON-POLYMER	?
K0H	NON-POLYMER	?
K0I	non-polymer	?
K0J	NON-POLYMER	?
K0K	NON-POLYMER	?
K0L	peptide-like	?
K0M	NON-POLYMER	?
K0N	NON-POLYMER	?
K0O	non-polymer	?
K0P	NON-POLYMER	?
K0Q	NON-POLYMER	?
K0R	non-polymer	?
K0S	NON-POLYMER	?
K0T	NON-POLYMER	?
K0U	non-polymer	?
K0V	NON-POLYMER	?
K0W	NON-POLYMER	?
K0X	NON-POLYMER	?
K0Y	NON-POLYMER	?
K0Z	NON-POLYMER	?
K10	NON-POLYMER	?
K11	NON-POLYMER	?
K12	NON-POLYMER	?
K13	NON-POLYMER	?
K14	NON-POLYMER	?
K15	NON-POLYMER	?
K16	non-polymer	?
K17	NON-POLYMER	?
K18	non-polymer	?
K19	NON-POLYMER	?
K1A	NON-POLYMER	?
K1B	NON-POLYMER	?
K1C	non-polymer	?
K1D	NON-POLYMER	?
K1E	NON-POLYMER	?
K1F	RNA linking	?
K1G	NON-POLYMER	?
K1H	NON-POLYMER	?
K1I	non-polymer	?
K1J	NON-POLYMER	?
K1L	non-polymer	?
K1N	NON-POLYMER	?
K1O	non-polymer	?
K1P	NON-POLYMER	?
K1Q	NON-POLYMER	?
K1R	L-PEPTIDE LINKING	CYS
K1S	NON-POLYMER	?
K1T	NON-POLYMER	?
K1U	NON-POLYMER	?
K1V	NON-POLYMER	?
K1W	NON-POLYMER	?
K1X	non-polymer	?
K1Y	NON-POLYMER	?
K1Z	NON-POLYMER	?
K20	NON-POLYMER	?
K21	NON-POLYMER	?
K22	NON-POLYMER	?
K23	NON-POLYMER	?
K24	NON-POLYMER	?
K25	NON-POLYMER	?
K26	non-polymer	?
K27	NON-POLYMER	?
K28	NON-POLYMER	?
K29	NON-POLYMER	?
K2A	NON-POLYMER	?
K2B	non-polymer	?
K2C	NON-POLYMER	?
K2D	NON-POLYMER	?
K2E	NON-POLYMER	?
K2F	DNA linking	DA
K2G	NON-POLYMER	?
K2H	NON-POLYMER	?
K2I	non-polymer	?
K2J	NON-POLYMER	?
K2K	NON-POLYMER	?
K2L	non-polymer	?
K2M	NON-POLYMER	?
K2N	NON-POLYMER	?
K2O	non-polymer	?
K2P	NON-POLYMER	?
K2Q	non-polymer	?
K2R	non-polymer	?
K2S	NON-POLYMER	?
K2T	NON-POLYMER	?
K2U	NON-POLYMER	?
K2V	NON-POLYMER	?
K2W	NON-POLYMER	?
K2X	non-polymer	?
K2Y	NON-POLYMER	?
K2Z	NON-POLYMER	?
K30	NON-POLYMER	?
K31	NON-POLYMER	?
K32	NON-POLYMER	?
K33	non-polymer	?
K34	NON-POLYMER	?
K35	NON-POLYMER	?
K36	peptide-like	?
K37	NON-POLYMER	?
K38	NON-POLYMER	?
K39	DNA linking	DG
K3A	NON-POLYMER	?
K3B	NON-POLYMER	?
K3C	non-polymer	?
K3D	NON-POLYMER	?
K3E	NON-POLYMER	?
K3F	non-polymer	?
K3G	NON-POLYMER	?
K3H	NON-POLYMER	?
K3I	non-polymer	?
K3J	NON-POLYMER	?
K3K	NON-POLYMER	?
K3L	non-polymer	?
K3M	NON-POLYMER	?
K3N	NON-POLYMER	?
K3O	non-polymer	?
K3P	NON-POLYMER	?
K3Q	NON-POLYMER	?
K3R	non-polymer	?
K3S	NON-POLYMER	?
K3T	NON-POLYMER	?
K3U	NON-POLYMER	?
K3V	NON-POLYMER	?
K3W	NON-POLYMER	?
K3X	non-polymer	?
K3Y	NON-POLYMER	?
K3Z	NON-POLYMER	?
K40	non-polymer	?
K41	NON-POLYMER	?
K42	NON-POLYMER	?
K43	non-polymer	?
K44	NON-POLYMER	?
K45	NON-POLYMER	?
K46	non-polymer	?
K47	NON-POLYMER	?
K48	NON-POLYMER	?
K49	non-polymer	?
K4A	NON-POLYMER	?
K4B	NON-POLYMER	?
K4C	non-polymer	?
K4D	NON-POLYMER	?
K4E	NON-POLYMER	?
K4F	NON-POLYMER	?
K4G	NON-POLYMER	?
K4H	NON-POLYMER	?
K4I	non-polymer	?
K4J	NON-POLYMER	?
K4K	NON-POLYMER	?
K4L	non-polymer	?
K4M	NON-POLYMER	?
K4N	NON-POLYMER	?
K4O	non-polymer	?
K4P	NON-POLYMER	?
K4Q	NON-POLYMER	?
K4R	non-polymer	?
K4S	NON-POLYMER	?
K4T	NON-POLYMER	?
K4U	non-polymer	?
K4V	NON-POLYMER	?
K4W	NON-POLYMER	?
K4X	non-polymer	?
K4Y	NON-POLYMER	?
K4Z	NON-POLYMER	?
K51	NON-POLYMER	?
K52	NON-POLYMER	?
K53	NON-POLYMER	?
K54	NON-POLYMER	?
K55	NON-POLYMER	?
K56	NON-POLYMER	?
K57	peptide-like	?
K58	NON-POLYMER	?
K5A	NON-POLYMER	?
K5B	D-saccharide	?
K5C	NON-POLYMER	?
K5D	NON-POLYMER	?
K5E	NON-POLYMER	?
K5F	non-polymer	?
K5G	NON-POLYMER	?
K5H	L-peptide linking	CYS
K5I	non-polymer	?
K5J	NON-POLYMER	?
K5K	NON-POLYMER	?
K5L	L-peptide linking	SER
K5M	NON-POLYMER	?
K5N	NON-POLYMER	?
K5O	non-polymer	?
K5P	NON-POLYMER	?
K5Q	non-polymer	?
K5R	non-polymer	?
K5S	NON-POLYMER	?
K5T	NON-POLYMER	?
K5U	non-polymer	?
K5V	NON-POLYMER	?
K5W	NON-POLYMER	?
K5X	non-polymer	?
K5Y	NON-POLYMER	?
K5Z	NON-POLYMER	?
K60	NON-POLYMER	?
K62	NON-POLYMER	?
K63	non-polymer	?
K64	NON-POLYMER	?
K65	NON-POLYMER	?
K66	NON-POLYMER	?
K67	NON-POLYMER	?
K68	NON-POLYMER	?
K69	non-polymer	?
K6B	NON-POLYMER	?
K6C	non-polymer	?
K6F	non-polymer	?
K6G	NON-POLYMER	?
K6H	non-polymer	?
K6I	non-polymer	?
K6K	non-polymer	?
K6L	non-polymer	?
K6M	NON-POLYMER	?
K6N	NON-POLYMER	?
K6O	non-polymer	?
K6P	NON-POLYMER	?
K6Q	NON-POLYMER	?
K6R	non-polymer	?
K6S	NON-POLYMER	?
K6T	NON-POLYMER	?
K6U	non-polymer	?
K6V	NON-POLYMER	?
K6W	NON-POLYMER	?
K6X	NON-POLYMER	?
K6Y	NON-POLYMER	?
K6Z	NON-POLYMER	?
K70	NON-POLYMER	?
K71	non-polymer	?
K72	NON-POLYMER	?
K73	non-polymer	?
K74	NON-POLYMER	?
K75	NON-POLYMER	?
K76	NON-POLYMER	?
K78	non-polymer	?
K79	non-polymer	?
K7A	NON-POLYMER	?
K7C	non-polymer	?
K7D	NON-POLYMER	?
K7E	NON-POLYMER	?
K7F	non-polymer	?
K7G	NON-POLYMER	?
K7H	NON-POLYMER	?
K7I	NON-POLYMER	?
K7J	NON-POLYMER	?
K7K	L-peptide linking	SER
K7L	non-polymer	?
K7M	NON-POLYMER	?
K7N	NON-POLYMER	?
K7O	non-polymer	?
K7P	non-polymer	?
K7Q	NON-POLYMER	?
K7R	non-polymer	?
K7S	NON-POLYMER	?
K7U	non-polymer	?
K7V	NON-POLYMER	?
K7X	non-polymer	?
K7Z	NON-POLYMER	?
K80	NON-POLYMER	?
K81	NON-POLYMER	?
K82	NON-POLYMER	?
K83	NON-POLYMER	?
K84	NON-POLYMER	?
K85	NON-POLYMER	?
K86	NON-POLYMER	?
K87	NON-POLYMER	?
K88	NON-POLYMER	?
K89	NON-POLYMER	?
K8A	NON-POLYMER	?
K8B	NON-POLYMER	?
K8C	non-polymer	?
K8D	NON-POLYMER	?
K8F	non-polymer	?
K8G	NON-POLYMER	?
K8H	NON-POLYMER	?
K8I	non-polymer	?
K8J	NON-POLYMER	?
K8K	NON-POLYMER	?
K8L	non-polymer	?
K8M	NON-POLYMER	?
K8N	NON-POLYMER	?
K8O	non-polymer	?
K8P	NON-POLYMER	?
K8Q	NON-POLYMER	?
K8R	non-polymer	?
K8S	NON-POLYMER	?
K8T	NON-POLYMER	?
K8U	non-polymer	?
K8V	NON-POLYMER	?
K8W	NON-POLYMER	?
K8X	NON-POLYMER	?
K8Y	NON-POLYMER	?
K90	non-polymer	?
K91	NON-POLYMER	?
K92	NON-POLYMER	?
K93	non-polymer	?
K94	NON-POLYMER	?
K95	peptide-like	?
K96	non-polymer	?
K97	NON-POLYMER	?
K99	D-saccharide	?
K9A	NON-POLYMER	?
K9B	NON-POLYMER	?
K9C	non-polymer	?
K9D	non-polymer	?
K9E	non-polymer	?
K9F	non-polymer	?
K9G	NON-POLYMER	?
K9H	NON-POLYMER	?
K9I	non-polymer	?
K9J	NON-POLYMER	?
K9K	NON-POLYMER	?
K9L	NON-POLYMER	?
K9M	NON-POLYMER	?
K9N	non-polymer	?
K9O	non-polymer	?
K9P	non-polymer	?
K9Q	NON-POLYMER	?
K9R	non-polymer	?
K9S	non-polymer	?
K9T	NON-POLYMER	?
K9U	non-polymer	?
K9V	NON-POLYMER	?
K9W	NON-POLYMER	?
K9X	non-polymer	?
K9Y	NON-POLYMER	?
K9Z	NON-POLYMER	?
KA0	non-polymer	?
KA2	NON-POLYMER	?
KA3	non-polymer	?
KA4	NON-POLYMER	?
KA5	NON-POLYMER	?
KA6	non-polymer	?
KA7	NON-POLYMER	?
KA8	NON-POLYMER	?
KA9	non-polymer	?
KAA	NON-POLYMER	?
KAB	NON-POLYMER	?
KAC	peptide-like	?
KAE	non-polymer	?
KAF	NON-POLYMER	?
KAG	RNA LINKING	G
KAH	NON-POLYMER	?
KAI	NON-POLYMER	?
KAK	RNA OH 3 prime terminus	G
KAL	NON-POLYMER	?
KAM	NON-POLYMER	?
KAN	NON-POLYMER	?
KAO	NON-POLYMER	?
KAP	NON-POLYMER	?
KAQ	NON-POLYMER	?
KAR	NON-POLYMER	?
KAS	NON-POLYMER	?
KAT	NON-POLYMER	?
KAU	non-polymer	?
KAV	NON-POLYMER	?
KAW	NON-POLYMER	?
KAX	non-polymer	?
KAY	NON-POLYMER	?
KAZ	NON-POLYMER	?
KB0	NON-POLYMER	?
KB1	NON-POLYMER	?
KB2	NON-POLYMER	?
KB3	non-polymer	?
KB4	NON-POLYMER	?
KB5	NON-POLYMER	?
KB6	non-polymer	?
KB7	NON-POLYMER	?
KB8	non-polymer	?
KB9	non-polymer	?
KBA	L-saccharide	FUC
KBB	NON-POLYMER	?
KBC	DNA linking	?
KBD	NON-POLYMER	?
KBE	L-peptide linking	LYS
KBF	NON-POLYMER	?
KBG	D-saccharide, beta linking	?
KBH	NON-POLYMER	?
KBI	NON-POLYMER	?
KBJ	NON-POLYMER	?
KBK	NON-POLYMER	?
KBL	non-polymer	?
KBM	NON-POLYMER	?
KBN	NON-POLYMER	?
KBO	non-polymer	?
KBP	NON-POLYMER	?
KBQ	NON-POLYMER	?
KBR	non-polymer	?
KBS	PEPTIDE LINKING	?
KBT	NON-POLYMER	?
KBU	non-polymer	?
KBV	PEPTIDE LINKING	?
KBW	NON-POLYMER	?
KBY	NON-POLYMER	?
KBZ	NON-POLYMER	?
KC0	non-polymer	?
KC1	NON-POLYMER	?
KC2	NON-POLYMER	?
KC3	non-polymer	?
KC4	NON-POLYMER	?
KC5	NON-POLYMER	?
KC6	NON-POLYMER	?
KC7	non-polymer	?
KC8	NON-POLYMER	?
KC9	non-polymer	?
KCA	NON-POLYMER	?
KCB	non-polymer	?
KCC	non-polymer	?
KCD	NON-POLYMER	?
KCE	NON-POLYMER	?
KCF	non-polymer	?
KCH	non-polymer	?
KCI	non-polymer	?
KCJ	L-peptide linking	?
KCL	non-polymer	?
KCM	NON-POLYMER	?
KCO	NON-POLYMER	?
KCP	NON-POLYMER	?
KCQ	NON-POLYMER	?
KCR	L-peptide linking	LYS
KCS	NON-POLYMER	?
KCT	NON-POLYMER	?
KCU	non-polymer	?
KCV	non-polymer	?
KCX	L-PEPTIDE LINKING	LYS
KCY	D-PEPTIDE LINKING	?
KCZ	NON-POLYMER	?
KD0	NON-POLYMER	?
KD3	non-polymer	?
KD4	non-polymer	?
KD5	D-saccharide	?
KD6	non-polymer	?
KD7	NON-POLYMER	?
KD8	NON-POLYMER	?
KD9	non-polymer	?
KDA	D-saccharide	KDO
KDB	D-saccharide, alpha linking	?
KDC	non-polymer	?
KDD	D-saccharide	?
KDE	D-saccharide	?
KDF	D-saccharide, alpha linking	?
KDG	NON-POLYMER	?
KDH	NON-POLYMER	?
KDI	non-polymer	?
KDJ	NON-POLYMER	?
KDK	NON-POLYMER	?
KDL	NON-POLYMER	?
KDM	D-saccharide, alpha linking	?
KDN	D-saccharide, beta linking	?
KDO	D-saccharide, alpha linking	?
KDP	non-polymer	?
KDQ	NON-POLYMER	?
KDR	D-saccharide	?
KDS	NON-POLYMER	?
KDT	non-polymer	?
KDU	non-polymer	?
KDV	NON-POLYMER	?
KDW	NON-POLYMER	?
KDX	non-polymer	?
KDY	NON-POLYMER	?
KDZ	NON-POLYMER	?
KE0	non-polymer	?
KE1	NON-POLYMER	?
KE2	NON-POLYMER	?
KE3	non-polymer	?
KE4	NON-POLYMER	?
KE5	NON-POLYMER	?
KE6	non-polymer	?
KE7	NON-POLYMER	?
KE8	NON-POLYMER	?
KE9	non-polymer	?
KEA	NON-POLYMER	?
KEB	NON-POLYMER	?
KEC	non-polymer	?
KED	NON-POLYMER	?
KEE	non-polymer	?
KEF	NON-POLYMER	?
KEG	NON-POLYMER	?
KEH	NON-POLYMER	?
KEI	non-polymer	?
KEJ	NON-POLYMER	?
KEK	non-polymer	?
KEL	NON-POLYMER	?
KEM	non-polymer	?
KEN	NON-POLYMER	?
KEO	L-peptide linking	LYS
KEP	NON-POLYMER	?
KEQ	NON-POLYMER	?
KER	non-polymer	?
KES	NON-POLYMER	?
KET	NON-POLYMER	?
KEU	NON-POLYMER	?
KEV	NON-POLYMER	?
KEW	NON-POLYMER	?
KEX	non-polymer	?
KEY	NON-POLYMER	?
KEZ	NON-POLYMER	?
KF0	non-polymer	?
KF1	NON-POLYMER	?
KF2	NON-POLYMER	?
KF3	non-polymer	?
KF4	NON-POLYMER	?
KF5	NON-POLYMER	?
KF6	non-polymer	?
KF7	NON-POLYMER	?
KF8	non-polymer	?
KF9	non-polymer	?
KFA	NON-POLYMER	?
KFB	NON-POLYMER	?
KFC	non-polymer	?
KFD	NON-POLYMER	?
KFE	NON-POLYMER	?
KFF	non-polymer	?
KFG	NON-POLYMER	?
KFH	NON-POLYMER	?
KFI	non-polymer	?
KFJ	NON-POLYMER	?
KFK	NON-POLYMER	?
KFL	non-polymer	?
KFM	non-polymer	?
KFN	D-saccharide	?
KFO	non-polymer	?
KFP	D-PEPTIDE LINKING	LYS
KFQ	NON-POLYMER	?
KFR	non-polymer	?
KFS	NON-POLYMER	?
KFT	NON-POLYMER	?
KFU	non-polymer	?
KFV	NON-POLYMER	?
KFW	NON-POLYMER	?
KFX	non-polymer	?
KFY	NON-POLYMER	?
KFZ	non-polymer	?
KG0	non-polymer	?
KG1	L-saccharide	FUC
KG2	non-polymer	?
KG3	non-polymer	?
KG4	non-polymer	?
KG5	NON-POLYMER	?
KG6	non-polymer	?
KG7	NON-POLYMER	?
KG8	NON-POLYMER	?
KG9	non-polymer	?
KGA	NON-POLYMER	?
KGB	NON-POLYMER	?
KGC	L-PEPTIDE LINKING	LYS
KGD	NON-POLYMER	?
KGE	NON-POLYMER	?
KGG	non-polymer	?
KGH	NON-POLYMER	?
KGI	non-polymer	?
KGJ	NON-POLYMER	?
KGK	NON-POLYMER	?
KGL	non-polymer	?
KGM	D-saccharide	MAN
KGN	NON-POLYMER	?
KGO	non-polymer	?
KGP	NON-POLYMER	?
KGQ	NON-POLYMER	?
KGR	NON-POLYMER	?
KGT	NON-POLYMER	?
KGU	NON-POLYMER	?
KGV	RNA linking	?
KGW	non-polymer	?
KGX	non-polymer	?
KGY	NON-POLYMER	?
KGZ	NON-POLYMER	?
KH0	non-polymer	?
KH1	NON-POLYMER	?
KH2	NON-POLYMER	?
KH3	NON-POLYMER	?
KH4	NON-POLYMER	?
KH5	NON-POLYMER	?
KH6	non-polymer	?
KH8	NON-POLYMER	?
KH9	non-polymer	?
KHA	NON-POLYMER	?
KHB	L-peptide linking	LYS
KHC	non-polymer	?
KHD	NON-POLYMER	?
KHE	NON-POLYMER	?
KHF	non-polymer	?
KHG	NON-POLYMER	?
KHH	NON-POLYMER	?
KHI	non-polymer	?
KHJ	NON-POLYMER	?
KHK	NON-POLYMER	?
KHL	non-polymer	?
KHM	NON-POLYMER	?
KHN	NON-POLYMER	?
KHP	L-saccharide	AHR
KHQ	NON-POLYMER	?
KHR	non-polymer	?
KHS	NON-POLYMER	?
KHT	NON-POLYMER	?
KHU	non-polymer	?
KHW	NON-POLYMER	?
KHX	non-polymer	?
KHY	NON-POLYMER	?
KHZ	NON-POLYMER	?
KI0	non-polymer	?
KI1	NON-POLYMER	?
KI2	NON-POLYMER	?
KI3	NON-POLYMER	?
KI4	non-polymer	?
KI5	NON-POLYMER	?
KI7	non-polymer	?
KI8	non-polymer	?
KI9	non-polymer	?
KIA	NON-POLYMER	?
KIB	NON-POLYMER	?
KIC	non-polymer	?
KID	non-polymer	?
KIE	non-polymer	?
KIF	NON-POLYMER	?
KIG	non-polymer	?
KIH	non-polymer	?
KII	non-polymer	?
KIJ	NON-POLYMER	?
KIK	NON-POLYMER	?
KIM	NON-POLYMER	?
KIN	NON-POLYMER	?
KIO	non-polymer	?
KIP	non-polymer	?
KIQ	NON-POLYMER	?
KIR	NON-POLYMER	?
KIS	non-polymer	?
KIT	non-polymer	?
KIU	NON-POLYMER	?
KIV	NON-POLYMER	?
KIW	NON-POLYMER	?
KIX	non-polymer	?
KIY	non-polymer	?
KIZ	non-polymer	?
KJ0	non-polymer	?
KJ1	NON-POLYMER	?
KJ2	NON-POLYMER	?
KJ3	non-polymer	?
KJ4	NON-POLYMER	?
KJ5	NON-POLYMER	?
KJ6	non-polymer	?
KJ7	NON-POLYMER	?
KJ8	NON-POLYMER	?
KJ9	non-polymer	?
KJB	NON-POLYMER	?
KJC	non-polymer	?
KJD	NON-POLYMER	?
KJE	NON-POLYMER	?
KJF	non-polymer	?
KJG	NON-POLYMER	?
KJH	NON-POLYMER	?
KJI	non-polymer	?
KJJ	NON-POLYMER	?
KJK	NON-POLYMER	?
KJL	non-polymer	?
KJM	NON-POLYMER	?
KJN	non-polymer	?
KJO	non-polymer	?
KJP	NON-POLYMER	?
KJQ	NON-POLYMER	?
KJR	NON-POLYMER	?
KJS	NON-POLYMER	?
KJT	NON-POLYMER	?
KJU	NON-POLYMER	?
KJV	NON-POLYMER	?
KJW	D-peptide linking	?
KJX	non-polymer	?
KJY	NON-POLYMER	?
KJZ	NON-POLYMER	?
KK0	non-polymer	?
KK1	NON-POLYMER	?
KK2	NON-POLYMER	?
KK3	NON-POLYMER	?
KK4	NON-POLYMER	?
KK5	NON-POLYMER	?
KK6	non-polymer	?
KK7	NON-POLYMER	?
KK8	NON-POLYMER	?
KK9	non-polymer	?
KKA	NON-POLYMER	?
KKB	NON-POLYMER	?
KKC	non-polymer	?
KKD	L-peptide linking	ASP
KKE	NON-POLYMER	?
KKF	non-polymer	?
KKG	NON-POLYMER	?
KKH	NON-POLYMER	?
KKI	non-polymer	?
KKJ	NON-POLYMER	?
KKK	NON-POLYMER	?
KKL	NON-POLYMER	?
KKM	NON-POLYMER	?
KKN	NON-POLYMER	?
KKO	non-polymer	?
KKP	NON-POLYMER	?
KKQ	NON-POLYMER	?
KKR	non-polymer	?
KKS	NON-POLYMER	?
KKT	non-polymer	?
KKU	non-polymer	?
KKV	NON-POLYMER	?
KKW	non-polymer	?
KKX	non-polymer	?
KKY	NON-POLYMER	?
KKZ	NON-POLYMER	?
KL0	non-polymer	?
KL1	NON-POLYMER	?
KL2	NON-POLYMER	?
KL3	non-polymer	?
KL4	NON-POLYMER	?
KL5	NON-POLYMER	?
KL6	non-polymer	?
KL7	NON-POLYMER	?
KL8	NON-POLYMER	?
KL9	non-polymer	?
KLA	NON-POLYMER	?
KLB	NON-POLYMER	?
KLC	non-polymer	?
KLD	NON-POLYMER	?
KLE	NON-POLYMER	?
KLF	L-peptide linking	PRO
KLG	NON-POLYMER	?
KLH	NON-POLYMER	?
KLI	NON-POLYMER	?
KLJ	NON-POLYMER	?
KLK	NON-POLYMER	?
KLM	NON-POLYMER	?
KLN	NON-POLYMER	?
KLO	non-polymer	?
KLP	NON-POLYMER	?
KLQ	NON-POLYMER	?
KLR	non-polymer	?
KLS	non-polymer	?
KLT	NON-POLYMER	?
KLU	non-polymer	?
KLV	NON-POLYMER	?
KLW	NON-POLYMER	?
KLX	non-polymer	?
KLY	NON-POLYMER	?
KLZ	NON-POLYMER	?
KM0	NON-POLYMER	?
KM1	NON-POLYMER	?
KM2	NON-POLYMER	?
KM3	non-polymer	?
KM5	NON-POLYMER	?
KM6	non-polymer	?
KM7	NON-POLYMER	?
KM8	NON-POLYMER	?
KMA	NON-POLYMER	?
KMB	NON-POLYMER	?
KMC	non-polymer	?
KMD	NON-POLYMER	?
KME	D-saccharide	KDO
KMF	non-polymer	?
KMG	NON-POLYMER	?
KMH	non-polymer	?
KMI	non-polymer	?
KMJ	NON-POLYMER	?
KMK	NON-POLYMER	?
KML	non-polymer	?
KMM	NON-POLYMER	?
KMN	non-polymer	?
KMP	NON-POLYMER	?
KMQ	NON-POLYMER	?
KMR	non-polymer	?
KMS	NON-POLYMER	?
KMT	NON-POLYMER	?
KMU	non-polymer	?
KMV	NON-POLYMER	?
KMW	NON-POLYMER	?
KMX	non-polymer	?
KMY	non-polymer	?
KN0	NON-POLYMER	?
KN1	NON-POLYMER	?
KN2	NON-POLYMER	?
KN3	NON-POLYMER	?
KN4	NON-POLYMER	?
KN6	NON-POLYMER	?
KN9	NON-POLYMER	?
KNA	NON-POLYMER	?
KNB	L-PEPTIDE LINKING	ALA
KNC	non-polymer	?
KND	NON-POLYMER	?
KNE	non-polymer	?
KNF	non-polymer	?
KNG	NON-POLYMER	?
KNH	NON-POLYMER	?
KNI	peptide-like	?
KNJ	peptide-like	?
KNL	non-polymer	?
KNM	NON-POLYMER	?
KNN	non-polymer	?
KNP	non-polymer	?
KNR	non-polymer	?
KNS	NON-POLYMER	?
KNT	NON-POLYMER	?
KNU	non-polymer	?
KNV	NON-POLYMER	?
KNW	NON-POLYMER	?
KNX	non-polymer	?
KNZ	NON-POLYMER	?
KO0	non-polymer	?
KO1	D-saccharide, alpha linking	?
KO2	D-saccharide, alpha linking	KDO
KO3	non-polymer	?
KO4	NON-POLYMER	?
KO5	NON-POLYMER	?
KO8	non-polymer	?
KO9	non-polymer	?
KOB	NON-POLYMER	?
KOC	non-polymer	?
KOE	NON-POLYMER	?
KOF	non-polymer	?
KOH	NON-POLYMER	?
KOI	non-polymer	?
KOJ	NON-POLYMER	?
KOK	NON-POLYMER	?
KOL	NON-POLYMER	?
KOM	NON-POLYMER	?
KON	NON-POLYMER	?
KOO	non-polymer	?
KOP	NON-POLYMER	?
KOQ	NON-POLYMER	?
KOR	L-PEPTIDE LINKING	MET
KOS	NON-POLYMER	?
KOT	D-saccharide	?
KOU	NON-POLYMER	?
KOV	NON-POLYMER	?
KOW	NON-POLYMER	?
KOX	non-polymer	?
KOY	NON-POLYMER	?
KOZ	NON-POLYMER	?
KP0	non-polymer	?
KP1	NON-POLYMER	?
KP2	NON-POLYMER	?
KP3	NON-POLYMER	?
KP5	NON-POLYMER	?
KP6	NON-POLYMER	?
KP8	NON-POLYMER	?
KP9	non-polymer	?
KPA	NON-POLYMER	?
KPB	NON-POLYMER	?
KPC	NON-POLYMER	?
KPF	L-PEPTIDE LINKING	LYS
KPG	NON-POLYMER	?
KPH	NON-POLYMER	?
KPI	L-peptide linking	LYS
KPJ	NON-POLYMER	?
KPK	NON-POLYMER	?
KPL	NON-POLYMER	?
KPM	NON-POLYMER	?
KPN	PEPTIDE-LIKE	?
KPO	non-polymer	?
KPQ	NON-POLYMER	?
KPR	NON-POLYMER	?
KPS	NON-POLYMER	?
KPT	NON-POLYMER	?
KPU	non-polymer	?
KPV	NON-POLYMER	?
KPW	NON-POLYMER	?
KPX	non-polymer	?
KPY	L-PEPTIDE LINKING	LYS
KQ0	non-polymer	?
KQ3	non-polymer	?
KQ6	non-polymer	?
KQ7	NON-POLYMER	?
KQ8	NON-POLYMER	?
KQ9	non-polymer	?
KQB	NON-POLYMER	?
KQC	D-saccharide, beta linking	?
KQD	NON-POLYMER	?
KQE	NON-POLYMER	?
KQF	non-polymer	?
KQI	non-polymer	?
KQK	NON-POLYMER	?
KQL	non-polymer	?
KQN	non-polymer	?
KQO	non-polymer	?
KQP	NON-POLYMER	?
KQQ	NON-POLYMER	?
KQR	non-polymer	?
KQS	non-polymer	?
KQT	NON-POLYMER	?
KQU	non-polymer	?
KQV	NON-POLYMER	?
KQW	NON-POLYMER	?
KQX	non-polymer	?
KQY	NON-POLYMER	?
KQZ	NON-POLYMER	?
KR	NON-POLYMER	?
KR0	NON-POLYMER	?
KR1	NON-POLYMER	?
KR2	NON-POLYMER	?
KR3	L-peptide linking	LYS
KR4	NON-POLYMER	?
KR5	NON-POLYMER	?
KR6	non-polymer	?
KR7	NON-POLYMER	?
KR8	NON-POLYMER	?
KR9	non-polymer	?
KRA	NON-POLYMER	?
KRB	NON-POLYMER	?
KRC	NON-POLYMER	?
KRD	NON-POLYMER	?
KRE	NON-POLYMER	?
KRF	non-polymer	?
KRG	NON-POLYMER	?
KRH	NON-POLYMER	?
KRI	NON-POLYMER	?
KRJ	NON-POLYMER	?
KRK	NON-POLYMER	?
KRL	NON-POLYMER	?
KRM	non-polymer	?
KRN	NON-POLYMER	?
KRO	NON-POLYMER	?
KRP	NON-POLYMER	?
KRQ	NON-POLYMER	?
KRS	NON-POLYMER	?
KRT	NON-POLYMER	?
KRU	non-polymer	?
KRV	NON-POLYMER	?
KRW	non-polymer	?
KRX	NON-POLYMER	?
KRY	NON-POLYMER	?
KRZ	NON-POLYMER	?
KS0	non-polymer	?
KS1	NON-POLYMER	?
KS2	NON-POLYMER	?
KS3	NON-POLYMER	?
KS4	NON-POLYMER	?
KS5	NON-POLYMER	?
KS6	non-polymer	?
KS7	NON-POLYMER	?
KS8	NON-POLYMER	?
KS9	non-polymer	?
KSA	NON-POLYMER	?
KSB	D-beta-peptide, C-gamma linking	?
KSC	NON-POLYMER	?
KSD	NON-POLYMER	?
KSE	NON-POLYMER	?
KSF	NON-POLYMER	?
KSG	NON-POLYMER	?
KSH	NON-POLYMER	?
KSI	non-polymer	?
KSJ	NON-POLYMER	?
KSK	NON-POLYMER	?
KSL	NON-POLYMER	?
KSM	NON-POLYMER	?
KSN	NON-POLYMER	?
KSP	NON-POLYMER	?
KSR	NON-POLYMER	?
KSS	NON-POLYMER	?
KST	L-PEPTIDE LINKING	LYS
KSU	non-polymer	?
KSV	NON-POLYMER	?
KSW	NON-POLYMER	?
KSX	non-polymer	?
KSY	NON-POLYMER	?
KSZ	NON-POLYMER	?
KT0	non-polymer	?
KT1	NON-POLYMER	?
KT2	NON-POLYMER	?
KT3	NON-POLYMER	?
KT4	NON-POLYMER	?
KT5	NON-POLYMER	?
KT6	non-polymer	?
KT7	NON-POLYMER	?
KT8	NON-POLYMER	?
KT9	non-polymer	?
KTA	NON-POLYMER	?
KTB	NON-POLYMER	?
KTC	NON-POLYMER	?
KTD	NON-POLYMER	?
KTE	NON-POLYMER	?
KTF	non-polymer	?
KTG	NON-POLYMER	?
KTH	NON-POLYMER	?
KTI	non-polymer	?
KTJ	NON-POLYMER	?
KTK	NON-POLYMER	?
KTL	NON-POLYMER	?
KTM	NON-POLYMER	?
KTN	NON-POLYMER	?
KTO	non-polymer	?
KTP	NON-POLYMER	?
KTQ	NON-POLYMER	?
KTR	NON-POLYMER	?
KTU	D-saccharide	?
KTV	NON-POLYMER	?
KTW	NON-POLYMER	?
KTY	NON-POLYMER	?
KTZ	non-polymer	?
KU0	NON-POLYMER	?
KU1	NON-POLYMER	?
KU2	NON-POLYMER	?
KU3	NON-POLYMER	?
KU4	NON-POLYMER	?
KU5	NON-POLYMER	?
KU6	non-polymer	?
KU7	NON-POLYMER	?
KU8	NON-POLYMER	?
KU9	NON-POLYMER	?
KUA	NON-POLYMER	?
KUB	NON-POLYMER	?
KUC	non-polymer	?
KUD	NON-POLYMER	?
KUE	NON-POLYMER	?
KUF	non-polymer	?
KUG	NON-POLYMER	?
KUH	NON-POLYMER	?
KUI	non-polymer	?
KUJ	NON-POLYMER	?
KUK	NON-POLYMER	?
KUL	non-polymer	?
KUM	NON-POLYMER	?
KUN	non-polymer	?
KUO	non-polymer	?
KUP	NON-POLYMER	?
KUQ	NON-POLYMER	?
KUR	non-polymer	?
KUS	non-polymer	?
KUT	NON-POLYMER	?
KUU	non-polymer	?
KUV	NON-POLYMER	?
KUW	NON-POLYMER	?
KUX	non-polymer	?
KUY	NON-POLYMER	?
KV0	non-polymer	?
KV1	NON-POLYMER	?
KV3	non-polymer	?
KV4	NON-POLYMER	?
KV5	NON-POLYMER	?
KV6	non-polymer	?
KV9	non-polymer	?
KVA	non-polymer	?
KVB	NON-POLYMER	?
KVC	NON-POLYMER	?
KVD	NON-POLYMER	?
KVE	NON-POLYMER	?
KVF	non-polymer	?
KVH	NON-POLYMER	?
KVI	peptide-like	?
KVJ	non-polymer	?
KVK	NON-POLYMER	?
KVM	NON-POLYMER	?
KVN	NON-POLYMER	?
KVO	non-polymer	?
KVP	NON-POLYMER	?
KVQ	NON-POLYMER	?
KVR	non-polymer	?
KVS	NON-POLYMER	?
KVT	NON-POLYMER	?
KVU	non-polymer	?
KVV	NON-POLYMER	?
KVW	NON-POLYMER	?
KVX	non-polymer	?
KVY	NON-POLYMER	?
KVZ	NON-POLYMER	?
KW0	non-polymer	?
KW1	NON-POLYMER	?
KW2	non-polymer	?
KW3	non-polymer	?
KW4	D-peptide linking	DLE
KW5	NON-POLYMER	?
KW6	non-polymer	ADN
KW7	NON-POLYMER	?
KW8	NON-POLYMER	?
KW9	non-polymer	?
KWA	NON-POLYMER	?
KWB	NON-POLYMER	?
KWC	non-polymer	?
KWD	NON-POLYMER	?
KWE	NON-POLYMER	?
KWF	non-polymer	?
KWG	NON-POLYMER	?
KWH	NON-POLYMER	?
KWI	non-polymer	?
KWJ	NON-POLYMER	?
KWK	NON-POLYMER	?
KWL	non-polymer	?
KWM	NON-POLYMER	?
KWN	NON-POLYMER	?
KWO	non-polymer	?
KWP	NON-POLYMER	?
KWQ	NON-POLYMER	?
KWR	non-polymer	?
KWS	L-peptide linking	THR, SER, GLY
KWT	NON-POLYMER	?
KWU	non-polymer	?
KWV	NON-POLYMER	?
KWW	NON-POLYMER	?
KWX	non-polymer	?
KWY	NON-POLYMER	?
KWZ	NON-POLYMER	?
KX0	non-polymer	?
KX1	NON-POLYMER	?
KX2	NON-POLYMER	?
KX3	non-polymer	?
KX5	NON-POLYMER	?
KX7	NON-POLYMER	?
KX8	NON-POLYMER	?
KX9	non-polymer	?
KXA	NON-POLYMER	?
KXB	NON-POLYMER	?
KXC	non-polymer	?
KXD	non-polymer	?
KXE	NON-POLYMER	?
KXF	non-polymer	?
KXG	NON-POLYMER	?
KXH	NON-POLYMER	?
KXJ	NON-POLYMER	?
KXK	NON-POLYMER	?
KXL	non-polymer	?
KXM	NON-POLYMER	?
KXN	NON-POLYMER	?
KXO	NON-POLYMER	?
KXP	NON-POLYMER	?
KXQ	NON-POLYMER	?
KXR	non-polymer	?
KXS	NON-POLYMER	?
KXT	NON-POLYMER	?
KXU	NON-POLYMER	?
KXV	L-peptide linking	?
KXW	NON-POLYMER	?
KXX	non-polymer	?
KXY	non-polymer	?
KXZ	NON-POLYMER	?
KY0	non-polymer	?
KY1	NON-POLYMER	?
KY2	NON-POLYMER	?
KY3	non-polymer	?
KY4	L-peptide linking	?
KY5	NON-POLYMER	?
KY6	non-polymer	?
KY7	L-peptide linking	?
KY8	NON-POLYMER	?
KY9	non-polymer	?
KYA	NON-POLYMER	?
KYB	NON-POLYMER	?
KYC	non-polymer	?
KYD	non-polymer	?
KYE	NON-POLYMER	?
KYF	non-polymer	?
KYG	NON-POLYMER	?
KYH	NON-POLYMER	?
KYI	non-polymer	?
KYJ	NON-POLYMER	?
KYK	NON-POLYMER	?
KYL	non-polymer	?
KYM	NON-POLYMER	?
KYN	L-PEPTIDE LINKING	TRP
KYO	non-polymer	?
KYP	NON-POLYMER	?
KYQ	L-peptide linking	LYS
KYR	non-polymer	?
KYS	NON-POLYMER	?
KYT	non-polymer	?
KYU	non-polymer	?
KYV	NON-POLYMER	?
KYW	NON-POLYMER	?
KYX	non-polymer	?
KYY	NON-POLYMER	?
KYZ	NON-POLYMER	?
KZ0	non-polymer	?
KZ1	L-peptide linking	CYS, TYR, GLY
KZ2	NON-POLYMER	?
KZ3	non-polymer	?
KZ4	L-peptide linking	CYS, TYR, GLY
KZ5	NON-POLYMER	?
KZ6	non-polymer	?
KZ7	L-peptide linking	CYS, TYR, GLY
KZ8	NON-POLYMER	?
KZ9	non-polymer	?
KZA	non-polymer	?
KZB	NON-POLYMER	?
KZC	non-polymer	?
KZD	non-polymer	?
KZE	NON-POLYMER	?
KZF	non-polymer	?
KZG	L-peptide linking	CYS, TYR, GLY
KZH	non-polymer	?
KZI	NON-POLYMER	?
KZJ	NON-POLYMER	?
KZK	NON-POLYMER	?
KZL	NON-POLYMER	?
KZM	NON-POLYMER	?
KZN	NON-POLYMER	?
KZO	non-polymer	?
KZP	NON-POLYMER	?
KZQ	NON-POLYMER	?
KZR	non-polymer	?
KZS	NON-POLYMER	?
KZT	NON-POLYMER	?
KZU	non-polymer	?
KZV	L-peptide linking	CYS, TYR, GLY
KZX	non-polymer	?
KZY	L-peptide linking	CYS, TYR, GLY
KZZ	NON-POLYMER	?
L00	NON-POLYMER	?
L01	NON-POLYMER	?
L02	NON-POLYMER	?
L03	NON-POLYMER	?
L04	NON-POLYMER	?
L05	NON-POLYMER	?
L06	NON-POLYMER	?
L07	NON-POLYMER	?
L08	NON-POLYMER	?
L09	NON-POLYMER	?
L0A	NON-POLYMER	?
L0B	non-polymer	?
L0C	NON-POLYMER	?
L0D	NON-POLYMER	?
L0E	NON-POLYMER	?
L0F	NON-POLYMER	?
L0G	NON-POLYMER	?
L0H	non-polymer	?
L0I	NON-POLYMER	?
L0J	NON-POLYMER	?
L0K	NON-POLYMER	?
L0M	NON-POLYMER	?
L0N	NON-POLYMER	?
L0O	non-polymer	?
L0P	NON-POLYMER	?
L0Q	NON-POLYMER	?
L0R	NON-POLYMER	?
L0S	NON-POLYMER	?
L0T	NON-POLYMER	?
L0W	NON-POLYMER	?
L0X	non-polymer	?
L0Y	non-polymer	?
L0Z	NON-POLYMER	?
L10	NON-POLYMER	?
L11	NON-POLYMER	?
L12	NON-POLYMER	?
L13	NON-POLYMER	?
L14	NON-POLYMER	?
L15	NON-POLYMER	?
L17	NON-POLYMER	?
L18	non-polymer	?
L19	NON-POLYMER	?
L1A	NON-POLYMER	?
L1B	NON-POLYMER	?
L1C	non-polymer	?
L1D	non-polymer	?
L1E	NON-POLYMER	?
L1F	non-polymer	?
L1G	NON-POLYMER	?
L1H	NON-POLYMER	?
L1J	non-polymer	G
L1K	NON-POLYMER	?
L1L	D-saccharide	PA1
L1M	NON-POLYMER	?
L1N	non-polymer	?
L1O	non-polymer	?
L1P	NON-POLYMER	?
L1Q	NON-POLYMER	?
L1R	non-polymer	?
L1S	NON-POLYMER	?
L1T	NON-POLYMER	?
L1U	non-polymer	?
L1V	NON-POLYMER	?
L1W	NON-POLYMER	?
L1X	NON-POLYMER	?
L1Y	NON-POLYMER	?
L1Z	NON-POLYMER	?
L20	NON-POLYMER	?
L21	non-polymer	?
L22	non-polymer	?
L23	non-polymer	?
L24	NON-POLYMER	?
L25	NON-POLYMER	?
L26	NON-POLYMER	?
L27	NON-POLYMER	?
L28	NON-POLYMER	?
L29	NON-POLYMER	?
L2A	L-PEPTIDE LINKING	?
L2B	NON-POLYMER	?
L2C	NON-POLYMER	?
L2D	NON-POLYMER	?
L2E	NON-POLYMER	?
L2F	non-polymer	?
L2G	NON-POLYMER	?
L2H	NON-POLYMER	?
L2I	non-polymer	?
L2J	non-polymer	?
L2K	NON-POLYMER	?
L2L	non-polymer	?
L2M	NON-POLYMER	?
L2N	NON-POLYMER	?
L2O	peptide-like	?
L2P	NON-POLYMER	?
L2Q	NON-POLYMER	?
L2R	non-polymer	?
L2S	NON-POLYMER	?
L2T	NON-POLYMER	?
L2U	non-polymer	?
L2V	non-polymer	?
L2W	NON-POLYMER	?
L2X	non-polymer	?
L2Y	NON-POLYMER	?
L2Z	NON-POLYMER	?
L30	non-polymer	?
L31	NON-POLYMER	?
L32	NON-POLYMER	?
L33	NON-POLYMER	?
L34	NON-POLYMER	?
L35	NON-POLYMER	?
L36	NON-POLYMER	?
L37	NON-POLYMER	?
L39	NON-POLYMER	?
L3A	PEPTIDE-LIKE	?
L3B	NON-POLYMER	?
L3C	non-polymer	?
L3D	NON-POLYMER	?
L3E	NON-POLYMER	?
L3F	non-polymer	?
L3G	NON-POLYMER	?
L3H	NON-POLYMER	?
L3I	non-polymer	?
L3J	NON-POLYMER	?
L3K	non-polymer	?
L3L	NON-POLYMER	?
L3M	NON-POLYMER	?
L3N	non-polymer	?
L3O	L-peptide linking	LEU
L3P	NON-POLYMER	?
L3Q	NON-POLYMER	?
L3R	non-polymer	?
L3S	NON-POLYMER	?
L3T	NON-POLYMER	?
L3U	NON-POLYMER	?
L3V	NON-POLYMER	?
L3W	NON-POLYMER	?
L3X	DNA OH 3 prime terminus	DA
L3Y	NON-POLYMER	?
L3Z	NON-POLYMER	?
L40	NON-POLYMER	?
L41	NON-POLYMER	?
L43	NON-POLYMER	?
L44	NON-POLYMER	?
L45	NON-POLYMER	?
L46	NON-POLYMER	?
L47	NON-POLYMER	?
L49	non-polymer	?
L4A	NON-POLYMER	?
L4B	NON-POLYMER	?
L4C	NON-POLYMER	?
L4D	NON-POLYMER	?
L4E	NON-POLYMER	?
L4F	non-polymer	?
L4G	NON-POLYMER	?
L4H	NON-POLYMER	?
L4I	non-polymer	?
L4J	NON-POLYMER	?
L4K	NON-POLYMER	?
L4L	non-polymer	?
L4M	NON-POLYMER	?
L4N	non-polymer	?
L4O	non-polymer	?
L4P	NON-POLYMER	?
L4Q	NON-POLYMER	?
L4R	L-peptide linking	?
L4S	NON-POLYMER	?
L4T	NON-POLYMER	?
L4U	non-polymer	?
L4V	non-polymer	?
L4W	NON-POLYMER	?
L4X	non-polymer	?
L4Y	NON-POLYMER	?
L4Z	NON-POLYMER	?
L50	NON-POLYMER	?
L51	NON-POLYMER	?
L52	NON-POLYMER	?
L53	NON-POLYMER	?
L54	NON-POLYMER	?
L55	NON-POLYMER	?
L56	NON-POLYMER	?
L57	NON-POLYMER	?
L58	NON-POLYMER	?
L59	NON-POLYMER	?
L5A	NON-POLYMER	?
L5B	NON-POLYMER	?
L5C	NON-POLYMER	?
L5D	NON-POLYMER	?
L5E	NON-POLYMER	?
L5F	non-polymer	?
L5G	NON-POLYMER	?
L5H	NON-POLYMER	?
L5I	non-polymer	?
L5J	NON-POLYMER	?
L5K	NON-POLYMER	?
L5L	non-polymer	?
L5N	NON-POLYMER	?
L5P	L-peptide linking	LYS
L5Q	NON-POLYMER	?
L5R	DNA linking	DT
L5S	non-polymer	?
L5T	NON-POLYMER	?
L5V	non-polymer	?
L5W	NON-POLYMER	?
L5X	non-polymer	?
L5Y	NON-POLYMER	?
L5Z	NON-POLYMER	?
L60	NON-POLYMER	?
L61	non-polymer	?
L62	non-polymer	?
L63	NON-POLYMER	?
L64	NON-POLYMER	?
L66	NON-POLYMER	?
L67	NON-POLYMER	?
L68	NON-POLYMER	?
L69	NON-POLYMER	?
L6A	non-polymer	?
L6B	NON-POLYMER	?
L6C	non-polymer	?
L6D	non-polymer	?
L6E	NON-POLYMER	?
L6F	non-polymer	?
L6G	NON-POLYMER	?
L6H	NON-POLYMER	?
L6I	NON-POLYMER	?
L6J	NON-POLYMER	?
L6K	NON-POLYMER	?
L6L	non-polymer	?
L6M	NON-POLYMER	?
L6N	D-saccharide	?
L6O	non-polymer	?
L6P	NON-POLYMER	?
L6R	non-polymer	?
L6S	L-saccharide, alpha linking	GXL
L6T	saccharide	?
L6U	non-polymer	?
L6V	NON-POLYMER	?
L6X	non-polymer	?
L6Y	NON-POLYMER	?
L70	non-polymer	?
L71	NON-POLYMER	?
L73	non-polymer	?
L74	NON-POLYMER	?
L75	NON-POLYMER	?
L76	NON-POLYMER	?
L77	NON-POLYMER	?
L79	NON-POLYMER	?
L7A	NON-POLYMER	?
L7C	non-polymer	?
L7D	NON-POLYMER	?
L7F	non-polymer	?
L7G	NON-POLYMER	?
L7H	NON-POLYMER	?
L7I	non-polymer	?
L7J	NON-POLYMER	?
L7K	NON-POLYMER	?
L7L	non-polymer	?
L7M	NON-POLYMER	?
L7N	NON-POLYMER	?
L7O	NON-POLYMER	?
L7P	NON-POLYMER	?
L7Q	non-polymer	?
L7R	non-polymer	?
L7S	NON-POLYMER	?
L7T	NON-POLYMER	?
L7U	non-polymer	?
L7V	non-polymer	?
L7W	non-polymer	?
L7X	non-polymer	?
L7Y	NON-POLYMER	?
L7Z	non-polymer	?
L80	non-polymer	?
L81	non-polymer	?
L82	non-polymer	?
L83	non-polymer	?
L84	NON-POLYMER	?
L85	NON-POLYMER	?
L86	NON-POLYMER	?
L87	NON-POLYMER	?
L88	NON-POLYMER	?
L89	NON-POLYMER	?
L8A	NON-POLYMER	?
L8B	non-polymer	?
L8C	non-polymer	?
L8D	NON-POLYMER	?
L8F	non-polymer	?
L8G	NON-POLYMER	?
L8H	NON-POLYMER	?
L8I	NON-POLYMER	?
L8J	NON-POLYMER	?
L8K	non-polymer	?
L8L	non-polymer	?
L8M	NON-POLYMER	?
L8N	NON-POLYMER	?
L8O	non-polymer	?
L8P	NON-POLYMER	?
L8Q	NON-POLYMER	?
L8R	non-polymer	?
L8S	NON-POLYMER	?
L8T	non-polymer	?
L8U	non-polymer	?
L8V	NON-POLYMER	?
L8W	NON-POLYMER	?
L8X	non-polymer	?
L8Y	NON-POLYMER	?
L8Z	non-polymer	?
L90	NON-POLYMER	?
L91	NON-POLYMER	?
L92	NON-POLYMER	?
L93	non-polymer	?
L94	NON-POLYMER	?
L95	NON-POLYMER	?
L96	NON-POLYMER	?
L97	NON-POLYMER	?
L98	NON-POLYMER	?
L99	NON-POLYMER	?
L9A	NON-POLYMER	?
L9B	NON-POLYMER	?
L9C	non-polymer	?
L9D	non-polymer	?
L9E	non-polymer	?
L9F	non-polymer	?
L9G	NON-POLYMER	?
L9H	non-polymer	?
L9I	non-polymer	?
L9J	NON-POLYMER	?
L9K	NON-POLYMER	?
L9L	NON-POLYMER	?
L9M	NON-POLYMER	?
L9N	NON-POLYMER	?
L9O	non-polymer	?
L9P	NON-POLYMER	?
L9Q	NON-POLYMER	?
L9R	NON-POLYMER	?
L9S	NON-POLYMER	?
L9T	NON-POLYMER	?
L9U	non-polymer	?
L9W	NON-POLYMER	?
L9X	NON-POLYMER	?
L9Y	NON-POLYMER	?
L9Z	NON-POLYMER	?
LA	NON-POLYMER	?
LA1	NON-POLYMER	?
LA2	L-peptide linking	LYS
LA3	NON-POLYMER	?
LA4	NON-POLYMER	?
LA5	NON-POLYMER	?
LA6	NON-POLYMER	?
LA7	non-polymer	?
LA8	NON-POLYMER	?
LA9	NON-POLYMER	?
LAA	L-peptide linking	ASP
LAB	NON-POLYMER	?
LAC	NON-POLYMER	?
LAD	NON-POLYMER	?
LAE	NON-POLYMER	?
LAF	NON-POLYMER	?
LAG	saccharide	?
LAH	L-saccharide, alpha linking	ARA
LAI	L-saccharide	?
LAJ	NON-POLYMER	?
LAK	saccharide	?
LAL	L-PEPTIDE LINKING	ALA
LAM	NON-POLYMER	?
LAN	NON-POLYMER	?
LAO	L-saccharide, alpha linking	ARA
LAP	NON-POLYMER	?
LAQ	NON-POLYMER	?
LAR	NON-POLYMER	?
LAS	NON-POLYMER	?
LAT	saccharide	?
LAU	NON-POLYMER	?
LAV	peptide-like	?
LAW	non-polymer	?
LAX	NON-POLYMER	?
LAY	L-PEPTIDE LINKING	LEU
LAZ	NON-POLYMER	?
LB0	non-polymer	?
LB1	NON-POLYMER	?
LB2	saccharide	?
LB3	non-polymer	?
LB4	NON-POLYMER	?
LB5	NON-POLYMER	?
LB6	non-polymer	?
LB7	NON-POLYMER	?
LB8	NON-POLYMER	?
LB9	non-polymer	N2P
LBA	NON-POLYMER	?
LBB	NON-POLYMER	?
LBC	non-polymer	?
LBD	NON-POLYMER	?
LBE	NON-POLYMER	?
LBF	NON-POLYMER	?
LBG	NON-POLYMER	?
LBH	NON-POLYMER	?
LBI	non-polymer	?
LBJ	non-polymer	?
LBK	NON-POLYMER	?
LBL	non-polymer	?
LBM	non-polymer	?
LBN	non-polymer	?
LBO	non-polymer	?
LBP	NON-POLYMER	?
LBQ	NON-POLYMER	?
LBR	NON-POLYMER	?
LBS	saccharide	?
LBT	saccharide	?
LBU	NON-POLYMER	?
LBV	NON-POLYMER	?
LBW	NON-POLYMER	?
LBX	non-polymer	?
LBY	L-PEPTIDE LINKING	LYS
LBZ	L-peptide linking	LYS
LC	RNA LINKING	C
LC0	NON-POLYMER	?
LC1	NON-POLYMER	?
LC2	NON-POLYMER	?
LC3	NON-POLYMER	?
LC4	NON-POLYMER	?
LC5	NON-POLYMER	?
LC6	NON-POLYMER	?
LC7	NON-POLYMER	?
LC8	NON-POLYMER	?
LC9	non-polymer	?
LCA	RNA LINKING	A
LCB	NON-POLYMER	?
LCC	RNA LINKING	?
LCD	NON-POLYMER	?
LCE	NON-POLYMER	?
LCF	NON-POLYMER	?
LCG	RNA LINKING	DG
LCH	DNA LINKING	?
LCI	NON-POLYMER	?
LCJ	NON-POLYMER	?
LCK	L-PEPTIDE LINKING	LYS
LCL	NON-POLYMER	?
LCM	NON-POLYMER	?
LCN	D-saccharide	?
LCO	NON-POLYMER	?
LCP	NON-POLYMER	?
LCQ	NON-POLYMER	?
LCR	NON-POLYMER	?
LCS	NON-POLYMER	?
LCT	NON-POLYMER	?
LCU	non-polymer	?
LCV	NON-POLYMER	?
LCW	NON-POLYMER	?
LCX	L-PEPTIDE LINKING	LYS
LCY	NON-POLYMER	?
LCZ	peptide-like	?
LD0	non-polymer	?
LD1	NON-POLYMER	?
LD2	NON-POLYMER	?
LD3	non-polymer	?
LD4	NON-POLYMER	?
LD5	NON-POLYMER	?
LD6	non-polymer	?
LD7	NON-POLYMER	?
LD8	NON-POLYMER	?
LD9	NON-POLYMER	?
LDA	NON-POLYMER	?
LDB	NON-POLYMER	?
LDC	NON-POLYMER	?
LDD	NON-POLYMER	?
LDE	PEPTIDE-LIKE	?
LDG	NON-POLYMER	DG
LDH	L-PEPTIDE LINKING	LYS
LDI	non-polymer	?
LDJ	NON-POLYMER	?
LDK	NON-POLYMER	?
LDL	non-polymer	?
LDM	NON-POLYMER	?
LDN	NON-POLYMER	?
LDO	NON-POLYMER	?
LDP	NON-POLYMER	?
LDQ	NON-POLYMER	?
LDR	NON-POLYMER	?
LDS	NON-POLYMER	?
LDT	NON-POLYMER	?
LDU	non-polymer	?
LDV	NON-POLYMER	?
LDW	NON-POLYMER	?
LDX	non-polymer	?
LDY	D-saccharide, alpha linking	?
LDZ	NON-POLYMER	?
LE0	non-polymer	?
LE1	L-PEPTIDE LINKING	VAL
LE2	NON-POLYMER	?
LE3	NON-POLYMER	?
LE4	NON-POLYMER	?
LE5	non-polymer	?
LE6	non-polymer	?
LE7	NON-POLYMER	?
LE8	non-polymer	?
LE9	non-polymer	?
LEA	NON-POLYMER	?
LEB	NON-POLYMER	?
LEC	D-saccharide	NAG
LED	L-PEPTIDE LINKING	LEU
LEE	peptide-like	?
LEF	L-PEPTIDE LINKING	LEU
LEG	NON-POLYMER	?
LEH	L-peptide linking	LEU
LEI	D-PEPTIDE LINKING	?
LEJ	NON-POLYMER	?
LEK	NON-POLYMER	?
LEL	non-polymer	?
LEM	L-peptide linking	LEU
LEN	L-peptide COOH carboxy terminus	LEU
LEO	NON-POLYMER	?
LEP	peptide-like	?
LEQ	NON-POLYMER	?
LER	L-saccharide	?
LES	NON-POLYMER	?
LET	L-PEPTIDE LINKING	LYS
LEU	L-PEPTIDE LINKING	?
LEV	NON-POLYMER	?
LEW	NON-POLYMER	?
LEX	peptide-like	LEU
LEY	NON-POLYMER	?
LEZ	NON-POLYMER	?
LF0	NON-POLYMER	?
LF1	non-polymer	?
LF2	NON-POLYMER	?
LF3	non-polymer	?
LF4	NON-POLYMER	?
LF5	NON-POLYMER	?
LF6	non-polymer	?
LF7	NON-POLYMER	?
LF8	NON-POLYMER	?
LF9	NON-POLYMER	?
LFA	NON-POLYMER	?
LFB	NON-POLYMER	?
LFC	L-saccharide	?
LFD	NON-POLYMER	?
LFE	NON-POLYMER	?
LFF	NON-POLYMER	?
LFG	NON-POLYMER	?
LFH	NON-POLYMER	?
LFI	non-polymer	?
LFJ	NON-POLYMER	?
LFK	NON-POLYMER	?
LFL	non-polymer	?
LFM	NON-POLYMER	?
LFN	NON-POLYMER	?
LFO	non-polymer	?
LFP	NON-POLYMER	?
LFQ	NON-POLYMER	?
LFR	L-saccharide, beta linking	?
LFS	non-polymer	?
LFT	NON-POLYMER	?
LFU	non-polymer	?
LFV	NON-POLYMER	?
LFW	NON-POLYMER	?
LFX	NON-POLYMER	?
LFY	NON-POLYMER	?
LFZ	NON-POLYMER	?
LG	RNA LINKING	G
LG0	NON-POLYMER	?
LG1	NON-POLYMER	?
LG2	NON-POLYMER	?
LG3	NON-POLYMER	?
LG4	NON-POLYMER	?
LG5	NON-POLYMER	?
LG6	NON-POLYMER	?
LG7	NON-POLYMER	?
LG8	NON-POLYMER	?
LG9	NON-POLYMER	?
LGA	non-polymer	?
LGB	NON-POLYMER	?
LGC	D-saccharide	?
LGD	NON-POLYMER	?
LGE	NON-POLYMER	?
LGF	NON-POLYMER	?
LGG	NON-POLYMER	?
LGH	NON-POLYMER	?
LGJ	NON-POLYMER	?
LGK	NON-POLYMER	?
LGL	NON-POLYMER	?
LGM	NON-POLYMER	?
LGN	NON-POLYMER	?
LGO	non-polymer	?
LGP	DNA LINKING	DG
LGQ	NON-POLYMER	?
LGR	non-polymer	?
LGS	non-polymer	?
LGT	NON-POLYMER	?
LGU	L-saccharide, alpha linking	?
LGV	NON-POLYMER	?
LGW	NON-POLYMER	?
LGX	NON-POLYMER	?
LGY	L-PEPTIDE LINKING	LYS
LGZ	NON-POLYMER	?
LH0	non-polymer	?
LH2	NON-POLYMER	?
LH3	non-polymer	?
LH4	non-polymer	?
LH5	NON-POLYMER	?
LH6	non-polymer	?
LH7	NON-POLYMER	?
LH8	NON-POLYMER	?
LH9	non-polymer	?
LHA	NON-POLYMER	?
LHB	NON-POLYMER	?
LHC	L-PEPTIDE LINKING	?
LHD	NON-POLYMER	?
LHE	peptide-like	?
LHF	NON-POLYMER	?
LHG	NON-POLYMER	?
LHH	RNA linking	C
LHI	NON-POLYMER	?
LHJ	NON-POLYMER	?
LHK	NON-POLYMER	?
LHL	NON-POLYMER	?
LHM	NON-POLYMER	?
LHO	DNA LINKING	?
LHP	NON-POLYMER	?
LHQ	NON-POLYMER	?
LHR	non-polymer	?
LHS	NON-POLYMER	?
LHT	NON-POLYMER	?
LHU	RNA LINKING	U
LHV	peptide-like	VAL
LHW	NON-POLYMER	?
LHX	non-polymer	?
LHY	NON-POLYMER	?
LHZ	NON-POLYMER	?
LI	NON-POLYMER	?
LI0	NON-POLYMER	?
LI1	NON-POLYMER	?
LI2	NON-POLYMER	?
LI3	NON-POLYMER	?
LI4	NON-POLYMER	?
LI5	NON-POLYMER	?
LI6	NON-POLYMER	?
LI7	NON-POLYMER	?
LI8	NON-POLYMER	?
LI9	NON-POLYMER	?
LIA	NON-POLYMER	?
LIB	NON-POLYMER	?
LIC	NON-POLYMER	?
LID	NON-POLYMER	?
LIE	NON-POLYMER	?
LIF	NON-POLYMER	?
LIG	NON-POLYMER	?
LIH	NON-POLYMER	?
LII	NON-POLYMER	?
LIJ	NON-POLYMER	?
LIK	NON-POLYMER	?
LIL	NON-POLYMER	?
LIM	NON-POLYMER	?
LIN	NON-POLYMER	?
LIO	NON-POLYMER	?
LIP	NON-POLYMER	?
LIQ	NON-POLYMER	?
LIR	NON-POLYMER	?
LIS	NON-POLYMER	?
LIT	NON-POLYMER	?
LIU	NON-POLYMER	?
LIV	NON-POLYMER	?
LIW	NON-POLYMER	?
LIX	NON-POLYMER	?
LIY	NON-POLYMER	?
LIZ	NON-POLYMER	?
LJ0	non-polymer	?
LJ1	NON-POLYMER	?
LJ2	NON-POLYMER	?
LJ3	NON-POLYMER	?
LJ4	NON-POLYMER	?
LJ5	NON-POLYMER	?
LJ6	non-polymer	?
LJ7	NON-POLYMER	?
LJ8	NON-POLYMER	?
LJ9	NON-POLYMER	?
LJA	NON-POLYMER	?
LJB	NON-POLYMER	?
LJC	non-polymer	?
LJD	NON-POLYMER	?
LJE	NON-POLYMER	?
LJF	NON-POLYMER	?
LJG	NON-POLYMER	?
LJH	NON-POLYMER	?
LJJ	NON-POLYMER	?
LJK	non-polymer	?
LJL	non-polymer	?
LJM	NON-POLYMER	?
LJN	NON-POLYMER	?
LJO	non-polymer	?
LJP	NON-POLYMER	?
LJQ	NON-POLYMER	?
LJR	non-polymer	?
LJS	NON-POLYMER	?
LJT	NON-POLYMER	?
LJU	non-polymer	?
LJV	NON-POLYMER	?
LJW	NON-POLYMER	?
LJX	non-polymer	?
LJY	NON-POLYMER	?
LJZ	NON-POLYMER	?
LK0	peptide-like	?
LK1	NON-POLYMER	?
LK2	NON-POLYMER	?
LK3	NON-POLYMER	?
LK4	NON-POLYMER	?
LK5	NON-POLYMER	?
LK6	non-polymer	?
LK7	NON-POLYMER	?
LK8	NON-POLYMER	?
LK9	non-polymer	?
LKA	D-saccharide	?
LKB	NON-POLYMER	?
LKC	RNA LINKING	?
LKD	NON-POLYMER	?
LKE	L-peptide linking	?
LKF	non-polymer	?
LKG	NON-POLYMER	?
LKH	NON-POLYMER	?
LKI	non-polymer	?
LKJ	NON-POLYMER	?
LKK	NON-POLYMER	?
LKL	non-polymer	?
LKM	non-polymer	?
LKO	non-polymer	?
LKP	NON-POLYMER	?
LKQ	NON-POLYMER	?
LKR	non-polymer	?
LKS	D-saccharide	?
LKT	NON-POLYMER	?
LKU	non-polymer	?
LKV	non-polymer	?
LKW	NON-POLYMER	?
LKX	non-polymer	?
LKY	NON-POLYMER	?
LKZ	NON-POLYMER	?
LL0	non-polymer	?
LL1	NON-POLYMER	?
LL2	NON-POLYMER	?
LL3	NON-POLYMER	?
LL4	NON-POLYMER	?
LL5	NON-POLYMER	?
LL6	non-polymer	?
LL7	NON-POLYMER	?
LL8	NON-POLYMER	?
LL9	NON-POLYMER	?
LLA	NON-POLYMER	?
LLB	NON-POLYMER	?
LLC	NON-POLYMER	?
LLD	NON-POLYMER	?
LLE	NON-POLYMER	?
LLF	NON-POLYMER	?
LLG	NON-POLYMER	?
LLH	NON-POLYMER	?
LLI	NON-POLYMER	?
LLJ	NON-POLYMER	?
LLK	NON-POLYMER	?
LLL	NON-POLYMER	?
LLM	NON-POLYMER	?
LLN	NON-POLYMER	?
LLO	L-peptide linking	LYS
LLP	L-PEPTIDE LINKING	LYS
LLQ	NON-POLYMER	?
LLR	non-polymer	?
LLS	NON-POLYMER	?
LLT	NON-POLYMER	?
LLU	non-polymer	?
LLV	non-polymer	?
LLX	NON-POLYMER	?
LLY	L-PEPTIDE LINKING	LYS
LLZ	L-peptide linking	LYS
LM0	non-polymer	?
LM2	saccharide	?
LM3	NON-POLYMER	?
LM4	NON-POLYMER	?
LM5	NON-POLYMER	?
LM6	non-polymer	?
LM7	NON-POLYMER	?
LM8	NON-POLYMER	?
LM9	non-polymer	?
LMA	NON-POLYMER	?
LMB	NON-POLYMER	?
LMC	NON-POLYMER	?
LMD	NON-POLYMER	?
LME	L-PEPTIDE LINKING	GLU
LMF	L-PEPTIDE LINKING	LYS
LMG	NON-POLYMER	?
LMH	NON-POLYMER	?
LMI	non-polymer	?
LMJ	NON-POLYMER	?
LMK	NON-POLYMER	?
LML	NON-POLYMER	?
LMM	non-polymer	?
LMN	NON-POLYMER	?
LMO	saccharide	?
LMP	NON-POLYMER	?
LMQ	L-peptide linking	GLN
LMR	NON-POLYMER	?
LMS	RNA LINKING	?
LMT	D-SACCHARIDE	?
LMU	D-SACCHARIDE	?
LMV	NON-POLYMER	?
LMW	non-polymer	?
LMY	NON-POLYMER	?
LMZ	NON-POLYMER	?
LN0	NON-POLYMER	?
LN1	NON-POLYMER	?
LN2	non-polymer	?
LN3	non-polymer	?
LN4	NON-POLYMER	?
LN5	NON-POLYMER	?
LN6	NON-POLYMER	?
LN7	NON-POLYMER	?
LN8	NON-POLYMER	?
LN9	non-polymer	?
LNA	NON-POLYMER	?
LNB	NON-POLYMER	?
LNC	NON-POLYMER	?
LND	NON-POLYMER	?
LNE	L-PEPTIDE LINKING	LEU
LNF	non-polymer	?
LNG	NON-POLYMER	?
LNH	NON-POLYMER	?
LNI	non-polymer	?
LNJ	NON-POLYMER	?
LNK	NON-POLYMER	?
LNL	NON-POLYMER	?
LNM	L-PEPTIDE LINKING	LEU
LNN	NON-POLYMER	?
LNO	NON-POLYMER	?
LNP	NON-POLYMER	?
LNQ	NON-POLYMER	?
LNR	NON-POLYMER	?
LNS	non-polymer	?
LNT	PEPTIDE-LIKE	?
LNU	non-polymer	?
LNV	D-saccharide	?
LNW	NON-POLYMER	?
LNX	NON-POLYMER	?
LNY	NON-POLYMER	?
LNZ	NON-POLYMER	?
LO0	non-polymer	?
LO1	NON-POLYMER	?
LO2	NON-POLYMER	?
LO3	NON-POLYMER	?
LO4	NON-POLYMER	?
LO5	NON-POLYMER	?
LO6	non-polymer	?
LO7	NON-POLYMER	?
LO8	NON-POLYMER	?
LO9	non-polymer	?
LOA	NON-POLYMER	?
LOB	NON-POLYMER	?
LOC	NON-POLYMER	?
LOD	NON-POLYMER	?
LOE	NON-POLYMER	?
LOF	NON-POLYMER	?
LOG	D-saccharide	?
LOH	L-peptide linking	LYS
LOI	NON-POLYMER	?
LOJ	NON-POLYMER	?
LOK	NON-POLYMER	?
LOL	peptide-like	?
LOM	NON-POLYMER	?
LON	NON-POLYMER	?
LOO	non-polymer	?
LOP	NON-POLYMER	?
LOQ	NON-POLYMER	?
LOR	NON-POLYMER	?
LOS	NON-POLYMER	?
LOT	NON-POLYMER	?
LOU	L-PEPTIDE LINKING	?
LOV	peptide-like	?
LOW	NON-POLYMER	?
LOX	D-saccharide	?
LOY	NON-POLYMER	?
LOZ	non-polymer	?
LP0	NON-POLYMER	?
LP1	NON-POLYMER	?
LP2	NON-POLYMER	?
LP3	NON-POLYMER	?
LP4	NON-POLYMER	?
LP5	NON-POLYMER	?
LP6	L-PEPTIDE LINKING	LYS
LP7	NON-POLYMER	?
LP8	NON-POLYMER	?
LP9	NON-POLYMER	?
LPA	NON-POLYMER	?
LPB	NON-POLYMER	?
LPC	NON-POLYMER	?
LPD	L-PEPTIDE LINKING	PRO
LPE	NON-POLYMER	?
LPF	NON-POLYMER	?
LPG	L-PEPTIDE LINKING	GLY
LPH	L-peptide linking	?
LPI	NON-POLYMER	?
LPJ	NON-POLYMER	?
LPK	L-SACCHARIDE	?
LPL	L-PEPTIDE LINKING	?
LPM	NON-POLYMER	?
LPN	NON-POLYMER	?
LPO	NON-POLYMER	?
LPP	NON-POLYMER	?
LPQ	NON-POLYMER	?
LPR	NON-POLYMER	?
LPS	L-PEPTIDE LINKING	SER
LPT	NON-POLYMER	?
LPU	non-polymer	?
LPV	non-polymer	?
LPW	NON-POLYMER	?
LPX	NON-POLYMER	?
LPY	NON-POLYMER	?
LPZ	NON-POLYMER	?
LQ0	non-polymer	?
LQ1	NON-POLYMER	?
LQ2	NON-POLYMER	?
LQ3	non-polymer	?
LQ4	NON-POLYMER	?
LQ5	non-polymer	?
LQ6	non-polymer	?
LQ7	NON-POLYMER	?
LQ8	NON-POLYMER	?
LQ9	non-polymer	?
LQA	NON-POLYMER	?
LQB	NON-POLYMER	?
LQD	NON-POLYMER	?
LQE	NON-POLYMER	?
LQF	NON-POLYMER	?
LQG	NON-POLYMER	?
LQH	NON-POLYMER	?
LQI	non-polymer	?
LQJ	NON-POLYMER	?
LQK	NON-POLYMER	?
LQL	non-polymer	?
LQN	NON-POLYMER	?
LQO	non-polymer	?
LQP	non-polymer	?
LQQ	NON-POLYMER	?
LQT	NON-POLYMER	?
LQU	non-polymer	?
LQV	non-polymer	?
LQW	NON-POLYMER	?
LQX	non-polymer	?
LQY	NON-POLYMER	?
LQZ	NON-POLYMER	?
LR0	non-polymer	?
LR1	non-polymer	?
LR2	NON-POLYMER	?
LR4	non-polymer	?
LR5	NON-POLYMER	?
LR6	DNA linking	?
LR7	NON-POLYMER	?
LR8	NON-POLYMER	?
LR9	non-polymer	?
LRA	non-polymer	?
LRB	NON-POLYMER	?
LRC	non-polymer	?
LRD	NON-POLYMER	?
LRF	non-polymer	?
LRG	NON-POLYMER	?
LRH	L-saccharide, beta linking	?
LRI	NON-POLYMER	?
LRK	L-peptide linking	LYS
LRL	non-polymer	?
LRM	NON-POLYMER	?
LRN	non-polymer	?
LRO	NON-POLYMER	?
LRP	NON-POLYMER	?
LRQ	NON-POLYMER	?
LRR	non-polymer	?
LRS	NON-POLYMER	?
LRT	NON-POLYMER	?
LRU	NON-POLYMER	?
LRV	NON-POLYMER	?
LRW	NON-POLYMER	?
LRX	non-polymer	?
LRY	NON-POLYMER	?
LRZ	NON-POLYMER	?
LS0	non-polymer	?
LS1	NON-POLYMER	?
LS2	NON-POLYMER	?
LS3	NON-POLYMER	?
LS4	NON-POLYMER	?
LS5	NON-POLYMER	?
LS6	non-polymer	?
LS7	NON-POLYMER	?
LS8	NON-POLYMER	?
LS9	non-polymer	?
LSA	NON-POLYMER	?
LSB	NON-POLYMER	?
LSC	NON-POLYMER	?
LSD	NON-POLYMER	?
LSE	NON-POLYMER	?
LSF	non-polymer	?
LSG	NON-POLYMER	?
LSH	DNA LINKING	DT
LSI	NON-POLYMER	?
LSJ	NON-POLYMER	?
LSK	NON-POLYMER	?
LSL	non-polymer	?
LSM	D-SACCHARIDE	?
LSN	NON-POLYMER	?
LSO	L-PEPTIDE LINKING	LYS
LSP	NON-POLYMER	?
LSQ	NON-POLYMER	?
LSR	NON-POLYMER	?
LSS	NON-POLYMER	?
LST	DNA linking	DT
LSU	NON-POLYMER	?
LSV	NON-POLYMER	?
LSW	NON-POLYMER	?
LSX	NON-POLYMER	?
LSY	NON-POLYMER	?
LSZ	NON-POLYMER	?
LT0	peptide linking	TRP, SER
LT1	NON-POLYMER	?
LT2	NON-POLYMER	?
LT3	NON-POLYMER	?
LT4	NON-POLYMER	?
LT5	NON-POLYMER	?
LT6	NON-POLYMER	?
LT7	NON-POLYMER	?
LT8	NON-POLYMER	?
LT9	non-polymer	?
LTA	L-PEPTIDE LINKING	?
LTB	NON-POLYMER	?
LTC	NON-POLYMER	?
LTD	NON-POLYMER	?
LTE	NON-POLYMER	?
LTF	NON-POLYMER	?
LTG	L-saccharide	?
LTH	NON-POLYMER	?
LTI	non-polymer	?
LTJ	NON-POLYMER	?
LTK	NON-POLYMER	?
LTL	NON-POLYMER	?
LTM	SACCHARIDE	?
LTN	NON-POLYMER	?
LTO	non-polymer	?
LTP	DNA LINKING	?
LTQ	NON-POLYMER	?
LTR	L-PEPTIDE LINKING	TRP
LTS	NON-POLYMER	?
LTT	NON-POLYMER	?
LTU	L-peptide linking	TRP
LTV	NON-POLYMER	?
LTW	NON-POLYMER	?
LTX	NON-POLYMER	?
LTY	NON-POLYMER	?
LTZ	NON-POLYMER	?
LU	NON-POLYMER	?
LU0	NON-POLYMER	?
LU1	NON-POLYMER	?
LU2	NON-POLYMER	?
LU3	non-polymer	?
LU5	NON-POLYMER	?
LU7	NON-POLYMER	?
LU8	NON-POLYMER	?
LU9	non-polymer	?
LUB	NON-POLYMER	?
LUC	non-polymer	?
LUD	NON-POLYMER	?
LUE	NON-POLYMER	?
LUF	NON-POLYMER	?
LUG	NON-POLYMER	?
LUH	NON-POLYMER	?
LUI	NON-POLYMER	?
LUJ	NON-POLYMER	?
LUK	NON-POLYMER	?
LUM	NON-POLYMER	?
LUN	NON-POLYMER	?
LUO	NON-POLYMER	?
LUP	NON-POLYMER	?
LUQ	NON-POLYMER	?
LUR	NON-POLYMER	?
LUS	NON-POLYMER	?
LUT	NON-POLYMER	?
LUU	non-polymer	?
LUV	non-polymer	?
LUW	NON-POLYMER	?
LUX	NON-POLYMER	?
LUY	NON-POLYMER	?
LUZ	NON-POLYMER	?
LV0	peptide-like	?
LV1	NON-POLYMER	?
LV2	RNA linking	C
LV4	NON-POLYMER	?
LV5	NON-POLYMER	?
LV7	NON-POLYMER	?
LV8	L-peptide linking	?
LV9	non-polymer	?
LVA	NON-POLYMER	?
LVB	NON-POLYMER	?
LVC	non-polymer	?
LVD	NON-POLYMER	?
LVE	NON-POLYMER	?
LVF	non-polymer	?
LVG	L-PEPTIDE LINKING	GLY
LVH	NON-POLYMER	?
LVJ	non-polymer	?
LVK	non-polymer	?
LVL	non-polymer	?
LVM	non-polymer	?
LVN	L-peptide linking	VAL
LVO	D-saccharide	?
LVP	NON-POLYMER	?
LVQ	NON-POLYMER	?
LVR	non-polymer	?
LVS	NON-POLYMER	?
LVT	NON-POLYMER	?
LVU	non-polymer	?
LVV	NON-POLYMER	?
LVW	NON-POLYMER	?
LVX	peptide-like	?
LVY	non-polymer	?
LVZ	D-saccharide	?
LW0	non-polymer	?
LW1	NON-POLYMER	?
LW2	NON-POLYMER	?
LW3	non-polymer	?
LW4	NON-POLYMER	?
LW5	NON-POLYMER	?
LW6	non-polymer	?
LW7	NON-POLYMER	?
LW8	NON-POLYMER	?
LW9	NON-POLYMER	?
LWA	NON-POLYMER	?
LWB	NON-POLYMER	?
LWD	NON-POLYMER	?
LWE	non-polymer	?
LWF	non-polymer	?
LWG	NON-POLYMER	?
LWH	non-polymer	?
LWI	L-peptide linking	PHE
LWJ	NON-POLYMER	?
LWK	non-polymer	?
LWL	non-polymer	?
LWM	DNA linking	?
LWN	NON-POLYMER	?
LWO	non-polymer	?
LWQ	NON-POLYMER	?
LWR	non-polymer	?
LWS	NON-POLYMER	?
LWT	NON-POLYMER	?
LWU	non-polymer	?
LWV	NON-POLYMER	?
LWW	NON-POLYMER	?
LWX	non-polymer	?
LWY	L-peptide NH3 amino terminus	PRO
LWZ	NON-POLYMER	?
LX0	NON-POLYMER	?
LX1	NON-POLYMER	?
LX2	NON-POLYMER	?
LX3	NON-POLYMER	?
LX4	NON-POLYMER	?
LX5	NON-POLYMER	?
LX6	non-polymer	?
LX7	NON-POLYMER	?
LX8	NON-POLYMER	?
LX9	NON-POLYMER	?
LXA	NON-POLYMER	?
LXB	D-saccharide, beta linking	?
LXC	L-saccharide, beta linking	?
LXD	non-polymer	?
LXE	non-polymer	?
LXF	non-polymer	?
LXG	NON-POLYMER	?
LXH	non-polymer	?
LXI	non-polymer	?
LXJ	NON-POLYMER	?
LXK	non-polymer	?
LXL	NON-POLYMER	?
LXM	NON-POLYMER	?
LXN	non-polymer	?
LXO	non-polymer	?
LXP	NON-POLYMER	?
LXQ	non-polymer	?
LXR	non-polymer	?
LXS	NON-POLYMER	?
LXT	NON-POLYMER	?
LXU	non-polymer	?
LXV	NON-POLYMER	?
LXW	non-polymer	?
LXX	NON-POLYMER	?
LXY	non-polymer	?
LXZ	D-saccharide, alpha linking	?
LY0	NON-POLYMER	?
LY1	NON-POLYMER	?
LY2	NON-POLYMER	?
LY3	NON-POLYMER	?
LY4	NON-POLYMER	?
LY5	NON-POLYMER	?
LY7	NON-POLYMER	?
LY8	non-polymer	?
LY9	NON-POLYMER	?
LYA	NON-POLYMER	?
LYB	NON-POLYMER	?
LYC	NON-POLYMER	?
LYD	NON-POLYMER	?
LYE	non-polymer	?
LYF	L-PEPTIDE LINKING	LYS
LYG	NON-POLYMER	?
LYH	L-PEPTIDE LINKING	?
LYI	non-polymer	?
LYJ	NON-POLYMER	?
LYK	peptide-like	LYS
LYL	NON-POLYMER	?
LYM	L-PEPTIDE LINKING	LYS
LYN	L-PEPTIDE LINKING	LYS
LYO	L-PEPTIDE LINKING	LYS
LYP	NON-POLYMER	LYS
LYQ	non-polymer	?
LYR	L-PEPTIDE LINKING	LYS
LYS	L-PEPTIDE LINKING	?
LYT	NON-POLYMER	?
LYU	L-PEPTIDE LINKING	LYS
LYV	L-PEPTIDE LINKING	?
LYW	NON-POLYMER	?
LYX	L-PEPTIDE LINKING	LYS
LYY	NON-POLYMER	?
LYZ	L-PEPTIDE LINKING	LYS
LZ0	L-saccharide	FUC
LZ1	non-polymer	?
LZ2	non-polymer	?
LZ3	non-polymer	?
LZ4	non-polymer	?
LZ5	non-polymer	?
LZ6	NON-POLYMER	?
LZ7	non-polymer	?
LZ8	non-polymer	?
LZ9	non-polymer	?
LZA	non-polymer	?
LZB	non-polymer	?
LZC	non-polymer	?
LZD	non-polymer	?
LZE	non-polymer	?
LZF	non-polymer	?
LZG	non-polymer	?
LZH	non-polymer	?
LZI	non-polymer	?
LZJ	non-polymer	?
LZK	non-polymer	?
LZL	non-polymer	?
LZM	non-polymer	?
LZN	non-polymer	?
LZO	non-polymer	?
LZP	NON-POLYMER	?
LZQ	NON-POLYMER	?
LZR	non-polymer	?
LZS	non-polymer	?
LZT	NON-POLYMER	?
LZU	NON-POLYMER	?
LZV	NON-POLYMER	?
LZW	non-polymer	?
LZX	non-polymer	?
LZY	NON-POLYMER	?
LZZ	NON-POLYMER	?
M00	NON-POLYMER	?
M01	non-polymer	?
M02	non-polymer	?
M03	non-polymer	?
M04	non-polymer	?
M05	non-polymer	?
M06	NON-POLYMER	?
M07	NON-POLYMER	?
M08	NON-POLYMER	?
M09	NON-POLYMER	?
M0A	NON-POLYMER	?
M0B	non-polymer	?
M0C	non-polymer	?
M0D	NON-POLYMER	?
M0E	NON-POLYMER	?
M0F	non-polymer	?
M0G	non-polymer	?
M0H	L-PEPTIDE LINKING	CYS
M0I	non-polymer	?
M0J	NON-POLYMER	?
M0K	non-polymer	?
M0L	non-polymer	?
M0M	NON-POLYMER	?
M0N	NON-POLYMER	?
M0O	non-polymer	?
M0P	NON-POLYMER	?
M0Q	non-polymer	?
M0R	non-polymer	?
M0S	NON-POLYMER	?
M0T	NON-POLYMER	?
M0U	non-polymer	?
M0V	NON-POLYMER	?
M0W	non-polymer	?
M0X	non-polymer	?
M0Y	NON-POLYMER	?
M0Z	NON-POLYMER	?
M10	NON-POLYMER	?
M11	non-polymer	?
M12	non-polymer	?
M14	NON-POLYMER	?
M15	NON-POLYMER	?
M16	NON-POLYMER	?
M17	non-polymer	?
M18	NON-POLYMER	?
M19	non-polymer	?
M1A	NON-POLYMER	?
M1B	NON-POLYMER	?
M1C	NON-POLYMER	?
M1D	NON-POLYMER	?
M1E	non-polymer	?
M1F	saccharide	?
M1G	DNA LINKING	DG
M1H	non-polymer	?
M1I	non-polymer	?
M1J	NON-POLYMER	?
M1K	non-polymer	?
M1L	NON-POLYMER	?
M1M	NON-POLYMER	?
M1N	NON-POLYMER	?
M1O	non-polymer	?
M1P	D-saccharide	MAN
M1Q	non-polymer	?
M1R	non-polymer	?
M1S	NON-POLYMER	?
M1T	NON-POLYMER	?
M1U	non-polymer	?
M1V	NON-POLYMER	?
M1W	non-polymer	?
M1X	non-polymer	?
M1Y	RNA linking	?
M1Z	non-polymer	?
M21	non-polymer	?
M22	NON-POLYMER	?
M23	NON-POLYMER	?
M24	NON-POLYMER	?
M25	NON-POLYMER	?
M26	non-polymer	?
M27	non-polymer	?
M28	NON-POLYMER	?
M29	NON-POLYMER	?
M2A	NON-POLYMER	?
M2B	non-polymer	?
M2C	NON-POLYMER	?
M2D	NON-POLYMER	?
M2E	non-polymer	?
M2F	D-saccharide	?
M2G	RNA LINKING	G
M2H	non-polymer	?
M2I	non-polymer	?
M2K	non-polymer	?
M2L	L-PEPTIDE LINKING	LYS
M2M	NON-POLYMER	?
M2N	non-polymer	?
M2O	non-polymer	?
M2P	NON-POLYMER	?
M2Q	non-polymer	?
M2R	non-polymer	?
M2S	L-peptide linking	MET
M2T	NON-POLYMER	?
M2U	non-polymer	?
M2V	NON-POLYMER	?
M2W	non-polymer	?
M2X	non-polymer	?
M2Y	NON-POLYMER	?
M2Z	non-polymer	?
M30	PEPTIDE LINKING	GLY
M31	peptide-like	?
M32	peptide-like	?
M33	NON-POLYMER	?
M34	NON-POLYMER	?
M35	NON-POLYMER	?
M36	NON-POLYMER	?
M37	NON-POLYMER	?
M38	NON-POLYMER	?
M39	NON-POLYMER	?
M3A	NON-POLYMER	?
M3B	non-polymer	?
M3C	NON-POLYMER	?
M3D	NON-POLYMER	?
M3E	non-polymer	?
M3F	NON-POLYMER	?
M3G	non-polymer	?
M3H	non-polymer	?
M3I	NON-POLYMER	?
M3J	NON-POLYMER	?
M3K	non-polymer	?
M3L	L-PEPTIDE LINKING	LYS
M3M	saccharide	?
M3N	D-saccharide	?
M3O	RNA linking	?
M3P	NON-POLYMER	?
M3Q	NON-POLYMER	?
M3R	L-peptide NH3 amino terminus	LYS
M3S	NON-POLYMER	?
M3T	NON-POLYMER	?
M3U	non-polymer	?
M3V	L-peptide linking	THR, TYR, GLY
M3W	non-polymer	?
M3X	RNA linking	C
M3Y	NON-POLYMER	?
M3Z	non-polymer	?
M40	NON-POLYMER	?
M41	peptide-like	?
M42	NON-POLYMER	?
M43	NON-POLYMER	?
M44	NON-POLYMER	?
M45	non-polymer	?
M46	non-polymer	?
M48	non-polymer	?
M49	NON-POLYMER	?
M4A	NON-POLYMER	?
M4B	non-polymer	?
M4C	RNA linking	C
M4D	NON-POLYMER	?
M4E	non-polymer	?
M4F	non-polymer	?
M4G	NON-POLYMER	?
M4H	non-polymer	?
M4I	non-polymer	?
M4J	NON-POLYMER	?
M4K	non-polymer	?
M4L	non-polymer	?
M4M	NON-POLYMER	?
M4N	non-polymer	?
M4O	NON-POLYMER	?
M4P	NON-POLYMER	?
M4Q	non-polymer	?
M4R	NON-POLYMER	?
M4S	NON-POLYMER	?
M4T	non-polymer	?
M4U	non-polymer	?
M4V	NON-POLYMER	?
M4X	non-polymer	?
M4Y	NON-POLYMER	?
M4Z	non-polymer	?
M50	non-polymer	?
M51	NON-POLYMER	?
M52	NON-POLYMER	?
M53	non-polymer	?
M54	NON-POLYMER	?
M55	D-saccharide, alpha linking	GCU
M56	non-polymer	?
M57	NON-POLYMER	?
M58	non-polymer	?
M59	NON-POLYMER	?
M5A	NON-POLYMER	?
M5B	non-polymer	?
M5C	non-polymer	?
M5D	NON-POLYMER	?
M5E	non-polymer	?
M5F	NON-POLYMER	?
M5H	non-polymer	?
M5I	non-polymer	?
M5J	NON-POLYMER	?
M5K	non-polymer	?
M5L	non-polymer	?
M5M	RNA LINKING	C
M5N	non-polymer	?
M5O	non-polymer	?
M5P	NON-POLYMER	?
M5Q	RNA linking	?
M5R	non-polymer	?
M5T	NON-POLYMER	?
M5U	non-polymer	?
M5V	NON-POLYMER	?
M5W	non-polymer	?
M5X	non-polymer	?
M5Y	NON-POLYMER	?
M5Z	NON-POLYMER	?
M60	peptide-like	?
M61	NON-POLYMER	?
M62	NON-POLYMER	?
M63	non-polymer	?
M64	L-peptide linking	?
M65	non-polymer	?
M66	NON-POLYMER	?
M67	non-polymer	?
M68	non-polymer	?
M69	non-polymer	?
M6A	NON-POLYMER	?
M6B	NON-POLYMER	?
M6D	D-saccharide, beta linking	BMA
M6E	NON-POLYMER	?
M6F	NON-POLYMER	?
M6G	NON-POLYMER	?
M6H	non-polymer	?
M6I	non-polymer	?
M6J	L-peptide linking	?
M6K	non-polymer	?
M6L	non-polymer	?
M6M	peptide-like	?
M6N	non-polymer	?
M6O	non-polymer	?
M6P	D-saccharide, alpha linking	MAN
M6Q	non-polymer	?
M6R	NON-POLYMER	?
M6S	non-polymer	?
M6T	NON-POLYMER	?
M6U	non-polymer	?
M6V	NON-POLYMER	?
M6W	non-polymer	?
M6X	non-polymer	?
M6Y	peptide-like	?
M6Z	non-polymer	?
M70	L-peptide linking	?
M72	NON-POLYMER	?
M73	NON-POLYMER	?
M74	NON-POLYMER	?
M75	non-polymer	?
M76	NON-POLYMER	?
M77	NON-POLYMER	?
M78	non-polymer	?
M79	non-polymer	?
M7A	RNA linking	A
M7B	D-saccharide, beta linking	?
M7C	non-polymer	?
M7D	NON-POLYMER	?
M7E	NON-POLYMER	?
M7F	non-polymer	?
M7G	NON-POLYMER	?
M7H	non-polymer	?
M7I	non-polymer	?
M7K	NON-POLYMER	?
M7L	non-polymer	?
M7M	NON-POLYMER	?
M7N	non-polymer	?
M7O	NON-POLYMER	?
M7P	D-saccharide, alpha linking	289
M7R	NON-POLYMER	?
M7S	NON-POLYMER	?
M7T	non-polymer	?
M7U	NON-POLYMER	?
M7V	NON-POLYMER	?
M7W	non-polymer	?
M7X	non-polymer	?
M7Y	NON-POLYMER	?
M7Z	non-polymer	?
M80	non-polymer	?
M81	NON-POLYMER	?
M82	non-polymer	?
M83	non-polymer	?
M84	non-polymer	?
M85	NON-POLYMER	?
M86	NON-POLYMER	?
M87	non-polymer	?
M88	non-polymer	?
M89	non-polymer	?
M8A	non-polymer	?
M8B	non-polymer	?
M8C	D-saccharide, alpha linking	ADA
M8D	NON-POLYMER	?
M8E	NON-POLYMER	?
M8F	NON-POLYMER	?
M8G	NON-POLYMER	?
M8I	non-polymer	?
M8J	NON-POLYMER	?
M8K	non-polymer	?
M8M	NON-POLYMER	?
M8N	non-polymer	?
M8O	NON-POLYMER	?
M8P	non-polymer	?
M8Q	NON-POLYMER	?
M8R	non-polymer	?
M8S	NON-POLYMER	?
M8T	non-polymer	?
M8V	NON-POLYMER	?
M8X	non-polymer	?
M8Y	NON-POLYMER	?
M8Z	non-polymer	?
M90	peptide-like	?
M91	peptide-like	?
M92	non-polymer	?
M93	non-polymer	?
M94	non-polymer	?
M95	NON-POLYMER	?
M96	NON-POLYMER	?
M97	NON-POLYMER	?
M98	NON-POLYMER	?
M99	NON-POLYMER	?
M9A	NON-POLYMER	?
M9B	non-polymer	?
M9D	NON-POLYMER	?
M9E	non-polymer	?
M9F	NON-POLYMER	?
M9G	peptide-like	?
M9H	non-polymer	?
M9I	non-polymer	?
M9J	NON-POLYMER	?
M9K	non-polymer	?
M9L	non-polymer	?
M9M	non-polymer	?
M9N	non-polymer	?
M9P	NON-POLYMER	?
M9Q	non-polymer	?
M9R	non-polymer	?
M9S	NON-POLYMER	?
M9T	non-polymer	?
M9U	non-polymer	?
M9W	non-polymer	?
M9X	non-polymer	?
M9Y	NON-POLYMER	?
M9Z	non-polymer	?
MA	L-PEPTIDE COOH CARBOXY TERMINUS	ALA
MA0	NON-POLYMER	?
MA1	D-saccharide, alpha linking	?
MA2	D-saccharide, alpha linking	?
MA3	D-saccharide	?
MA4	NON-POLYMER	?
MA5	NON-POLYMER	?
MA6	RNA LINKING	A
MA7	DNA LINKING	DA
MA8	D-saccharide	NDG
MA9	NON-POLYMER	?
MAA	L-peptide linking	ALA
MAB	saccharide	?
MAC	NON-POLYMER	?
MAD	RNA LINKING	A
MAE	NON-POLYMER	?
MAF	D-saccharide, alpha linking	?
MAG	D-saccharide	NAG
MAH	NON-POLYMER	?
MAI	L-PEPTIDE LINKING	ARG
MAJ	NON-POLYMER	?
MAK	NON-POLYMER	?
MAL	saccharide	?
MAM	NON-POLYMER	?
MAN	D-saccharide, alpha linking	?
MAO	NON-POLYMER	?
MAP	NON-POLYMER	?
MAQ	NON-POLYMER	?
MAR	NON-POLYMER	?
MAS	NON-POLYMER	?
MAT	L-saccharide, alpha linking	?
MAU	NON-POLYMER	?
MAV	D-saccharide, alpha linking	?
MAW	L-saccharide, alpha linking	?
MAX	NON-POLYMER	?
MAY	NON-POLYMER	?
MAZ	NON-POLYMER	?
MB0	NON-POLYMER	?
MB1	NON-POLYMER	?
MB2	NON-POLYMER	?
MB3	NON-POLYMER	?
MB4	NON-POLYMER	?
MB5	NON-POLYMER	?
MB6	NON-POLYMER	?
MB7	NON-POLYMER	?
MB8	NON-POLYMER	?
MB9	NON-POLYMER	?
MBA	NON-POLYMER	?
MBB	NON-POLYMER	?
MBC	NON-POLYMER	?
MBD	NON-POLYMER	?
MBE	D-saccharide	BMA
MBF	D-saccharide, beta linking	?
MBG	D-saccharide	GAL
MBH	NON-POLYMER	?
MBI	non-polymer	?
MBK	non-polymer	?
MBL	NON-POLYMER	?
MBM	NON-POLYMER	?
MBN	NON-POLYMER	?
MBO	NON-POLYMER	?
MBP	NON-POLYMER	?
MBQ	L-PEPTIDE LINKING	TYR
MBR	NON-POLYMER	?
MBS	NON-POLYMER	?
MBT	NON-POLYMER	?
MBU	non-polymer	?
MBV	NON-POLYMER	?
MBW	non-polymer	?
MBX	NON-POLYMER	?
MBY	NON-POLYMER	?
MBZ	DNA LINKING	?
MC	NON-POLYMER	?
MC0	non-polymer	?
MC1	L-PEPTIDE LINKING	SER
MC2	NON-POLYMER	?
MC3	NON-POLYMER	?
MC4	NON-POLYMER	?
MC5	NON-POLYMER	?
MC8	NON-POLYMER	?
MC9	NON-POLYMER	?
MCA	NON-POLYMER	?
MCB	NON-POLYMER	?
MCD	NON-POLYMER	?
MCE	NON-POLYMER	?
MCF	NON-POLYMER	?
MCG	L-PEPTIDE LINKING	?
MCH	NON-POLYMER	?
MCI	NON-POLYMER	?
MCJ	NON-POLYMER	?
MCK	NON-POLYMER	?
MCL	L-PEPTIDE LINKING	LYS
MCM	NON-POLYMER	?
MCN	NON-POLYMER	?
MCO	NON-POLYMER	?
MCP	NON-POLYMER	?
MCQ	NON-POLYMER	?
MCR	NON-POLYMER	?
MCS	L-PEPTIDE LINKING	CYS
MCT	NON-POLYMER	?
MCU	D-saccharide, beta linking	BDP
MCV	NON-POLYMER	?
MCW	NON-POLYMER	?
MCX	NON-POLYMER	?
MCY	DNA LINKING	DC
MCZ	NON-POLYMER	?
MD0	D-peptide linking	?
MD1	NON-POLYMER	?
MD2	NON-POLYMER	?
MD3	L-peptide linking	CYS
MD4	NON-POLYMER	?
MD5	L-peptide linking	CYS
MD6	peptide linking	GLY
MD7	NON-POLYMER	?
MD8	non-polymer	?
MD9	NON-POLYMER	?
MDA	D-saccharide, beta linking	?
MDB	NON-POLYMER	?
MDC	NON-POLYMER	?
MDD	NON-POLYMER	?
MDE	NON-POLYMER	?
MDF	L-PEPTIDE LINKING	TYR
MDG	NON-POLYMER	?
MDH	PEPTIDE LINKING	?
MDI	non-polymer	?
MDJ	DNA linking	?
MDK	DNA linking	?
MDL	peptide-like	?
MDN	NON-POLYMER	?
MDO	L-PEPTIDE LINKING	ALA, SER, GLY
MDP	D-saccharide, beta linking	MUR
MDQ	DNA linking	?
MDR	DNA LINKING	?
MDS	NON-POLYMER	?
MDU	DNA linking	?
MDV	DNA linking	?
MDW	NON-POLYMER	?
MDX	NON-POLYMER	?
MDY	NON-POLYMER	?
MDZ	NON-POLYMER	?
ME0	L-peptide linking	MET
ME1	NON-POLYMER	?
ME2	NON-POLYMER	?
ME3	NON-POLYMER	?
ME4	NON-POLYMER	?
ME5	NON-POLYMER	?
ME6	DNA linking	DC
ME7	NON-POLYMER	?
ME8	NON-POLYMER	?
ME9	NON-POLYMER	?
MEA	L-PEPTIDE LINKING	PHE
MEB	NON-POLYMER	?
MEC	NON-POLYMER	?
MED	D-PEPTIDE LINKING	?
MEE	NON-POLYMER	?
MEF	NON-POLYMER	?
MEG	L-PEPTIDE LINKING	GLU
MEI	NON-POLYMER	?
MEJ	NON-POLYMER	?
MEK	NON-POLYMER	?
MEL	NON-POLYMER	?
MEM	NON-POLYMER	?
MEN	L-PEPTIDE LINKING	ASN
MEO	NON-POLYMER	?
MEP	RNA LINKING	U
MEQ	L-PEPTIDE LINKING	GLN
MER	NON-POLYMER	?
MES	NON-POLYMER	?
MET	L-PEPTIDE LINKING	?
MEU	PEPTIDE LINKING	GLY
MEV	NON-POLYMER	?
MEW	NON-POLYMER	?
MEX	NON-POLYMER	?
MEY	NON-POLYMER	?
MEZ	NON-POLYMER	?
MF0	non-polymer	?
MF1	NON-POLYMER	?
MF2	NON-POLYMER	?
MF3	L-PEPTIDE LINKING	?
MF4	NON-POLYMER	?
MF5	non-polymer	?
MF6	non-polymer	?
MF7	DNA LINKING	?
MF8	non-polymer	?
MF9	non-polymer	?
MFA	L-SACCHARIDE	?
MFB	L-saccharide	FUL
MFC	L-PEPTIDE LINKING	GLY, TYR, GLY
MFD	NON-POLYMER	?
MFE	non-polymer	?
MFF	non-polymer	?
MFG	non-polymer	?
MFH	L-peptide linking	?
MFJ	NON-POLYMER	?
MFK	NON-POLYMER	?
MFL	non-polymer	?
MFM	NON-POLYMER	?
MFN	NON-POLYMER	GLU
MFO	DNA linking	DG
MFP	NON-POLYMER	?
MFQ	NON-POLYMER	?
MFR	NON-POLYMER	?
MFT	DNA linking	?
MFU	L-saccharide	FUC
MFV	L-peptide linking	THR, TYR, GLY 
MFW	NON-POLYMER	?
MFX	NON-POLYMER	?
MFY	NON-POLYMER	?
MFZ	NON-POLYMER	?
MG	NON-POLYMER	?
MG0	NON-POLYMER	?
MG1	DNA LINKING	DG
MG2	non-polymer	?
MG3	non-polymer	?
MG5	D-saccharide, beta linking	BGC
MG7	NON-POLYMER	?
MG8	NON-POLYMER	?
MG9	NON-POLYMER	?
MGA	D-SACCHARIDE	?
MGB	NON-POLYMER	?
MGC	D-saccharide	A2G
MGD	NON-POLYMER	?
MGE	NON-POLYMER	?
MGF	NON-POLYMER	?
MGG	L-PEPTIDE LINKING	ARG
MGH	NON-POLYMER	?
MGI	NON-POLYMER	?
MGJ	NON-POLYMER	?
MGK	NON-POLYMER	?
MGL	D-saccharide	BGC
MGM	NON-POLYMER	?
MGN	L-PEPTIDE LINKING	GLN
MGO	non-polymer	?
MGP	NON-POLYMER	?
MGQ	RNA LINKING	A
MGR	NON-POLYMER	?
MGS	D-saccharide	?
MGT	NON-POLYMER	G
MGV	RNA LINKING	G
MGW	NON-POLYMER	?
MGX	NON-POLYMER	?
MGY	L-PEPTIDE LINKING	GLY
MGZ	NON-POLYMER	?
MH0	NON-POLYMER	?
MH1	L-peptide linking	HIS
MH2	NON-POLYMER	?
MH3	NON-POLYMER	?
MH4	non-polymer	?
MH5	non-polymer	?
MH6	PEPTIDE LINKING	SER
MH7	NON-POLYMER	?
MH8	L-peptide linking	?
MH9	NON-POLYMER	?
MHA	NON-POLYMER	?
MHB	NON-POLYMER	?
MHC	NON-POLYMER	?
MHD	NON-POLYMER	?
MHE	L-peptide NH3 amino terminus	?
MHF	NON-POLYMER	?
MHG	RNA linking	G
MHH	NON-POLYMER	?
MHI	non-polymer	?
MHK	non-polymer	?
MHL	L-PEPTIDE LINKING	LEU
MHM	NON-POLYMER	?
MHN	NON-POLYMER	?
MHO	L-PEPTIDE LINKING	MET
MHQ	non-polymer	?
MHR	NON-POLYMER	?
MHS	L-PEPTIDE LINKING	HIS
MHT	NON-POLYMER	?
MHU	L-PEPTIDE LINKING	PHE
MHV	L-PEPTIDE LINKING	?
MHW	PEPTIDE LINKING	?
MHX	non-polymer	?
MHY	L-peptide linking	Thr,Tyr,Gly
MHZ	NON-POLYMER	?
MI0	peptide-like	?
MI1	NON-POLYMER	?
MI2	NON-POLYMER	?
MI3	NON-POLYMER	?
MI4	NON-POLYMER	?
MI5	NON-POLYMER	?
MI6	NON-POLYMER	?
MI7	NON-POLYMER	?
MI8	non-polymer	?
MI9	NON-POLYMER	?
MIA	RNA LINKING	A
MIB	NON-POLYMER	?
MIC	NON-POLYMER	?
MID	peptide-like	?
MIE	non-polymer	?
MIF	non-polymer	?
MIG	NON-POLYMER	?
MIH	NON-POLYMER	?
MII	NON-POLYMER	?
MIJ	non-polymer	?
MIK	NON-POLYMER	?
MIL	NON-POLYMER	?
MIM	NON-POLYMER	?
MIN	peptide-like	?
MIO	NON-POLYMER	?
MIP	NON-POLYMER	?
MIQ	non-polymer	?
MIR	L-PEPTIDE LINKING	SER
MIS	L-PEPTIDE LINKING	SER
MIT	peptide-like	?
MIU	peptide-like	?
MIV	NON-POLYMER	?
MIW	non-polymer	?
MIX	NON-POLYMER	?
MIY	NON-POLYMER	?
MIZ	NON-POLYMER	?
MJ0	non-polymer	?
MJ1	L-peptide linking	Thr,Tyr,Gly
MJ2	non-polymer	?
MJ3	non-polymer	?
MJ4	NON-POLYMER	?
MJ5	NON-POLYMER	?
MJ6	non-polymer	?
MJ7	NON-POLYMER	?
MJ8	NON-POLYMER	?
MJA	NON-POLYMER	?
MJB	non-polymer	?
MJC	NON-POLYMER	?
MJD	NON-POLYMER	?
MJE	non-polymer	?
MJF	non-polymer	?
MJG	NON-POLYMER	?
MJH	non-polymer	?
MJI	NON-POLYMER	?
MJJ	D-saccharide	SIA
MJK	non-polymer	?
MJL	non-polymer	?
MJM	NON-POLYMER	?
MJN	non-polymer	?
MJO	non-polymer	?
MJP	non-polymer	?
MJQ	non-polymer	?
MJR	non-polymer	?
MJS	PEPTIDE-LIKE	?
MJT	non-polymer	?
MJU	NON-POLYMER	?
MJV	NON-POLYMER	?
MJW	non-polymer	?
MJX	non-polymer	?
MJY	NON-POLYMER	?
MJZ	NON-POLYMER	?
MK0	NON-POLYMER	?
MK1	NON-POLYMER	?
MK2	NON-POLYMER	?
MK3	NON-POLYMER	?
MK4	NON-POLYMER	?
MK5	NON-POLYMER	?
MK6	NON-POLYMER	?
MK7	NON-POLYMER	?
MK8	L-peptide linking	LEU
MK9	NON-POLYMER	?
MKA	NON-POLYMER	?
MKB	non-polymer	?
MKC	NON-POLYMER	?
MKD	L-PEPTIDE LINKING	?
MKE	NON-POLYMER	?
MKF	L-peptide linking	SER
MKG	NON-POLYMER	?
MKH	NON-POLYMER	?
MKI	non-polymer	?
MKK	NON-POLYMER	?
MKM	NON-POLYMER	?
MKN	non-polymer	?
MKO	non-polymer	?
MKP	NON-POLYMER	?
MKQ	non-polymer	?
MKR	NON-POLYMER	?
MKS	NON-POLYMER	?
MKT	NON-POLYMER	?
MKU	NON-POLYMER	?
MKV	NON-POLYMER	?
MKW	non-polymer	?
MKX	non-polymer	A
MKY	NON-POLYMER	?
MKZ	non-polymer	?
ML0	NON-POLYMER	?
ML1	NON-POLYMER	?
ML2	NON-POLYMER	?
ML3	L-peptide linking	LYS
ML4	NON-POLYMER	?
ML5	NON-POLYMER	?
ML6	NON-POLYMER	?
ML7	NON-POLYMER	?
ML8	NON-POLYMER	?
ML9	NON-POLYMER	?
MLA	NON-POLYMER	?
MLB	saccharide	?
MLC	NON-POLYMER	?
MLD	NON-POLYMER	?
MLE	L-PEPTIDE LINKING	LEU
MLG	NON-POLYMER	?
MLH	non-polymer	?
MLI	NON-POLYMER	?
MLJ	NON-POLYMER	?
MLK	NON-POLYMER	?
MLL	L-PEPTIDE LINKING	LEU
MLM	NON-POLYMER	?
MLN	NON-POLYMER	?
MLO	NON-POLYMER	?
MLP	NON-POLYMER	?
MLQ	non-polymer	?
MLR	saccharide	?
MLS	NON-POLYMER	?
MLT	NON-POLYMER	?
MLU	D-PEPTIDE LINKING	?
MLV	NON-POLYMER	?
MLW	non-polymer	?
MLX	NON-POLYMER	?
MLY	L-PEPTIDE LINKING	LYS
MLZ	L-PEPTIDE LINKING	LYS
MM0	NON-POLYMER	?
MM1	NON-POLYMER	?
MM2	NON-POLYMER	?
MM3	NON-POLYMER	?
MM4	NON-POLYMER	?
MM5	NON-POLYMER	?
MM6	NON-POLYMER	?
MM7	DNA LINKING	?
MM8	non-polymer	?
MM9	non-polymer	?
MMA	D-saccharide	MAN
MMB	NON-POLYMER	?
MMC	NON-POLYMER	?
MMD	NON-POLYMER	?
MME	L-PEPTIDE LINKING	MET
MMF	NON-POLYMER	?
MMG	NON-POLYMER	?
MMH	NON-POLYMER	?
MMI	NON-POLYMER	?
MMJ	NON-POLYMER	?
MMK	non-polymer	?
MML	NON-POLYMER	?
MMM	NON-POLYMER	?
MMN	SACCHARIDE	?
MMO	L-PEPTIDE LINKING	ARG
MMP	NON-POLYMER	?
MMQ	NON-POLYMER	?
MMR	NON-POLYMER	?
MMS	NON-POLYMER	?
MMT	DNA LINKING	DT
MMU	NON-POLYMER	?
MMV	NON-POLYMER	?
MMW	non-polymer	?
MMX	RNA linking	C
MMY	NON-POLYMER	?
MMZ	NON-POLYMER	?
MN	NON-POLYMER	?
MN0	D-saccharide	SIA
MN1	NON-POLYMER	?
MN2	NON-POLYMER	?
MN3	NON-POLYMER	?
MN5	NON-POLYMER	?
MN6	NON-POLYMER	?
MN7	NON-POLYMER	?
MN8	NON-POLYMER	?
MN9	non-polymer	?
MNA	D-saccharide	SIA
MNB	NON-POLYMER	?
MNC	NON-POLYMER	?
MND	D-peptide linking	?
MNG	NON-POLYMER	?
MNH	NON-POLYMER	?
MNI	NON-POLYMER	?
MNJ	NON-POLYMER	?
MNK	NON-POLYMER	?
MNL	L-PEPTIDE LINKING	LEU
MNM	NON-POLYMER	?
MNN	NON-POLYMER	?
MNO	NON-POLYMER	?
MNP	NON-POLYMER	?
MNQ	NON-POLYMER	?
MNR	NON-POLYMER	?
MNS	NON-POLYMER	?
MNT	NON-POLYMER	?
MNU	RNA LINKING	U
MNV	L-PEPTIDE LINKING	VAL
MNW	non-polymer	?
MNX	NON-POLYMER	?
MNY	NON-POLYMER	?
MNZ	non-polymer	?
MO	NON-POLYMER	?
MO0	NON-POLYMER	?
MO1	NON-POLYMER	?
MO2	NON-POLYMER	?
MO3	NON-POLYMER	?
MO4	NON-POLYMER	?
MO5	NON-POLYMER	?
MO6	NON-POLYMER	?
MO7	NON-POLYMER	?
MO8	NON-POLYMER	?
MO9	NON-POLYMER	?
MOA	NON-POLYMER	?
MOB	NON-POLYMER	?
MOC	NON-POLYMER	?
MOD	L-PEPTIDE LINKING	?
MOE	NON-POLYMER	?
MOF	NON-POLYMER	?
MOG	NON-POLYMER	?
MOH	NON-POLYMER	?
MOI	NON-POLYMER	?
MOJ	NON-POLYMER	?
MOK	NON-POLYMER	?
MOL	NON-POLYMER	?
MOM	NON-POLYMER	?
MON	NON-POLYMER	?
MOO	NON-POLYMER	?
MOP	NON-POLYMER	?
MOR	NON-POLYMER	?
MOS	NON-POLYMER	?
MOT	NON-POLYMER	?
MOU	NON-POLYMER	?
MOV	NON-POLYMER	?
MOW	NON-POLYMER	?
MOX	NON-POLYMER	?
MOY	NON-POLYMER	?
MOZ	PEPTIDE LINKING	?
MP0	peptide-like	?
MP1	NON-POLYMER	?
MP2	NON-POLYMER	?
MP3	NON-POLYMER	?
MP4	L-peptide linking	?
MP5	NON-POLYMER	?
MP6	NON-POLYMER	?
MP7	NON-POLYMER	?
MP8	L-PEPTIDE LINKING	PRO
MP9	NON-POLYMER	?
MPA	NON-POLYMER	?
MPB	NON-POLYMER	?
MPC	NON-POLYMER	?
MPD	NON-POLYMER	?
MPE	NON-POLYMER	?
MPG	non-polymer	?
MPH	L-PEPTIDE LINKING	?
MPI	NON-POLYMER	?
MPJ	L-PEPTIDE LINKING	?
MPK	NON-POLYMER	?
MPL	NON-POLYMER	?
MPM	NON-POLYMER	?
MPN	NON-POLYMER	?
MPO	NON-POLYMER	?
MPP	NON-POLYMER	?
MPQ	L-PEPTIDE LINKING	GLY
MPR	NON-POLYMER	?
MPS	NON-POLYMER	?
MPT	NON-POLYMER	?
MPU	NON-POLYMER	?
MPV	NON-POLYMER	?
MPW	NON-POLYMER	?
MPX	NON-POLYMER	?
MPY	NON-POLYMER	?
MPZ	NON-POLYMER	?
MQ0	NON-POLYMER	?
MQ1	NON-POLYMER	?
MQ2	non-polymer	?
MQ3	non-polymer	?
MQ4	NON-POLYMER	?
MQ6	non-polymer	?
MQ7	NON-POLYMER	?
MQ8	NON-POLYMER	?
MQ9	NON-POLYMER	?
MQA	NON-POLYMER	?
MQB	non-polymer	?
MQC	non-polymer	?
MQD	NON-POLYMER	?
MQE	NON-POLYMER	?
MQF	non-polymer	?
MQG	D-saccharide, beta linking	GCS
MQH	non-polymer	?
MQI	NON-POLYMER	?
MQJ	NON-POLYMER	?
MQM	NON-POLYMER	?
MQN	NON-POLYMER	?
MQO	NON-POLYMER	?
MQP	NON-POLYMER	?
MQQ	NON-POLYMER	?
MQR	NON-POLYMER	?
MQS	NON-POLYMER	?
MQT	D-saccharide	SDY
MQU	NON-POLYMER	?
MQV	NON-POLYMER	?
MQW	non-polymer	?
MQX	non-polymer	?
MQY	NON-POLYMER	?
MQZ	non-polymer	?
MR0	NON-POLYMER	?
MR1	NON-POLYMER	?
MR2	NON-POLYMER	?
MR3	NON-POLYMER	?
MR4	NON-POLYMER	?
MR5	NON-POLYMER	?
MR6	NON-POLYMER	?
MR8	NON-POLYMER	?
MR9	NON-POLYMER	?
MRA	NON-POLYMER	?
MRB	non-polymer	?
MRC	non-polymer	MRC
MRD	NON-POLYMER	?
MRE	non-polymer	?
MRF	non-polymer	?
MRG	DNA LINKING	DG
MRH	D-saccharide, alpha linking	?
MRI	NON-POLYMER	?
MRJ	NON-POLYMER	?
MRK	NON-POLYMER	?
MRM	NON-POLYMER	?
MRN	NON-POLYMER	?
MRO	NON-POLYMER	?
MRP	L-saccharide, alpha linking	RAM
MRQ	peptide-like	?
MRR	NON-POLYMER	?
MRS	NON-POLYMER	?
MRT	NON-POLYMER	?
MRU	NON-POLYMER	?
MRV	NON-POLYMER	?
MRW	NON-POLYMER	?
MRX	NON-POLYMER	?
MRY	NON-POLYMER	?
MRZ	NON-POLYMER	?
MS0	NON-POLYMER	?
MS1	NON-POLYMER	?
MS2	NON-POLYMER	?
MS3	NON-POLYMER	?
MS4	non-polymer	?
MS5	non-polymer	?
MS6	L-peptide linking	MET
MS7	NON-POLYMER	?
MS8	NON-POLYMER	?
MS9	NON-POLYMER	?
MSA	L-PEPTIDE LINKING	GLY
MSB	NON-POLYMER	?
MSC	NON-POLYMER	?
MSD	NON-POLYMER	?
MSE	L-PEPTIDE LINKING	MET
MSF	NON-POLYMER	?
MSG	NON-POLYMER	?
MSH	NON-POLYMER	?
MSI	NON-POLYMER	?
MSJ	NON-POLYMER	?
MSK	non-polymer	?
MSL	L-PEPTIDE LINKING	MET
MSM	NON-POLYMER	?
MSN	NON-POLYMER	?
MSO	L-PEPTIDE LINKING	MET
MSP	L-PEPTIDE LINKING	?
MSQ	NON-POLYMER	?
MSR	NON-POLYMER	?
MSS	NON-POLYMER	?
MST	NON-POLYMER	?
MSU	NON-POLYMER	?
MSW	NON-POLYMER	?
MSX	D-saccharide	?
MSY	NON-POLYMER	?
MSZ	NON-POLYMER	?
MT0	non-polymer	?
MT1	NON-POLYMER	?
MT2	L-peptide linking	MET
MT3	NON-POLYMER	?
MT4	NON-POLYMER	?
MT5	non-polymer	?
MT6	NON-POLYMER	?
MT7	NON-POLYMER	?
MT8	NON-POLYMER	?
MT9	NON-POLYMER	?
MTA	NON-POLYMER	?
MTB	NON-POLYMER	?
MTC	NON-POLYMER	?
MTD	NON-POLYMER	?
MTE	NON-POLYMER	?
MTF	NON-POLYMER	?
MTG	NON-POLYMER	?
MTH	NON-POLYMER	?
MTI	NON-POLYMER	?
MTJ	NON-POLYMER	?
MTK	NON-POLYMER	?
MTL	NON-POLYMER	?
MTM	NON-POLYMER	?
MTN	NON-POLYMER	?
MTO	NON-POLYMER	?
MTP	NON-POLYMER	?
MTQ	non-polymer	?
MTR	DNA LINKING	DT
MTS	NON-POLYMER	?
MTT	saccharide	?
MTU	RNA LINKING	A
MTV	NON-POLYMER	?
MTW	NON-POLYMER	?
MTX	NON-POLYMER	?
MTY	L-PEPTIDE LINKING	TYR
MTZ	NON-POLYMER	?
MU0	NON-POLYMER	?
MU1	NON-POLYMER	?
MU2	NON-POLYMER	?
MU3	non-polymer	?
MU4	NON-POLYMER	?
MU5	non-polymer	?
MU6	non-polymer	?
MU7	NON-POLYMER	?
MU8	non-polymer	?
MU9	non-polymer	?
MUA	NON-POLYMER	?
MUB	D-saccharide, alpha linking	?
MUC	NON-POLYMER	?
MUD	NON-POLYMER	?
MUE	non-polymer	?
MUF	NON-POLYMER	?
MUG	D-SACCHARIDE	?
MUH	NON-POLYMER	?
MUI	NON-POLYMER	?
MUJ	non-polymer	?
MUK	non-polymer	?
MUL	NON-POLYMER	?
MUM	RNA linking	?
MUN	NON-POLYMER	?
MUO	non-polymer	?
MUP	NON-POLYMER	?
MUQ	non-polymer	?
MUR	D-saccharide, beta linking	?
MUS	NON-POLYMER	?
MUT	NON-POLYMER	?
MUU	NON-POLYMER	?
MUV	NON-POLYMER	?
MUW	NON-POLYMER	?
MUX	NON-POLYMER	?
MUY	NON-POLYMER	?
MUZ	non-polymer	?
MV0	non-polymer	?
MV1	NON-POLYMER	?
MV2	NON-POLYMER	?
MV3	non-polymer	?
MV4	NON-POLYMER	?
MV5	non-polymer	?
MV6	L-peptide linking	MET
MV7	NON-POLYMER	?
MV8	non-polymer	?
MV9	D-peptide linking	?
MVA	L-PEPTIDE LINKING	VAL
MVB	NON-POLYMER	?
MVC	non-polymer	?
MVD	NON-POLYMER	?
MVE	non-polymer	?
MVF	non-polymer	?
MVG	NON-POLYMER	?
MVH	NON-POLYMER	?
MVI	NON-POLYMER	?
MVJ	NON-POLYMER	?
MVK	non-polymer	?
MVL	non-polymer	?
MVM	NON-POLYMER	?
MVN	non-polymer	?
MVO	non-polymer	?
MVP	saccharide	?
MVQ	non-polymer	?
MVR	non-polymer	?
MVS	non-polymer	?
MVT	non-polymer	?
MVU	non-polymer	?
MVV	NON-POLYMER	?
MVW	non-polymer	?
MVX	non-polymer	?
MVY	NON-POLYMER	?
MVZ	non-polymer	?
MW0	non-polymer	?
MW1	NON-POLYMER	?
MW2	NON-POLYMER	?
MW3	NON-POLYMER	?
MW4	NON-POLYMER	?
MW5	non-polymer	?
MW6	non-polymer	?
MW7	NON-POLYMER	?
MW8	non-polymer	?
MW9	non-polymer	?
MWA	NON-POLYMER	?
MWB	NON-POLYMER	?
MWC	non-polymer	?
MWD	NON-POLYMER	?
MWF	non-polymer	?
MWG	NON-POLYMER	?
MWH	non-polymer	?
MWI	non-polymer	?
MWJ	NON-POLYMER	?
MWL	NON-POLYMER	?
MWM	NON-POLYMER	?
MWN	non-polymer	?
MWO	non-polymer	?
MWP	NON-POLYMER	?
MWQ	non-polymer	?
MWR	non-polymer	?
MWS	NON-POLYMER	?
MWT	non-polymer	?
MWU	non-polymer	?
MWV	NON-POLYMER	?
MWW	non-polymer	?
MWX	non-polymer	?
MWY	NON-POLYMER	?
MWZ	non-polymer	?
MX0	non-polymer	?
MX1	NON-POLYMER	?
MX3	NON-POLYMER	?
MX4	NON-POLYMER	?
MX5	NON-POLYMER	?
MX7	NON-POLYMER	?
MX8	non-polymer	?
MX9	non-polymer	?
MXA	NON-POLYMER	?
MXB	non-polymer	?
MXC	NON-POLYMER	?
MXD	NON-POLYMER	?
MXE	NON-POLYMER	?
MXF	NON-POLYMER	?
MXG	NON-POLYMER	?
MXH	non-polymer	?
MXI	non-polymer	?
MXJ	NON-POLYMER	?
MXK	non-polymer	?
MXL	NON-POLYMER	?
MXM	NON-POLYMER	?
MXN	NON-POLYMER	?
MXO	non-polymer	?
MXP	NON-POLYMER	?
MXQ	non-polymer	?
MXR	NON-POLYMER	?
MXS	NON-POLYMER	?
MXT	non-polymer	?
MXU	non-polymer	?
MXV	non-polymer	?
MXW	non-polymer	?
MXX	NON-POLYMER	?
MXY	L-saccharide, beta linking	FUL
MXZ	L-saccharide, alpha linking	FUC
MY0	peptide-like	?
MY1	NON-POLYMER	?
MY2	NON-POLYMER	?
MY3	NON-POLYMER	?
MY4	NON-POLYMER	?
MY5	NON-POLYMER	?
MY6	NON-POLYMER	?
MY7	NON-POLYMER	?
MY8	non-polymer	?
MY9	NON-POLYMER	?
MYA	NON-POLYMER	?
MYB	non-polymer	?
MYC	NON-POLYMER	?
MYD	NON-POLYMER	?
MYE	NON-POLYMER	?
MYF	NON-POLYMER	?
MYG	D-saccharide	PA1
MYI	NON-POLYMER	?
MYJ	NON-POLYMER	?
MYK	L-peptide linking	LYS
MYL	NON-POLYMER	?
MYM	NON-POLYMER	?
MYN	L-peptide linking	ARG
MYO	non-polymer	?
MYP	NON-POLYMER	?
MYQ	NON-POLYMER	?
MYR	NON-POLYMER	?
MYS	NON-POLYMER	?
MYT	NON-POLYMER	?
MYU	NON-POLYMER	?
MYV	non-polymer	?
MYW	non-polymer	?
MYX	NON-POLYMER	?
MYY	NON-POLYMER	?
MYZ	non-polymer	?
MZ0	NON-POLYMER	?
MZ1	NON-POLYMER	?
MZ2	NON-POLYMER	?
MZ3	NON-POLYMER	?
MZ4	NON-POLYMER	?
MZ5	NON-POLYMER	?
MZ6	NON-POLYMER	?
MZ7	NON-POLYMER	?
MZ8	NON-POLYMER	?
MZ9	NON-POLYMER	?
MZA	non-polymer	?
MZB	NON-POLYMER	?
MZC	NON-POLYMER	?
MZD	NON-POLYMER	?
MZE	non-polymer	?
MZF	non-polymer	?
MZG	NON-POLYMER	?
MZH	NON-POLYMER	?
MZI	non-polymer	?
MZJ	NON-POLYMER	?
MZK	non-polymer	?
MZL	NON-POLYMER	?
MZM	NON-POLYMER	?
MZN	non-polymer	?
MZO	NON-POLYMER	?
MZP	NON-POLYMER	?
MZQ	non-polymer	?
MZR	NON-POLYMER	?
MZS	non-polymer	?
MZT	non-polymer	?
MZU	non-polymer	?
MZV	NON-POLYMER	?
MZW	non-polymer	?
MZX	NON-POLYMER	?
MZY	NON-POLYMER	?
MZZ	NON-POLYMER	?
N	RNA LINKING	?
N00	non-polymer	?
N01	NON-POLYMER	?
N02	NON-POLYMER	?
N03	non-polymer	?
N04	non-polymer	?
N05	NON-POLYMER	?
N06	non-polymer	?
N07	NON-POLYMER	?
N08	non-polymer	?
N09	NON-POLYMER	?
N0A	L-peptide linking	PHE
N0B	non-polymer	?
N0C	non-polymer	?
N0D	NON-POLYMER	?
N0E	non-polymer	?
N0F	non-polymer	?
N0G	NON-POLYMER	?
N0H	non-polymer	?
N0I	non-polymer	?
N0J	NON-POLYMER	?
N0K	non-polymer	?
N0L	non-polymer	?
N0M	NON-POLYMER	?
N0N	non-polymer	?
N0O	non-polymer	?
N0P	NON-POLYMER	?
N0Q	non-polymer	?
N0R	non-polymer	?
N0S	NON-POLYMER	?
N0T	non-polymer	?
N0U	non-polymer	?
N0V	NON-POLYMER	?
N0W	non-polymer	?
N0X	non-polymer	?
N0Y	non-polymer	?
N0Z	non-polymer	?
N10	L-PEPTIDE LINKING	SER
N11	NON-POLYMER	?
N12	NON-POLYMER	?
N13	NON-POLYMER	?
N14	NON-POLYMER	?
N15	NON-POLYMER	?
N16	NON-POLYMER	?
N17	NON-POLYMER	?
N18	NON-POLYMER	?
N19	NON-POLYMER	?
N1A	NON-POLYMER	?
N1B	NON-POLYMER	?
N1C	NON-POLYMER	?
N1D	non-polymer	?
N1E	non-polymer	?
N1F	non-polymer	?
N1G	NON-POLYMER	?
N1H	NON-POLYMER	?
N1I	non-polymer	?
N1J	NON-POLYMER	?
N1K	non-polymer	?
N1L	D-saccharide, beta linking	?
N1M	NON-POLYMER	?
N1N	non-polymer	?
N1P	NON-POLYMER	?
N1Q	non-polymer	?
N1R	non-polymer	?
N1S	NON-POLYMER	?
N1T	NON-POLYMER	?
N1U	non-polymer	?
N1V	NON-POLYMER	?
N1W	non-polymer	?
N1X	non-polymer	?
N1Y	NON-POLYMER	?
N1Z	NON-POLYMER	?
N20	NON-POLYMER	?
N21	non-polymer	?
N22	NON-POLYMER	?
N23	NON-POLYMER	?
N24	NON-POLYMER	?
N25	NON-POLYMER	?
N26	NON-POLYMER	?
N27	NON-POLYMER	?
N28	non-polymer	?
N29	non-polymer	?
N2A	NON-POLYMER	?
N2B	NON-POLYMER	?
N2C	L-PEPTIDE LINKING	?
N2D	NON-POLYMER	?
N2E	non-polymer	?
N2F	NON-POLYMER	?
N2G	non-polymer	?
N2H	NON-POLYMER	?
N2I	NON-POLYMER	?
N2J	NON-POLYMER	?
N2K	non-polymer	?
N2L	non-polymer	?
N2M	NON-POLYMER	?
N2N	NON-POLYMER	?
N2O	NON-POLYMER	?
N2P	NON-POLYMER	?
N2Q	non-polymer	?
N2R	NON-POLYMER	?
N2S	NON-POLYMER	?
N2T	NON-POLYMER	?
N2U	non-polymer	?
N2V	non-polymer	?
N2W	NON-POLYMER	?
N2X	non-polymer	?
N2Y	NON-POLYMER	?
N2Z	non-polymer	?
N30	NON-POLYMER	?
N32	NON-POLYMER	?
N33	NON-POLYMER	?
N34	NON-POLYMER	?
N35	NON-POLYMER	?
N36	non-polymer	?
N37	NON-POLYMER	?
N38	NON-POLYMER	?
N39	non-polymer	?
N3A	NON-POLYMER	?
N3B	NON-POLYMER	?
N3C	NON-POLYMER	?
N3D	NON-POLYMER	?
N3E	NON-POLYMER	?
N3F	NON-POLYMER	?
N3G	NON-POLYMER	?
N3H	NON-POLYMER	?
N3I	non-polymer	?
N3L	non-polymer	?
N3M	NON-POLYMER	?
N3O	non-polymer	?
N3P	NON-POLYMER	?
N3Q	non-polymer	?
N3R	non-polymer	?
N3T	NON-POLYMER	?
N3U	L-saccharide	?
N3W	non-polymer	?
N3X	non-polymer	?
N3Z	non-polymer	?
N40	NON-POLYMER	?
N41	NON-POLYMER	?
N42	NON-POLYMER	?
N43	non-polymer	?
N44	NON-POLYMER	?
N45	NON-POLYMER	?
N46	non-polymer	?
N47	NON-POLYMER	?
N48	NON-POLYMER	?
N49	non-polymer	?
N4A	NON-POLYMER	?
N4B	NON-POLYMER	?
N4C	NON-POLYMER	?
N4D	NON-POLYMER	?
N4E	NON-POLYMER	?
N4F	non-polymer	?
N4I	NON-POLYMER	?
N4K	non-polymer	?
N4L	non-polymer	?
N4M	NON-POLYMER	?
N4N	non-polymer	?
N4O	non-polymer	?
N4P	NON-POLYMER	?
N4Q	non-polymer	?
N4R	non-polymer	?
N4S	DNA LINKING	?
N4T	NON-POLYMER	?
N4U	non-polymer	?
N4W	non-polymer	?
N4X	non-polymer	?
N4Z	non-polymer	?
N50	NON-POLYMER	?
N51	NON-POLYMER	?
N52	non-polymer	?
N53	non-polymer	?
N55	non-polymer	?
N56	NON-POLYMER	?
N57	NON-POLYMER	?
N58	NON-POLYMER	?
N59	non-polymer	?
N5A	NON-POLYMER	?
N5B	NON-POLYMER	?
N5C	NON-POLYMER	?
N5D	NON-POLYMER	?
N5F	NON-POLYMER	?
N5G	NON-POLYMER	?
N5H	non-polymer	?
N5I	DNA LINKING	?
N5J	NON-POLYMER	?
N5K	non-polymer	?
N5L	non-polymer	?
N5M	RNA linking	C
N5N	non-polymer	?
N5O	NON-POLYMER	?
N5P	NON-POLYMER	?
N5Q	non-polymer	?
N5R	non-polymer	?
N5S	NON-POLYMER	?
N5T	NON-POLYMER	?
N5U	non-polymer	?
N5V	NON-POLYMER	?
N5W	non-polymer	?
N5X	non-polymer	?
N5Y	non-polymer	?
N5Z	non-polymer	?
N60	non-polymer	?
N61	NON-POLYMER	?
N62	non-polymer	?
N63	non-polymer	?
N64	NON-POLYMER	?
N65	L-peptide linking	LYS
N66	NON-POLYMER	?
N67	NON-POLYMER	?
N68	NON-POLYMER	?
N69	NON-POLYMER	?
N6A	non-polymer	?
N6B	non-polymer	?
N6C	NON-POLYMER	?
N6D	NON-POLYMER	?
N6E	non-polymer	?
N6F	non-polymer	?
N6G	RNA LINKING	G
N6H	non-polymer	?
N6I	non-polymer	?
N6J	NON-POLYMER	?
N6K	non-polymer	?
N6L	NON-POLYMER	?
N6M	non-polymer	?
N6N	non-polymer	?
N6O	non-polymer	?
N6P	NON-POLYMER	?
N6Q	non-polymer	?
N6R	NON-POLYMER	?
N6S	NON-POLYMER	?
N6T	NON-POLYMER	?
N6U	non-polymer	?
N6V	NON-POLYMER	?
N6W	non-polymer	?
N6X	non-polymer	?
N6Y	NON-POLYMER	?
N6Z	non-polymer	?
N70	non-polymer	?
N71	NON-POLYMER	?
N72	non-polymer	?
N73	NON-POLYMER	?
N74	NON-POLYMER	?
N75	NON-POLYMER	?
N76	NON-POLYMER	?
N77	NON-POLYMER	?
N78	non-polymer	?
N79	non-polymer	A
N7A	NON-POLYMER	?
N7B	non-polymer	?
N7C	non-polymer	?
N7D	NON-POLYMER	?
N7E	NON-POLYMER	?
N7F	non-polymer	?
N7G	NON-POLYMER	?
N7H	non-polymer	?
N7I	NON-POLYMER	?
N7J	NON-POLYMER	?
N7K	non-polymer	?
N7L	non-polymer	?
N7M	NON-POLYMER	?
N7N	NON-POLYMER	?
N7O	NON-POLYMER	?
N7P	L-peptide linking	PRO
N7Q	non-polymer	?
N7R	NON-POLYMER	?
N7S	NON-POLYMER	?
N7T	non-polymer	?
N7U	non-polymer	?
N7V	NON-POLYMER	?
N7W	non-polymer	?
N7X	RNA linking	C
N7Y	NON-POLYMER	?
N7Z	non-polymer	?
N80	L-peptide linking	PRO
N81	NON-POLYMER	?
N82	non-polymer	?
N83	non-polymer	?
N84	NON-POLYMER	?
N85	NON-POLYMER	?
N86	non-polymer	?
N87	NON-POLYMER	?
N88	NON-POLYMER	?
N8A	NON-POLYMER	?
N8C	NON-POLYMER	?
N8E	NON-POLYMER	?
N8F	non-polymer	?
N8G	NON-POLYMER	?
N8I	non-polymer	?
N8J	NON-POLYMER	?
N8K	non-polymer	?
N8L	non-polymer	?
N8M	NON-POLYMER	?
N8N	non-polymer	?
N8O	non-polymer	?
N8P	D-PEPTIDE LINKING	?
N8Q	non-polymer	?
N8R	non-polymer	?
N8S	NON-POLYMER	?
N8T	NON-POLYMER	?
N8U	non-polymer	?
N8V	NON-POLYMER	?
N8W	non-polymer	?
N8X	non-polymer	?
N8Y	NON-POLYMER	?
N8Z	non-polymer	?
N90	non-polymer	?
N91	non-polymer	?
N92	non-polymer	?
N93	NON-POLYMER	?
N94	NON-POLYMER	?
N95	NON-POLYMER	?
N96	non-polymer	?
N97	NON-POLYMER	?
N98	non-polymer	?
N99	non-polymer	?
N9A	NON-POLYMER	?
N9B	non-polymer	?
N9C	non-polymer	?
N9D	NON-POLYMER	?
N9F	non-polymer	?
N9G	NON-POLYMER	?
N9H	NON-POLYMER	?
N9I	non-polymer	?
N9J	NON-POLYMER	?
N9K	non-polymer	?
N9L	non-polymer	?
N9M	NON-POLYMER	?
N9N	non-polymer	?
N9O	non-polymer	?
N9P	L-peptide linking	ALA
N9Q	non-polymer	?
N9R	non-polymer	?
N9S	saccharide	?
N9T	non-polymer	?
N9U	non-polymer	?
N9V	NON-POLYMER	?
N9W	non-polymer	?
N9X	non-polymer	?
N9Y	NON-POLYMER	?
N9Z	non-polymer	?
NA	NON-POLYMER	?
NA0	non-polymer	?
NA1	D-saccharide, alpha linking	?
NA2	NON-POLYMER	?
NA3	NON-POLYMER	?
NA4	NON-POLYMER	?
NA5	NON-POLYMER	?
NA6	NON-POLYMER	?
NA7	NON-POLYMER	?
NA8	L-PEPTIDE LINKING	ALA
NA9	NON-POLYMER	?
NAA	D-saccharide, beta linking	?
NAB	NON-POLYMER	?
NAC	NON-POLYMER	?
NAD	NON-POLYMER	?
NAE	NON-POLYMER	?
NAF	NON-POLYMER	?
NAG	D-saccharide, beta linking	?
NAH	NON-POLYMER	?
NAI	NON-POLYMER	?
NAJ	NON-POLYMER	?
NAK	NON-POLYMER	?
NAL	L-PEPTIDE LINKING	ALA
NAM	L-PEPTIDE LINKING	ALA
NAN	NON-POLYMER	?
NAO	NON-POLYMER	?
NAP	NON-POLYMER	?
NAQ	NON-POLYMER	?
NAR	NON-POLYMER	?
NAS	NON-POLYMER	?
NAT	NON-POLYMER	?
NAU	NON-POLYMER	?
NAV	NON-POLYMER	?
NAW	NON-POLYMER	?
NAX	NON-POLYMER	?
NAY	NON-POLYMER	?
NAZ	NON-POLYMER	?
NB0	non-polymer	?
NB1	NON-POLYMER	?
NB2	non-polymer	?
NB3	non-polymer	?
NB4	NON-POLYMER	?
NB5	non-polymer	?
NB6	non-polymer	?
NB7	NON-POLYMER	?
NB8	L-PEPTIDE LINKING	?
NB9	non-polymer	?
NBA	NON-POLYMER	?
NBB	NON-POLYMER	?
NBC	NON-POLYMER	?
NBD	NON-POLYMER	?
NBE	NON-POLYMER	?
NBF	NON-POLYMER	?
NBG	D-saccharide	?
NBH	NON-POLYMER	?
NBI	NON-POLYMER	?
NBJ	NON-POLYMER	?
NBK	non-polymer	?
NBL	NON-POLYMER	?
NBM	NON-POLYMER	?
NBN	NON-POLYMER	?
NBO	NON-POLYMER	?
NBP	NON-POLYMER	?
NBQ	L-PEPTIDE LINKING	TYR
NBR	non-polymer	?
NBS	NON-POLYMER	?
NBT	NON-POLYMER	?
NBU	NON-POLYMER	?
NBV	NON-POLYMER	?
NBW	non-polymer	?
NBX	D-saccharide	?
NBY	D-saccharide	?
NBZ	NON-POLYMER	?
NC	NON-POLYMER	?
NC0	non-polymer	?
NC1	L-PEPTIDE LINKING	SER
NC2	NON-POLYMER	?
NC3	NON-POLYMER	?
NC4	NON-POLYMER	?
NC5	NON-POLYMER	?
NC6	NON-POLYMER	?
NC7	NON-POLYMER	?
NC8	NON-POLYMER	?
NC9	NON-POLYMER	?
NCA	NON-POLYMER	?
NCB	L-PEPTIDE LINKING	ALA
NCC	NON-POLYMER	?
NCD	NON-POLYMER	?
NCE	NON-POLYMER	?
NCF	NON-POLYMER	?
NCG	NON-POLYMER	?
NCH	NON-POLYMER	?
NCI	NON-POLYMER	?
NCJ	NON-POLYMER	?
NCK	NON-POLYMER	?
NCL	NON-POLYMER	?
NCM	NON-POLYMER	?
NCN	NON-POLYMER	?
NCO	NON-POLYMER	?
NCP	NON-POLYMER	?
NCQ	NON-POLYMER	?
NCR	NON-POLYMER	?
NCS	NON-POLYMER	?
NCT	NON-POLYMER	?
NCU	DNA linking	DC
NCV	NON-POLYMER	?
NCW	non-polymer	?
NCX	DNA LINKING	?
NCY	L-PEPTIDE LINKING	?
NCZ	NON-POLYMER	?
ND	NON-POLYMER	?
ND0	non-polymer	?
ND1	NON-POLYMER	?
ND2	non-polymer	?
ND3	non-polymer	?
ND4	NON-POLYMER	?
ND5	non-polymer	?
ND6	non-polymer	?
ND7	NON-POLYMER	?
ND8	non-polymer	?
ND9	non-polymer	?
NDA	NON-POLYMER	?
NDB	NON-POLYMER	?
NDC	NON-POLYMER	?
NDD	NON-POLYMER	?
NDE	NON-POLYMER	?
NDF	D-PEPTIDE LINKING	?
NDG	D-saccharide, alpha linking	?
NDH	NON-POLYMER	?
NDI	non-polymer	?
NDJ	NON-POLYMER	?
NDK	non-polymer	?
NDM	NON-POLYMER	?
NDN	DNA LINKING	DU
NDO	NON-POLYMER	?
NDP	NON-POLYMER	?
NDQ	non-polymer	?
NDR	NON-POLYMER	?
NDS	NON-POLYMER	?
NDT	NON-POLYMER	?
NDU	DNA LINKING	DU
NDV	NON-POLYMER	?
NDW	non-polymer	?
NDX	non-polymer	?
NDY	non-polymer	?
NDZ	NON-POLYMER	?
NE0	non-polymer	?
NE1	NON-POLYMER	?
NE2	NON-POLYMER	?
NE3	non-polymer	?
NE4	NON-POLYMER	?
NE5	non-polymer	?
NE6	NON-POLYMER	?
NE7	NON-POLYMER	?
NE8	NON-POLYMER	?
NE9	non-polymer	?
NEA	NON-POLYMER	?
NEB	NON-POLYMER	?
NEC	NON-POLYMER	?
NED	D-SACCHARIDE	?
NEE	NON-POLYMER	?
NEF	NON-POLYMER	?
NEG	NON-POLYMER	?
NEH	NON-POLYMER	?
NEI	NON-POLYMER	?
NEJ	NON-POLYMER	?
NEK	non-polymer	?
NEL	non-polymer	?
NEM	L-PEPTIDE LINKING	HIS
NEN	NON-POLYMER	?
NEO	NON-POLYMER	?
NEP	L-PEPTIDE LINKING	HIS
NEQ	NON-POLYMER	?
NER	NON-POLYMER	?
NES	NON-POLYMER	?
NET	NON-POLYMER	?
NEU	NON-POLYMER	?
NEV	NON-POLYMER	?
NEW	NON-POLYMER	?
NEX	NON-POLYMER	?
NEZ	NON-POLYMER	?
NF	NON-POLYMER	?
NF0	non-polymer	?
NF1	NON-POLYMER	?
NF2	RNA LINKING	?
NF3	non-polymer	?
NF4	NON-POLYMER	?
NF5	NON-POLYMER	?
NF6	NON-POLYMER	?
NF7	NON-POLYMER	?
NF8	non-polymer	?
NF9	non-polymer	?
NFA	L-PEPTIDE LINKING	PHE
NFB	NON-POLYMER	?
NFC	NON-POLYMER	?
NFD	NON-POLYMER	?
NFE	NON-POLYMER	?
NFF	NON-POLYMER	?
NFG	D-saccharide	?
NFH	NON-POLYMER	?
NFI	non-polymer	?
NFJ	NON-POLYMER	?
NFK	NON-POLYMER	?
NFL	NON-POLYMER	?
NFM	NON-POLYMER	?
NFN	NON-POLYMER	?
NFO	NON-POLYMER	?
NFP	NON-POLYMER	?
NFQ	NON-POLYMER	?
NFR	NON-POLYMER	?
NFS	NON-POLYMER	?
NFT	NON-POLYMER	?
NFU	NON-POLYMER	?
NFV	NON-POLYMER	?
NFW	non-polymer	?
NFX	NON-POLYMER	?
NFZ	NON-POLYMER	?
NG0	non-polymer	?
NG1	D-saccharide	A2G
NG2	NON-POLYMER	?
NG3	non-polymer	?
NG4	NON-POLYMER	?
NG5	non-polymer	?
NG6	D-saccharide, beta linking	NGA
NG7	NON-POLYMER	?
NG8	non-polymer	?
NG9	non-polymer	?
NGA	D-saccharide, beta linking	?
NGB	D-SACCHARIDE	?
NGC	D-saccharide, alpha linking	?
NGD	NON-POLYMER	?
NGE	D-saccharide, beta linking	?
NGF	D-SACCHARIDE	?
NGH	NON-POLYMER	?
NGI	NON-POLYMER	?
NGJ	NON-POLYMER	?
NGK	D-saccharide, alpha linking	A2G
NGL	SACCHARIDE	?
NGM	NON-POLYMER	?
NGN	NON-POLYMER	?
NGO	NON-POLYMER	?
NGP	NON-POLYMER	?
NGQ	NON-POLYMER	?
NGR	saccharide	?
NGS	D-saccharide, beta linking	NAG
NGT	NON-POLYMER	?
NGU	NON-POLYMER	?
NGV	NON-POLYMER	?
NGW	non-polymer	?
NGX	non-polymer	?
NGY	D-saccharide, alpha linking	NDG
NGZ	L-saccharide, alpha linking	?
NH	NON-POLYMER	?
NH0	non-polymer	?
NH1	NON-POLYMER	?
NH2	NON-POLYMER	?
NH3	NON-POLYMER	?
NH4	NON-POLYMER	?
NH5	NON-POLYMER	?
NH6	NON-POLYMER	?
NH7	NON-POLYMER	?
NH8	NON-POLYMER	?
NH9	non-polymer	?
NHA	NON-POLYMER	?
NHB	NON-POLYMER	?
NHC	NON-POLYMER	?
NHD	NON-POLYMER	?
NHE	NON-POLYMER	?
NHF	D-saccharide	?
NHG	non-polymer	?
NHH	NON-POLYMER	?
NHI	NON-POLYMER	?
NHJ	NON-POLYMER	?
NHK	NON-POLYMER	?
NHL	D-PEPTIDE LINKING	?
NHM	NON-POLYMER	?
NHN	NON-POLYMER	?
NHO	NON-POLYMER	?
NHP	NON-POLYMER	?
NHQ	NON-POLYMER	?
NHR	NON-POLYMER	?
NHS	NON-POLYMER	?
NHT	non-polymer	?
NHU	NON-POLYMER	?
NHV	non-polymer	?
NHW	NON-POLYMER	?
NHX	NON-POLYMER	?
NHY	NON-POLYMER	?
NI	NON-POLYMER	?
NI0	NON-POLYMER	?
NI1	NON-POLYMER	?
NI2	NON-POLYMER	?
NI3	NON-POLYMER	?
NI4	non-polymer	?
NI5	NON-POLYMER	?
NI6	non-polymer	?
NI7	NON-POLYMER	?
NI8	NON-POLYMER	?
NI9	NON-POLYMER	?
NIA	NON-POLYMER	?
NIB	non-polymer	?
NIC	NON-POLYMER	?
NID	NON-POLYMER	?
NIE	NON-POLYMER	?
NIF	NON-POLYMER	?
NIG	NON-POLYMER	?
NIH	NON-POLYMER	?
NII	NON-POLYMER	?
NIJ	non-polymer	?
NIK	NON-POLYMER	?
NIL	NON-POLYMER	?
NIM	NON-POLYMER	?
NIN	NON-POLYMER	?
NIO	NON-POLYMER	?
NIP	NON-POLYMER	?
NIQ	non-polymer	?
NIR	NON-POLYMER	?
NIS	NON-POLYMER	?
NIT	NON-POLYMER	?
NIU	NON-POLYMER	?
NIV	NON-POLYMER	?
NIW	NON-POLYMER	?
NIX	NON-POLYMER	?
NIY	L-PEPTIDE LINKING	TYR
NIZ	NON-POLYMER	?
NJ0	non-polymer	?
NJ1	NON-POLYMER	?
NJ2	non-polymer	?
NJ3	non-polymer	?
NJ4	NON-POLYMER	?
NJ5	non-polymer	?
NJ6	non-polymer	?
NJ7	NON-POLYMER	?
NJ8	NON-POLYMER	?
NJ9	non-polymer	?
NJA	NON-POLYMER	?
NJB	non-polymer	?
NJC	non-polymer	?
NJD	NON-POLYMER	?
NJE	non-polymer	?
NJF	non-polymer	?
NJG	NON-POLYMER	?
NJH	non-polymer	?
NJI	non-polymer	?
NJJ	NON-POLYMER	?
NJK	non-polymer	?
NJL	non-polymer	?
NJM	NON-POLYMER	?
NJN	non-polymer	?
NJO	non-polymer	?
NJP	NON-POLYMER	?
NJQ	NON-POLYMER	?
NJR	non-polymer	?
NJS	NON-POLYMER	?
NJT	non-polymer	?
NJU	non-polymer	?
NJV	NON-POLYMER	?
NJW	non-polymer	?
NJX	non-polymer	?
NJY	NON-POLYMER	?
NJZ	non-polymer	?
NK	NON-POLYMER	?
NK0	NON-POLYMER	?
NK1	NON-POLYMER	?
NK2	NON-POLYMER	?
NK3	non-polymer	?
NK4	NON-POLYMER	?
NK5	non-polymer	?
NK6	non-polymer	?
NK7	NON-POLYMER	?
NK8	NON-POLYMER	?
NK9	NON-POLYMER	?
NKA	NON-POLYMER	?
NKB	non-polymer	?
NKD	NON-POLYMER	?
NKE	non-polymer	?
NKF	non-polymer	?
NKG	NON-POLYMER	?
NKH	non-polymer	?
NKI	NON-POLYMER	?
NKJ	NON-POLYMER	?
NKK	NON-POLYMER	?
NKL	non-polymer	?
NKM	NON-POLYMER	?
NKN	NON-POLYMER	?
NKO	NON-POLYMER	?
NKP	NON-POLYMER	?
NKQ	NON-POLYMER	?
NKR	NON-POLYMER	?
NKS	L-PEPTIDE LINKING	?
NKT	non-polymer	?
NKU	non-polymer	?
NKV	NON-POLYMER	?
NKW	non-polymer	?
NKX	NON-POLYMER	?
NKY	NON-POLYMER	?
NKZ	non-polymer	?
NL0	non-polymer	?
NL1	non-polymer	?
NL2	non-polymer	?
NL3	non-polymer	?
NL4	non-polymer	?
NL5	non-polymer	?
NL7	NON-POLYMER	?
NL8	non-polymer	?
NL9	NON-POLYMER	?
NLA	NON-POLYMER	?
NLB	L-peptide linking	LEU
NLC	saccharide	?
NLD	non-polymer	?
NLE	L-PEPTIDE LINKING	LEU
NLF	non-polymer	TRP
NLG	NON-POLYMER	?
NLH	NON-POLYMER	?
NLI	NON-POLYMER	?
NLJ	NON-POLYMER	?
NLK	NON-POLYMER	?
NLL	non-polymer	?
NLM	NON-POLYMER	?
NLN	L-PEPTIDE LINKING	LEU
NLO	L-PEPTIDE LINKING	LEU
NLP	L-PEPTIDE LINKING	LEU
NLQ	L-PEPTIDE LINKING	GLN
NLS	NON-POLYMER	?
NLT	NON-POLYMER	?
NLV	NON-POLYMER	?
NLW	L-peptide linking	LEU
NLX	NON-POLYMER	?
NLY	PEPTIDE LINKING	GLY
NLZ	non-polymer	?
NM0	non-polymer	?
NM1	NON-POLYMER	?
NM2	non-polymer	?
NM3	non-polymer	?
NM4	NON-POLYMER	?
NM6	D-saccharide, beta linking	NAG
NM7	NON-POLYMER	?
NM8	NON-POLYMER	?
NM9	D-saccharide	NAG
NMA	NON-POLYMER	?
NMB	NON-POLYMER	?
NMC	L-PEPTIDE LINKING	GLY
NMD	NON-POLYMER	?
NME	NON-POLYMER	?
NMF	NON-POLYMER	?
NMG	NON-POLYMER	?
NMH	NON-POLYMER	?
NMI	NON-POLYMER	?
NMJ	NON-POLYMER	?
NMK	NON-POLYMER	?
NML	NON-POLYMER	?
NMM	L-PEPTIDE LINKING	ARG
NMN	NON-POLYMER	?
NMO	NON-POLYMER	?
NMP	NON-POLYMER	?
NMQ	NON-POLYMER	?
NMR	non-polymer	?
NMS	DNA LINKING	DT
NMT	DNA LINKING	DT
NMU	NON-POLYMER	?
NMV	non-polymer	?
NMW	non-polymer	?
NMX	NON-POLYMER	?
NMY	NON-POLYMER	?
NMZ	NON-POLYMER	?
NN0	non-polymer	?
NN1	NON-POLYMER	?
NN2	NON-POLYMER	?
NN3	NON-POLYMER	?
NN4	NON-POLYMER	?
NN5	non-polymer	?
NN6	non-polymer	?
NN7	non-polymer	?
NN8	non-polymer	?
NN9	non-polymer	?
NNA	NON-POLYMER	?
NNB	non-polymer	?
NNC	non-polymer	?
NND	NON-POLYMER	?
NNE	NON-POLYMER	?
NNF	NON-POLYMER	?
NNG	D-saccharide, alpha linking	PA1
NNH	L-PEPTIDE LINKING	ARG
NNI	non-polymer	?
NNJ	NON-POLYMER	?
NNK	NON-POLYMER	?
NNL	NON-POLYMER	?
NNM	NON-POLYMER	?
NNN	NON-POLYMER	?
NNO	NON-POLYMER	?
NNQ	NON-POLYMER	?
NNR	NON-POLYMER	?
NNS	NON-POLYMER	?
NNT	NON-POLYMER	?
NNU	NON-POLYMER	?
NNV	NON-POLYMER	?
NNW	NON-POLYMER	?
NNX	NON-POLYMER	?
NNY	NON-POLYMER	?
NNZ	NON-POLYMER	?
NO	NON-POLYMER	?
NO0	non-polymer	?
NO1	NON-POLYMER	?
NO2	NON-POLYMER	?
NO3	NON-POLYMER	?
NO4	NON-POLYMER	?
NO5	non-polymer	?
NO6	non-polymer	?
NO7	NON-POLYMER	?
NO8	non-polymer	?
NO9	NON-POLYMER	?
NOA	NON-POLYMER	?
NOB	NON-POLYMER	?
NOC	NON-POLYMER	?
NOD	NON-POLYMER	?
NOE	NON-POLYMER	?
NOF	non-polymer	?
NOG	NON-POLYMER	?
NOH	NON-POLYMER	?
NOI	non-polymer	?
NOJ	D-saccharide	?
NOK	non-polymer	?
NOL	NON-POLYMER	?
NOM	NON-POLYMER	?
NON	NON-POLYMER	?
NOO	NON-POLYMER	?
NOP	NON-POLYMER	?
NOQ	NON-POLYMER	?
NOR	PEPTIDE-LIKE	?
NOS	NON-POLYMER	?
NOT	L-PEPTIDE LINKING	LYS
NOU	non-polymer	?
NOV	NON-POLYMER	?
NOW	NON-POLYMER	?
NOX	NON-POLYMER	?
NOY	NON-POLYMER	?
NOZ	non-polymer	?
NP	NON-POLYMER	?
NP0	NON-POLYMER	?
NP1	NON-POLYMER	?
NP2	NON-POLYMER	?
NP3	DNA LINKING	?
NP4	NON-POLYMER	?
NP5	NON-POLYMER	?
NP6	non-polymer	?
NP7	NON-POLYMER	?
NP8	non-polymer	?
NPA	NON-POLYMER	?
NPB	NON-POLYMER	?
NPC	NON-POLYMER	?
NPD	NON-POLYMER	?
NPE	NON-POLYMER	?
NPF	D-saccharide	FCB
NPG	NON-POLYMER	?
NPH	L-PEPTIDE LINKING	CYS
NPI	L-PEPTIDE LINKING	ALA
NPJ	NON-POLYMER	?
NPK	NON-POLYMER	?
NPL	NON-POLYMER	?
NPM	NON-POLYMER	?
NPN	NON-POLYMER	?
NPO	NON-POLYMER	?
NPP	NON-POLYMER	?
NPQ	NON-POLYMER	?
NPR	NON-POLYMER	?
NPS	non-polymer	?
NPT	NON-POLYMER	?
NPU	NON-POLYMER	?
NPV	NON-POLYMER	?
NPW	NON-POLYMER	?
NPX	non-polymer	?
NPY	NON-POLYMER	?
NPZ	NON-POLYMER	?
NQ	NON-POLYMER	?
NQ0	non-polymer	?
NQ1	NON-POLYMER	?
NQ2	non-polymer	?
NQ3	non-polymer	?
NQ4	NON-POLYMER	?
NQ5	non-polymer	?
NQ6	non-polymer	?
NQ7	NON-POLYMER	?
NQ8	non-polymer	?
NQ9	non-polymer	?
NQB	NON-POLYMER	?
NQC	non-polymer	?
NQD	NON-POLYMER	?
NQE	non-polymer	?
NQF	non-polymer	?
NQG	NON-POLYMER	?
NQH	non-polymer	?
NQI	NON-POLYMER	?
NQJ	NON-POLYMER	?
NQK	non-polymer	?
NQL	non-polymer	?
NQM	NON-POLYMER	?
NQN	non-polymer	?
NQO	non-polymer	?
NQP	NON-POLYMER	?
NQQ	non-polymer	?
NQR	non-polymer	?
NQS	NON-POLYMER	?
NQT	non-polymer	?
NQU	non-polymer	?
NQV	NON-POLYMER	?
NQW	non-polymer	?
NQX	non-polymer	?
NQY	NON-POLYMER	?
NQZ	non-polymer	?
NR0	peptide-like	?
NR1	DNA linking	?
NR2	NON-POLYMER	?
NR3	NON-POLYMER	?
NR4	NON-POLYMER	?
NR5	non-polymer	?
NR6	non-polymer	?
NR7	NON-POLYMER	?
NR8	non-polymer	?
NR9	NON-POLYMER	?
NRA	NON-POLYMER	?
NRB	NON-POLYMER	?
NRC	non-polymer	?
NRD	NON-POLYMER	?
NRE	non-polymer	?
NRF	NON-POLYMER	?
NRG	L-PEPTIDE LINKING	?
NRH	NON-POLYMER	?
NRI	DNA LINKING	?
NRJ	NON-POLYMER	?
NRK	non-polymer	?
NRL	peptide-like	?
NRM	NON-POLYMER	?
NRN	NON-POLYMER	?
NRO	NON-POLYMER	?
NRP	L-peptide linking	LEU,TYR,GLY
NRQ	L-PEPTIDE LINKING	MET,TYR,GLY
NRR	non-polymer	?
NRS	NON-POLYMER	?
NRT	NON-POLYMER	?
NRU	NON-POLYMER	?
NRV	NON-POLYMER	?
NRW	NON-POLYMER	?
NRX	non-polymer	?
NRY	NON-POLYMER	?
NRZ	non-polymer	?
NS0	NON-POLYMER	?
NS1	NON-POLYMER	?
NS2	non-polymer	?
NS3	NON-POLYMER	?
NS4	NON-POLYMER	?
NS5	NON-POLYMER	?
NS6	NON-POLYMER	?
NS7	NON-POLYMER	?
NS8	NON-POLYMER	?
NS9	NON-POLYMER	?
NSA	NON-POLYMER	?
NSB	NON-POLYMER	?
NSC	NON-POLYMER	?
NSD	NON-POLYMER	?
NSE	NON-POLYMER	?
NSF	peptide-like	?
NSG	NON-POLYMER	?
NSI	NON-POLYMER	?
NSJ	NON-POLYMER	?
NSK	L-PEPTIDE LINKING	?
NSL	NON-POLYMER	?
NSM	NON-POLYMER	?
NSN	NON-POLYMER	?
NSO	non-polymer	?
NSP	NON-POLYMER	?
NSQ	D-saccharide	G6D
NSR	non-polymer	?
NSS	NON-POLYMER	?
NST	NON-POLYMER	?
NSU	peptide-like	?
NSV	NON-POLYMER	?
NSW	non-polymer	?
NSX	NON-POLYMER	?
NSY	NON-POLYMER	?
NSZ	NON-POLYMER	?
NT	NON-POLYMER	?
NT0	non-polymer	?
NT1	saccharide	?
NT2	NON-POLYMER	?
NT3	non-polymer	?
NT4	NON-POLYMER	?
NT5	non-polymer	?
NT6	non-polymer	?
NT7	NON-POLYMER	?
NT8	NON-POLYMER	?
NT9	non-polymer	?
NTA	NON-POLYMER	?
NTB	NON-POLYMER	?
NTC	NON-POLYMER	?
NTD	NON-POLYMER	?
NTE	NON-POLYMER	?
NTF	D-saccharide	?
NTG	NON-POLYMER	?
NTH	NON-POLYMER	?
NTI	NON-POLYMER	?
NTJ	NON-POLYMER	?
NTK	non-polymer	?
NTL	non-polymer	?
NTM	NON-POLYMER	?
NTN	NON-POLYMER	?
NTO	saccharide	?
NTP	saccharide	?
NTQ	non-polymer	?
NTR	L-PEPTIDE LINKING	TYR
NTS	NON-POLYMER	?
NTT	DNA linking	DT
NTU	NON-POLYMER	?
NTV	NON-POLYMER	?
NTW	non-polymer	?
NTX	NON-POLYMER	?
NTY	L-PEPTIDE LINKING	TYR
NTZ	NON-POLYMER	?
NU0	non-polymer	?
NU1	NON-POLYMER	?
NU2	non-polymer	?
NU3	NON-POLYMER	?
NU4	NON-POLYMER	?
NU5	NON-POLYMER	?
NU6	NON-POLYMER	?
NU7	NON-POLYMER	?
NU8	non-polymer	?
NU9	NON-POLYMER	?
NUA	NON-POLYMER	?
NUB	non-polymer	?
NUC	non-polymer	?
NUD	NON-POLYMER	?
NUE	NON-POLYMER	?
NUF	NON-POLYMER	?
NUG	NON-POLYMER	?
NUH	non-polymer	?
NUI	non-polymer	?
NUJ	NON-POLYMER	?
NUK	non-polymer	?
NUL	non-polymer	?
NUM	NON-POLYMER	?
NUN	non-polymer	?
NUO	non-polymer	?
NUP	NON-POLYMER	?
NUQ	non-polymer	?
NUR	non-polymer	?
NUT	NON-POLYMER	?
NUU	non-polymer	?
NUW	non-polymer	?
NUX	non-polymer	?
NUY	NON-POLYMER	?
NUZ	NON-POLYMER	?
NV0	non-polymer	?
NV1	NON-POLYMER	?
NV2	non-polymer	?
NV3	non-polymer	?
NV4	NON-POLYMER	?
NV5	non-polymer	?
NV6	non-polymer	?
NV7	NON-POLYMER	?
NV8	non-polymer	?
NV9	non-polymer	?
NVA	L-PEPTIDE LINKING	VAL
NVB	NON-POLYMER	?
NVC	NON-POLYMER	?
NVD	NON-POLYMER	?
NVE	NON-POLYMER	?
NVF	non-polymer	?
NVG	NON-POLYMER	?
NVH	non-polymer	?
NVI	NON-POLYMER	?
NVJ	NON-POLYMER	?
NVK	non-polymer	?
NVM	NON-POLYMER	?
NVN	non-polymer	?
NVO	non-polymer	?
NVP	NON-POLYMER	?
NVQ	non-polymer	?
NVR	non-polymer	?
NVS	NON-POLYMER	?
NVU	non-polymer	?
NVV	non-polymer	?
NVW	NON-POLYMER	?
NVX	non-polymer	?
NVY	NON-POLYMER	?
NVZ	NON-POLYMER	?
NW0	non-polymer	?
NW1	NON-POLYMER	?
NW2	non-polymer	?
NW3	non-polymer	?
NW4	NON-POLYMER	?
NW5	non-polymer	?
NW6	non-polymer	?
NW7	NON-POLYMER	?
NW8	non-polymer	?
NW9	non-polymer	?
NWA	NON-POLYMER	?
NWB	NON-POLYMER	?
NWD	L-peptide linking	ALA
NWE	non-polymer	?
NWF	non-polymer	?
NWG	NON-POLYMER	?
NWH	NON-POLYMER	?
NWI	non-polymer	?
NWJ	non-polymer	?
NWK	non-polymer	?
NWL	NON-POLYMER	?
NWM	NON-POLYMER	?
NWN	non-polymer	?
NWO	non-polymer	?
NWP	NON-POLYMER	?
NWQ	non-polymer	?
NWR	non-polymer	?
NWS	NON-POLYMER	?
NWT	non-polymer	?
NWV	NON-POLYMER	?
NWW	non-polymer	?
NWX	non-polymer	?
NWY	NON-POLYMER	?
NWZ	non-polymer	?
NX0	non-polymer	?
NX1	NON-POLYMER	?
NX2	NON-POLYMER	?
NX3	NON-POLYMER	?
NX4	NON-POLYMER	?
NX5	NON-POLYMER	?
NX6	NON-POLYMER	?
NX7	NON-POLYMER	?
NX8	non-polymer	?
NX9	non-polymer	?
NXA	NON-POLYMER	?
NXB	non-polymer	?
NXC	NON-POLYMER	?
NXD	D-saccharide	?
NXE	non-polymer	?
NXF	non-polymer	?
NXG	non-polymer	?
NXH	non-polymer	?
NXI	non-polymer	?
NXJ	NON-POLYMER	?
NXK	non-polymer	?
NXL	NON-POLYMER	?
NXM	NON-POLYMER	?
NXN	NON-POLYMER	?
NXO	non-polymer	?
NXP	non-polymer	?
NXQ	non-polymer	?
NXR	non-polymer	?
NXS	NON-POLYMER	?
NXT	non-polymer	?
NXU	NON-POLYMER	?
NXV	NON-POLYMER	?
NXW	NON-POLYMER	?
NXX	NON-POLYMER	?
NXY	NON-POLYMER	?
NXZ	NON-POLYMER	?
NY0	non-polymer	?
NY1	NON-POLYMER	?
NY2	NON-POLYMER	?
NY3	non-polymer	?
NY4	NON-POLYMER	?
NY5	non-polymer	?
NY6	non-polymer	?
NY7	NON-POLYMER	?
NY8	non-polymer	?
NY9	non-polymer	?
NYA	NON-POLYMER	?
NYB	L-PEPTIDE LINKING	CYS
NYC	L-PEPTIDE LINKING	THR, TRP, GLY
NYE	non-polymer	?
NYF	non-polymer	?
NYG	L-PEPTIDE LINKING	ASN,TYR,GLY
NYH	NON-POLYMER	?
NYI	non-polymer	?
NYJ	non-polymer	?
NYK	NON-POLYMER	?
NYL	NON-POLYMER	?
NYM	DNA LINKING	?
NYN	non-polymer	?
NYO	non-polymer	?
NYP	NON-POLYMER	?
NYQ	non-polymer	?
NYR	non-polymer	?
NYS	L-PEPTIDE LINKING	CYS
NYT	saccharide	?
NYU	non-polymer	?
NYV	NON-POLYMER	?
NYW	non-polymer	?
NYX	non-polymer	?
NYZ	non-polymer	?
NZ0	non-polymer	?
NZ1	NON-POLYMER	?
NZ2	NON-POLYMER	?
NZ3	NON-POLYMER	?
NZ4	NON-POLYMER	?
NZ5	non-polymer	?
NZ6	non-polymer	?
NZ7	NON-POLYMER	?
NZ8	non-polymer	?
NZ9	NON-POLYMER	?
NZA	NON-POLYMER	?
NZB	non-polymer	?
NZC	L-PEPTIDE LINKING	THR
NZD	NON-POLYMER	?
NZE	non-polymer	?
NZF	NON-POLYMER	?
NZG	NON-POLYMER	?
NZH	L-PEPTIDE LINKING	HIS
NZI	NON-POLYMER	?
NZJ	NON-POLYMER	?
NZK	non-polymer	?
NZL	non-polymer	?
NZM	NON-POLYMER	?
NZN	NON-POLYMER	?
NZO	NON-POLYMER	?
NZQ	NON-POLYMER	?
NZR	non-polymer	?
NZS	NON-POLYMER	?
NZT	NON-POLYMER	?
NZU	NON-POLYMER	?
NZV	NON-POLYMER	?
NZW	non-polymer	?
NZX	non-polymer	?
NZY	NON-POLYMER	?
NZZ	NON-POLYMER	?
O	NON-POLYMER	?
O00	non-polymer	?
O01	NON-POLYMER	?
O02	non-polymer	?
O04	NON-POLYMER	?
O05	non-polymer	?
O06	non-polymer	?
O08	non-polymer	?
O09	NON-POLYMER	?
O0A	NON-POLYMER	?
O0B	non-polymer	?
O0C	non-polymer	?
O0D	NON-POLYMER	?
O0E	non-polymer	?
O0F	non-polymer	?
O0G	NON-POLYMER	?
O0H	non-polymer	?
O0J	NON-POLYMER	?
O0L	non-polymer	?
O0M	NON-POLYMER	?
O0O	non-polymer	?
O0P	NON-POLYMER	?
O0Q	non-polymer	?
O0R	non-polymer	?
O0S	NON-POLYMER	?
O0U	non-polymer	?
O0V	NON-POLYMER	?
O0W	non-polymer	?
O0X	non-polymer	?
O0Y	NON-POLYMER	?
O0Z	non-polymer	?
O10	non-polymer	?
O11	NON-POLYMER	?
O12	L-peptide linking	?
O13	NON-POLYMER	?
O14	NON-POLYMER	?
O15	NON-POLYMER	?
O16	NON-POLYMER	?
O17	NON-POLYMER	?
O18	non-polymer	SER
O19	non-polymer	?
O1A	NON-POLYMER	?
O1B	non-polymer	?
O1C	NON-POLYMER	?
O1D	NON-POLYMER	?
O1E	non-polymer	?
O1F	non-polymer	?
O1G	D-saccharide, alpha linking	?
O1H	non-polymer	?
O1I	non-polymer	?
O1J	NON-POLYMER	?
O1K	non-polymer	?
O1L	non-polymer	?
O1M	NON-POLYMER	?
O1N	NON-POLYMER	?
O1O	non-polymer	?
O1Q	non-polymer	?
O1R	non-polymer	?
O1S	NON-POLYMER	?
O1T	non-polymer	?
O1U	non-polymer	?
O1V	NON-POLYMER	?
O1W	non-polymer	?
O1X	non-polymer	?
O1Y	NON-POLYMER	?
O1Z	NON-POLYMER	?
O2	NON-POLYMER	?
O20	non-polymer	?
O21	NON-POLYMER	?
O22	NON-POLYMER	?
O23	NON-POLYMER	?
O25	NON-POLYMER	?
O26	NON-POLYMER	?
O27	peptide-like	?
O28	NON-POLYMER	?
O29	NON-POLYMER	?
O2A	NON-POLYMER	?
O2B	non-polymer	?
O2C	RNA LINKING	?
O2D	NON-POLYMER	?
O2E	L-peptide linking	SER
O2F	non-polymer	?
O2G	RNA LINKING	G
O2H	non-polymer	?
O2I	non-polymer	?
O2J	NON-POLYMER	?
O2K	non-polymer	?
O2L	non-polymer	?
O2M	NON-POLYMER	?
O2N	non-polymer	?
O2O	non-polymer	?
O2P	NON-POLYMER	?
O2Q	non-polymer	?
O2R	non-polymer	?
O2S	NON-POLYMER	?
O2T	NON-POLYMER	?
O2U	non-polymer	?
O2V	non-polymer	?
O2W	NON-POLYMER	?
O2X	non-polymer	?
O2Y	NON-POLYMER	?
O2Z	RNA linking	A
O30	NON-POLYMER	?
O31	NON-POLYMER	?
O32	non-polymer	?
O33	peptide-like	?
O34	NON-POLYMER	?
O35	non-polymer	?
O36	non-polymer	?
O37	NON-POLYMER	?
O38	NON-POLYMER	?
O39	non-polymer	?
O3A	NON-POLYMER	?
O3B	non-polymer	?
O3D	NON-POLYMER	?
O3E	non-polymer	?
O3F	non-polymer	?
O3G	NON-POLYMER	?
O3H	non-polymer	?
O3I	non-polymer	?
O3J	NON-POLYMER	?
O3K	non-polymer	?
O3L	non-polymer	?
O3M	NON-POLYMER	?
O3N	non-polymer	?
O3O	non-polymer	?
O3P	NON-POLYMER	?
O3Q	non-polymer	?
O3R	non-polymer	?
O3S	NON-POLYMER	?
O3T	non-polymer	?
O3U	non-polymer	?
O3V	NON-POLYMER	?
O3W	non-polymer	?
O3Y	NON-POLYMER	?
O3Z	non-polymer	?
O40	NON-POLYMER	?
O41	NON-POLYMER	?
O42	non-polymer	?
O43	NON-POLYMER	?
O44	NON-POLYMER	?
O45	non-polymer	?
O46	non-polymer	?
O47	NON-POLYMER	?
O48	NON-POLYMER	?
O49	non-polymer	?
O4A	NON-POLYMER	?
O4B	non-polymer	?
O4C	non-polymer	?
O4D	NON-POLYMER	?
O4E	non-polymer	?
O4F	non-polymer	?
O4G	NON-POLYMER	?
O4I	non-polymer	?
O4L	non-polymer	?
O4M	NON-POLYMER	?
O4N	NON-POLYMER	?
O4O	non-polymer	?
O4P	NON-POLYMER	?
O4Q	non-polymer	?
O4R	non-polymer	?
O4S	NON-POLYMER	?
O4T	non-polymer	?
O4U	non-polymer	?
O4V	NON-POLYMER	?
O4W	non-polymer	?
O4Y	NON-POLYMER	?
O4Z	non-polymer	?
O50	non-polymer	?
O51	NON-POLYMER	?
O53	non-polymer	?
O54	NON-POLYMER	?
O55	non-polymer	?
O56	non-polymer	?
O57	NON-POLYMER	?
O58	NON-POLYMER	?
O59	NON-POLYMER	?
O5A	NON-POLYMER	?
O5B	NON-POLYMER	?
O5C	non-polymer	?
O5D	NON-POLYMER	?
O5E	NON-POLYMER	?
O5F	non-polymer	?
O5G	NON-POLYMER	?
O5H	non-polymer	?
O5I	non-polymer	?
O5J	NON-POLYMER	?
O5K	non-polymer	?
O5L	non-polymer	?
O5M	NON-POLYMER	?
O5N	non-polymer	?
O5O	non-polymer	?
O5P	NON-POLYMER	?
O5R	non-polymer	?
O5S	NON-POLYMER	?
O5T	non-polymer	?
O5U	non-polymer	?
O5V	NON-POLYMER	?
O5W	non-polymer	?
O5X	non-polymer	?
O5Y	NON-POLYMER	?
O5Z	non-polymer	?
O60	NON-POLYMER	?
O61	peptide-like	?
O62	NON-POLYMER	?
O64	NON-POLYMER	?
O65	non-polymer	?
O66	non-polymer	?
O67	NON-POLYMER	?
O68	non-polymer	?
O69	non-polymer	?
O6A	NON-POLYMER	?
O6C	non-polymer	?
O6D	NON-POLYMER	?
O6E	non-polymer	?
O6F	non-polymer	?
O6G	NON-POLYMER	?
O6H	L-peptide linking	TRP
O6I	non-polymer	?
O6J	NON-POLYMER	?
O6K	non-polymer	?
O6L	non-polymer	?
O6M	NON-POLYMER	?
O6O	non-polymer	?
O6P	NON-POLYMER	?
O6Q	non-polymer	?
O6R	non-polymer	?
O6S	NON-POLYMER	?
O6T	non-polymer	?
O6U	non-polymer	?
O6V	NON-POLYMER	?
O6W	non-polymer	?
O6X	non-polymer	?
O6Y	NON-POLYMER	?
O6Z	non-polymer	?
O71	NON-POLYMER	?
O72	non-polymer	?
O73	NON-POLYMER	?
O74	non-polymer	?
O75	NON-POLYMER	?
O76	non-polymer	?
O77	NON-POLYMER	?
O78	non-polymer	?
O7A	L-peptide linking	THR
O7B	non-polymer	?
O7C	non-polymer	?
O7D	L-peptide linking	TRP
O7E	NON-POLYMER	?
O7F	non-polymer	?
O7G	L-peptide NH3 amino terminus	VAL
O7I	non-polymer	?
O7J	NON-POLYMER	?
O7K	non-polymer	?
O7L	non-polymer	?
O7M	NON-POLYMER	?
O7N	non-polymer	?
O7O	non-polymer	?
O7P	NON-POLYMER	?
O7Q	non-polymer	?
O7R	non-polymer	?
O7S	NON-POLYMER	?
O7T	non-polymer	?
O7U	NON-POLYMER	?
O7V	NON-POLYMER	?
O7W	non-polymer	?
O7X	non-polymer	?
O7Y	NON-POLYMER	?
O7Z	non-polymer	?
O80	NON-POLYMER	?
O81	NON-POLYMER	?
O82	NON-POLYMER	?
O83	NON-POLYMER	?
O84	NON-POLYMER	?
O85	non-polymer	?
O86	non-polymer	?
O87	non-polymer	?
O88	non-polymer	?
O89	non-polymer	?
O8A	NON-POLYMER	?
O8B	NON-POLYMER	?
O8C	non-polymer	?
O8D	NON-POLYMER	?
O8F	non-polymer	?
O8G	NON-POLYMER	?
O8H	NON-POLYMER	?
O8I	non-polymer	?
O8J	NON-POLYMER	?
O8K	NON-POLYMER	?
O8L	non-polymer	?
O8M	NON-POLYMER	?
O8N	NON-POLYMER	?
O8O	non-polymer	?
O8P	NON-POLYMER	?
O8Q	non-polymer	?
O8R	non-polymer	?
O8S	NON-POLYMER	?
O8T	non-polymer	?
O8U	non-polymer	?
O8V	NON-POLYMER	?
O8W	non-polymer	?
O8X	non-polymer	?
O8Y	NON-POLYMER	?
O8Z	non-polymer	?
O90	NON-POLYMER	?
O91	NON-POLYMER	?
O92	NON-POLYMER	?
O93	non-polymer	?
O94	non-polymer	?
O95	NON-POLYMER	?
O96	NON-POLYMER	?
O97	NON-POLYMER	?
O98	non-polymer	?
O99	non-polymer	?
O9A	NON-POLYMER	?
O9B	non-polymer	?
O9C	non-polymer	?
O9D	NON-POLYMER	?
O9E	non-polymer	?
O9F	non-polymer	?
O9G	NON-POLYMER	?
O9H	non-polymer	?
O9I	non-polymer	?
O9J	NON-POLYMER	?
O9K	non-polymer	?
O9L	non-polymer	?
O9M	NON-POLYMER	?
O9N	non-polymer	?
O9O	non-polymer	?
O9P	NON-POLYMER	?
O9Q	non-polymer	?
O9R	non-polymer	?
O9S	NON-POLYMER	?
O9T	non-polymer	?
O9U	non-polymer	?
O9V	NON-POLYMER	?
O9W	non-polymer	?
O9X	non-polymer	?
O9Y	NON-POLYMER	?
O9Z	non-polymer	?
OA0	non-polymer	?
OA1	non-polymer	?
OA2	non-polymer	?
OA3	non-polymer	?
OA4	non-polymer	?
OA5	non-polymer	?
OA7	NON-POLYMER	?
OA8	non-polymer	?
OA9	non-polymer	COA
OAA	NON-POLYMER	?
OAB	non-polymer	?
OAC	NON-POLYMER	?
OAD	RNA LINKING	?
OAE	NON-POLYMER	?
OAF	NON-POLYMER	?
OAG	NON-POLYMER	?
OAH	NON-POLYMER	?
OAI	NON-POLYMER	?
OAJ	NON-POLYMER	?
OAK	D-saccharide	?
OAL	NON-POLYMER	?
OAM	NON-POLYMER	?
OAN	NON-POLYMER	?
OAO	non-polymer	?
OAP	NON-POLYMER	?
OAQ	NON-POLYMER	?
OAR	peptide-like	ARG
OAS	L-PEPTIDE LINKING	SER
OAT	non-polymer	?
OAU	non-polymer	?
OAV	NON-POLYMER	?
OAW	NON-POLYMER	?
OAX	NON-POLYMER	?
OAY	non-polymer	?
OAZ	NON-POLYMER	?
OB0	non-polymer	?
OB1	NON-POLYMER	?
OB2	NON-POLYMER	?
OB3	NON-POLYMER	?
OB4	NON-POLYMER	?
OB5	NON-POLYMER	?
OB6	NON-POLYMER	?
OB7	NON-POLYMER	?
OB8	NON-POLYMER	?
OB9	NON-POLYMER	?
OBA	NON-POLYMER	?
OBB	NON-POLYMER	?
OBC	NON-POLYMER	?
OBD	NON-POLYMER	?
OBE	NON-POLYMER	?
OBF	L-peptide linking	?
OBG	NON-POLYMER	?
OBH	NON-POLYMER	?
OBI	NON-POLYMER	?
OBJ	NON-POLYMER	?
OBK	non-polymer	?
OBL	NON-POLYMER	?
OBM	NON-POLYMER	?
OBN	NON-POLYMER	?
OBO	non-polymer	?
OBP	NON-POLYMER	?
OBQ	non-polymer	?
OBR	non-polymer	?
OBS	L-PEPTIDE LINKING	LYS
OBT	NON-POLYMER	?
OBV	non-polymer	?
OBW	non-polymer	?
OBX	non-polymer	?
OBY	NON-POLYMER	?
OBZ	NON-POLYMER	?
OC0	non-polymer	?
OC1	NON-POLYMER	?
OC2	NON-POLYMER	?
OC3	NON-POLYMER	?
OC4	NON-POLYMER	?
OC5	NON-POLYMER	?
OC6	NON-POLYMER	?
OC7	NON-POLYMER	?
OC8	NON-POLYMER	?
OC9	NON-POLYMER	?
OCA	NON-POLYMER	?
OCB	NON-POLYMER	?
OCC	NON-POLYMER	?
OCD	NON-POLYMER	?
OCE	NON-POLYMER	?
OCF	non-polymer	PMP
OCG	NON-POLYMER	?
OCH	NON-POLYMER	?
OCI	non-polymer	?
OCJ	NON-POLYMER	?
OCK	non-polymer	?
OCL	NON-POLYMER	?
OCM	NON-POLYMER	?
OCN	NON-POLYMER	?
OCO	NON-POLYMER	?
OCP	NON-POLYMER	?
OCQ	NON-POLYMER	?
OCR	NON-POLYMER	?
OCS	L-PEPTIDE LINKING	CYS
OCT	NON-POLYMER	?
OCU	non-polymer	?
OCV	NON-POLYMER	?
OCW	non-polymer	?
OCX	NON-POLYMER	?
OCY	L-PEPTIDE LINKING	CYS
OCZ	non-polymer	?
OD0	non-polymer	?
OD1	NON-POLYMER	?
OD2	non-polymer	?
OD3	non-polymer	?
OD4	NON-POLYMER	?
OD5	non-polymer	?
OD6	non-polymer	?
OD7	non-polymer	?
OD8	non-polymer	?
OD9	non-polymer	?
ODA	PEPTIDE-LIKE	?
ODB	peptide-like	?
ODC	non-polymer	?
ODD	NON-POLYMER	?
ODE	NON-POLYMER	?
ODF	non-polymer	?
ODG	NON-POLYMER	?
ODH	NON-POLYMER	?
ODI	NON-POLYMER	?
ODJ	NON-POLYMER	?
ODK	NON-POLYMER	?
ODL	non-polymer	?
ODM	NON-POLYMER	?
ODN	NON-POLYMER	?
ODO	non-polymer	?
ODP	RNA LINKING	?
ODQ	non-polymer	?
ODR	NON-POLYMER	?
ODS	peptide-like	?
ODT	NON-POLYMER	?
ODU	non-polymer	?
ODV	NON-POLYMER	?
ODW	non-polymer	?
ODX	non-polymer	?
ODY	NON-POLYMER	?
ODZ	non-polymer	?
OE0	non-polymer	?
OE1	non-polymer	?
OE2	non-polymer	?
OE3	non-polymer	?
OE4	NON-POLYMER	?
OE5	non-polymer	?
OE6	non-polymer	?
OE7	NON-POLYMER	?
OE8	non-polymer	?
OE9	non-polymer	?
OEA	NON-POLYMER	?
OEB	non-polymer	?
OEC	NON-POLYMER	?
OED	NON-POLYMER	?
OEE	non-polymer	?
OEF	NON-POLYMER	?
OEG	NON-POLYMER	?
OEH	non-polymer	?
OEI	non-polymer	?
OEJ	NON-POLYMER	?
OEK	non-polymer	?
OEL	L-saccharide	?
OEM	D-peptide linking	?
OEN	non-polymer	?
OEO	non-polymer	?
OEP	NON-POLYMER	?
OEQ	non-polymer	?
OER	NON-POLYMER	?
OES	NON-POLYMER	?
OET	NON-POLYMER	?
OEU	PEPTIDE-LIKE	?
OEV	NON-POLYMER	?
OEW	non-polymer	?
OEX	NON-POLYMER	?
OEY	NON-POLYMER	?
OEZ	non-polymer	?
OF1	NON-POLYMER	?
OF2	NON-POLYMER	?
OF3	NON-POLYMER	?
OF4	NON-POLYMER	?
OF5	non-polymer	?
OF6	non-polymer	?
OF7	NON-POLYMER	?
OF8	non-polymer	?
OF9	non-polymer	?
OFB	NON-POLYMER	?
OFC	L-DNA linking	?
OFD	NON-POLYMER	?
OFE	non-polymer	?
OFF	NON-POLYMER	?
OFG	non-polymer	?
OFH	NON-POLYMER	?
OFI	NON-POLYMER	?
OFJ	NON-POLYMER	?
OFK	non-polymer	?
OFL	NON-POLYMER	?
OFM	L-PEPTIDE LINKING	PHE, GLY, TYR, GLY
OFN	non-polymer	?
OFO	NON-POLYMER	?
OFQ	non-polymer	?
OFR	non-polymer	?
OFT	NON-POLYMER	?
OFU	non-polymer	?
OFW	non-polymer	?
OFX	non-polymer	?
OFZ	non-polymer	?
OG0	non-polymer	?
OG1	NON-POLYMER	?
OG2	non-polymer	?
OG3	non-polymer	?
OG4	NON-POLYMER	?
OG5	non-polymer	?
OG6	non-polymer	?
OG7	NON-POLYMER	?
OG8	non-polymer	?
OG9	non-polymer	?
OGA	NON-POLYMER	?
OGB	non-polymer	?
OGC	L-peptide linking	HIS
OGE	non-polymer	?
OGF	non-polymer	?
OGG	NON-POLYMER	?
OGH	non-polymer	?
OGJ	NON-POLYMER	?
OGK	NON-POLYMER	?
OGL	non-polymer	?
OGM	NON-POLYMER	?
OGN	NON-POLYMER	?
OGO	non-polymer	?
OGQ	non-polymer	?
OGR	non-polymer	?
OGS	NON-POLYMER	?
OGT	NON-POLYMER	?
OGU	L-peptide NH3 amino terminus	ACY
OGV	non-polymer	?
OGX	DNA linking	DG
OGY	NON-POLYMER	?
OGZ	L-peptide linking	?
OH	NON-POLYMER	?
OH0	non-polymer	?
OH1	NON-POLYMER	?
OH4	NON-POLYMER	?
OH5	non-polymer	?
OH6	non-polymer	?
OH7	NON-POLYMER	?
OH8	non-polymer	?
OH9	non-polymer	?
OHA	NON-POLYMER	?
OHB	NON-POLYMER	?
OHC	non-polymer	?
OHD	L-peptide linking	ALA,TYR,GLY
OHE	NON-POLYMER	?
OHF	non-polymer	?
OHG	NON-POLYMER	?
OHH	NON-POLYMER	?
OHI	L-PEPTIDE LINKING	HIS
OHJ	NON-POLYMER	?
OHK	non-polymer	?
OHL	NON-POLYMER	?
OHM	NON-POLYMER	?
OHN	NON-POLYMER	?
OHO	NON-POLYMER	?
OHP	NON-POLYMER	?
OHR	non-polymer	?
OHS	L-PEPTIDE LINKING	ASP
OHT	NON-POLYMER	?
OHU	DNA linking	DU
OHV	NON-POLYMER	?
OHW	non-polymer	?
OHX	NON-POLYMER	?
OHY	NON-POLYMER	?
OHZ	non-polymer	?
OI1	NON-POLYMER	?
OI2	non-polymer	?
OI3	non-polymer	?
OI4	non-polymer	?
OI5	non-polymer	?
OI6	non-polymer	?
OI7	D-saccharide, beta linking	?
OI9	non-polymer	?
OIA	non-polymer	?
OIB	L-beta-peptide, C-gamma linking	?
OIC	L-PEPTIDE LINKING	?
OID	NON-POLYMER	?
OIE	non-polymer	?
OIF	non-polymer	?
OIG	non-polymer	?
OIH	non-polymer	?
OIJ	non-polymer	?
OIK	non-polymer	?
OIL	NON-POLYMER	?
OIM	L-PEPTIDE LINKING	ILE, GLY, TYR, GLY
OIN	NON-POLYMER	?
OIO	NON-POLYMER	?
OIP	DNA LINKING	DI
OIQ	DNA linking	?
OIR	NON-POLYMER	?
OIS	NON-POLYMER	?
OIT	non-polymer	?
OIW	non-polymer	?
OIX	non-polymer	?
OIY	non-polymer	?
OIZ	non-polymer	?
OJ0	non-polymer	?
OJ1	NON-POLYMER	?
OJ2	non-polymer	?
OJ3	non-polymer	?
OJ4	NON-POLYMER	?
OJ5	non-polymer	?
OJ6	non-polymer	?
OJ7	NON-POLYMER	?
OJ8	NON-POLYMER	?
OJ9	non-polymer	?
OJA	non-polymer	?
OJB	non-polymer	?
OJC	non-polymer	?
OJD	non-polymer	?
OJF	non-polymer	?
OJG	NON-POLYMER	?
OJH	non-polymer	?
OJI	non-polymer	?
OJJ	NON-POLYMER	?
OJK	non-polymer	?
OJL	non-polymer	?
OJM	NON-POLYMER	?
OJN	non-polymer	?
OJO	non-polymer	?
OJP	NON-POLYMER	?
OJQ	non-polymer	?
OJR	non-polymer	?
OJT	non-polymer	?
OJU	non-polymer	?
OJW	non-polymer	?
OJX	non-polymer	?
OJY	L-peptide linking	?
OK0	non-polymer	?
OK1	NON-POLYMER	?
OK2	non-polymer	?
OK3	non-polymer	?
OK4	peptide-like	?
OK5	non-polymer	?
OK6	non-polymer	?
OK7	NON-POLYMER	?
OK8	non-polymer	?
OK9	non-polymer	?
OKA	NON-POLYMER	?
OKC	non-polymer	?
OKD	non-polymer	?
OKE	non-polymer	?
OKF	non-polymer	?
OKG	NON-POLYMER	?
OKH	NON-POLYMER	?
OKI	NON-POLYMER	?
OKJ	NON-POLYMER	?
OKL	non-polymer	?
OKM	NON-POLYMER	?
OKN	DNA linking	DC
OKO	non-polymer	?
OKP	NON-POLYMER	?
OKQ	DNA linking	DC
OKR	non-polymer	?
OKS	NON-POLYMER	?
OKT	DNA linking	DU
OKU	non-polymer	?
OKV	NON-POLYMER	?
OKW	non-polymer	?
OKX	non-polymer	?
OKY	NON-POLYMER	?
OKZ	non-polymer	?
OL0	non-polymer	?
OL1	non-polymer	?
OL2	non-polymer	?
OL3	NON-POLYMER	?
OL4	NON-POLYMER	?
OL5	NON-POLYMER	?
OL6	non-polymer	?
OL7	NON-POLYMER	?
OL8	non-polymer	?
OL9	non-polymer	?
OLA	NON-POLYMER	?
OLB	NON-POLYMER	?
OLC	NON-POLYMER	?
OLD	L-PEPTIDE LINKING	HIS
OLE	L-PEPTIDE LINKING	?
OLF	NON-POLYMER	?
OLI	NON-POLYMER	?
OLJ	NON-POLYMER	?
OLM	NON-POLYMER	?
OLN	NON-POLYMER	?
OLO	NON-POLYMER	?
OLP	NON-POLYMER	?
OLQ	non-polymer	?
OLR	non-polymer	?
OLS	NON-POLYMER	?
OLT	L-PEPTIDE LINKING	THR
OLU	NON-POLYMER	?
OLV	NON-POLYMER	?
OLW	NON-POLYMER	?
OLX	non-polymer	?
OLY	NON-POLYMER	?
OLZ	L-PEPTIDE LINKING	SER
OM0	non-polymer	?
OM1	NON-POLYMER	?
OM2	NON-POLYMER	?
OM3	NON-POLYMER	?
OM4	NON-POLYMER	?
OM6	non-polymer	?
OM7	NON-POLYMER	?
OM8	non-polymer	?
OMA	NON-POLYMER	?
OMB	NON-POLYMER	?
OMC	RNA LINKING	C
OMD	NON-POLYMER	?
OME	NON-POLYMER	?
OMF	NON-POLYMER	?
OMG	RNA LINKING	G
OMH	L-peptide linking	SER
OMI	NON-POLYMER	?
OMJ	NON-POLYMER	?
OMK	NON-POLYMER	?
OML	non-polymer	?
OMM	NON-POLYMER	?
OMN	NON-POLYMER	?
OMO	NON-POLYMER	?
OMP	NON-POLYMER	?
OMR	NON-POLYMER	?
OMS	NON-POLYMER	?
OMT	L-PEPTIDE LINKING	MET
OMU	RNA LINKING	U
OMV	NON-POLYMER	?
OMW	non-polymer	?
OMX	L-PEPTIDE LINKING	TYR
OMY	L-PEPTIDE LINKING	TYR
OMZ	D-PEPTIDE LINKING	?
ON0	NON-POLYMER	?
ON1	NON-POLYMER	?
ON2	non-polymer	?
ON3	NON-POLYMER	?
ON4	NON-POLYMER	?
ON5	NON-POLYMER	?
ON6	non-polymer	?
ON7	NON-POLYMER	?
ON8	non-polymer	?
ON9	NON-POLYMER	?
ONA	NON-POLYMER	?
ONB	NON-POLYMER	?
ONC	NON-POLYMER	?
OND	NON-POLYMER	?
ONE	RNA LINKING	U
ONF	non-polymer	?
ONG	NON-POLYMER	?
ONH	L-peptide linking	ALA
ONJ	NON-POLYMER	?
ONK	peptide-like	?
ONL	L-PEPTIDE LINKING	?
ONM	NON-POLYMER	?
ONN	non-polymer	?
ONO	NON-POLYMER	?
ONP	NON-POLYMER	?
ONQ	non-polymer	?
ONR	NON-POLYMER	?
ONS	NON-POLYMER	?
ONT	non-polymer	?
ONU	non-polymer	?
ONV	NON-POLYMER	?
ONW	non-polymer	?
ONX	NON-POLYMER	?
ONY	NON-POLYMER	?
ONZ	NON-POLYMER	?
OO0	NON-POLYMER	CYS
OO1	peptide-like	?
OO2	non-polymer	?
OO3	non-polymer	?
OO4	NON-POLYMER	?
OO5	non-polymer	?
OO6	non-polymer	?
OO7	NON-POLYMER	?
OO8	non-polymer	?
OO9	non-polymer	?
OOA	NON-POLYMER	?
OOB	RNA OH 5 prime terminus	?
OOC	non-polymer	?
OOD	NON-POLYMER	?
OOE	non-polymer	?
OOF	NON-POLYMER	?
OOG	non-polymer	?
OOH	non-polymer	?
OOI	non-polymer	?
OOJ	NON-POLYMER	?
OOK	NON-POLYMER	?
OOL	non-polymer	?
OOM	NON-POLYMER	?
OOO	NON-POLYMER	?
OOP	NON-POLYMER	?
OOQ	NON-POLYMER	?
OOS	NON-POLYMER	?
OOU	NON-POLYMER	?
OOV	NON-POLYMER	?
OOW	non-polymer	?
OOX	non-polymer	?
OOY	NON-POLYMER	?
OOZ	non-polymer	?
OP0	NON-POLYMER	?
OP1	NON-POLYMER	?
OP2	non-polymer	?
OP3	non-polymer	?
OP4	NON-POLYMER	?
OP5	non-polymer	?
OP6	non-polymer	?
OP7	NON-POLYMER	?
OP8	non-polymer	?
OP9	non-polymer	?
OPA	NON-POLYMER	?
OPB	NON-POLYMER	?
OPC	NON-POLYMER	?
OPD	NON-POLYMER	?
OPE	NON-POLYMER	?
OPF	peptide-like	?
OPG	NON-POLYMER	?
OPH	NON-POLYMER	?
OPI	NON-POLYMER	?
OPJ	NON-POLYMER	?
OPK	non-polymer	?
OPL	NON-POLYMER	?
OPM	D-saccharide	MAN
OPN	NON-POLYMER	?
OPO	non-polymer	?
OPP	NON-POLYMER	?
OPQ	NON-POLYMER	?
OPR	peptide-like	?
OPS	NON-POLYMER	?
OPT	NON-POLYMER	?
OPU	non-polymer	?
OPV	NON-POLYMER	?
OPW	non-polymer	?
OPX	NON-POLYMER	?
OPY	NON-POLYMER	?
OPZ	NON-POLYMER	?
OQ1	NON-POLYMER	?
OQ2	non-polymer	?
OQ3	non-polymer	?
OQ4	non-polymer	?
OQ5	non-polymer	?
OQ6	non-polymer	?
OQ7	NON-POLYMER	?
OQ8	non-polymer	?
OQ9	non-polymer	?
OQA	NON-POLYMER	?
OQB	NON-POLYMER	?
OQC	NON-POLYMER	?
OQD	NON-POLYMER	?
OQE	non-polymer	?
OQF	non-polymer	?
OQG	NON-POLYMER	?
OQH	non-polymer	?
OQI	non-polymer	?
OQJ	NON-POLYMER	?
OQK	non-polymer	?
OQL	non-polymer	?
OQM	NON-POLYMER	?
OQN	non-polymer	?
OQO	non-polymer	?
OQP	NON-POLYMER	?
OQQ	non-polymer	?
OQR	NON-POLYMER	?
OQS	NON-POLYMER	?
OQT	non-polymer	?
OQU	non-polymer	?
OQV	NON-POLYMER	?
OQW	non-polymer	?
OQX	non-polymer	?
OQY	NON-POLYMER	?
OQZ	non-polymer	?
OR0	non-polymer	?
OR1	NON-POLYMER	?
OR4	NON-POLYMER	?
OR5	NON-POLYMER	?
OR6	non-polymer	?
OR7	NON-POLYMER	?
OR8	non-polymer	?
OR9	non-polymer	?
ORA	NON-POLYMER	?
ORB	NON-POLYMER	?
ORC	non-polymer	?
ORD	D-PEPTIDE LINKING	?
ORE	NON-POLYMER	?
ORF	non-polymer	?
ORG	NON-POLYMER	?
ORH	NON-POLYMER	?
ORI	NON-POLYMER	?
ORJ	NON-POLYMER	?
ORK	non-polymer	?
ORL	non-polymer	?
ORM	NON-POLYMER	?
ORN	L-PEPTIDE LINKING	ALA
ORO	NON-POLYMER	?
ORP	SACCHARIDE	?
ORQ	L-PEPTIDE LINKING	ARG
ORR	non-polymer	?
ORS	NON-POLYMER	?
ORT	non-polymer	?
ORU	non-polymer	?
ORV	NON-POLYMER	?
ORW	non-polymer	?
ORX	NON-POLYMER	?
ORZ	non-polymer	?
OS	NON-POLYMER	?
OS0	non-polymer	?
OS1	NON-POLYMER	?
OS2	NON-POLYMER	?
OS3	NON-POLYMER	?
OS4	NON-POLYMER	?
OS5	NON-POLYMER	?
OS6	NON-POLYMER	?
OS7	NON-POLYMER	?
OS8	non-polymer	?
OS9	non-polymer	?
OSA	NON-POLYMER	?
OSB	NON-POLYMER	?
OSC	NON-POLYMER	?
OSD	NON-POLYMER	?
OSE	L-PEPTIDE LINKING	SER
OSF	NON-POLYMER	?
OSG	NON-POLYMER	?
OSI	non-polymer	?
OSJ	NON-POLYMER	?
OSL	NON-POLYMER	?
OSM	NON-POLYMER	?
OSN	non-polymer	?
OSO	non-polymer	?
OSP	NON-POLYMER	?
OSQ	non-polymer	?
OSR	non-polymer	?
OSS	NON-POLYMER	?
OST	NON-POLYMER	?
OSU	saccharide	?
OSV	NON-POLYMER	?
OSW	non-polymer	?
OSX	non-polymer	?
OSY	NON-POLYMER	?
OSZ	non-polymer	?
OT0	non-polymer	?
OT1	NON-POLYMER	?
OT2	non-polymer	?
OT4	NON-POLYMER	?
OT5	non-polymer	?
OT6	non-polymer	?
OT7	non-polymer	?
OT8	non-polymer	?
OT9	non-polymer	?
OTA	NON-POLYMER	?
OTB	L-PEPTIDE LINKING	?
OTC	non-polymer	?
OTD	NON-POLYMER	?
OTE	NON-POLYMER	?
OTF	non-polymer	?
OTG	D-saccharide, alpha linking	PA1
OTH	L-PEPTIDE LINKING	THR
OTI	non-polymer	?
OTJ	non-polymer	?
OTK	NON-POLYMER	?
OTL	non-polymer	?
OTM	non-polymer	?
OTN	D-saccharide	?
OTO	non-polymer	?
OTP	NON-POLYMER	?
OTQ	non-polymer	?
OTR	NON-POLYMER	?
OTS	NON-POLYMER	?
OTT	NON-POLYMER	?
OTU	D-saccharide	GLC
OTV	non-polymer	?
OTW	non-polymer	?
OTX	non-polymer	?
OTY	L-PEPTIDE LINKING	?
OTZ	peptide linking	GLY, SER, CYS
OU0	non-polymer	?
OU1	NON-POLYMER	?
OU2	non-polymer	?
OU3	non-polymer	?
OU4	NON-POLYMER	?
OU5	non-polymer	?
OU6	non-polymer	?
OU7	NON-POLYMER	?
OU9	non-polymer	?
OUA	NON-POLYMER	?
OUB	non-polymer	?
OUC	NON-POLYMER	?
OUD	NON-POLYMER	?
OUE	NON-POLYMER	?
OUF	non-polymer	?
OUG	NON-POLYMER	?
OUH	NON-POLYMER	?
OUI	NON-POLYMER	?
OUJ	NON-POLYMER	?
OUK	NON-POLYMER	?
OUL	NON-POLYMER	?
OUM	NON-POLYMER	?
OUO	non-polymer	?
OUP	NON-POLYMER	?
OUQ	non-polymer	?
OUR	NON-POLYMER	?
OUS	NON-POLYMER	?
OUT	NON-POLYMER	?
OUU	non-polymer	?
OUW	non-polymer	?
OUY	NON-POLYMER	?
OUZ	non-polymer	?
OV0	non-polymer	?
OV1	peptide-like	?
OV2	peptide-like	?
OV3	non-polymer	?
OV4	non-polymer	?
OV5	non-polymer	?
OV6	non-polymer	?
OV7	D-peptide linking	?
OV8	non-polymer	?
OV9	non-polymer	?
OVA	NON-POLYMER	?
OVB	non-polymer	?
OVC	non-polymer	?
OVD	non-polymer	?
OVE	NON-POLYMER	?
OVF	non-polymer	?
OVG	NON-POLYMER	?
OVH	non-polymer	?
OVI	non-polymer	?
OVJ	NON-POLYMER	?
OVK	non-polymer	?
OVL	non-polymer	?
OVM	NON-POLYMER	?
OVN	non-polymer	?
OVO	non-polymer	?
OVP	NON-POLYMER	?
OVQ	non-polymer	?
OVR	non-polymer	?
OVS	NON-POLYMER	?
OVT	non-polymer	?
OVU	non-polymer	?
OVV	NON-POLYMER	?
OVW	non-polymer	?
OVX	non-polymer	?
OVY	NON-POLYMER	?
OVZ	non-polymer	?
OW0	non-polymer	?
OW1	non-polymer	?
OW2	non-polymer	?
OW4	NON-POLYMER	?
OW5	non-polymer	?
OW6	non-polymer	?
OW7	NON-POLYMER	?
OW8	non-polymer	?
OW9	non-polymer	?
OWA	NON-POLYMER	?
OWB	non-polymer	?
OWC	non-polymer	?
OWD	NON-POLYMER	?
OWF	D-peptide linking	?
OWG	NON-POLYMER	?
OWH	non-polymer	?
OWI	non-polymer	?
OWJ	NON-POLYMER	?
OWK	non-polymer	?
OWL	NON-POLYMER	?
OWM	NON-POLYMER	?
OWN	non-polymer	?
OWO	non-polymer	?
OWP	NON-POLYMER	?
OWQ	non-polymer	?
OWR	DNA linking	?
OWS	NON-POLYMER	?
OWT	non-polymer	?
OWU	non-polymer	?
OWV	non-polymer	?
OWW	non-polymer	?
OWX	non-polymer	?
OWY	NON-POLYMER	?
OWZ	non-polymer	?
OX	NON-POLYMER	?
OX0	non-polymer	?
OX1	NON-POLYMER	?
OX2	D-saccharide	?
OX3	NON-POLYMER	?
OX4	NON-POLYMER	?
OX5	NON-POLYMER	?
OX6	NON-POLYMER	?
OX7	NON-POLYMER	?
OX8	non-polymer	?
OX9	non-polymer	?
OXA	NON-POLYMER	?
OXB	non-polymer	?
OXC	NON-POLYMER	?
OXD	NON-POLYMER	?
OXE	NON-POLYMER	?
OXF	non-polymer	?
OXG	NON-POLYMER	?
OXI	NON-POLYMER	?
OXJ	NON-POLYMER	?
OXK	NON-POLYMER	?
OXL	NON-POLYMER	?
OXM	NON-POLYMER	?
OXN	NON-POLYMER	?
OXO	NON-POLYMER	?
OXP	NON-POLYMER	?
OXQ	NON-POLYMER	?
OXR	NON-POLYMER	?
OXS	NON-POLYMER	?
OXT	NON-POLYMER	?
OXU	non-polymer	AYE
OXV	NON-POLYMER	?
OXW	non-polymer	?
OXX	L-PEPTIDE LINKING	ASP
OXY	NON-POLYMER	?
OXZ	NON-POLYMER	?
OY0	NON-POLYMER	?
OY2	non-polymer	?
OY3	non-polymer	?
OY4	NON-POLYMER	?
OY5	non-polymer	?
OY6	non-polymer	?
OY7	non-polymer	?
OY8	non-polymer	?
OY9	non-polymer	?
OYA	NON-POLYMER	?
OYB	non-polymer	?
OYD	non-polymer	?
OYE	non-polymer	?
OYF	non-polymer	?
OYG	NON-POLYMER	?
OYH	non-polymer	?
OYI	non-polymer	?
OYJ	non-polymer	?
OYK	non-polymer	?
OYL	L-peptide linking	HIS
OYN	non-polymer	?
OYO	non-polymer	?
OYP	NON-POLYMER	?
OYQ	NON-POLYMER	?
OYR	non-polymer	?
OYS	NON-POLYMER	?
OYT	non-polymer	?
OYU	non-polymer	?
OYV	non-polymer	?
OYW	RNA linking	?
OYX	non-polymer	?
OYZ	non-polymer	?
OZ0	non-polymer	?
OZ1	NON-POLYMER	?
OZ2	NON-POLYMER	?
OZ3	L-peptide COOH carboxy terminus	GLY
OZ4	NON-POLYMER	?
OZ5	non-polymer	?
OZ6	non-polymer	?
OZ7	NON-POLYMER	?
OZ8	non-polymer	?
OZ9	non-polymer	?
OZA	NON-POLYMER	?
OZB	non-polymer	?
OZC	non-polymer	?
OZD	NON-POLYMER	?
OZE	non-polymer	?
OZF	non-polymer	?
OZG	NON-POLYMER	?
OZH	non-polymer	?
OZI	non-polymer	?
OZJ	non-polymer	?
OZK	non-polymer	?
OZL	non-polymer	?
OZM	NON-POLYMER	?
OZN	non-polymer	?
OZO	non-polymer	?
OZP	NON-POLYMER	?
OZQ	non-polymer	?
OZR	NON-POLYMER	?
OZS	NON-POLYMER	?
OZT	L-peptide NH3 amino terminus	?
OZU	non-polymer	?
OZV	NON-POLYMER	?
OZW	L-peptide linking	PHE
OZX	non-polymer	?
OZY	NON-POLYMER	?
OZZ	NON-POLYMER	?
P	DNA LINKING	DG
P00	NON-POLYMER	?
P01	NON-POLYMER	?
P02	NON-POLYMER	?
P03	NON-POLYMER	?
P04	NON-POLYMER	?
P05	peptide-like	?
P06	NON-POLYMER	?
P07	NON-POLYMER	?
P08	non-polymer	?
P09	NON-POLYMER	?
P0A	D-peptide linking	?
P0B	non-polymer	?
P0C	NON-POLYMER	?
P0D	NON-POLYMER	?
P0E	NON-POLYMER	?
P0F	NON-POLYMER	?
P0G	NON-POLYMER	?
P0H	peptide-like	?
P0I	non-polymer	?
P0J	NON-POLYMER	?
P0K	non-polymer	?
P0L	PEPTIDE-LIKE	?
P0M	non-polymer	?
P0N	non-polymer	?
P0O	non-polymer	?
P0P	NON-POLYMER	?
P0Q	non-polymer	?
P0S	NON-POLYMER	?
P0T	NON-POLYMER	?
P0U	non-polymer	?
P0V	NON-POLYMER	?
P0W	non-polymer	?
P0X	non-polymer	?
P0Y	peptide-like	?
P0Z	non-polymer	?
P10	NON-POLYMER	?
P11	NON-POLYMER	?
P12	NON-POLYMER	?
P13	NON-POLYMER	?
P14	NON-POLYMER	?
P15	NON-POLYMER	?
P16	NON-POLYMER	?
P17	NON-POLYMER	?
P18	non-polymer	?
P19	NON-POLYMER	?
P1A	NON-POLYMER	?
P1B	non-polymer	?
P1C	NON-POLYMER	?
P1D	NON-POLYMER	?
P1E	NON-POLYMER	?
P1F	non-polymer	?
P1G	NON-POLYMER	?
P1H	NON-POLYMER	?
P1J	NON-POLYMER	?
P1K	NON-POLYMER	?
P1L	L-PEPTIDE LINKING	CYS
P1M	NON-POLYMER	?
P1O	NON-POLYMER	?
P1P	RNA LINKING	?
P1Q	non-polymer	?
P1R	NON-POLYMER	?
P1S	NON-POLYMER	?
P1T	NON-POLYMER	?
P1U	non-polymer	?
P1V	non-polymer	?
P1W	non-polymer	?
P1X	non-polymer	?
P1Y	NON-POLYMER	?
P1Z	NON-POLYMER	?
P20	NON-POLYMER	?
P21	non-polymer	?
P22	NON-POLYMER	?
P23	NON-POLYMER	?
P24	NON-POLYMER	?
P25	NON-POLYMER	?
P26	NON-POLYMER	?
P27	NON-POLYMER	?
P28	NON-POLYMER	?
P29	NON-POLYMER	?
P2A	NON-POLYMER	?
P2B	NON-POLYMER	?
P2C	NON-POLYMER	?
P2D	NON-POLYMER	?
P2E	NON-POLYMER	?
P2F	non-polymer	?
P2G	NON-POLYMER	?
P2H	NON-POLYMER	?
P2I	NON-POLYMER	?
P2J	NON-POLYMER	?
P2K	NON-POLYMER	?
P2L	NON-POLYMER	?
P2M	NON-POLYMER	?
P2N	NON-POLYMER	?
P2O	NON-POLYMER	?
P2P	NON-POLYMER	?
P2Q	L-peptide linking	TYR
P2R	non-polymer	?
P2S	NON-POLYMER	?
P2T	RNA LINKING	DT
P2U	DNA LINKING	DU
P2V	non-polymer	?
P2X	NON-POLYMER	?
P2Y	L-PEPTIDE LINKING	PRO
P2Z	NON-POLYMER	?
P30	NON-POLYMER	?
P31	NON-POLYMER	?
P32	non-polymer	?
P33	NON-POLYMER	?
P34	NON-POLYMER	?
P35	NON-POLYMER	?
P36	NON-POLYMER	?
P37	NON-POLYMER	?
P38	NON-POLYMER	?
P39	NON-POLYMER	?
P3A	NON-POLYMER	?
P3B	NON-POLYMER	?
P3C	NON-POLYMER	?
P3D	NON-POLYMER	?
P3E	non-polymer	?
P3F	NON-POLYMER	?
P3G	NON-POLYMER	?
P3H	NON-POLYMER	?
P3I	non-polymer	?
P3J	non-polymer	?
P3K	non-polymer	?
P3L	non-polymer	?
P3N	PEPTIDE-LIKE	?
P3O	non-polymer	?
P3P	NON-POLYMER	?
P3Q	L-peptide linking	TYR
P3R	non-polymer	?
P3S	NON-POLYMER	?
P3T	NON-POLYMER	?
P3U	non-polymer	?
P3V	NON-POLYMER	?
P3X	non-polymer	?
P3Y	NON-POLYMER	?
P3Z	NON-POLYMER	?
P40	NON-POLYMER	?
P41	NON-POLYMER	?
P42	NON-POLYMER	?
P43	non-polymer	?
P44	NON-POLYMER	?
P45	NON-POLYMER	?
P46	NON-POLYMER	?
P47	NON-POLYMER	?
P48	non-polymer	?
P49	non-polymer	?
P4A	NON-POLYMER	?
P4B	non-polymer	?
P4C	NON-POLYMER	?
P4D	PEPTIDE-LIKE	?
P4E	L-PEPTIDE LINKING	?
P4F	D-PEPTIDE LINKING	?
P4G	NON-POLYMER	?
P4H	non-polymer	?
P4I	non-polymer	?
P4J	NON-POLYMER	?
P4K	NON-POLYMER	?
P4L	NON-POLYMER	?
P4M	non-polymer	?
P4N	non-polymer	?
P4O	NON-POLYMER	?
P4P	NON-POLYMER	?
P4Q	non-polymer	?
P4R	non-polymer	?
P4S	NON-POLYMER	?
P4T	non-polymer	?
P4U	RNA linking	U
P4V	non-polymer	?
P4W	non-polymer	?
P4X	non-polymer	?
P4Y	NON-POLYMER	?
P4Z	non-polymer	?
P50	NON-POLYMER	?
P51	non-polymer	?
P52	NON-POLYMER	?
P53	D-saccharide	BGC
P54	NON-POLYMER	?
P55	NON-POLYMER	?
P57	NON-POLYMER	?
P58	NON-POLYMER	?
P59	NON-POLYMER	?
P5A	NON-POLYMER	?
P5B	NON-POLYMER	?
P5C	NON-POLYMER	?
P5D	PEPTIDE-LIKE	?
P5E	non-polymer	?
P5F	NON-POLYMER	?
P5G	NON-POLYMER	?
P5H	non-polymer	?
P5I	non-polymer	?
P5J	NON-POLYMER	?
P5K	NON-POLYMER	?
P5L	non-polymer	?
P5M	NON-POLYMER	?
P5N	non-polymer	?
P5O	non-polymer	?
P5P	RNA LINKING	A
P5Q	non-polymer	?
P5R	non-polymer	?
P5S	NON-POLYMER	?
P5T	non-polymer	?
P5U	NON-POLYMER	SER
P5V	NON-POLYMER	?
P5W	non-polymer	?
P5X	non-polymer	?
P5Y	NON-POLYMER	?
P5Z	non-polymer	?
P60	NON-POLYMER	?
P61	NON-POLYMER	?
P62	non-polymer	?
P63	NON-POLYMER	?
P64	NON-POLYMER	?
P65	NON-POLYMER	?
P66	NON-POLYMER	?
P68	NON-POLYMER	?
P69	NON-POLYMER	?
P6A	NON-POLYMER	?
P6B	NON-POLYMER	?
P6C	NON-POLYMER	?
P6D	NON-POLYMER	?
P6E	non-polymer	?
P6F	NON-POLYMER	?
P6G	NON-POLYMER	?
P6H	non-polymer	?
P6I	non-polymer	?
P6J	NON-POLYMER	?
P6L	NON-POLYMER	?
P6M	NON-POLYMER	?
P6N	non-polymer	?
P6O	non-polymer	?
P6P	D-saccharide, alpha linking	Z9N
P6Q	non-polymer	?
P6R	non-polymer	?
P6S	NON-POLYMER	?
P6T	NON-POLYMER	?
P6U	NON-POLYMER	?
P6V	NON-POLYMER	?
P6W	non-polymer	?
P6X	non-polymer	?
P6Y	NON-POLYMER	?
P6Z	non-polymer	?
P70	NON-POLYMER	?
P71	NON-POLYMER	?
P72	non-polymer	?
P73	non-polymer	?
P74	non-polymer	?
P75	non-polymer	?
P76	NON-POLYMER	?
P77	NON-POLYMER	?
P78	NON-POLYMER	?
P79	NON-POLYMER	?
P7A	NON-POLYMER	?
P7B	NON-POLYMER	?
P7C	NON-POLYMER	?
P7D	NON-POLYMER	?
P7E	non-polymer	?
P7F	NON-POLYMER	?
P7G	RNA linking	G
P7H	non-polymer	?
P7I	NON-POLYMER	?
P7J	NON-POLYMER	?
P7K	non-polymer	?
P7L	non-polymer	?
P7M	NON-POLYMER	?
P7N	non-polymer	?
P7Q	non-polymer	?
P7R	non-polymer	?
P7S	NON-POLYMER	?
P7T	non-polymer	?
P7U	non-polymer	?
P7V	NON-POLYMER	?
P7W	non-polymer	?
P7Y	NON-POLYMER	?
P7Z	non-polymer	?
P80	NON-POLYMER	?
P81	NON-POLYMER	?
P82	non-polymer	?
P83	non-polymer	?
P84	NON-POLYMER	?
P85	NON-POLYMER	?
P86	NON-POLYMER	?
P87	NON-POLYMER	?
P88	NON-POLYMER	?
P89	NON-POLYMER	?
P8A	non-polymer	?
P8B	non-polymer	?
P8C	non-polymer	?
P8D	NON-POLYMER	?
P8E	D-saccharide, beta linking	?
P8F	non-polymer	?
P8G	NON-POLYMER	?
P8H	NON-POLYMER	?
P8J	NON-POLYMER	?
P8K	non-polymer	?
P8L	non-polymer	?
P8M	NON-POLYMER	?
P8N	non-polymer	?
P8O	non-polymer	?
P8P	NON-POLYMER	?
P8Q	non-polymer	?
P8R	non-polymer	?
P8S	NON-POLYMER	?
P8T	non-polymer	?
P8U	non-polymer	?
P8V	NON-POLYMER	?
P8W	non-polymer	?
P8X	NON-POLYMER	?
P8Y	NON-POLYMER	?
P8Z	non-polymer	?
P90	NON-POLYMER	?
P91	NON-POLYMER	?
P92	non-polymer	?
P93	NON-POLYMER	?
P94	NON-POLYMER	?
P95	NON-POLYMER	?
P96	non-polymer	?
P97	peptide-like	?
P98	NON-POLYMER	?
P99	NON-POLYMER	?
P9A	NON-POLYMER	?
P9B	NON-POLYMER	?
P9C	NON-POLYMER	?
P9D	NON-POLYMER	?
P9E	non-polymer	?
P9F	non-polymer	?
P9G	DNA LINKING	?
P9H	non-polymer	?
P9I	non-polymer	?
P9J	NON-POLYMER	?
P9K	non-polymer	?
P9L	non-polymer	?
P9M	non-polymer	?
P9N	NON-POLYMER	?
P9O	non-polymer	?
P9P	NON-POLYMER	?
P9Q	non-polymer	?
P9R	non-polymer	?
P9S	L-peptide linking	CYS
P9T	NON-POLYMER	?
P9U	non-polymer	?
P9V	NON-POLYMER	?
P9X	non-polymer	?
P9Y	NON-POLYMER	?
PA0	NON-POLYMER	?
PA1	D-saccharide, alpha linking	?
PA2	NON-POLYMER	?
PA3	NON-POLYMER	?
PA4	NON-POLYMER	?
PA5	SACCHARIDE	?
PA6	NON-POLYMER	?
PA7	NON-POLYMER	?
PA8	NON-POLYMER	?
PA9	NON-POLYMER	?
PAB	NON-POLYMER	?
PAC	NON-POLYMER	?
PAD	NON-POLYMER	?
PAE	NON-POLYMER	?
PAF	NON-POLYMER	?
PAG	NON-POLYMER	?
PAH	NON-POLYMER	?
PAI	NON-POLYMER	?
PAJ	NON-POLYMER	?
PAK	NON-POLYMER	?
PAL	NON-POLYMER	?
PAM	NON-POLYMER	?
PAN	NON-POLYMER	?
PAO	NON-POLYMER	?
PAP	NON-POLYMER	?
PAQ	L-PEPTIDE LINKING	TYR
PAR	NON-POLYMER	?
PAS	L-PEPTIDE LINKING	ASP
PAT	L-PEPTIDE LINKING	TRP
PAU	peptide-like	?
PAV	L-saccharide, alpha linking	?
PAW	NON-POLYMER	?
PAX	NON-POLYMER	?
PAY	non-polymer	?
PAZ	NON-POLYMER	?
PB	NON-POLYMER	?
PB0	NON-POLYMER	?
PB1	NON-POLYMER	?
PB2	NON-POLYMER	?
PB3	NON-POLYMER	?
PB4	NON-POLYMER	?
PB5	NON-POLYMER	?
PB6	NON-POLYMER	?
PB7	NON-POLYMER	?
PB8	NON-POLYMER	?
PB9	NON-POLYMER	?
PBA	NON-POLYMER	?
PBB	L-PEPTIDE LINKING	CYS
PBC	NON-POLYMER	?
PBD	NON-POLYMER	?
PBE	NON-POLYMER	?
PBF	L-PEPTIDE LINKING	PHE
PBG	NON-POLYMER	?
PBH	NON-POLYMER	?
PBI	NON-POLYMER	?
PBK	NON-POLYMER	?
PBL	NON-POLYMER	?
PBM	NON-POLYMER	?
PBN	NON-POLYMER	?
PBO	NON-POLYMER	?
PBP	NON-POLYMER	?
PBQ	non-polymer	?
PBR	NON-POLYMER	?
PBS	NON-POLYMER	?
PBT	DNA LINKING	?
PBU	NON-POLYMER	?
PBV	NON-POLYMER	?
PBW	non-polymer	?
PBX	NON-POLYMER	?
PBY	NON-POLYMER	?
PBZ	NON-POLYMER	?
PC	NON-POLYMER	?
PC0	NON-POLYMER	?
PC1	NON-POLYMER	?
PC2	NON-POLYMER	?
PC3	NON-POLYMER	?
PC4	NON-POLYMER	?
PC5	NON-POLYMER	?
PC6	NON-POLYMER	?
PC7	NON-POLYMER	?
PC8	NON-POLYMER	?
PC9	NON-POLYMER	?
PCA	L-PEPTIDE LINKING	GLN
PCB	NON-POLYMER	?
PCC	L-PEPTIDE LINKING	PRO
PCD	NON-POLYMER	?
PCE	L-PEPTIDE LINKING	?
PCF	NON-POLYMER	?
PCG	NON-POLYMER	?
PCH	NON-POLYMER	?
PCI	NON-POLYMER	?
PCJ	NON-POLYMER	?
PCK	NON-POLYMER	?
PCL	NON-POLYMER	?
PCM	NON-POLYMER	?
PCN	NON-POLYMER	?
PCO	NON-POLYMER	?
PCP	NON-POLYMER	?
PCQ	NON-POLYMER	?
PCR	NON-POLYMER	?
PCS	L-PEPTIDE LINKING	PHE
PCT	NON-POLYMER	?
PCU	NON-POLYMER	?
PCV	NON-POLYMER	?
PCW	NON-POLYMER	?
PCX	NON-POLYMER	?
PCY	NON-POLYMER	?
PCZ	NON-POLYMER	?
PD	NON-POLYMER	?
PD1	NON-POLYMER	?
PD2	NON-POLYMER	?
PD3	NON-POLYMER	?
PD4	NON-POLYMER	?
PD5	NON-POLYMER	?
PD6	NON-POLYMER	?
PD7	NON-POLYMER	?
PD8	NON-POLYMER	?
PD9	NON-POLYMER	?
PDA	NON-POLYMER	?
PDB	NON-POLYMER	?
PDC	non-polymer	?
PDD	D-PEPTIDE LINKING	?
PDE	NON-POLYMER	?
PDF	NON-POLYMER	?
PDG	NON-POLYMER	?
PDH	NON-POLYMER	?
PDI	NON-POLYMER	?
PDJ	NON-POLYMER	?
PDK	NON-POLYMER	?
PDL	L-PEPTIDE LINKING	?
PDM	NON-POLYMER	?
PDN	NON-POLYMER	?
PDO	NON-POLYMER	?
PDP	NON-POLYMER	?
PDQ	NON-POLYMER	?
PDR	NON-POLYMER	?
PDS	NON-POLYMER	?
PDT	NON-POLYMER	?
PDU	DNA linking	?
PDV	NON-POLYMER	?
PDW	D-PEPTIDE LINKING	?
PDX	D-saccharide, alpha linking	GLC
PDY	NON-POLYMER	?
PDZ	NON-POLYMER	?
PE0	NON-POLYMER	?
PE1	L-PEPTIDE LINKING	LYS
PE2	NON-POLYMER	?
PE3	NON-POLYMER	?
PE4	NON-POLYMER	?
PE5	NON-POLYMER	?
PE6	NON-POLYMER	?
PE7	NON-POLYMER	?
PE8	NON-POLYMER	?
PE9	NON-POLYMER	?
PEA	NON-POLYMER	?
PEB	NON-POLYMER	?
PEC	L-PEPTIDE LINKING	CYS
PED	NON-POLYMER	?
PEE	non-polymer	PEE
PEF	NON-POLYMER	?
PEG	NON-POLYMER	?
PEH	NON-POLYMER	?
PEI	NON-POLYMER	?
PEJ	NON-POLYMER	?
PEK	NON-POLYMER	?
PEL	NON-POLYMER	?
PEM	NON-POLYMER	?
PEO	NON-POLYMER	?
PEP	NON-POLYMER	?
PEQ	NON-POLYMER	?
PER	NON-POLYMER	?
PET	NON-POLYMER	?
PEU	NON-POLYMER	?
PEV	NON-POLYMER	?
PEW	NON-POLYMER	?
PEX	NON-POLYMER	?
PEY	NON-POLYMER	?
PEZ	NON-POLYMER	?
PF	NON-POLYMER	?
PF0	non-polymer	?
PF1	NON-POLYMER	?
PF2	NON-POLYMER	?
PF3	NON-POLYMER	?
PF4	NON-POLYMER	?
PF5	L-PEPTIDE LINKING	PHE
PF6	NON-POLYMER	?
PF7	non-polymer	?
PF8	NON-POLYMER	?
PF9	NON-POLYMER	?
PFA	NON-POLYMER	?
PFB	NON-POLYMER	?
PFC	NON-POLYMER	?
PFD	NON-POLYMER	?
PFE	NON-POLYMER	?
PFF	L-PEPTIDE LINKING	PHE
PFG	NON-POLYMER	?
PFH	NON-POLYMER	?
PFI	NON-POLYMER	?
PFJ	NON-POLYMER	?
PFK	NON-POLYMER	?
PFL	NON-POLYMER	?
PFM	NON-POLYMER	?
PFN	non-polymer	?
PFO	NON-POLYMER	?
PFP	NON-POLYMER	?
PFQ	NON-POLYMER	?
PFR	NON-POLYMER	?
PFS	NON-POLYMER	?
PFT	NON-POLYMER	?
PFU	NON-POLYMER	?
PFV	NON-POLYMER	?
PFW	NON-POLYMER	?
PFX	peptide-like	?
PFY	non-polymer	?
PFZ	NON-POLYMER	?
PG0	NON-POLYMER	?
PG1	L-PEPTIDE LINKING	SER
PG2	NON-POLYMER	?
PG3	NON-POLYMER	?
PG4	NON-POLYMER	?
PG5	NON-POLYMER	?
PG6	NON-POLYMER	?
PG7	DNA LINKING	DG
PG8	NON-POLYMER	?
PG9	D-PEPTIDE LINKING	?
PGA	NON-POLYMER	?
PGC	NON-POLYMER	?
PGD	NON-POLYMER	?
PGE	NON-POLYMER	?
PGF	NON-POLYMER	?
PGG	NON-POLYMER	?
PGH	NON-POLYMER	?
PGI	NON-POLYMER	?
PGJ	NON-POLYMER	?
PGK	NON-POLYMER	?
PGL	peptide-like	?
PGM	NON-POLYMER	?
PGN	DNA LINKING	DG
PGO	NON-POLYMER	?
PGP	RNA LINKING	G
PGQ	NON-POLYMER	?
PGR	NON-POLYMER	?
PGS	NON-POLYMER	?
PGT	NON-POLYMER	?
PGU	NON-POLYMER	?
PGV	NON-POLYMER	?
PGW	NON-POLYMER	?
PGX	NON-POLYMER	?
PGY	L-PEPTIDE LINKING	GLY
PGZ	non-polymer	?
PH0	NON-POLYMER	?
PH1	NON-POLYMER	?
PH2	NON-POLYMER	?
PH3	NON-POLYMER	?
PH4	NON-POLYMER	?
PH5	D-saccharide	SIA
PH6	L-PEPTIDE LINKING	PRO
PH7	NON-POLYMER	?
PH8	L-PEPTIDE LINKING	?
PH9	NON-POLYMER	?
PHA	L-PEPTIDE LINKING	PHE
PHB	NON-POLYMER	?
PHC	NON-POLYMER	?
PHD	L-PEPTIDE LINKING	ASP
PHE	L-PEPTIDE LINKING	?
PHF	NON-POLYMER	?
PHG	NON-POLYMER	?
PHH	NON-POLYMER	?
PHI	L-PEPTIDE LINKING	PHE
PHJ	NON-POLYMER	?
PHK	NON-POLYMER	?
PHL	L-PEPTIDE LINKING	PHE
PHM	peptide-like	PHE
PHN	NON-POLYMER	?
PHO	NON-POLYMER	?
PHP	NON-POLYMER	?
PHQ	NON-POLYMER	?
PHR	NON-POLYMER	?
PHS	NON-POLYMER	?
PHT	NON-POLYMER	?
PHU	NON-POLYMER	?
PHV	peptide-like	?
PHW	peptide-like	?
PHX	non-polymer	?
PHY	NON-POLYMER	?
PHZ	NON-POLYMER	?
PI	NON-POLYMER	?
PI0	NON-POLYMER	?
PI1	NON-POLYMER	?
PI2	NON-POLYMER	?
PI3	NON-POLYMER	?
PI4	NON-POLYMER	?
PI5	NON-POLYMER	?
PI6	peptide-like	?
PI7	NON-POLYMER	?
PI8	NON-POLYMER	?
PI9	NON-POLYMER	?
PIA	L-PEPTIDE LINKING	ALA,TYR,GLY
PIB	NON-POLYMER	?
PIC	NON-POLYMER	?
PID	NON-POLYMER	?
PIE	NON-POLYMER	?
PIF	NON-POLYMER	?
PIG	NON-POLYMER	?
PIH	NON-POLYMER	?
PII	NON-POLYMER	?
PIJ	NON-POLYMER	?
PIK	NON-POLYMER	?
PIL	NON-POLYMER	?
PIM	NON-POLYMER	?
PIN	NON-POLYMER	?
PIO	NON-POLYMER	?
PIP	NON-POLYMER	?
PIQ	NON-POLYMER	?
PIR	NON-POLYMER	?
PIS	NON-POLYMER	?
PIT	NON-POLYMER	?
PIU	NON-POLYMER	?
PIV	L-PEPTIDE LINKING	?
PIW	NON-POLYMER	?
PIX	non-polymer	?
PIY	NON-POLYMER	?
PIZ	NON-POLYMER	?
PJ0	non-polymer	?
PJ1	NON-POLYMER	?
PJ2	NON-POLYMER	?
PJ3	L-peptide linking	HIS
PJ4	NON-POLYMER	?
PJ5	non-polymer	?
PJ6	non-polymer	?
PJ7	NON-POLYMER	?
PJ8	non-polymer	?
PJA	NON-POLYMER	?
PJB	non-polymer	?
PJC	NON-POLYMER	?
PJD	NON-POLYMER	?
PJE	peptide-like	?
PJF	non-polymer	?
PJG	NON-POLYMER	?
PJH	non-polymer	?
PJI	non-polymer	?
PJJ	peptide-like	?
PJK	non-polymer	?
PJL	NON-POLYMER	?
PJM	NON-POLYMER	?
PJN	non-polymer	?
PJO	non-polymer	?
PJP	NON-POLYMER	?
PJQ	non-polymer	?
PJR	non-polymer	?
PJS	NON-POLYMER	?
PJT	non-polymer	?
PJU	non-polymer	?
PJV	NON-POLYMER	?
PJW	non-polymer	?
PJX	non-polymer	?
PJY	NON-POLYMER	?
PJZ	NON-POLYMER	?
PK0	NON-POLYMER	?
PK1	NON-POLYMER	?
PK2	NON-POLYMER	?
PK3	NON-POLYMER	?
PK4	NON-POLYMER	?
PK5	non-polymer	?
PK6	NON-POLYMER	?
PK7	NON-POLYMER	?
PK8	non-polymer	?
PK9	non-polymer	?
PKA	NON-POLYMER	?
PKB	non-polymer	?
PKC	peptide-like	?
PKD	NON-POLYMER	?
PKE	non-polymer	?
PKF	NON-POLYMER	?
PKG	NON-POLYMER	?
PKH	non-polymer	?
PKJ	NON-POLYMER	?
PKK	non-polymer	?
PKL	NON-POLYMER	?
PKM	D-saccharide, alpha linking	SIA
PKN	non-polymer	?
PKP	NON-POLYMER	?
PKQ	non-polymer	?
PKR	peptide-like	PRO
PKS	non-polymer	?
PKT	NON-POLYMER	?
PKU	NON-POLYMER	?
PKV	NON-POLYMER	?
PKW	non-polymer	?
PKX	non-polymer	?
PKY	NON-POLYMER	?
PKZ	NON-POLYMER	?
PL0	NON-POLYMER	?
PL1	NON-POLYMER	?
PL2	NON-POLYMER	?
PL3	NON-POLYMER	?
PL4	NON-POLYMER	?
PL5	NON-POLYMER	?
PL6	NON-POLYMER	?
PL7	NON-POLYMER	?
PL8	NON-POLYMER	?
PL9	NON-POLYMER	?
PLA	NON-POLYMER	?
PLB	NON-POLYMER	?
PLC	NON-POLYMER	?
PLD	NON-POLYMER	?
PLE	peptide-like	?
PLF	peptide-like	?
PLG	NON-POLYMER	?
PLH	NON-POLYMER	?
PLI	non-polymer	?
PLJ	L-PEPTIDE LINKING	PRO
PLK	non-polymer	?
PLL	NON-POLYMER	?
PLM	NON-POLYMER	?
PLO	NON-POLYMER	?
PLP	NON-POLYMER	?
PLQ	NON-POLYMER	?
PLR	NON-POLYMER	?
PLS	NON-POLYMER	?
PLT	NON-POLYMER	?
PLU	NON-POLYMER	?
PLV	NON-POLYMER	?
PLW	peptide-like	?
PLX	NON-POLYMER	?
PLY	NON-POLYMER	?
PLZ	NON-POLYMER	?
PM0	NON-POLYMER	?
PM1	NON-POLYMER	?
PM2	NON-POLYMER	?
PM3	L-PEPTIDE LINKING	PHE
PM4	NON-POLYMER	?
PM5	NON-POLYMER	?
PM6	NON-POLYMER	?
PM7	NON-POLYMER	?
PM8	NON-POLYMER	?
PM9	non-polymer	?
PMA	NON-POLYMER	?
PMB	NON-POLYMER	?
PMC	NON-POLYMER	?
PMD	NON-POLYMER	?
PME	NON-POLYMER	?
PMF	non-polymer	?
PMG	NON-POLYMER	?
PMH	NON-POLYMER	?
PMI	NON-POLYMER	?
PMJ	PEPTIDE-LIKE	?
PMK	NON-POLYMER	?
PML	NON-POLYMER	?
PMM	NON-POLYMER	?
PMN	NON-POLYMER	?
PMO	NON-POLYMER	?
PMP	NON-POLYMER	?
PMQ	NON-POLYMER	?
PMR	NON-POLYMER	?
PMS	NON-POLYMER	?
PMT	RNA LINKING	C
PMU	NON-POLYMER	?
PMV	NON-POLYMER	?
PMW	non-polymer	?
PMX	NON-POLYMER	?
PMY	NON-POLYMER	?
PMZ	NON-POLYMER	?
PN0	NON-POLYMER	?
PN1	NON-POLYMER	?
PN2	NON-POLYMER	?
PN3	NON-POLYMER	?
PN4	peptide-like	?
PN5	non-polymer	?
PN6	NON-POLYMER	?
PN7	NON-POLYMER	?
PN8	non-polymer	?
PN9	non-polymer	?
PNA	D-saccharide	MAN
PNB	NON-POLYMER	?
PNC	NON-POLYMER	?
PND	NON-POLYMER	?
PNE	NON-POLYMER	?
PNF	NON-POLYMER	?
PNG	D-saccharide	GLC
PNH	NON-POLYMER	?
PNI	NON-POLYMER	?
PNJ	D-saccharide	?
PNK	NON-POLYMER	?
PNL	NON-POLYMER	?
PNM	NON-POLYMER	?
PNN	NON-POLYMER	?
PNO	NON-POLYMER	?
PNP	NON-POLYMER	?
PNQ	NON-POLYMER	?
PNR	NON-POLYMER	?
PNS	NON-POLYMER	?
PNT	NON-POLYMER	?
PNU	NON-POLYMER	?
PNV	NON-POLYMER	?
PNW	D-saccharide	BGC
PNX	NON-POLYMER	?
PNY	NON-POLYMER	?
PNZ	L-peptide COOH carboxy terminus	?
PO0	NON-POLYMER	?
PO1	NON-POLYMER	?
PO2	NON-POLYMER	?
PO3	NON-POLYMER	?
PO4	NON-POLYMER	?
PO5	NON-POLYMER	?
PO6	NON-POLYMER	?
PO7	NON-POLYMER	?
PO8	non-polymer	?
PO9	non-polymer	?
POA	NON-POLYMER	?
POB	NON-POLYMER	?
POC	NON-POLYMER	?
POD	NON-POLYMER	?
POF	NON-POLYMER	?
POG	NON-POLYMER	?
POH	NON-POLYMER	?
POI	NON-POLYMER	?
POJ	NON-POLYMER	?
POK	L-peptide linking	ARG
POL	NON-POLYMER	?
POM	L-PEPTIDE LINKING	PRO
PON	NON-POLYMER	?
POO	NON-POLYMER	?
POP	NON-POLYMER	?
POQ	NON-POLYMER	?
POR	NON-POLYMER	?
POS	NON-POLYMER	?
POT	NON-POLYMER	?
POU	NON-POLYMER	?
POV	NON-POLYMER	?
POW	non-polymer	?
POX	NON-POLYMER	?
POY	NON-POLYMER	?
POZ	NON-POLYMER	?
PP0	NON-POLYMER	?
PP1	NON-POLYMER	?
PP2	NON-POLYMER	?
PP3	NON-POLYMER	?
PP4	NON-POLYMER	?
PP5	NON-POLYMER	?
PP6	NON-POLYMER	?
PP7	NON-POLYMER	?
PP8	NON-POLYMER	?
PP9	NON-POLYMER	?
PPB	NON-POLYMER	?
PPC	D-saccharide	RIB
PPD	NON-POLYMER	?
PPE	NON-POLYMER	?
PPF	NON-POLYMER	?
PPG	NON-POLYMER	?
PPH	peptide-like	?
PPI	NON-POLYMER	?
PPJ	NON-POLYMER	?
PPK	NON-POLYMER	?
PPL	NON-POLYMER	?
PPM	NON-POLYMER	?
PPN	L-PEPTIDE LINKING	PHE
PPO	NON-POLYMER	?
PPP	NON-POLYMER	?
PPQ	NON-POLYMER	?
PPR	NON-POLYMER	?
PPS	NON-POLYMER	?
PPT	NON-POLYMER	?
PPU	RNA LINKING	A
PPV	NON-POLYMER	?
PPW	DNA LINKING	DG
PPX	peptide-like	?
PPY	NON-POLYMER	?
PPZ	NON-POLYMER	?
PQ0	NON-POLYMER	?
PQ1	RNA LINKING	?
PQ2	NON-POLYMER	?
PQ3	NON-POLYMER	?
PQ4	peptide linking	?
PQ5	non-polymer	?
PQ6	non-polymer	?
PQ7	NON-POLYMER	?
PQ8	non-polymer	?
PQ9	NON-POLYMER	?
PQA	NON-POLYMER	?
PQB	NON-POLYMER	?
PQC	NON-POLYMER	?
PQD	NON-POLYMER	?
PQE	NON-POLYMER	?
PQF	non-polymer	?
PQG	peptide linking	?
PQH	non-polymer	?
PQI	non-polymer	?
PQJ	NON-POLYMER	?
PQK	non-polymer	?
PQL	non-polymer	?
PQM	NON-POLYMER	?
PQN	NON-POLYMER	?
PQO	non-polymer	?
PQP	NON-POLYMER	?
PQQ	NON-POLYMER	?
PQR	NON-POLYMER	?
PQS	NON-POLYMER	?
PQT	non-polymer	?
PQU	non-polymer	?
PQV	NON-POLYMER	?
PQW	NON-POLYMER	?
PQX	non-polymer	?
PQY	NON-POLYMER	?
PQZ	non-polymer	?
PR	NON-POLYMER	?
PR0	peptide-like	?
PR1	NON-POLYMER	?
PR2	NON-POLYMER	?
PR3	L-PEPTIDE LINKING	CYS
PR4	L-PEPTIDE LINKING	PRO
PR5	RNA LINKING	A
PR6	NON-POLYMER	?
PR7	L-PEPTIDE LINKING	PRO
PR8	NON-POLYMER	?
PR9	D-PEPTIDE LINKING	PRO
PRA	NON-POLYMER	?
PRB	NON-POLYMER	?
PRC	NON-POLYMER	?
PRD	NON-POLYMER	?
PRE	NON-POLYMER	?
PRF	NON-POLYMER	?
PRH	NON-POLYMER	?
PRI	NON-POLYMER	?
PRJ	L-PEPTIDE LINKING	PRO
PRK	L-peptide linking	LYS
PRL	NON-POLYMER	?
PRM	NON-POLYMER	?
PRN	DNA LINKING	DA
PRO	L-PEPTIDE LINKING	?
PRP	D-saccharide	RIB
PRQ	L-peptide linking	?
PRR	L-PEPTIDE LINKING	?
PRS	L-PEPTIDE LINKING	PRO
PRT	NON-POLYMER	?
PRU	NON-POLYMER	?
PRV	L-peptide linking	GLY
PRW	non-polymer	?
PRX	NON-POLYMER	?
PRY	NON-POLYMER	?
PRZ	NON-POLYMER	?
PS0	peptide-like	?
PS1	NON-POLYMER	?
PS2	NON-POLYMER	?
PS4	NON-POLYMER	?
PS5	NON-POLYMER	?
PS6	NON-POLYMER	?
PS7	NON-POLYMER	?
PS8	non-polymer	?
PS9	NON-POLYMER	?
PSA	PEPTIDE-LIKE	PHE
PSB	NON-POLYMER	?
PSC	NON-POLYMER	?
PSD	NON-POLYMER	?
PSE	NON-POLYMER	?
PSF	NON-POLYMER	?
PSG	D-saccharide	?
PSH	L-peptide linking	HIS
PSI	peptide-like	?
PSJ	D-SACCHARIDE	?
PSK	NON-POLYMER	?
PSL	NON-POLYMER	?
PSM	peptide-like	?
PSN	NON-POLYMER	?
PSO	NON-POLYMER	?
PSP	NON-POLYMER	?
PSQ	NON-POLYMER	?
PSR	NON-POLYMER	?
PSS	peptide-like	?
PST	DNA LINKING	DT
PSU	RNA LINKING	U
PSV	D-saccharide, alpha linking	?
PSW	L-PEPTIDE LINKING	SEC
PSX	NON-POLYMER	?
PSY	NON-POLYMER	?
PSZ	NON-POLYMER	?
PT	NON-POLYMER	?
PT0	PEPTIDE-LIKE	?
PT1	NON-POLYMER	?
PT2	NON-POLYMER	?
PT3	NON-POLYMER	?
PT4	NON-POLYMER	?
PT5	non-polymer	?
PT6	non-polymer	?
PT7	NON-POLYMER	?
PT9	NON-POLYMER	?
PTA	peptide-like	?
PTB	NON-POLYMER	?
PTC	NON-POLYMER	?
PTD	NON-POLYMER	?
PTE	NON-POLYMER	?
PTF	NON-POLYMER	?
PTG	NON-POLYMER	?
PTH	L-PEPTIDE LINKING	TYR
PTI	NON-POLYMER	?
PTJ	NON-POLYMER	?
PTK	NON-POLYMER	?
PTL	NON-POLYMER	?
PTM	L-PEPTIDE LINKING	TYR
PTN	NON-POLYMER	?
PTO	NON-POLYMER	?
PTP	NON-POLYMER	?
PTQ	D-saccharide	?
PTR	L-PEPTIDE LINKING	TYR
PTS	NON-POLYMER	?
PTT	NON-POLYMER	?
PTU	NON-POLYMER	?
PTV	NON-POLYMER	?
PTW	NON-POLYMER	?
PTX	NON-POLYMER	?
PTY	NON-POLYMER	?
PTZ	NON-POLYMER	?
PU	RNA LINKING	A
PU0	NON-POLYMER	?
PU1	NON-POLYMER	?
PU2	NON-POLYMER	?
PU3	NON-POLYMER	?
PU4	NON-POLYMER	?
PU5	NON-POLYMER	?
PU6	NON-POLYMER	?
PU7	NON-POLYMER	?
PU8	NON-POLYMER	?
PU9	NON-POLYMER	?
PUA	NON-POLYMER	?
PUB	NON-POLYMER	?
PUC	NON-POLYMER	?
PUD	NON-POLYMER	?
PUE	non-polymer	?
PUF	L-saccharide, alpha linking	?
PUG	NON-POLYMER	?
PUI	non-polymer	?
PUJ	NON-POLYMER	?
PUK	peptide-like	?
PUL	NON-POLYMER	?
PUM	NON-POLYMER	?
PUN	non-polymer	?
PUO	non-polymer	?
PUP	NON-POLYMER	?
PUQ	non-polymer	?
PUR	NON-POLYMER	?
PUS	NON-POLYMER	?
PUT	NON-POLYMER	?
PUU	non-polymer	?
PUV	NON-POLYMER	?
PUW	non-polymer	?
PUX	NON-POLYMER	?
PUY	RNA LINKING	?
PUZ	NON-POLYMER	?
PV0	NON-POLYMER	?
PV1	NON-POLYMER	?
PV2	NON-POLYMER	?
PV3	non-polymer	?
PV4	non-polymer	?
PV5	non-polymer	?
PV6	non-polymer	?
PV7	NON-POLYMER	?
PV8	NON-POLYMER	?
PV9	non-polymer	?
PVA	NON-POLYMER	?
PVB	NON-POLYMER	?
PVC	NON-POLYMER	?
PVE	non-polymer	?
PVF	non-polymer	?
PVG	NON-POLYMER	?
PVH	L-PEPTIDE LINKING	HIS
PVI	non-polymer	?
PVJ	NON-POLYMER	?
PVK	non-polymer	?
PVL	L-PEPTIDE LINKING	?
PVM	NON-POLYMER	?
PVN	NON-POLYMER	?
PVO	L-peptide linking	?
PVP	NON-POLYMER	?
PVQ	non-polymer	?
PVR	non-polymer	?
PVS	NON-POLYMER	?
PVT	non-polymer	?
PVU	non-polymer	?
PVV	NON-POLYMER	?
PVW	non-polymer	?
PVX	DNA LINKING	DC
PVY	NON-POLYMER	?
PVZ	NON-POLYMER	?
PW0	non-polymer	?
PW1	non-polymer	?
PW2	non-polymer	?
PW3	NON-POLYMER	?
PW5	non-polymer	?
PW6	non-polymer	?
PW7	NON-POLYMER	?
PW8	non-polymer	?
PW9	non-polymer	?
PWA	NON-POLYMER	?
PWB	non-polymer	?
PWC	non-polymer	?
PWD	NON-POLYMER	?
PWE	non-polymer	?
PWF	NON-POLYMER	?
PWG	NON-POLYMER	?
PWH	NON-POLYMER	?
PWI	non-polymer	?
PWJ	NON-POLYMER	?
PWK	NON-POLYMER	?
PWL	non-polymer	?
PWM	NON-POLYMER	?
PWN	non-polymer	?
PWP	NON-POLYMER	?
PWQ	non-polymer	?
PWR	non-polymer	?
PWS	NON-POLYMER	?
PWT	non-polymer	?
PWU	non-polymer	?
PWV	NON-POLYMER	?
PWW	non-polymer	?
PWX	non-polymer	?
PWY	NON-POLYMER	?
PWZ	NON-POLYMER	?
PX0	non-polymer	?
PX1	NON-POLYMER	?
PX2	NON-POLYMER	?
PX3	non-polymer	?
PX4	NON-POLYMER	?
PX5	NON-POLYMER	?
PX6	NON-POLYMER	?
PX7	NON-POLYMER	?
PX8	NON-POLYMER	?
PX9	NON-POLYMER	?
PXA	NON-POLYMER	?
PXB	NON-POLYMER	?
PXC	NON-POLYMER	?
PXD	NON-POLYMER	?
PXE	NON-POLYMER	?
PXF	NON-POLYMER	?
PXG	NON-POLYMER	?
PXH	NON-POLYMER	?
PXI	NON-POLYMER	?
PXJ	NON-POLYMER	?
PXK	non-polymer	?
PXL	NON-POLYMER	?
PXM	NON-POLYMER	?
PXN	NON-POLYMER	?
PXO	NON-POLYMER	?
PXP	NON-POLYMER	?
PXQ	non-polymer	?
PXR	non-polymer	?
PXS	NON-POLYMER	?
PXT	NON-POLYMER	?
PXU	L-PEPTIDE LINKING	PRO
PXV	NON-POLYMER	?
PXW	non-polymer	?
PXX	NON-POLYMER	?
PXY	NON-POLYMER	?
PXZ	NON-POLYMER	?
PY0	non-polymer	?
PY1	NON-POLYMER	?
PY2	NON-POLYMER	?
PY3	NON-POLYMER	?
PY4	NON-POLYMER	?
PY5	NON-POLYMER	?
PY6	NON-POLYMER	?
PY7	NON-POLYMER	?
PY8	NON-POLYMER	?
PY9	NON-POLYMER	?
PYA	L-PEPTIDE LINKING	ALA
PYB	NON-POLYMER	?
PYC	NON-POLYMER	?
PYD	NON-POLYMER	?
PYE	NON-POLYMER	?
PYF	NON-POLYMER	?
PYG	NON-POLYMER	?
PYH	L-PEPTIDE LINKING	LYS
PYI	NON-POLYMER	?
PYJ	NON-POLYMER	?
PYL	L-PEPTIDE LINKING	?
PYM	NON-POLYMER	?
PYN	NON-POLYMER	?
PYO	RNA LINKING	U
PYP	NON-POLYMER	?
PYQ	NON-POLYMER	?
PYR	NON-POLYMER	?
PYS	NON-POLYMER	?
PYT	NON-POLYMER	?
PYU	NON-POLYMER	?
PYV	NON-POLYMER	?
PYW	non-polymer	?
PYX	L-PEPTIDE LINKING	CYS
PYY	RNA LINKING	?
PYZ	NON-POLYMER	?
PZ0	non-polymer	?
PZ1	NON-POLYMER	?
PZ2	NON-POLYMER	?
PZ3	NON-POLYMER	?
PZ4	NON-POLYMER	?
PZ5	NON-POLYMER	?
PZ6	non-polymer	?
PZ7	non-polymer	?
PZ8	non-polymer	?
PZA	NON-POLYMER	?
PZB	NON-POLYMER	?
PZC	non-polymer	?
PZD	NON-POLYMER	?
PZE	NON-POLYMER	?
PZF	NON-POLYMER	?
PZG	DNA linking	DG
PZH	NON-POLYMER	?
PZI	NON-POLYMER	?
PZJ	NON-POLYMER	?
PZK	non-polymer	?
PZL	NON-POLYMER	?
PZM	NON-POLYMER	?
PZN	NON-POLYMER	?
PZO	NON-POLYMER	?
PZP	NON-POLYMER	?
PZQ	NON-POLYMER	?
PZR	NON-POLYMER	?
PZS	NON-POLYMER	?
PZU	D-saccharide, alpha linking	?
PZV	NON-POLYMER	?
PZW	NON-POLYMER	?
PZX	NON-POLYMER	?
PZY	NON-POLYMER	?
PZZ	NON-POLYMER	?
Q00	peptide-like	?
Q01	NON-POLYMER	?
Q02	NON-POLYMER	?
Q03	NON-POLYMER	?
Q04	NON-POLYMER	?
Q05	NON-POLYMER	?
Q06	NON-POLYMER	?
Q07	NON-POLYMER	?
Q08	NON-POLYMER	?
Q09	non-polymer	?
Q0A	NON-POLYMER	?
Q0B	NON-POLYMER	?
Q0C	non-polymer	?
Q0D	NON-POLYMER	?
Q0E	non-polymer	?
Q0F	non-polymer	?
Q0G	NON-POLYMER	?
Q0H	non-polymer	?
Q0I	non-polymer	?
Q0J	NON-POLYMER	?
Q0K	NON-POLYMER	?
Q0L	non-polymer	?
Q0M	NON-POLYMER	?
Q0N	non-polymer	?
Q0O	non-polymer	?
Q0P	NON-POLYMER	?
Q0Q	non-polymer	?
Q0R	non-polymer	?
Q0S	NON-POLYMER	?
Q0T	non-polymer	?
Q0U	non-polymer	?
Q0W	non-polymer	?
Q0X	non-polymer	?
Q0Y	NON-POLYMER	?
Q0Z	non-polymer	?
Q10	NON-POLYMER	?
Q11	NON-POLYMER	?
Q12	NON-POLYMER	?
Q13	NON-POLYMER	?
Q14	NON-POLYMER	?
Q15	NON-POLYMER	?
Q16	non-polymer	?
Q17	NON-POLYMER	?
Q18	NON-POLYMER	?
Q19	NON-POLYMER	?
Q1A	NON-POLYMER	?
Q1B	non-polymer	?
Q1C	non-polymer	?
Q1D	NON-POLYMER	?
Q1E	non-polymer	?
Q1F	non-polymer	?
Q1G	NON-POLYMER	?
Q1H	non-polymer	?
Q1I	non-polymer	?
Q1J	NON-POLYMER	?
Q1K	non-polymer	?
Q1L	non-polymer	?
Q1M	NON-POLYMER	?
Q1N	non-polymer	?
Q1O	non-polymer	?
Q1P	NON-POLYMER	?
Q1Q	non-polymer	?
Q1R	non-polymer	?
Q1S	NON-POLYMER	?
Q1T	non-polymer	?
Q1U	non-polymer	?
Q1V	NON-POLYMER	?
Q1W	non-polymer	?
Q1X	non-polymer	?
Q1Y	NON-POLYMER	?
Q1Z	non-polymer	?
Q20	NON-POLYMER	?
Q21	NON-POLYMER	?
Q22	NON-POLYMER	?
Q23	NON-POLYMER	?
Q24	NON-POLYMER	?
Q25	non-polymer	?
Q26	NON-POLYMER	?
Q27	NON-POLYMER	?
Q28	non-polymer	?
Q29	non-polymer	?
Q2A	NON-POLYMER	?
Q2B	non-polymer	?
Q2C	non-polymer	?
Q2D	NON-POLYMER	?
Q2E	L-peptide linking	TRP
Q2F	non-polymer	?
Q2G	non-polymer	?
Q2H	non-polymer	?
Q2I	non-polymer	?
Q2J	NON-POLYMER	?
Q2K	L-peptide linking	MET, TYR, GLY
Q2L	non-polymer	?
Q2M	NON-POLYMER	?
Q2N	NON-POLYMER	?
Q2O	non-polymer	?
Q2P	NON-POLYMER	?
Q2Q	non-polymer	?
Q2R	NON-POLYMER	?
Q2S	NON-POLYMER	?
Q2T	non-polymer	?
Q2U	non-polymer	?
Q2V	NON-POLYMER	?
Q2X	non-polymer	?
Q2Y	NON-POLYMER	?
Q2Z	non-polymer	?
Q30	non-polymer	?
Q31	non-polymer	?
Q33	non-polymer	?
Q34	NON-POLYMER	?
Q35	NON-POLYMER	?
Q36	non-polymer	?
Q38	non-polymer	?
Q39	non-polymer	?
Q3A	NON-POLYMER	?
Q3B	non-polymer	?
Q3C	NON-POLYMER	?
Q3D	NON-POLYMER	?
Q3E	non-polymer	?
Q3F	non-polymer	?
Q3G	NON-POLYMER	?
Q3H	non-polymer	?
Q3J	NON-POLYMER	?
Q3K	non-polymer	?
Q3L	non-polymer	?
Q3M	non-polymer	?
Q3N	non-polymer	?
Q3O	non-polymer	?
Q3P	L-peptide linking	LYS
Q3Q	non-polymer	?
Q3R	non-polymer	?
Q3S	L-peptide linking	?
Q3T	non-polymer	?
Q3U	non-polymer	?
Q3V	non-polymer	?
Q3W	non-polymer	?
Q3X	non-polymer	?
Q3Y	NON-POLYMER	?
Q3Z	non-polymer	?
Q40	non-polymer	?
Q41	NON-POLYMER	?
Q42	non-polymer	?
Q43	non-polymer	?
Q44	NON-POLYMER	?
Q45	non-polymer	?
Q46	NON-POLYMER	?
Q47	NON-POLYMER	?
Q49	non-polymer	?
Q4A	NON-POLYMER	?
Q4B	non-polymer	?
Q4C	non-polymer	?
Q4D	NON-POLYMER	?
Q4E	non-polymer	?
Q4F	non-polymer	?
Q4G	NON-POLYMER	?
Q4H	non-polymer	?
Q4I	NON-POLYMER	?
Q4J	NON-POLYMER	?
Q4K	non-polymer	?
Q4L	non-polymer	?
Q4M	NON-POLYMER	?
Q4O	non-polymer	?
Q4P	NON-POLYMER	?
Q4Q	non-polymer	?
Q4R	non-polymer	?
Q4S	NON-POLYMER	?
Q4T	non-polymer	?
Q4U	non-polymer	?
Q4V	NON-POLYMER	?
Q4W	non-polymer	?
Q4X	non-polymer	?
Q4Y	NON-POLYMER	?
Q4Z	non-polymer	?
Q50	NON-POLYMER	?
Q51	NON-POLYMER	?
Q52	non-polymer	?
Q53	non-polymer	?
Q54	NON-POLYMER	?
Q55	non-polymer	?
Q56	non-polymer	?
Q57	NON-POLYMER	?
Q58	non-polymer	?
Q5A	NON-POLYMER	?
Q5B	non-polymer	?
Q5C	non-polymer	?
Q5D	NON-POLYMER	?
Q5E	non-polymer	?
Q5F	NON-POLYMER	?
Q5G	NON-POLYMER	?
Q5H	non-polymer	?
Q5J	NON-POLYMER	?
Q5K	non-polymer	?
Q5L	non-polymer	?
Q5M	NON-POLYMER	?
Q5N	non-polymer	?
Q5O	non-polymer	?
Q5Q	non-polymer	?
Q5R	non-polymer	?
Q5S	NON-POLYMER	?
Q5T	non-polymer	?
Q5U	non-polymer	?
Q5V	NON-POLYMER	?
Q5W	non-polymer	?
Q5X	non-polymer	?
Q5Y	NON-POLYMER	?
Q5Z	non-polymer	?
Q60	non-polymer	?
Q61	NON-POLYMER	?
Q62	non-polymer	?
Q63	non-polymer	?
Q64	NON-POLYMER	?
Q65	non-polymer	?
Q67	NON-POLYMER	?
Q68	non-polymer	?
Q69	non-polymer	?
Q6A	NON-POLYMER	?
Q6B	non-polymer	?
Q6C	non-polymer	?
Q6D	NON-POLYMER	?
Q6E	non-polymer	?
Q6F	NON-POLYMER	?
Q6G	non-polymer	?
Q6H	non-polymer	?
Q6I	non-polymer	?
Q6J	NON-POLYMER	?
Q6K	non-polymer	?
Q6L	non-polymer	?
Q6M	NON-POLYMER	?
Q6N	non-polymer	?
Q6O	non-polymer	?
Q6P	NON-POLYMER	?
Q6Q	non-polymer	?
Q6R	non-polymer	?
Q6S	NON-POLYMER	?
Q6T	non-polymer	?
Q6U	non-polymer	?
Q6W	NON-POLYMER	?
Q6X	non-polymer	?
Q6Y	NON-POLYMER	?
Q6Z	non-polymer	?
Q70	non-polymer	?
Q71	non-polymer	?
Q72	NON-POLYMER	?
Q73	non-polymer	?
Q74	NON-POLYMER	?
Q75	L-peptide linking	HIS
Q76	non-polymer	?
Q77	non-polymer	?
Q78	L-peptide linking	?
Q7A	non-polymer	?
Q7B	non-polymer	?
Q7C	non-polymer	?
Q7E	non-polymer	?
Q7F	non-polymer	?
Q7G	non-polymer	?
Q7H	non-polymer	?
Q7J	non-polymer	?
Q7K	non-polymer	?
Q7L	non-polymer	?
Q7M	NON-POLYMER	?
Q7N	non-polymer	?
Q7O	non-polymer	?
Q7P	non-polymer	?
Q7Q	non-polymer	?
Q7R	non-polymer	?
Q7S	non-polymer	?
Q7T	non-polymer	?
Q7U	non-polymer	?
Q7V	non-polymer	?
Q7W	non-polymer	?
Q7X	non-polymer	?
Q7Y	non-polymer	?
Q7Z	non-polymer	?
Q80	NON-POLYMER	?
Q81	non-polymer	?
Q82	NON-POLYMER	?
Q83	non-polymer	?
Q84	non-polymer	?
Q85	non-polymer	?
Q86	NON-POLYMER	?
Q87	non-polymer	?
Q88	NON-POLYMER	?
Q8A	NON-POLYMER	?
Q8B	non-polymer	?
Q8C	non-polymer	?
Q8D	non-polymer	?
Q8E	non-polymer	?
Q8F	non-polymer	?
Q8G	non-polymer	?
Q8H	non-polymer	?
Q8I	non-polymer	?
Q8J	non-polymer	?
Q8K	non-polymer	?
Q8L	non-polymer	?
Q8M	non-polymer	?
Q8N	non-polymer	?
Q8O	non-polymer	?
Q8P	non-polymer	?
Q8Q	non-polymer	?
Q8R	non-polymer	?
Q8S	non-polymer	?
Q8T	non-polymer	?
Q8U	non-polymer	?
Q8V	non-polymer	?
Q8W	non-polymer	?
Q8X	L-peptide linking	CYS
Q8Y	non-polymer	?
Q8Z	non-polymer	?
Q90	non-polymer	?
Q92	NON-POLYMER	?
Q93	non-polymer	?
Q94	non-polymer	?
Q95	non-polymer	?
Q96	non-polymer	?
Q97	NON-POLYMER	?
Q98	non-polymer	?
Q99	non-polymer	?
Q9A	non-polymer	?
Q9B	non-polymer	?
Q9C	NON-POLYMER	?
Q9D	non-polymer	?
Q9E	non-polymer	?
Q9F	non-polymer	?
Q9G	non-polymer	?
Q9H	non-polymer	?
Q9I	non-polymer	?
Q9J	non-polymer	?
Q9K	non-polymer	?
Q9L	non-polymer	?
Q9M	non-polymer	?
Q9N	non-polymer	?
Q9O	non-polymer	?
Q9P	NON-POLYMER	?
Q9Q	non-polymer	?
Q9R	non-polymer	?
Q9S	non-polymer	?
Q9T	NON-POLYMER	?
Q9U	non-polymer	?
Q9V	non-polymer	?
Q9W	non-polymer	?
Q9X	non-polymer	?
Q9Y	NON-POLYMER	?
Q9Z	NON-POLYMER	?
QA0	non-polymer	?
QA1	non-polymer	?
QA2	non-polymer	?
QA3	non-polymer	?
QA4	non-polymer	?
QA5	non-polymer	?
QA6	non-polymer	?
QA7	non-polymer	?
QA8	non-polymer	?
QA9	non-polymer	?
QAA	non-polymer	?
QAB	NON-POLYMER	?
QAC	L-peptide linking	?
QAD	non-polymer	?
QAE	non-polymer	?
QAF	NON-POLYMER	?
QAG	non-polymer	?
QAH	non-polymer	?
QAI	non-polymer	?
QAJ	non-polymer	?
QAK	non-polymer	?
QAM	non-polymer	?
QAN	non-polymer	?
QAO	non-polymer	?
QAP	NON-POLYMER	?
QAQ	NON-POLYMER	?
QAR	NON-POLYMER	?
QAS	NON-POLYMER	?
QAT	NON-POLYMER	?
QAU	non-polymer	?
QAV	non-polymer	?
QAX	non-polymer	?
QAY	NON-POLYMER	?
QAZ	non-polymer	?
QB0	non-polymer	?
QB1	non-polymer	?
QB2	non-polymer	?
QB3	non-polymer	?
QB4	NON-POLYMER	?
QB5	non-polymer	?
QB6	non-polymer	?
QB7	non-polymer	?
QB8	non-polymer	?
QB9	non-polymer	?
QBA	non-polymer	?
QBB	NON-POLYMER	?
QBC	non-polymer	?
QBD	non-polymer	?
QBE	non-polymer	?
QBF	non-polymer	?
QBG	non-polymer	?
QBH	NON-POLYMER	?
QBI	non-polymer	?
QBJ	non-polymer	?
QBK	non-polymer	?
QBL	non-polymer	?
QBM	non-polymer	?
QBN	non-polymer	?
QBO	non-polymer	?
QBP	non-polymer	?
QBQ	non-polymer	?
QBR	non-polymer	?
QBS	non-polymer	?
QBT	DNA LINKING	?
QBU	non-polymer	?
QBV	non-polymer	?
QBW	non-polymer	?
QBX	non-polymer	?
QBY	non-polymer	?
QBZ	non-polymer	?
QC0	NON-POLYMER	?
QC1	NON-POLYMER	?
QC2	NON-POLYMER	?
QC3	non-polymer	?
QC4	L-peptide linking	THR, TYR, GLY
QC5	non-polymer	?
QC6	non-polymer	?
QC7	non-polymer	?
QC8	non-polymer	?
QC9	non-polymer	?
QCA	L-peptide linking	THR, TYR, GLY
QCB	non-polymer	?
QCC	non-polymer	?
QCD	L-peptide linking	THR, TYR, GLY
QCE	non-polymer	?
QCF	NON-POLYMER	?
QCG	non-polymer	?
QCH	non-polymer	?
QCI	L-peptide linking	GLN
QCK	DNA linking	DT
QCL	NON-POLYMER	?
QCM	non-polymer	?
QCN	non-polymer	?
QCO	non-polymer	?
QCP	non-polymer	?
QCQ	non-polymer	?
QCR	non-polymer	?
QCS	L-PEPTIDE LINKING	CYS
QCT	NON-POLYMER	?
QCU	non-polymer	?
QCV	non-polymer	?
QCW	non-polymer	?
QCX	non-polymer	?
QCY	NON-POLYMER	?
QCZ	non-polymer	?
QD0	non-polymer	?
QD1	non-polymer	?
QD2	non-polymer	?
QD3	non-polymer	?
QD4	non-polymer	?
QD5	non-polymer	?
QD6	non-polymer	?
QD7	non-polymer	?
QD8	non-polymer	?
QD9	non-polymer	?
QDA	non-polymer	?
QDB	non-polymer	?
QDC	non-polymer	?
QDD	L-peptide linking	?
QDE	non-polymer	?
QDF	non-polymer	?
QDG	non-polymer	?
QDH	non-polymer	?
QDI	non-polymer	?
QDJ	non-polymer	?
QDK	L-saccharide	?
QDL	non-polymer	?
QDM	NON-POLYMER	?
QDN	NON-POLYMER	?
QDO	NON-POLYMER	?
QDP	non-polymer	?
QDQ	non-polymer	?
QDR	NON-POLYMER	?
QDS	D-PEPTIDE LINKING	DSN
QDT	non-polymer	?
QDU	non-polymer	?
QDV	non-polymer	?
QDW	non-polymer	?
QDX	non-polymer	?
QDY	non-polymer	?
QDZ	non-polymer	?
QE0	non-polymer	?
QE2	non-polymer	?
QE3	non-polymer	?
QE4	non-polymer	?
QE5	non-polymer	?
QE8	non-polymer	?
QE9	non-polymer	?
QEA	non-polymer	?
QEB	NON-POLYMER	?
QEC	non-polymer	?
QED	NON-POLYMER	?
QEE	non-polymer	?
QEF	non-polymer	?
QEG	NON-POLYMER	?
QEH	NON-POLYMER	?
QEI	NON-POLYMER	?
QEJ	NON-POLYMER	?
QEK	non-polymer	?
QEL	NON-POLYMER	?
QEM	NON-POLYMER	?
QEN	non-polymer	?
QEO	non-polymer	?
QEP	non-polymer	?
QEQ	non-polymer	?
QER	non-polymer	?
QES	non-polymer	?
QET	non-polymer	?
QEU	non-polymer	?
QEV	NON-POLYMER	?
QEW	non-polymer	?
QEX	non-polymer	?
QEY	NON-POLYMER	?
QEZ	non-polymer	?
QF0	non-polymer	?
QF1	non-polymer	?
QF2	non-polymer	?
QF3	non-polymer	?
QF4	non-polymer	?
QF5	non-polymer	?
QF6	non-polymer	?
QF7	non-polymer	?
QF8	non-polymer	?
QF9	non-polymer	?
QFB	non-polymer	?
QFC	non-polymer	?
QFD	non-polymer	?
QFE	non-polymer	?
QFF	non-polymer	?
QFG	L-PEPTIDE LINKING	GLN, PHE, GLY
QFH	non-polymer	?
QFI	NON-POLYMER	?
QFJ	non-polymer	?
QFK	non-polymer	?
QFL	non-polymer	?
QFM	non-polymer	?
QFN	non-polymer	?
QFO	non-polymer	?
QFP	non-polymer	?
QFQ	non-polymer	?
QFR	non-polymer	?
QFS	non-polymer	?
QFT	non-polymer	?
QFU	non-polymer	?
QFV	non-polymer	?
QFW	non-polymer	?
QFX	non-polymer	?
QFY	non-polymer	?
QFZ	non-polymer	?
QG0	non-polymer	?
QG1	non-polymer	?
QG2	non-polymer	?
QG3	non-polymer	?
QG4	non-polymer	?
QG5	non-polymer	?
QG6	non-polymer	?
QG7	non-polymer	?
QG8	NON-POLYMER	?
QG9	non-polymer	?
QGA	NON-POLYMER	?
QGB	non-polymer	?
QGC	non-polymer	?
QGD	non-polymer	?
QGE	non-polymer	?
QGF	NON-POLYMER	?
QGG	non-polymer	?
QGH	non-polymer	?
QGI	non-polymer	?
QGJ	non-polymer	?
QGK	non-polymer	?
QGL	non-polymer	?
QGM	non-polymer	?
QGN	non-polymer	?
QGO	non-polymer	?
QGP	non-polymer	?
QGQ	non-polymer	?
QGR	non-polymer	?
QGS	non-polymer	?
QGT	non-polymer	?
QGU	non-polymer	?
QGV	non-polymer	?
QGW	non-polymer	?
QGX	non-polymer	?
QGY	non-polymer	?
QGZ	non-polymer	?
QH0	non-polymer	?
QH1	non-polymer	?
QH2	non-polymer	?
QH3	non-polymer	?
QH4	non-polymer	?
QH5	non-polymer	?
QH6	non-polymer	?
QH7	non-polymer	?
QH8	non-polymer	?
QH9	non-polymer	?
QHA	non-polymer	?
QHB	non-polymer	?
QHC	NON-POLYMER	?
QHD	non-polymer	?
QHE	non-polymer	?
QHF	NON-POLYMER	?
QHG	non-polymer	?
QHH	non-polymer	?
QHI	non-polymer	?
QHJ	non-polymer	?
QHK	non-polymer	?
QHL	NON-POLYMER	?
QHM	non-polymer	?
QHN	non-polymer	?
QHO	non-polymer	?
QHP	non-polymer	?
QHQ	non-polymer	?
QHR	non-polymer	?
QHS	non-polymer	?
QHT	non-polymer	?
QHU	non-polymer	?
QHV	non-polymer	?
QHW	non-polymer	?
QHX	non-polymer	?
QHY	non-polymer	?
QHZ	non-polymer	?
QI0	non-polymer	?
QI1	NON-POLYMER	?
QI2	NON-POLYMER	?
QI3	NON-POLYMER	?
QI4	non-polymer	?
QI5	non-polymer	?
QI6	non-polymer	?
QI7	non-polymer	?
QI8	non-polymer	?
QI9	NON-POLYMER	?
QIA	non-polymer	?
QIB	non-polymer	?
QIC	NON-POLYMER	?
QID	NON-POLYMER	?
QIE	non-polymer	?
QIF	D-saccharide, alpha linking	GLC
QIG	NON-POLYMER	?
QIH	non-polymer	?
QII	non-polymer	?
QIJ	non-polymer	?
QIK	non-polymer	?
QIL	L-peptide linking	ILE
QIM	non-polymer	?
QIN	NON-POLYMER	?
QIO	non-polymer	?
QIP	L-peptide linking	MET, TYR, GLY
QIQ	non-polymer	?
QIR	non-polymer	?
QIT	non-polymer	?
QIU	NON-POLYMER	?
QIV	NON-POLYMER	?
QIW	non-polymer	?
QIX	NON-POLYMER	?
QIY	non-polymer	?
QIZ	non-polymer	?
QJ0	non-polymer	?
QJ1	non-polymer	?
QJ2	NON-POLYMER	?
QJ4	NON-POLYMER	?
QJ5	non-polymer	?
QJ6	non-polymer	?
QJ7	NON-POLYMER	?
QJ8	NON-POLYMER	?
QJ9	NON-POLYMER	?
QJA	non-polymer	?
QJB	non-polymer	?
QJC	non-polymer	?
QJD	non-polymer	?
QJE	non-polymer	?
QJF	non-polymer	?
QJG	non-polymer	?
QJI	non-polymer	?
QJJ	non-polymer	?
QJK	non-polymer	?
QJL	non-polymer	?
QJM	non-polymer	?
QJN	non-polymer	?
QJO	non-polymer	?
QJP	non-polymer	?
QJQ	non-polymer	?
QJR	non-polymer	?
QJS	NON-POLYMER	?
QJT	non-polymer	?
QJU	non-polymer	?
QJV	non-polymer	?
QJW	non-polymer	?
QJX	non-polymer	?
QJY	non-polymer	?
QJZ	NON-POLYMER	?
QK0	NON-POLYMER	?
QK1	non-polymer	?
QK2	non-polymer	?
QK3	non-polymer	?
QK5	NON-POLYMER	?
QK6	non-polymer	?
QK7	non-polymer	?
QK8	non-polymer	?
QK9	non-polymer	?
QKA	non-polymer	?
QKB	non-polymer	?
QKC	non-polymer	?
QKD	non-polymer	?
QKE	non-polymer	?
QKF	non-polymer	?
QKG	non-polymer	?
QKH	saccharide	?
QKI	non-polymer	?
QKJ	non-polymer	?
QKK	non-polymer	?
QKL	non-polymer	?
QKM	non-polymer	?
QKO	non-polymer	?
QKP	non-polymer	?
QKQ	non-polymer	?
QKR	non-polymer	?
QKT	non-polymer	?
QKU	NON-POLYMER	?
QKV	NON-POLYMER	?
QKW	non-polymer	?
QKX	non-polymer	?
QKY	non-polymer	?
QKZ	non-polymer	?
QL0	non-polymer	?
QL1	non-polymer	?
QL2	NON-POLYMER	?
QL3	non-polymer	?
QL4	non-polymer	?
QL5	non-polymer	?
QL6	non-polymer	?
QL7	non-polymer	?
QL8	non-polymer	?
QL9	non-polymer	?
QLA	non-polymer	?
QLB	non-polymer	?
QLC	non-polymer	?
QLD	NON-POLYMER	?
QLE	non-polymer	?
QLF	non-polymer	?
QLG	L-PEPTIDE LINKING	GLN, LEU, GLY
QLH	non-polymer	?
QLI	NON-POLYMER	?
QLJ	NON-POLYMER	?
QLL	non-polymer	?
QLM	NON-POLYMER	?
QLN	NON-POLYMER	?
QLO	non-polymer	?
QLP	NON-POLYMER	?
QLQ	non-polymer	?
QLR	NON-POLYMER	?
QLS	NON-POLYMER	?
QLT	non-polymer	?
QLU	non-polymer	?
QLV	non-polymer	?
QLW	non-polymer	?
QLX	non-polymer	?
QLZ	NON-POLYMER	?
QM1	non-polymer	?
QM2	non-polymer	?
QM3	non-polymer	?
QM4	non-polymer	?
QM5	non-polymer	?
QM6	non-polymer	?
QM7	non-polymer	?
QM8	L-peptide linking	ALA
QM9	non-polymer	?
QMA	non-polymer	?
QMB	L-peptide linking	ALA
QMD	non-polymer	?
QME	non-polymer	?
QMF	non-polymer	?
QMG	non-polymer	?
QMH	non-polymer	?
QMI	non-polymer	?
QMJ	non-polymer	?
QMK	non-polymer	?
QML	non-polymer	?
QMM	L-PEPTIDE LINKING	GLN
QMN	NON-POLYMER	?
QMO	non-polymer	?
QMP	NON-POLYMER	?
QMQ	non-polymer	?
QMR	non-polymer	?
QMS	NON-POLYMER	?
QMT	non-polymer	?
QMU	non-polymer	?
QMV	NON-POLYMER	?
QMW	non-polymer	?
QMX	non-polymer	?
QMY	NON-POLYMER	?
QMZ	non-polymer	?
QN0	non-polymer	?
QN1	NON-POLYMER	?
QN2	NON-POLYMER	?
QN3	NON-POLYMER	?
QN4	non-polymer	?
QN5	non-polymer	?
QN6	non-polymer	?
QN7	non-polymer	?
QN8	non-polymer	?
QN9	non-polymer	?
QNA	non-polymer	?
QNB	NON-POLYMER	?
QNC	NON-POLYMER	?
QND	NON-POLYMER	?
QNE	non-polymer	?
QNF	non-polymer	?
QNG	non-polymer	?
QNH	non-polymer	?
QNI	non-polymer	?
QNJ	non-polymer	?
QNK	non-polymer	?
QNL	NON-POLYMER	?
QNM	non-polymer	?
QNN	non-polymer	?
QNO	NON-POLYMER	?
QNP	non-polymer	?
QNQ	L-peptide linking	CYS
QNR	non-polymer	?
QNS	NON-POLYMER	?
QNT	L-peptide linking	CYS
QNU	non-polymer	?
QNV	non-polymer	?
QNW	L-peptide linking	CYS
QNX	non-polymer	?
QNY	L-peptide linking	Thr
QNZ	non-polymer	?
QO0	non-polymer	?
QO1	non-polymer	?
QO2	L-peptide linking	CYS
QO3	non-polymer	?
QO4	non-polymer	?
QO5	L-peptide linking	CYS
QO6	non-polymer	?
QO7	non-polymer	?
QO8	L-peptide linking	CYS
QO9	NON-POLYMER	?
QOA	non-polymer	?
QOB	non-polymer	?
QOC	non-polymer	?
QOD	non-polymer	?
QOE	non-polymer	?
QOF	non-polymer	?
QOG	non-polymer	?
QOH	non-polymer	?
QOI	non-polymer	?
QOJ	non-polymer	?
QOK	non-polymer	?
QOL	L-peptide linking	?
QOM	non-polymer	?
QON	non-polymer	?
QOO	non-polymer	?
QOP	non-polymer	?
QOQ	non-polymer	?
QOR	non-polymer	?
QOS	non-polymer	?
QOT	non-polymer	?
QOU	non-polymer	?
QOV	non-polymer	?
QOX	non-polymer	?
QOY	non-polymer	?
QOZ	non-polymer	?
QP0	non-polymer	?
QP1	non-polymer	?
QP2	non-polymer	?
QP3	non-polymer	?
QP4	non-polymer	?
QP6	non-polymer	?
QP7	non-polymer	?
QP8	non-polymer	?
QP9	non-polymer	?
QPA	L-PEPTIDE LINKING	CYS
QPB	non-polymer	?
QPC	NON-POLYMER	?
QPD	non-polymer	?
QPE	non-polymer	?
QPF	non-polymer	?
QPH	L-PEPTIDE LINKING	PHE
QPI	non-polymer	?
QPJ	non-polymer	?
QPK	non-polymer	?
QPL	non-polymer	?
QPM	non-polymer	?
QPN	non-polymer	?
QPO	non-polymer	?
QPP	NON-POLYMER	?
QPQ	non-polymer	?
QPR	NON-POLYMER	?
QPS	saccharide	?
QPT	NON-POLYMER	?
QPU	NON-POLYMER	?
QPV	non-polymer	?
QPW	non-polymer	?
QPX	non-polymer	?
QPY	non-polymer	?
QPZ	non-polymer	?
QQ0	non-polymer	?
QQ1	non-polymer	?
QQ2	NON-POLYMER	?
QQ3	non-polymer	?
QQ4	non-polymer	?
QQ5	non-polymer	?
QQ6	non-polymer	?
QQ7	NON-POLYMER	?
QQ8	L-peptide linking	GLN
QQ9	non-polymer	?
QQA	non-polymer	?
QQB	L-peptide linking	?
QQC	non-polymer	?
QQD	non-polymer	?
QQE	non-polymer	?
QQF	non-polymer	?
QQG	non-polymer	?
QQH	NON-POLYMER	?
QQI	non-polymer	?
QQJ	non-polymer	?
QQK	non-polymer	?
QQL	non-polymer	?
QQM	non-polymer	?
QQN	non-polymer	?
QQO	non-polymer	?
QQP	non-polymer	?
QQQ	NON-POLYMER	?
QQR	non-polymer	?
QQS	non-polymer	?
QQT	non-polymer	?
QQU	non-polymer	?
QQV	non-polymer	?
QQW	non-polymer	?
QQX	non-polymer	?
QQY	non-polymer	?
QQZ	NON-POLYMER	?
QR0	non-polymer	?
QR1	non-polymer	?
QR2	non-polymer	?
QR3	non-polymer	?
QR4	non-polymer	?
QR5	non-polymer	?
QR6	non-polymer	?
QR7	non-polymer	?
QR8	non-polymer	?
QR9	non-polymer	?
QRA	non-polymer	?
QRB	non-polymer	?
QRC	non-polymer	?
QRD	non-polymer	?
QRE	non-polymer	?
QRF	non-polymer	?
QRG	peptide-like	?
QRH	non-polymer	?
QRI	non-polymer	?
QRJ	non-polymer	?
QRL	NON-POLYMER	?
QRM	non-polymer	?
QRN	non-polymer	?
QRO	NON-POLYMER	?
QRP	NON-POLYMER	?
QRQ	non-polymer	?
QRR	non-polymer	?
QRS	non-polymer	?
QRT	non-polymer	?
QRU	non-polymer	?
QRV	DNA linking	?
QRW	NON-POLYMER	?
QRX	NON-POLYMER	?
QRY	non-polymer	?
QRZ	non-polymer	?
QS0	non-polymer	?
QS1	non-polymer	?
QS2	non-polymer	?
QS3	non-polymer	?
QS4	non-polymer	?
QS5	non-polymer	?
QS6	non-polymer	?
QS7	non-polymer	?
QS8	non-polymer	?
QSA	non-polymer	?
QSB	non-polymer	?
QSC	NON-POLYMER	?
QSD	non-polymer	?
QSE	non-polymer	?
QSF	non-polymer	?
QSG	non-polymer	?
QSH	non-polymer	?
QSI	NON-POLYMER	?
QSJ	non-polymer	?
QSK	RNA linking	?
QSL	non-polymer	?
QSM	non-polymer	?
QSN	NON-POLYMER	?
QSO	NON-POLYMER	?
QSP	NON-POLYMER	?
QSQ	RNA linking	A
QSR	NON-POLYMER	?
QSS	non-polymer	?
QST	non-polymer	?
QSV	non-polymer	?
QSW	non-polymer	?
QSX	non-polymer	?
QSY	non-polymer	?
QSZ	non-polymer	?
QT0	non-polymer	?
QT1	non-polymer	?
QT2	non-polymer	?
QT3	non-polymer	?
QT4	non-polymer	?
QT5	non-polymer	?
QT6	non-polymer	?
QT7	non-polymer	?
QT8	non-polymer	?
QT9	non-polymer	?
QTA	non-polymer	?
QTB	non-polymer	?
QTC	non-polymer	?
QTD	non-polymer	?
QTE	non-polymer	?
QTF	non-polymer	?
QTG	non-polymer	?
QTH	non-polymer	?
QTI	non-polymer	?
QTJ	non-polymer	?
QTK	non-polymer	?
QTL	non-polymer	?
QTM	non-polymer	?
QTN	non-polymer	?
QTO	non-polymer	?
QTP	NON-POLYMER	?
QTQ	non-polymer	?
QTR	NON-POLYMER	?
QTS	non-polymer	?
QTT	non-polymer	?
QTU	non-polymer	?
QTV	non-polymer	?
QTW	non-polymer	?
QTX	non-polymer	?
QTY	NON-POLYMER	?
QTZ	non-polymer	?
QU0	non-polymer	?
QU2	non-polymer	?
QU3	non-polymer	?
QU4	non-polymer	?
QU5	non-polymer	?
QU6	non-polymer	?
QU7	non-polymer	?
QU8	non-polymer	?
QU9	non-polymer	?
QUA	NON-POLYMER	?
QUB	NON-POLYMER	?
QUC	non-polymer	?
QUD	non-polymer	?
QUE	NON-POLYMER	?
QUF	non-polymer	?
QUG	NON-POLYMER	?
QUH	NON-POLYMER	?
QUI	NON-POLYMER	?
QUJ	L-peptide linking	?
QUK	L-peptide linking	?
QUL	NON-POLYMER	?
QUM	NON-POLYMER	?
QUN	NON-POLYMER	?
QUO	RNA LINKING	G
QUP	non-polymer	?
QUQ	non-polymer	?
QUR	non-polymer	?
QUS	NON-POLYMER	?
QUU	non-polymer	?
QUV	NON-POLYMER	?
QUW	NON-POLYMER	?
QUX	NON-POLYMER	?
QUY	NON-POLYMER	?
QUZ	NON-POLYMER	?
QV0	non-polymer	?
QV1	non-polymer	?
QV2	non-polymer	?
QV3	non-polymer	?
QV4	saccharide	?
QV5	non-polymer	?
QV6	NON-POLYMER	?
QV7	NON-POLYMER	?
QV8	NON-POLYMER	?
QV9	non-polymer	?
QVA	L-peptide linking	CYS
QVB	non-polymer	?
QVC	non-polymer	?
QVE	L-peptide linking	?
QVG	non-polymer	?
QVI	non-polymer	?
QVJ	non-polymer	?
QVK	non-polymer	?
QVL	non-polymer	?
QVM	non-polymer	?
QVN	non-polymer	?
QVO	non-polymer	?
QVP	non-polymer	?
QVQ	non-polymer	?
QVR	NON-POLYMER	?
QVS	L-peptide linking	?
QVT	non-polymer	?
QVU	non-polymer	?
QVV	non-polymer	?
QVW	non-polymer	?
QVX	non-polymer	?
QVY	non-polymer	?
QVZ	non-polymer	?
QW0	non-polymer	?
QW1	non-polymer	?
QW2	non-polymer	?
QW3	non-polymer	?
QW4	non-polymer	?
QW5	non-polymer	?
QW6	non-polymer	?
QW7	non-polymer	?
QW8	non-polymer	?
QW9	NON-POLYMER	?
QWB	non-polymer	?
QWC	non-polymer	?
QWE	peptide-like	?
QWF	non-polymer	?
QWG	non-polymer	?
QWH	non-polymer	?
QWI	non-polymer	?
QWJ	non-polymer	?
QWK	non-polymer	?
QWL	non-polymer	?
QWM	non-polymer	?
QWN	non-polymer	?
QWO	non-polymer	?
QWP	non-polymer	?
QWQ	non-polymer	?
QWR	non-polymer	?
QWS	NON-POLYMER	?
QWT	non-polymer	?
QWU	non-polymer	?
QWV	NON-POLYMER	?
QWW	non-polymer	?
QWX	non-polymer	?
QWY	non-polymer	?
QWZ	non-polymer	?
QX	NON-POLYMER	?
QX0	non-polymer	?
QX1	non-polymer	?
QX2	non-polymer	?
QX3	non-polymer	?
QX4	non-polymer	?
QX5	non-polymer	?
QX7	L-peptide linking	ALA
QX8	non-polymer	?
QX9	non-polymer	?
QXB	non-polymer	?
QXC	non-polymer	?
QXD	non-polymer	?
QXE	non-polymer	?
QXF	non-polymer	?
QXG	non-polymer	?
QXH	non-polymer	?
QXI	non-polymer	?
QXK	non-polymer	?
QXL	non-polymer	?
QXM	non-polymer	?
QXN	non-polymer	?
QXO	non-polymer	?
QXP	non-polymer	?
QXQ	non-polymer	?
QXR	non-polymer	?
QXS	non-polymer	?
QXT	non-polymer	?
QXU	non-polymer	?
QXV	D-peptide linking	?
QXW	non-polymer	?
QXX	non-polymer	?
QXY	non-polymer	?
QXZ	non-polymer	?
QY0	non-polymer	?
QY1	non-polymer	?
QY2	non-polymer	?
QY3	non-polymer	?
QY4	non-polymer	?
QY5	non-polymer	?
QY6	non-polymer	?
QY7	non-polymer	?
QY8	non-polymer	?
QY9	NON-POLYMER	?
QYA	non-polymer	?
QYB	non-polymer	?
QYC	non-polymer	?
QYD	non-polymer	?
QYE	non-polymer	?
QYF	non-polymer	?
QYG	L-peptide linking	GLN, TYR, GLY
QYH	non-polymer	?
QYI	non-polymer	?
QYJ	non-polymer	?
QYK	non-polymer	?
QYM	non-polymer	?
QYN	non-polymer	?
QYO	non-polymer	?
QYP	non-polymer	?
QYQ	non-polymer	?
QYR	non-polymer	?
QYS	non-polymer	?
QYT	NON-POLYMER	?
QYU	non-polymer	?
QYV	non-polymer	?
QYW	non-polymer	?
QYX	L-peptide linking	MET, TYR, GLY
QYY	non-polymer	?
QYZ	non-polymer	?
QZ0	non-polymer	?
QZ1	non-polymer	?
QZ2	non-polymer	?
QZ3	non-polymer	?
QZ4	non-polymer	?
QZ6	non-polymer	?
QZ7	non-polymer	?
QZ8	non-polymer	?
QZA	L-peptide COOH carboxy terminus	?
QZC	non-polymer	?
QZD	non-polymer	?
QZE	non-polymer	?
QZF	non-polymer	?
QZG	non-polymer	?
QZH	non-polymer	?
QZI	non-polymer	?
QZJ	non-polymer	?
QZK	NON-POLYMER	?
QZL	non-polymer	?
QZM	non-polymer	?
QZN	NON-POLYMER	?
QZO	non-polymer	?
QZP	non-polymer	?
QZQ	NON-POLYMER	?
QZR	non-polymer	?
QZS	NON-POLYMER	?
QZT	non-polymer	?
QZU	non-polymer	?
QZV	non-polymer	?
QZW	non-polymer	?
QZX	non-polymer	?
QZY	non-polymer	?
QZZ	non-polymer	?
R	DNA LINKING	DA
R00	peptide-like	?
R01	NON-POLYMER	?
R02	NON-POLYMER	?
R03	NON-POLYMER	?
R04	NON-POLYMER	?
R05	non-polymer	?
R06	non-polymer	?
R07	NON-POLYMER	?
R08	non-polymer	?
R09	non-polymer	?
R0A	non-polymer	?
R0B	non-polymer	?
R0C	non-polymer	?
R0D	non-polymer	?
R0E	L-peptide linking	?
R0F	non-polymer	?
R0G	non-polymer	?
R0H	non-polymer	?
R0I	non-polymer	?
R0J	non-polymer	?
R0K	L-peptide linking	GLU
R0L	non-polymer	?
R0M	non-polymer	?
R0N	NON-POLYMER	?
R0O	non-polymer	?
R0P	non-polymer	?
R0Q	non-polymer	?
R0R	non-polymer	?
R0S	non-polymer	?
R0T	non-polymer	?
R0U	non-polymer	?
R0W	non-polymer	?
R0X	non-polymer	?
R0Y	non-polymer	?
R0Z	non-polymer	?
R10	non-polymer	?
R11	NON-POLYMER	?
R12	NON-POLYMER	?
R13	NON-POLYMER	?
R14	NON-POLYMER	?
R15	non-polymer	?
R16	NON-POLYMER	?
R17	NON-POLYMER	?
R18	NON-POLYMER	?
R19	NON-POLYMER	?
R1A	L-PEPTIDE LINKING	CYS
R1B	NON-POLYMER	?
R1C	NON-POLYMER	?
R1D	non-polymer	?
R1E	non-polymer	?
R1F	NON-POLYMER	?
R1G	non-polymer	?
R1H	non-polymer	?
R1I	non-polymer	?
R1J	non-polymer	?
R1L	non-polymer	?
R1M	non-polymer	?
R1N	NON-POLYMER	?
R1O	non-polymer	?
R1P	D-saccharide, alpha linking	RIB
R1Q	non-polymer	?
R1R	non-polymer	?
R1S	NON-POLYMER	?
R1T	NON-POLYMER	?
R1U	non-polymer	?
R1V	non-polymer	?
R1W	non-polymer	?
R1X	D-saccharide	?
R1Y	non-polymer	?
R1Z	NON-POLYMER	?
R20	NON-POLYMER	?
R21	NON-POLYMER	?
R22	NON-POLYMER	?
R23	NON-POLYMER	?
R24	NON-POLYMER	?
R25	non-polymer	?
R26	NON-POLYMER	?
R27	non-polymer	?
R28	non-polymer	?
R29	NON-POLYMER	?
R2A	non-polymer	?
R2B	D-saccharide	?
R2C	NON-POLYMER	?
R2D	non-polymer	?
R2E	non-polymer	?
R2F	non-polymer	?
R2G	L-saccharide	?
R2H	NON-POLYMER	?
R2I	non-polymer	?
R2J	non-polymer	?
R2K	non-polymer	?
R2L	non-polymer	?
R2N	NON-POLYMER	?
R2O	non-polymer	?
R2P	D-peptide linking	?
R2Q	non-polymer	?
R2R	non-polymer	?
R2S	NON-POLYMER	?
R2T	L-PEPTIDE LINKING	?
R2U	non-polymer	?
R2V	non-polymer	?
R2W	non-polymer	?
R2X	non-polymer	?
R2Y	non-polymer	?
R2Z	NON-POLYMER	?
R30	NON-POLYMER	?
R31	NON-POLYMER	?
R32	NON-POLYMER	?
R33	NON-POLYMER	?
R34	NON-POLYMER	?
R35	non-polymer	?
R36	NON-POLYMER	?
R37	NON-POLYMER	?
R38	NON-POLYMER	?
R39	NON-POLYMER	?
R3A	non-polymer	?
R3B	non-polymer	?
R3D	non-polymer	?
R3E	non-polymer	?
R3F	non-polymer	?
R3G	NON-POLYMER	?
R3H	non-polymer	?
R3I	non-polymer	?
R3J	non-polymer	?
R3K	non-polymer	?
R3L	non-polymer	?
R3M	NON-POLYMER	?
R3N	non-polymer	?
R3O	non-polymer	?
R3P	non-polymer	?
R3Q	non-polymer	?
R3R	non-polymer	?
R3S	NON-POLYMER	?
R3T	non-polymer	?
R3U	non-polymer	?
R3V	non-polymer	?
R3W	NON-POLYMER	?
R3X	non-polymer	?
R3Y	non-polymer	?
R3Z	NON-POLYMER	?
R40	NON-POLYMER	?
R41	non-polymer	?
R42	non-polymer	?
R43	non-polymer	?
R44	non-polymer	?
R45	peptide-like	?
R46	NON-POLYMER	?
R47	peptide-like	?
R48	NON-POLYMER	?
R49	NON-POLYMER	?
R4A	NON-POLYMER	?
R4B	peptide-like	?
R4C	peptide-like	?
R4D	non-polymer	?
R4E	NON-POLYMER	?
R4F	non-polymer	?
R4G	non-polymer	?
R4H	non-polymer	?
R4I	non-polymer	?
R4J	non-polymer	?
R4K	L-PEPTIDE LINKING	TRP
R4L	non-polymer	?
R4M	NON-POLYMER	?
R4N	non-polymer	?
R4O	non-polymer	?
R4P	non-polymer	?
R4Q	non-polymer	?
R4R	non-polymer	?
R4S	non-polymer	?
R4T	non-polymer	?
R4U	non-polymer	?
R4V	non-polymer	?
R4W	non-polymer	?
R4X	non-polymer	?
R4Y	non-polymer	?
R4Z	non-polymer	?
R50	non-polymer	?
R51	non-polymer	?
R52	non-polymer	?
R53	non-polymer	?
R54	non-polymer	?
R55	NON-POLYMER	?
R56	NON-POLYMER	?
R57	NON-POLYMER	?
R58	NON-POLYMER	?
R59	NON-POLYMER	?
R5A	NON-POLYMER	?
R5B	NON-POLYMER	?
R5C	non-polymer	?
R5D	non-polymer	?
R5F	non-polymer	?
R5G	non-polymer	?
R5H	non-polymer	?
R5I	NON-POLYMER	?
R5K	non-polymer	?
R5N	non-polymer	?
R5O	non-polymer	?
R5P	SACCHARIDE	?
R5Q	non-polymer	?
R5R	non-polymer	?
R5S	non-polymer	?
R5T	NON-POLYMER	?
R5V	NON-POLYMER	?
R5W	non-polymer	?
R5X	NON-POLYMER	?
R5Y	non-polymer	?
R5Z	non-polymer	?
R60	non-polymer	?
R61	non-polymer	?
R62	non-polymer	?
R63	non-polymer	?
R64	NON-POLYMER	?
R66	non-polymer	?
R67	non-polymer	?
R68	NON-POLYMER	?
R69	NON-POLYMER	?
R6A	NON-POLYMER	?
R6B	non-polymer	?
R6C	NON-POLYMER	?
R6D	non-polymer	?
R6E	D-peptide linking	?
R6F	non-polymer	?
R6G	NON-POLYMER	?
R6H	non-polymer	?
R6I	non-polymer	?
R6K	non-polymer	?
R6L	non-polymer	?
R6M	non-polymer	?
R6N	non-polymer	?
R6O	non-polymer	?
R6P	non-polymer	?
R6Q	non-polymer	?
R6R	non-polymer	?
R6S	non-polymer	?
R6T	non-polymer	?
R6U	non-polymer	?
R6V	non-polymer	?
R6W	non-polymer	?
R6X	non-polymer	?
R6Z	NON-POLYMER	?
R70	NON-POLYMER	?
R71	NON-POLYMER	?
R72	non-polymer	?
R73	non-polymer	?
R74	non-polymer	?
R75	non-polymer	?
R76	non-polymer	?
R77	NON-POLYMER	?
R78	NON-POLYMER	?
R79	NON-POLYMER	?
R7A	NON-POLYMER	?
R7B	non-polymer	?
R7C	non-polymer	?
R7D	non-polymer	?
R7E	non-polymer	?
R7F	non-polymer	?
R7G	non-polymer	?
R7H	non-polymer	?
R7I	NON-POLYMER	?
R7J	non-polymer	?
R7K	non-polymer	?
R7L	non-polymer	?
R7M	non-polymer	?
R7N	non-polymer	?
R7O	non-polymer	?
R7P	non-polymer	?
R7Q	non-polymer	?
R7R	non-polymer	?
R7S	non-polymer	?
R7T	non-polymer	?
R7U	NON-POLYMER	?
R7V	non-polymer	?
R7W	non-polymer	?
R7X	non-polymer	?
R7Y	non-polymer	?
R7Z	non-polymer	?
R80	non-polymer	?
R81	non-polymer	?
R82	non-polymer	?
R83	non-polymer	?
R84	non-polymer	?
R85	non-polymer	?
R86	NON-POLYMER	?
R87	non-polymer	?
R88	NON-POLYMER	?
R89	non-polymer	?
R8A	NON-POLYMER	?
R8B	non-polymer	?
R8C	NON-POLYMER	?
R8D	NON-POLYMER	?
R8E	NON-POLYMER	?
R8F	non-polymer	?
R8G	NON-POLYMER	?
R8H	non-polymer	?
R8I	non-polymer	?
R8J	NON-POLYMER	?
R8K	non-polymer	?
R8L	non-polymer	?
R8N	non-polymer	?
R8O	non-polymer	?
R8P	NON-POLYMER	?
R8Q	non-polymer	?
R8R	non-polymer	?
R8S	NON-POLYMER	?
R8T	non-polymer	?
R8U	non-polymer	?
R8V	NON-POLYMER	?
R8W	non-polymer	?
R8X	non-polymer	?
R8Y	NON-POLYMER	?
R8Z	non-polymer	?
R90	non-polymer	?
R91	NON-POLYMER	?
R92	NON-POLYMER	?
R93	NON-POLYMER	?
R94	NON-POLYMER	?
R95	non-polymer	?
R96	NON-POLYMER	?
R97	NON-POLYMER	?
R98	non-polymer	?
R99	peptide-like	?
R9A	NON-POLYMER	?
R9B	non-polymer	?
R9C	non-polymer	?
R9D	NON-POLYMER	?
R9E	non-polymer	?
R9F	non-polymer	?
R9G	NON-POLYMER	?
R9H	non-polymer	?
R9I	non-polymer	?
R9J	NON-POLYMER	?
R9K	non-polymer	?
R9L	non-polymer	?
R9M	NON-POLYMER	?
R9O	non-polymer	?
R9P	non-polymer	?
R9Q	non-polymer	?
R9R	non-polymer	?
R9S	NON-POLYMER	?
R9T	NON-POLYMER	?
R9U	non-polymer	?
R9V	NON-POLYMER	?
R9W	non-polymer	?
R9X	non-polymer	?
R9Y	NON-POLYMER	?
R9Z	non-polymer	?
RA0	NON-POLYMER	?
RA1	NON-POLYMER	?
RA2	NON-POLYMER	?
RA3	non-polymer	?
RA4	peptide-like	?
RA5	NON-POLYMER	?
RA7	NON-POLYMER	?
RA8	peptide-like	?
RA9	NON-POLYMER	?
RAA	SACCHARIDE	?
RAB	NON-POLYMER	?
RAC	NON-POLYMER	?
RAD	NON-POLYMER	?
RAE	L-saccharide, alpha linking	?
RAF	saccharide	?
RAH	non-polymer	?
RAI	NON-POLYMER	?
RAJ	NON-POLYMER	?
RAK	non-polymer	?
RAL	NON-POLYMER	?
RAM	L-saccharide, alpha linking	?
RAN	NON-POLYMER	?
RAO	L-saccharide	RAM
RAP	NON-POLYMER	?
RAQ	non-polymer	?
RAR	NON-POLYMER	?
RAS	NON-POLYMER	?
RAT	D-SACCHARIDE	?
RAU	non-polymer	?
RAV	NON-POLYMER	?
RAW	NON-POLYMER	?
RAX	NON-POLYMER	?
RAY	NON-POLYMER	?
RAZ	NON-POLYMER	?
RB	NON-POLYMER	?
RB0	NON-POLYMER	?
RB1	NON-POLYMER	?
RB2	NON-POLYMER	?
RB3	NON-POLYMER	?
RB4	NON-POLYMER	?
RB5	D-saccharide	?
RB6	NON-POLYMER	?
RB7	NON-POLYMER	?
RB8	non-polymer	?
RB9	NON-POLYMER	?
RBB	non-polymer	?
RBC	NON-POLYMER	?
RBD	DNA LINKING	DA
RBE	NON-POLYMER	?
RBF	NON-POLYMER	?
RBG	NON-POLYMER	?
RBH	non-polymer	GDA
RBJ	NON-POLYMER	?
RBL	D-saccharide	?
RBM	non-polymer	?
RBN	NON-POLYMER	?
RBO	non-polymer	?
RBP	NON-POLYMER	?
RBQ	NON-POLYMER	?
RBR	non-polymer	?
RBS	NON-POLYMER	?
RBT	NON-POLYMER	?
RBU	NON-POLYMER	?
RBV	NON-POLYMER	?
RBW	non-polymer	?
RBX	non-polymer	?
RBY	NON-POLYMER	?
RBZ	NON-POLYMER	?
RC0	NON-POLYMER	?
RC1	NON-POLYMER	?
RC2	NON-POLYMER	?
RC3	non-polymer	?
RC4	NON-POLYMER	?
RC5	NON-POLYMER	?
RC6	non-polymer	?
RC7	L-peptide NH3 amino terminus	HIS, TYR, GLY
RC8	NON-POLYMER	?
RC9	non-polymer	?
RCA	NON-POLYMER	?
RCB	NON-POLYMER	?
RCC	NON-POLYMER	?
RCD	saccharide	?
RCE	DNA LINKING	?
RCF	NON-POLYMER	?
RCG	NON-POLYMER	?
RCH	NON-POLYMER	?
RCI	NON-POLYMER	?
RCJ	NON-POLYMER	?
RCK	non-polymer	?
RCL	NON-POLYMER	?
RCM	NON-POLYMER	?
RCN	non-polymer	?
RCO	NON-POLYMER	?
RCP	NON-POLYMER	?
RCQ	non-polymer	?
RCR	non-polymer	?
RCS	NON-POLYMER	?
RCT	non-polymer	?
RCU	non-polymer	?
RCV	NON-POLYMER	?
RCW	non-polymer	?
RCX	NON-POLYMER	?
RCY	NON-POLYMER	?
RCZ	NON-POLYMER	?
RD0	NON-POLYMER	?
RD1	NON-POLYMER	?
RD2	NON-POLYMER	?
RD3	NON-POLYMER	?
RD4	NON-POLYMER	?
RD5	non-polymer	?
RD6	non-polymer	?
RD7	NON-POLYMER	?
RD8	non-polymer	?
RD9	non-polymer	?
RDA	NON-POLYMER	?
RDC	NON-POLYMER	?
RDD	NON-POLYMER	?
RDE	NON-POLYMER	?
RDF	peptide-like	?
RDG	DNA LINKING	DG
RDH	non-polymer	?
RDI	NON-POLYMER	?
RDJ	NON-POLYMER	?
RDK	non-polymer	?
RDL	NON-POLYMER	?
RDM	NON-POLYMER	?
RDN	non-polymer	?
RDO	non-polymer	?
RDP	D-SACCHARIDE	?
RDQ	non-polymer	?
RDR	NON-POLYMER	?
RDS	NON-POLYMER	?
RDT	NON-POLYMER	?
RDU	non-polymer	?
RDV	NON-POLYMER	?
RDX	non-polymer	?
RDY	NON-POLYMER	?
RDZ	non-polymer	?
RE	NON-POLYMER	?
RE0	L-PEPTIDE LINKING	TRP
RE1	NON-POLYMER	?
RE2	NON-POLYMER	?
RE3	L-PEPTIDE LINKING	TRP
RE4	NON-POLYMER	?
RE5	non-polymer	?
RE6	non-polymer	?
RE7	NON-POLYMER	?
RE8	NON-POLYMER	?
RE9	NON-POLYMER	?
REA	NON-POLYMER	?
REB	NON-POLYMER	?
REC	non-polymer	?
RED	NON-POLYMER	?
REE	NON-POLYMER	?
REF	NON-POLYMER	?
REG	NON-POLYMER	?
REH	non-polymer	?
REI	NON-POLYMER	?
REJ	NON-POLYMER	?
REK	non-polymer	?
REL	D-SACCHARIDE	?
REM	NON-POLYMER	?
REN	NON-POLYMER	?
REO	NON-POLYMER	?
REP	NON-POLYMER	?
REQ	NON-POLYMER	?
RER	L-saccharide, alpha linking	?
RES	NON-POLYMER	?
RET	NON-POLYMER	?
REU	non-polymer	?
REV	NON-POLYMER	?
REW	NON-POLYMER	?
REX	NON-POLYMER	?
REY	NON-POLYMER	?
REZ	NON-POLYMER	?
RF0	non-polymer	?
RF1	NON-POLYMER	?
RF2	NON-POLYMER	?
RF3	NON-POLYMER	?
RF4	NON-POLYMER	?
RF5	D-saccharide, alpha linking	?
RF6	non-polymer	?
RF7	NON-POLYMER	?
RF8	non-polymer	?
RF9	L-peptide linking	?
RFA	NON-POLYMER	?
RFB	NON-POLYMER	?
RFC	NON-POLYMER	?
RFE	non-polymer	?
RFF	non-polymer	?
RFG	non-polymer	?
RFH	NON-POLYMER	?
RFI	non-polymer	?
RFJ	RNA linking	G
RFL	NON-POLYMER	?
RFM	NON-POLYMER	?
RFN	NON-POLYMER	?
RFO	non-polymer	?
RFP	NON-POLYMER	?
RFQ	NON-POLYMER	?
RFR	non-polymer	?
RFS	non-polymer	?
RFT	non-polymer	?
RFU	non-polymer	?
RFV	NON-POLYMER	?
RFW	NON-POLYMER	?
RFX	NON-POLYMER	?
RFY	non-polymer	?
RFZ	NON-POLYMER	?
RG0	non-polymer	?
RG1	D-saccharide	?
RG2	NON-POLYMER	?
RG3	non-polymer	?
RG4	non-polymer	?
RG5	non-polymer	?
RG6	non-polymer	?
RG7	non-polymer	?
RG9	non-polymer	?
RGA	NON-POLYMER	?
RGC	NON-POLYMER	?
RGD	NON-POLYMER	?
RGE	NON-POLYMER	?
RGF	non-polymer	?
RGG	D-saccharide	GAL
RGI	PEPTIDE-LIKE	?
RGJ	non-polymer	?
RGK	NON-POLYMER	?
RGL	L-PEPTIDE LINKING	ARG
RGM	NON-POLYMER	?
RGN	non-polymer	?
RGO	non-polymer	?
RGP	L-peptide linking	GLU
RGQ	non-polymer	?
RGS	NON-POLYMER	?
RGT	NON-POLYMER	?
RGU	non-polymer	?
RGV	NON-POLYMER	?
RGW	non-polymer	?
RGX	non-polymer	?
RGY	NON-POLYMER	?
RGZ	non-polymer	?
RH	NON-POLYMER	?
RH0	peptide-like	?
RH1	NON-POLYMER	?
RH2	NON-POLYMER	?
RH3	NON-POLYMER	?
RH4	NON-POLYMER	?
RH5	NON-POLYMER	?
RH6	non-polymer	?
RH7	NON-POLYMER	?
RH8	non-polymer	?
RH9	non-polymer	?
RHA	L-saccharide	RAM
RHB	NON-POLYMER	?
RHC	D-saccharide, beta linking	?
RHD	NON-POLYMER	?
RHE	NON-POLYMER	?
RHF	NON-POLYMER	?
RHG	NON-POLYMER	?
RHH	non-polymer	?
RHI	non-polymer	?
RHJ	non-polymer	?
RHL	NON-POLYMER	?
RHM	NON-POLYMER	?
RHN	NON-POLYMER	?
RHO	NON-POLYMER	?
RHP	NON-POLYMER	?
RHQ	NON-POLYMER	?
RHR	non-polymer	?
RHS	NON-POLYMER	?
RHT	non-polymer	?
RHU	NON-POLYMER	?
RHV	NON-POLYMER	?
RHW	non-polymer	?
RHX	NON-POLYMER	?
RHY	NON-POLYMER	?
RHZ	non-polymer	?
RI1	non-polymer	?
RI2	D-saccharide, alpha linking	RIB
RI3	non-polymer	?
RI4	non-polymer	?
RI5	NON-POLYMER	?
RI6	non-polymer	?
RI7	non-polymer	?
RI8	NON-POLYMER	?
RI9	NON-POLYMER	?
RIA	RNA LINKING	A
RIB	D-saccharide, alpha linking	?
RIC	NON-POLYMER	?
RID	NON-POLYMER	?
RIE	NON-POLYMER	?
RIF	NON-POLYMER	?
RIJ	non-polymer	?
RIK	non-polymer	?
RIL	NON-POLYMER	?
RIM	NON-POLYMER	?
RIN	NON-POLYMER	?
RIO	NON-POLYMER	?
RIP	D-saccharide, beta linking	?
RIQ	non-polymer	?
RIR	NON-POLYMER	?
RIS	NON-POLYMER	?
RIT	peptide-like	?
RIU	non-polymer	?
RIV	non-polymer	?
RIW	non-polymer	?
RIX	non-polymer	?
RIY	non-polymer	?
RIZ	non-polymer	?
RJ0	non-polymer	?
RJ1	NON-POLYMER	?
RJ2	non-polymer	?
RJ3	non-polymer	?
RJ4	NON-POLYMER	?
RJ5	non-polymer	?
RJ6	NON-POLYMER	?
RJ7	NON-POLYMER	?
RJ8	non-polymer	?
RJ9	non-polymer	?
RJA	NON-POLYMER	?
RJB	non-polymer	?
RJC	non-polymer	?
RJD	NON-POLYMER	?
RJE	non-polymer	?
RJF	non-polymer	?
RJG	NON-POLYMER	?
RJH	non-polymer	?
RJI	non-polymer	?
RJJ	NON-POLYMER	?
RJK	non-polymer	?
RJL	non-polymer	?
RJM	non-polymer	?
RJN	non-polymer	?
RJO	non-polymer	?
RJP	NON-POLYMER	?
RJQ	non-polymer	?
RJR	NON-POLYMER	?
RJS	non-polymer	?
RJU	non-polymer	?
RJW	NON-POLYMER	?
RJX	non-polymer	?
RJY	non-polymer	?
RJZ	non-polymer	?
RK0	non-polymer	?
RK1	NON-POLYMER	?
RK2	non-polymer	?
RK3	non-polymer	?
RK4	non-polymer	?
RK5	non-polymer	?
RK6	non-polymer	?
RK7	NON-POLYMER	?
RK8	non-polymer	?
RK9	non-polymer	?
RKA	NON-POLYMER	?
RKC	non-polymer	?
RKD	NON-POLYMER	?
RKE	NON-POLYMER	?
RKF	NON-POLYMER	?
RKG	NON-POLYMER	?
RKH	non-polymer	?
RKI	non-polymer	?
RKJ	NON-POLYMER	?
RKK	non-polymer	?
RKL	NON-POLYMER	?
RKM	NON-POLYMER	?
RKN	NON-POLYMER	?
RKO	non-polymer	?
RKP	NON-POLYMER	?
RKQ	non-polymer	?
RKR	non-polymer	?
RKS	NON-POLYMER	?
RKT	NON-POLYMER	?
RKU	non-polymer	?
RKV	non-polymer	?
RKW	non-polymer	?
RKX	non-polymer	?
RKY	non-polymer	?
RKZ	non-polymer	?
RL0	non-polymer	?
RL1	NON-POLYMER	?
RL2	peptide-like	?
RL3	NON-POLYMER	?
RL4	non-polymer	?
RL5	non-polymer	?
RL6	non-polymer	?
RL7	non-polymer	?
RL8	non-polymer	?
RL9	non-polymer	?
RLA	non-polymer	?
RLB	NON-POLYMER	?
RLC	non-polymer	?
RLD	non-polymer	?
RLG	non-polymer	?
RLH	non-polymer	?
RLI	NON-POLYMER	?
RLJ	NON-POLYMER	?
RLK	non-polymer	?
RLL	NON-POLYMER	?
RLM	non-polymer	?
RLN	non-polymer	?
RLO	non-polymer	?
RLP	NON-POLYMER	?
RLR	non-polymer	?
RLS	non-polymer	?
RLT	NON-POLYMER	?
RLU	non-polymer	?
RLV	non-polymer	?
RLW	non-polymer	?
RLY	non-polymer	?
RLZ	non-polymer	?
RM0	NON-POLYMER	?
RM1	NON-POLYMER	?
RM2	NON-POLYMER	?
RM3	non-polymer	?
RM4	L-saccharide, beta linking	?
RM5	non-polymer	?
RM6	non-polymer	?
RM7	non-polymer	?
RM8	NON-POLYMER	?
RM9	non-polymer	?
RMA	NON-POLYMER	?
RMB	NON-POLYMER	?
RMC	NON-POLYMER	?
RMD	NON-POLYMER	?
RME	non-polymer	?
RMF	non-polymer	?
RMG	non-polymer	?
RMI	non-polymer	?
RMJ	non-polymer	?
RMK	non-polymer	?
RML	NON-POLYMER	?
RMM	NON-POLYMER	?
RMN	NON-POLYMER	?
RMO	NON-POLYMER	?
RMP	DNA LINKING	DA
RMQ	non-polymer	?
RMR	NON-POLYMER	?
RMS	non-polymer	?
RMT	NON-POLYMER	?
RMU	non-polymer	?
RMV	non-polymer	?
RMW	non-polymer	?
RMX	non-polymer	?
RMY	NON-POLYMER	?
RMZ	non-polymer	?
RN0	non-polymer	?
RN1	NON-POLYMER	?
RN2	non-polymer	?
RN3	NON-POLYMER	?
RN4	non-polymer	?
RN5	non-polymer	?
RN6	NON-POLYMER	?
RN7	non-polymer	?
RN8	NON-POLYMER	?
RN9	non-polymer	?
RNA	NON-POLYMER	?
RNB	NON-POLYMER	?
RNC	non-polymer	?
RND	NON-POLYMER	?
RNE	NON-POLYMER	?
RNF	non-polymer	?
RNG	NON-POLYMER	?
RNH	NON-POLYMER	?
RNI	non-polymer	?
RNJ	non-polymer	?
RNK	NON-POLYMER	?
RNL	non-polymer	?
RNM	non-polymer	?
RNN	NON-POLYMER	?
RNO	NON-POLYMER	?
RNP	NON-POLYMER	?
RNQ	non-polymer	?
RNR	NON-POLYMER	?
RNS	L-SACCHARIDE	?
RNT	L-SACCHARIDE	?
RNU	non-polymer	?
RNV	non-polymer	?
RNW	non-polymer	?
RNX	non-polymer	?
RNY	NON-POLYMER	?
RNZ	non-polymer	?
RO0	NON-POLYMER	?
RO1	NON-POLYMER	?
RO2	NON-POLYMER	?
RO3	non-polymer	?
RO4	NON-POLYMER	?
RO5	non-polymer	?
RO6	NON-POLYMER	?
RO7	NON-POLYMER	?
RO8	NON-POLYMER	?
RO9	NON-POLYMER	?
ROA	NON-POLYMER	?
ROB	SACCHARIDE	?
ROC	peptide-like	?
ROD	NON-POLYMER	?
ROE	NON-POLYMER	?
ROF	NON-POLYMER	?
ROG	non-polymer	?
ROI	NON-POLYMER	?
ROJ	non-polymer	?
ROK	non-polymer	?
ROL	NON-POLYMER	?
ROM	NON-POLYMER	?
RON	L-PEPTIDE LINKING	?
ROO	non-polymer	?
ROP	NON-POLYMER	?
ROQ	non-polymer	?
ROR	L-SACCHARIDE	?
ROS	NON-POLYMER	?
ROU	NON-POLYMER	?
ROV	non-polymer	?
ROX	NON-POLYMER	?
ROY	non-polymer	?
ROZ	non-polymer	?
RP0	non-polymer	?
RP1	NON-POLYMER	?
RP2	NON-POLYMER	?
RP3	D-saccharide, beta linking	?
RP4	NON-POLYMER	?
RP5	D-saccharide, beta linking	BDR
RP6	D-saccharide	?
RP7	non-polymer	?
RP8	non-polymer	?
RP9	non-polymer	?
RPA	SACCHARIDE	?
RPB	non-polymer	?
RPC	RNA LINKING	C
RPD	NON-POLYMER	?
RPF	NON-POLYMER	?
RPG	NON-POLYMER	?
RPH	NON-POLYMER	?
RPI	L-peptide linking	ARG
RPJ	non-polymer	?
RPK	non-polymer	?
RPL	NON-POLYMER	?
RPM	non-polymer	?
RPN	NON-POLYMER	?
RPO	NON-POLYMER	?
RPP	NON-POLYMER	?
RPQ	NON-POLYMER	?
RPR	NON-POLYMER	?
RPS	non-polymer	?
RPT	NON-POLYMER	?
RPU	non-polymer	?
RPV	non-polymer	?
RPW	non-polymer	?
RPX	NON-POLYMER	?
RPZ	non-polymer	?
RQ0	non-polymer	?
RQ1	non-polymer	?
RQ2	non-polymer	?
RQ3	NON-POLYMER	?
RQ4	non-polymer	?
RQ5	non-polymer	?
RQ6	non-polymer	?
RQ7	non-polymer	?
RQ8	non-polymer	?
RQ9	non-polymer	?
RQA	non-polymer	?
RQB	non-polymer	?
RQC	non-polymer	?
RQD	NON-POLYMER	?
RQE	non-polymer	?
RQF	non-polymer	?
RQG	non-polymer	?
RQH	non-polymer	?
RQI	non-polymer	?
RQJ	non-polymer	?
RQK	non-polymer	?
RQL	non-polymer	?
RQM	non-polymer	?
RQN	non-polymer	?
RQO	non-polymer	?
RQP	NON-POLYMER	?
RQQ	non-polymer	?
RQR	non-polymer	?
RQS	non-polymer	?
RQT	non-polymer	?
RQU	non-polymer	?
RQV	non-polymer	?
RQW	non-polymer	?
RQX	NON-POLYMER	?
RQY	non-polymer	?
RQZ	non-polymer	?
RR0	non-polymer	?
RR1	NON-POLYMER	?
RR2	NON-POLYMER	?
RR3	non-polymer	?
RR5	non-polymer	?
RR6	NON-POLYMER	?
RR7	D-saccharide, beta linking	?
RR8	non-polymer	?
RR9	non-polymer	?
RRA	NON-POLYMER	?
RRB	non-polymer	?
RRC	NON-POLYMER	?
RRD	non-polymer	?
RRE	NON-POLYMER	?
RRF	non-polymer	?
RRG	NON-POLYMER	?
RRH	NON-POLYMER	?
RRI	non-polymer	?
RRJ	D-saccharide, alpha linking	?
RRK	NON-POLYMER	?
RRM	NON-POLYMER	?
RRO	NON-POLYMER	?
RRP	NON-POLYMER	?
RRQ	NON-POLYMER	?
RRR	NON-POLYMER	?
RRS	NON-POLYMER	?
RRT	NON-POLYMER	?
RRU	non-polymer	?
RRV	NON-POLYMER	?
RRW	non-polymer	?
RRX	NON-POLYMER	?
RRY	D-saccharide, beta linking	?
RRZ	non-polymer	?
RS0	non-polymer	?
RS1	NON-POLYMER	?
RS2	NON-POLYMER	?
RS3	NON-POLYMER	?
RS4	non-polymer	?
RS5	non-polymer	?
RS6	non-polymer	?
RS7	NON-POLYMER	?
RS8	peptide-like	?
RS9	non-polymer	?
RSA	NON-POLYMER	?
RSB	non-polymer	?
RSD	NON-POLYMER	?
RSE	NON-POLYMER	?
RSF	NON-POLYMER	?
RSG	NON-POLYMER	?
RSH	NON-POLYMER	?
RSI	non-polymer	?
RSK	NON-POLYMER	?
RSL	non-polymer	?
RSM	NON-POLYMER	?
RSN	non-polymer	?
RSO	NON-POLYMER	?
RSP	RNA LINKING	C
RSQ	RNA LINKING	C
RSR	non-polymer	?
RSS	NON-POLYMER	?
RST	L-saccharide, alpha linking	?
RSU	non-polymer	?
RSV	NON-POLYMER	?
RSW	NON-POLYMER	?
RSX	NON-POLYMER	?
RSY	peptide-like	?
RSZ	peptide-like	?
RT	RNA LINKING	T
RT0	L-PEPTIDE LINKING	PRO
RT1	PEPTIDE-LIKE	?
RT2	non-polymer	?
RT3	NON-POLYMER	?
RT4	non-polymer	?
RT5	non-polymer	?
RT6	non-polymer	?
RT7	NON-POLYMER	?
RT8	non-polymer	?
RT9	non-polymer	?
RTA	NON-POLYMER	?
RTB	NON-POLYMER	?
RTC	NON-POLYMER	?
RTD	NON-POLYMER	?
RTE	NON-POLYMER	?
RTF	NON-POLYMER	?
RTG	L-saccharide, alpha linking	Z0F
RTH	NON-POLYMER	?
RTI	non-polymer	?
RTJ	non-polymer	?
RTK	non-polymer	?
RTL	NON-POLYMER	?
RTM	NON-POLYMER	?
RTN	NON-POLYMER	?
RTO	non-polymer	?
RTP	RNA LINKING	?
RTQ	non-polymer	?
RTR	NON-POLYMER	?
RTS	non-polymer	?
RTT	non-polymer	?
RTU	non-polymer	?
RTV	D-saccharide	?
RTW	non-polymer	?
RTX	NON-POLYMER	?
RTY	NON-POLYMER	?
RTZ	NON-POLYMER	?
RU	NON-POLYMER	?
RU0	NON-POLYMER	?
RU1	NON-POLYMER	?
RU2	NON-POLYMER	?
RU3	non-polymer	?
RU4	NON-POLYMER	?
RU5	non-polymer	?
RU6	NON-POLYMER	?
RU7	NON-POLYMER	?
RU8	NON-POLYMER	?
RU9	non-polymer	?
RUA	NON-POLYMER	?
RUB	SACCHARIDE	?
RUC	NON-POLYMER	?
RUD	NON-POLYMER	?
RUE	non-polymer	?
RUF	NON-POLYMER	?
RUG	D-saccharide	?
RUH	NON-POLYMER	?
RUI	NON-POLYMER	?
RUJ	non-polymer	?
RUL	NON-POLYMER	?
RUM	NON-POLYMER	?
RUN	NON-POLYMER	?
RUO	NON-POLYMER	?
RUP	NON-POLYMER	?
RUQ	non-polymer	?
RUR	NON-POLYMER	?
RUS	RNA linking	U
RUT	NON-POLYMER	?
RUU	L-saccharide, alpha linking	?
RUV	NON-POLYMER	?
RUW	non-polymer	?
RUX	NON-POLYMER	?
RUY	NON-POLYMER	?
RUZ	non-polymer	?
RV0	non-polymer	?
RV1	NON-POLYMER	?
RV2	non-polymer	?
RV3	non-polymer	?
RV4	NON-POLYMER	?
RV5	non-polymer	?
RV6	non-polymer	?
RV7	D-saccharide, alpha linking	?
RV8	non-polymer	?
RVA	NON-POLYMER	?
RVB	NON-POLYMER	?
RVC	NON-POLYMER	?
RVD	NON-POLYMER	?
RVE	NON-POLYMER	?
RVF	non-polymer	?
RVG	D-saccharide, beta linking	YYK
RVH	non-polymer	?
RVI	NON-POLYMER	?
RVJ	L-peptide linking	ALA
RVK	non-polymer	?
RVL	non-polymer	?
RVM	D-saccharide, alpha linking	?
RVN	non-polymer	?
RVO	non-polymer	?
RVP	NON-POLYMER	?
RVQ	non-polymer	?
RVR	non-polymer	?
RVS	non-polymer	?
RVU	non-polymer	?
RVV	non-polymer	?
RVW	non-polymer	?
RVX	L-PEPTIDE LINKING	SER
RVY	NON-POLYMER	?
RVZ	non-polymer	?
RW0	non-polymer	?
RW1	NON-POLYMER	?
RW2	NON-POLYMER	?
RW3	non-polymer	?
RW4	non-polymer	?
RW5	non-polymer	?
RW6	non-polymer	?
RW7	NON-POLYMER	?
RW8	non-polymer	?
RW9	non-polymer	?
RWA	NON-POLYMER	?
RWB	non-polymer	?
RWC	non-polymer	?
RWD	NON-POLYMER	?
RWE	non-polymer	?
RWF	NON-POLYMER	?
RWG	NON-POLYMER	?
RWH	non-polymer	?
RWI	D-saccharide	PA1
RWJ	NON-POLYMER	?
RWL	non-polymer	?
RWM	NON-POLYMER	?
RWN	non-polymer	?
RWO	non-polymer	?
RWP	NON-POLYMER	?
RWQ	non-polymer	?
RWR	non-polymer	?
RWS	NON-POLYMER	?
RWT	non-polymer	?
RWV	NON-POLYMER	?
RWX	non-polymer	?
RWY	NON-POLYMER	?
RWZ	NON-POLYMER	?
RX0	NON-POLYMER	?
RX3	NON-POLYMER	?
RX4	PEPTIDE-LIKE	?
RX5	NON-POLYMER	?
RX6	NON-POLYMER	?
RX7	NON-POLYMER	?
RX8	NON-POLYMER	?
RX9	L-peptide linking	ILE
RXA	NON-POLYMER	?
RXB	NON-POLYMER	?
RXC	NON-POLYMER	?
RXD	NON-POLYMER	?
RXE	non-polymer	?
RXF	non-polymer	?
RXG	NON-POLYMER	?
RXH	non-polymer	NPS
RXI	non-polymer	?
RXJ	NON-POLYMER	?
RXK	non-polymer	?
RXL	L-peptide linking	VAL
RXM	NON-POLYMER	?
RXN	non-polymer	?
RXO	NON-POLYMER	?
RXP	NON-POLYMER	?
RXQ	non-polymer	?
RXR	NON-POLYMER	?
RXS	NON-POLYMER	?
RXT	NON-POLYMER	?
RXU	non-polymer	?
RXV	NON-POLYMER	?
RXW	non-polymer	?
RXX	non-polymer	?
RXY	non-polymer	?
RXZ	NON-POLYMER	?
RY	RNA linking	?
RY0	non-polymer	?
RY2	non-polymer	?
RY3	non-polymer	?
RY4	NON-POLYMER	?
RY5	non-polymer	?
RY6	non-polymer	?
RY7	D-saccharide, alpha linking	?
RY8	non-polymer	?
RYA	non-polymer	?
RYB	non-polymer	?
RYC	non-polymer	?
RYD	NON-POLYMER	?
RYE	non-polymer	?
RYF	non-polymer	?
RYG	NON-POLYMER	?
RYH	non-polymer	?
RYI	non-polymer	?
RYJ	NON-POLYMER	?
RYK	non-polymer	?
RYM	NON-POLYMER	?
RYN	NON-POLYMER	?
RYO	non-polymer	?
RYP	NON-POLYMER	?
RYQ	non-polymer	?
RYR	non-polymer	?
RYS	non-polymer	?
RYT	non-polymer	?
RYU	NON-POLYMER	?
RYV	NON-POLYMER	?
RYW	non-polymer	?
RYX	NON-POLYMER	?
RYY	NON-POLYMER	?
RYZ	NON-POLYMER	?
RZ0	NON-POLYMER	?
RZ1	NON-POLYMER	?
RZ4	L-PEPTIDE LINKING	SER
RZ5	NON-POLYMER	?
RZ7	NON-POLYMER	?
RZ8	NON-POLYMER	?
RZ9	non-polymer	?
RZA	non-polymer	?
RZB	non-polymer	?
RZC	non-polymer	?
RZD	NON-POLYMER	?
RZE	non-polymer	?
RZF	non-polymer	?
RZG	NON-POLYMER	?
RZH	non-polymer	?
RZI	non-polymer	?
RZJ	NON-POLYMER	?
RZK	non-polymer	?
RZL	non-polymer	?
RZM	D-saccharide	GLC
RZN	non-polymer	?
RZO	non-polymer	?
RZP	non-polymer	?
RZR	non-polymer	?
RZS	NON-POLYMER	?
RZT	non-polymer	?
RZU	non-polymer	?
RZV	non-polymer	?
RZW	NON-POLYMER	?
RZX	NON-POLYMER	?
RZY	non-polymer	?
RZZ	non-polymer	?
S	NON-POLYMER	?
S00	peptide-like	?
S01	NON-POLYMER	?
S02	NON-POLYMER	?
S03	NON-POLYMER	?
S04	peptide-like	?
S05	NON-POLYMER	?
S06	NON-POLYMER	?
S07	NON-POLYMER	?
S08	non-polymer	?
S09	non-polymer	?
S0A	NON-POLYMER	?
S0B	NON-POLYMER	?
S0C	NON-POLYMER	?
S0D	NON-POLYMER	?
S0E	NON-POLYMER	?
S0F	NON-POLYMER	?
S0G	NON-POLYMER	?
S0H	NON-POLYMER	?
S0I	NON-POLYMER	?
S0J	NON-POLYMER	?
S0K	NON-POLYMER	?
S0L	NON-POLYMER	?
S0N	NON-POLYMER	?
S0O	non-polymer	?
S0P	NON-POLYMER	?
S0Q	non-polymer	?
S0R	L-peptide linking	LEU
S0S	NON-POLYMER	?
S0T	non-polymer	?
S0U	non-polymer	?
S0V	NON-POLYMER	?
S0W	non-polymer	?
S0X	non-polymer	?
S0Y	non-polymer	?
S0Z	non-polymer	?
S10	NON-POLYMER	?
S11	NON-POLYMER	?
S12	L-PEPTIDE LINKING	SER
S13	NON-POLYMER	?
S14	NON-POLYMER	?
S16	NON-POLYMER	?
S17	non-polymer	?
S18	NON-POLYMER	?
S19	NON-POLYMER	?
S1A	NON-POLYMER	?
S1B	non-polymer	?
S1C	NON-POLYMER	?
S1D	NON-POLYMER	?
S1E	non-polymer	?
S1F	non-polymer	?
S1G	NON-POLYMER	?
S1H	L-PEPTIDE LINKING	SER
S1I	non-polymer	?
S1J	NON-POLYMER	?
S1K	non-polymer	?
S1L	non-polymer	?
S1M	NON-POLYMER	?
S1N	non-polymer	?
S1O	non-polymer	?
S1P	NON-POLYMER	?
S1Q	non-polymer	?
S1R	non-polymer	?
S1S	NON-POLYMER	?
S1T	NON-POLYMER	?
S1U	non-polymer	?
S1V	NON-POLYMER	?
S1W	non-polymer	?
S1X	non-polymer	?
S1Y	NON-POLYMER	?
S1Z	non-polymer	?
S20	NON-POLYMER	?
S21	NON-POLYMER	?
S22	NON-POLYMER	?
S23	NON-POLYMER	?
S24	NON-POLYMER	?
S25	NON-POLYMER	?
S26	NON-POLYMER	?
S27	NON-POLYMER	?
S28	peptide-like	?
S29	peptide-like	?
S2A	NON-POLYMER	?
S2B	NON-POLYMER	?
S2C	L-PEPTIDE LINKING	CYS
S2D	D-PEPTIDE LINKING	?
S2E	non-polymer	?
S2F	non-polymer	?
S2G	NON-POLYMER	?
S2H	NON-POLYMER	?
S2I	NON-POLYMER	?
S2J	NON-POLYMER	?
S2K	non-polymer	?
S2L	NON-POLYMER	?
S2M	RNA LINKING	DT
S2N	NON-POLYMER	?
S2O	NON-POLYMER	?
S2P	L-peptide linking	ALA
S2Q	non-polymer	?
S2R	non-polymer	?
S2S	NON-POLYMER	?
S2T	NON-POLYMER	?
S2U	non-polymer	?
S2V	NON-POLYMER	?
S2W	non-polymer	?
S2X	non-polymer	?
S2Y	NON-POLYMER	?
S2Z	non-polymer	?
S30	non-polymer	?
S31	NON-POLYMER	?
S32	NON-POLYMER	?
S33	NON-POLYMER	?
S34	NON-POLYMER	?
S35	non-polymer	?
S36	NON-POLYMER	?
S37	non-polymer	?
S38	NON-POLYMER	?
S39	non-polymer	?
S3A	non-polymer	?
S3B	NON-POLYMER	?
S3C	NON-POLYMER	?
S3E	non-polymer	?
S3F	NON-POLYMER	?
S3G	non-polymer	?
S3H	NON-POLYMER	?
S3I	non-polymer	?
S3J	NON-POLYMER	?
S3M	NON-POLYMER	?
S3N	non-polymer	?
S3O	non-polymer	?
S3P	NON-POLYMER	?
S3Q	non-polymer	?
S3R	non-polymer	?
S3S	NON-POLYMER	?
S3T	non-polymer	?
S3U	non-polymer	?
S3V	NON-POLYMER	?
S3W	non-polymer	?
S3X	non-polymer	?
S3Y	non-polymer	?
S3Z	non-polymer	?
S40	non-polymer	?
S41	NON-POLYMER	?
S42	NON-POLYMER	?
S43	NON-POLYMER	?
S44	NON-POLYMER	?
S45	NON-POLYMER	?
S46	NON-POLYMER	?
S47	NON-POLYMER	?
S48	NON-POLYMER	?
S49	peptide-like	?
S4A	DNA linking	DA
S4B	NON-POLYMER	?
S4C	RNA LINKING	C
S4D	non-polymer	?
S4E	non-polymer	?
S4F	non-polymer	?
S4G	DNA linking	DG
S4H	NON-POLYMER	?
S4I	non-polymer	?
S4K	non-polymer	?
S4L	non-polymer	?
S4M	NON-POLYMER	?
S4N	non-polymer	?
S4O	non-polymer	?
S4P	NON-POLYMER	?
S4Q	non-polymer	?
S4R	non-polymer	?
S4T	non-polymer	?
S4U	RNA LINKING	U
S4V	NON-POLYMER	?
S4W	non-polymer	?
S4X	non-polymer	?
S4Y	non-polymer	?
S4Z	non-polymer	?
S50	non-polymer	?
S51	NON-POLYMER	?
S52	NON-POLYMER	?
S53	NON-POLYMER	?
S54	peptide-like	?
S55	NON-POLYMER	?
S56	NON-POLYMER	?
S57	NON-POLYMER	?
S58	NON-POLYMER	?
S59	non-polymer	?
S5A	NON-POLYMER	?
S5B	non-polymer	?
S5D	NON-POLYMER	?
S5E	non-polymer	?
S5F	non-polymer	?
S5G	NON-POLYMER	?
S5H	NON-POLYMER	?
S5I	non-polymer	?
S5J	NON-POLYMER	?
S5K	non-polymer	?
S5L	non-polymer	?
S5M	non-polymer	?
S5N	non-polymer	?
S5O	non-polymer	?
S5P	NON-POLYMER	?
S5Q	non-polymer	?
S5R	non-polymer	?
S5S	NON-POLYMER	?
S5T	non-polymer	?
S5U	non-polymer	?
S5V	non-polymer	?
S5W	non-polymer	?
S5Y	non-polymer	?
S5Z	NON-POLYMER	?
S60	NON-POLYMER	?
S61	non-polymer	?
S62	NON-POLYMER	?
S63	non-polymer	?
S64	NON-POLYMER	?
S65	non-polymer	?
S68	non-polymer	?
S69	NON-POLYMER	?
S6B	non-polymer	?
S6C	non-polymer	?
S6D	non-polymer	?
S6E	non-polymer	?
S6F	non-polymer	?
S6G	DNA LINKING	DG
S6H	non-polymer	?
S6I	NON-POLYMER	?
S6J	non-polymer	?
S6K	non-polymer	?
S6L	non-polymer	?
S6M	DNA linking	?
S6N	non-polymer	?
S6O	non-polymer	?
S6P	D-SACCHARIDE	?
S6Q	non-polymer	?
S6R	non-polymer	?
S6S	non-polymer	?
S6T	non-polymer	?
S6U	non-polymer	?
S6V	NON-POLYMER	?
S6W	non-polymer	?
S6X	non-polymer	?
S6Y	non-polymer	?
S6Z	non-polymer	?
S70	NON-POLYMER	?
S71	non-polymer	?
S72	NON-POLYMER	?
S73	NON-POLYMER	?
S74	NON-POLYMER	?
S76	non-polymer	?
S77	NON-POLYMER	?
S78	non-polymer	?
S79	NON-POLYMER	?
S7A	NON-POLYMER	?
S7B	NON-POLYMER	?
S7C	non-polymer	?
S7D	NON-POLYMER	?
S7E	non-polymer	?
S7F	non-polymer	?
S7G	NON-POLYMER	?
S7H	non-polymer	?
S7I	non-polymer	?
S7J	NON-POLYMER	?
S7K	NON-POLYMER	?
S7L	non-polymer	?
S7M	NON-POLYMER	?
S7N	non-polymer	?
S7O	non-polymer	?
S7P	D-saccharide, beta linking	?
S7Q	non-polymer	?
S7R	non-polymer	?
S7S	NON-POLYMER	?
S7T	non-polymer	?
S7U	non-polymer	?
S7V	NON-POLYMER	?
S7W	non-polymer	?
S7X	non-polymer	?
S7Y	non-polymer	?
S7Z	non-polymer	?
S80	NON-POLYMER	?
S81	D-saccharide	?
S82	NON-POLYMER	?
S84	non-polymer	?
S85	non-polymer	?
S86	non-polymer	?
S87	non-polymer	?
S88	NON-POLYMER	?
S89	peptide-like	?
S8A	NON-POLYMER	?
S8B	non-polymer	?
S8D	NON-POLYMER	?
S8E	non-polymer	?
S8F	NON-POLYMER	?
S8G	NON-POLYMER	?
S8H	non-polymer	?
S8I	non-polymer	?
S8J	NON-POLYMER	?
S8K	non-polymer	?
S8L	non-polymer	?
S8M	RNA linking	?
S8N	non-polymer	?
S8O	non-polymer	?
S8P	NON-POLYMER	?
S8Q	non-polymer	?
S8R	non-polymer	?
S8T	non-polymer	?
S8U	DNA linking	?
S8V	NON-POLYMER	?
S8W	non-polymer	?
S8X	non-polymer	?
S8Y	non-polymer	?
S8Z	non-polymer	?
S90	non-polymer	?
S91	NON-POLYMER	?
S92	non-polymer	?
S93	non-polymer	?
S94	NON-POLYMER	?
S95	non-polymer	?
S96	non-polymer	?
S97	non-polymer	?
S98	NON-POLYMER	?
S99	non-polymer	?
S9A	non-polymer	?
S9B	non-polymer	?
S9C	non-polymer	?
S9D	NON-POLYMER	?
S9E	non-polymer	?
S9F	non-polymer	?
S9G	NON-POLYMER	?
S9H	non-polymer	?
S9I	non-polymer	?
S9J	NON-POLYMER	?
S9K	non-polymer	?
S9L	NON-POLYMER	?
S9M	non-polymer	?
S9N	non-polymer	?
S9P	NON-POLYMER	?
S9Q	non-polymer	?
S9R	non-polymer	?
S9S	NON-POLYMER	?
S9T	NON-POLYMER	?
S9U	non-polymer	?
S9V	NON-POLYMER	?
S9W	non-polymer	?
S9X	non-polymer	?
S9Y	non-polymer	?
S9Z	non-polymer	?
SA0	D-saccharide	BGC
SA1	NON-POLYMER	?
SA2	NON-POLYMER	?
SA3	NON-POLYMER	?
SA6	NON-POLYMER	?
SA8	NON-POLYMER	?
SA9	NON-POLYMER	?
SAA	NON-POLYMER	?
SAB	NON-POLYMER	?
SAC	L-PEPTIDE LINKING	SER
SAD	NON-POLYMER	?
SAE	NON-POLYMER	?
SAF	NON-POLYMER	?
SAG	NON-POLYMER	?
SAH	non-polymer	?
SAI	NON-POLYMER	?
SAJ	NON-POLYMER	?
SAK	NON-POLYMER	?
SAL	NON-POLYMER	?
SAM	NON-POLYMER	?
SAN	NON-POLYMER	?
SAO	non-polymer	?
SAP	NON-POLYMER	?
SAQ	NON-POLYMER	?
SAR	PEPTIDE LINKING	GLY
SAS	NON-POLYMER	?
SAT	NON-POLYMER	?
SAU	NON-POLYMER	?
SAV	NON-POLYMER	?
SAW	NON-POLYMER	?
SAX	NON-POLYMER	?
SAY	DNA LINKING	?
SAZ	NON-POLYMER	?
SB	NON-POLYMER	?
SB0	NON-POLYMER	?
SB1	NON-POLYMER	?
SB2	NON-POLYMER	?
SB3	NON-POLYMER	?
SB4	NON-POLYMER	?
SB5	NON-POLYMER	?
SB6	NON-POLYMER	?
SB7	NON-POLYMER	?
SB8	NON-POLYMER	?
SB9	NON-POLYMER	?
SBA	NON-POLYMER	?
SBB	NON-POLYMER	?
SBC	NON-POLYMER	?
SBD	D-PEPTIDE LINKING	?
SBE	NON-POLYMER	?
SBF	NON-POLYMER	?
SBG	NON-POLYMER	SER
SBH	NON-POLYMER	?
SBI	NON-POLYMER	?
SBJ	non-polymer	?
SBK	NON-POLYMER	?
SBL	L-PEPTIDE LINKING	SER
SBM	non-polymer	?
SBN	NON-POLYMER	?
SBO	NON-POLYMER	?
SBP	NON-POLYMER	?
SBQ	non-polymer	?
SBR	NON-POLYMER	?
SBS	NON-POLYMER	?
SBT	NON-POLYMER	?
SBU	NON-POLYMER	?
SBV	non-polymer	?
SBW	NON-POLYMER	?
SBX	NON-POLYMER	?
SBY	non-polymer	?
SBZ	NON-POLYMER	?
SC	DNA LINKING	DC
SC0	NON-POLYMER	?
SC1	NON-POLYMER	?
SC2	peptide-like	?
SC3	NON-POLYMER	?
SC4	NON-POLYMER	?
SC5	NON-POLYMER	?
SC6	NON-POLYMER	?
SC7	NON-POLYMER	?
SC8	NON-POLYMER	?
SC9	NON-POLYMER	?
SCA	NON-POLYMER	?
SCB	NON-POLYMER	?
SCC	NON-POLYMER	?
SCD	NON-POLYMER	?
SCE	NON-POLYMER	?
SCF	NON-POLYMER	?
SCG	D-saccharide	?
SCH	L-PEPTIDE LINKING	CYS
SCI	NON-POLYMER	?
SCJ	NON-POLYMER	?
SCK	NON-POLYMER	?
SCL	NON-POLYMER	?
SCM	NON-POLYMER	?
SCN	NON-POLYMER	?
SCO	NON-POLYMER	?
SCP	NON-POLYMER	?
SCQ	NON-POLYMER	?
SCR	saccharide	?
SCS	L-peptide linking	CYS
SCT	NON-POLYMER	?
SCU	NON-POLYMER	?
SCV	NON-POLYMER	?
SCW	NON-POLYMER	?
SCX	NON-POLYMER	?
SCY	L-PEPTIDE LINKING	CYS
SCZ	NON-POLYMER	?
SD0	peptide-like	?
SD1	NON-POLYMER	?
SD2	L-PEPTIDE LINKING	?
SD3	NON-POLYMER	?
SD4	L-PEPTIDE LINKING	ASN
SD5	NON-POLYMER	?
SD6	non-polymer	?
SD7	non-polymer	?
SD8	NON-POLYMER	?
SD9	non-polymer	?
SDA	NON-POLYMER	?
SDB	non-polymer	SER
SDC	NON-POLYMER	?
SDD	D-SACCHARIDE	?
SDE	DNA LINKING	DA
SDF	NON-POLYMER	?
SDG	DNA LINKING	DG
SDH	DNA LINKING	DG
SDJ	NON-POLYMER	?
SDK	NON-POLYMER	?
SDL	NON-POLYMER	?
SDM	non-polymer	?
SDN	NON-POLYMER	?
SDO	NON-POLYMER	?
SDP	L-PEPTIDE LINKING	SER
SDQ	non-polymer	?
SDR	peptide-like	?
SDS	NON-POLYMER	?
SDT	NON-POLYMER	?
SDU	non-polymer	?
SDV	non-polymer	?
SDW	non-polymer	?
SDX	NON-POLYMER	?
SDY	D-saccharide, beta linking	?
SDZ	NON-POLYMER	?
SE	NON-POLYMER	?
SE0	NON-POLYMER	?
SE1	non-polymer	?
SE2	non-polymer	?
SE3	non-polymer	?
SE4	NON-POLYMER	?
SE5	non-polymer	?
SE6	non-polymer	?
SE7	L-PEPTIDE LINKING	SEC
SE8	NON-POLYMER	?
SE9	non-polymer	?
SEA	NON-POLYMER	?
SEB	L-PEPTIDE LINKING	SER
SEC	L-PEPTIDE LINKING	?
SEE	L-PEPTIDE LINKING	SER
SEF	NON-POLYMER	?
SEG	L-PEPTIDE LINKING	ALA
SEH	NON-POLYMER	?
SEI	NON-POLYMER	?
SEJ	D-saccharide, beta linking	?
SEK	NON-POLYMER	?
SEL	L-PEPTIDE LINKING	SER
SEM	L-PEPTIDE LINKING	SER
SEN	L-peptide linking	SER
SEO	NON-POLYMER	?
SEP	L-PEPTIDE LINKING	SER
SEQ	non-polymer	?
SER	L-PEPTIDE LINKING	?
SES	NON-POLYMER	?
SET	L-PEPTIDE LINKING	SER
SEU	NON-POLYMER	?
SEV	non-polymer	?
SEY	NON-POLYMER	?
SEZ	non-polymer	?
SF0	non-polymer	?
SF1	NON-POLYMER	?
SF2	NON-POLYMER	?
SF3	NON-POLYMER	?
SF4	NON-POLYMER	?
SF5	NON-POLYMER	?
SF6	L-saccharide, alpha linking	?
SF7	NON-POLYMER	?
SF8	NON-POLYMER	?
SF9	L-saccharide, beta linking	?
SFA	NON-POLYMER	?
SFB	non-polymer	?
SFC	NON-POLYMER	?
SFD	NON-POLYMER	?
SFE	PEPTIDE LINKING	?
SFF	NON-POLYMER	?
SFG	NON-POLYMER	?
SFH	non-polymer	?
SFI	NON-POLYMER	?
SFJ	D-saccharide	?
SFK	NON-POLYMER	?
SFL	non-polymer	?
SFM	NON-POLYMER	?
SFN	NON-POLYMER	?
SFO	NON-POLYMER	?
SFP	NON-POLYMER	?
SFQ	NON-POLYMER	?
SFR	NON-POLYMER	?
SFS	NON-POLYMER	?
SFT	NON-POLYMER	?
SFU	L-saccharide	?
SFV	non-polymer	?
SFW	non-polymer	?
SFX	NON-POLYMER	?
SFY	NON-POLYMER	?
SG0	non-polymer	?
SG1	NON-POLYMER	?
SG2	NON-POLYMER	?
SG3	NON-POLYMER	?
SG4	D-saccharide, alpha linking	GLC
SG5	D-saccharide, alpha linking	GLC
SG6	D-saccharide, alpha linking	GLA
SG7	D-saccharide, alpha linking	MAN
SG8	NON-POLYMER	?
SG9	NON-POLYMER	?
SGA	D-saccharide, beta linking	GAL
SGB	L-PEPTIDE LINKING	SER
SGC	D-saccharide, beta linking	?
SGD	D-saccharide, alpha linking	?
SGE	NON-POLYMER	?
SGF	NON-POLYMER	?
SGG	non-polymer	?
SGH	non-polymer	?
SGI	NON-POLYMER	?
SGJ	NON-POLYMER	?
SGK	non-polymer	?
SGL	NON-POLYMER	?
SGM	NON-POLYMER	?
SGN	D-saccharide, alpha linking	PA1
SGO	non-polymer	?
SGP	NON-POLYMER	?
SGR	NON-POLYMER	?
SGS	D-SACCHARIDE	?
SGT	NON-POLYMER	?
SGU	non-polymer	?
SGV	NON-POLYMER	?
SGW	non-polymer	?
SGX	NON-POLYMER	?
SGZ	non-polymer	?
SH0	NON-POLYMER	?
SH1	NON-POLYMER	?
SH2	NON-POLYMER	?
SH3	NON-POLYMER	?
SH4	NON-POLYMER	?
SH5	NON-POLYMER	?
SH6	NON-POLYMER	?
SH7	NON-POLYMER	?
SH8	NON-POLYMER	?
SH9	non-polymer	?
SHA	NON-POLYMER	?
SHB	D-saccharide, beta linking	GAL
SHC	L-PEPTIDE LINKING	CYS
SHD	D-saccharide, alpha linking	?
SHF	NON-POLYMER	?
SHG	D-saccharide, beta linking	?
SHH	NON-POLYMER	?
SHI	NON-POLYMER	?
SHL	NON-POLYMER	?
SHM	NON-POLYMER	?
SHN	NON-POLYMER	?
SHO	NON-POLYMER	?
SHP	L-PEPTIDE LINKING	GLY
SHR	L-PEPTIDE LINKING	LYS
SHT	NON-POLYMER	?
SHU	NON-POLYMER	?
SHV	NON-POLYMER	?
SHW	NON-POLYMER	?
SHX	NON-POLYMER	?
SHY	NON-POLYMER	?
SI0	NON-POLYMER	?
SI1	NON-POLYMER	?
SI2	NON-POLYMER	?
SI3	D-SACCHARIDE	?
SI4	NON-POLYMER	?
SI5	NON-POLYMER	?
SI6	NON-POLYMER	?
SI7	NON-POLYMER	?
SI8	NON-POLYMER	?
SI9	NON-POLYMER	?
SIA	D-saccharide, alpha linking	?
SIB	L-PEPTIDE LINKING	CYS
SIC	L-peptide linking	ASP, CYS
SID	D-saccharide	?
SIE	NON-POLYMER	?
SIF	NON-POLYMER	?
SIG	NON-POLYMER	?
SIH	NON-POLYMER	?
SII	NON-POLYMER	?
SIJ	non-polymer	?
SIK	non-polymer	?
SIL	NON-POLYMER	?
SIM	NON-POLYMER	?
SIN	NON-POLYMER	?
SIO	D-saccharide, alpha linking	SIA
SIP	NON-POLYMER	?
SIQ	non-polymer	?
SIR	non-polymer	?
SIS	NON-POLYMER	?
SIT	non-polymer	?
SIU	non-polymer	?
SIV	non-polymer	?
SIW	NON-POLYMER	?
SIX	NON-POLYMER	?
SIY	non-polymer	?
SIZ	D-saccharide, beta linking	NGA
SJ0	non-polymer	?
SJ1	NON-POLYMER	?
SJ2	non-polymer	?
SJ3	non-polymer	?
SJ4	non-polymer	?
SJ5	NON-POLYMER	?
SJ6	non-polymer	?
SJ8	non-polymer	?
SJ9	non-polymer	?
SJA	non-polymer	?
SJC	non-polymer	?
SJD	non-polymer	?
SJE	non-polymer	?
SJF	non-polymer	?
SJG	non-polymer	?
SJH	non-polymer	?
SJI	non-polymer	?
SJJ	non-polymer	?
SJK	non-polymer	?
SJL	non-polymer	?
SJM	non-polymer	?
SJN	non-polymer	?
SJO	DNA linking	DG
SJP	NON-POLYMER	?
SJQ	non-polymer	?
SJR	NON-POLYMER	?
SJS	non-polymer	?
SJT	non-polymer	?
SJU	non-polymer	?
SJV	non-polymer	?
SJW	non-polymer	?
SJX	non-polymer	?
SJY	non-polymer	?
SJZ	NON-POLYMER	?
SK0	non-polymer	?
SK1	NON-POLYMER	?
SK2	NON-POLYMER	?
SK3	NON-POLYMER	?
SK4	NON-POLYMER	?
SK5	non-polymer	?
SK6	NON-POLYMER	?
SK7	NON-POLYMER	?
SK8	NON-POLYMER	?
SK9	non-polymer	?
SKA	NON-POLYMER	?
SKB	non-polymer	?
SKC	non-polymer	?
SKD	NON-POLYMER	?
SKE	NON-POLYMER	?
SKF	NON-POLYMER	?
SKG	L-peptide linking	?
SKH	L-peptide linking	LYS
SKI	non-polymer	?
SKJ	L-peptide linking	?
SKK	NON-POLYMER	?
SKL	non-polymer	?
SKM	NON-POLYMER	?
SKN	non-polymer	?
SKO	non-polymer	?
SKP	NON-POLYMER	?
SKQ	non-polymer	?
SKR	non-polymer	?
SKT	NON-POLYMER	?
SKU	non-polymer	?
SKV	non-polymer	?
SKW	non-polymer	?
SKX	non-polymer	?
SKY	NON-POLYMER	?
SKZ	NON-POLYMER	?
SL0	NON-POLYMER	?
SL1	NON-POLYMER	?
SL2	NON-POLYMER	?
SL3	NON-POLYMER	?
SL4	non-polymer	?
SL5	NON-POLYMER	?
SL6	non-polymer	?
SL7	non-polymer	?
SL8	non-polymer	?
SL9	non-polymer	?
SLA	NON-POLYMER	?
SLB	D-saccharide, beta linking	?
SLC	non-polymer	?
SLD	NON-POLYMER	?
SLE	NON-POLYMER	?
SLF	NON-POLYMER	?
SLG	non-polymer	?
SLH	NON-POLYMER	?
SLI	NON-POLYMER	?
SLJ	non-polymer	?
SLK	non-polymer	?
SLL	L-peptide linking	LYS
SLM	D-saccharide, beta linking	?
SLN	NON-POLYMER	?
SLO	NON-POLYMER	?
SLP	NON-POLYMER	?
SLQ	NON-POLYMER	?
SLR	D-peptide linking	?
SLS	NON-POLYMER	?
SLT	saccharide	?
SLU	NON-POLYMER	?
SLV	NON-POLYMER	?
SLW	non-polymer	?
SLX	NON-POLYMER	?
SLY	NON-POLYMER	?
SLZ	L-PEPTIDE LINKING	LYS
SM	NON-POLYMER	?
SM1	NON-POLYMER	?
SM2	NON-POLYMER	?
SM3	NON-POLYMER	?
SM4	NON-POLYMER	?
SM5	NON-POLYMER	?
SM6	NON-POLYMER	?
SM7	NON-POLYMER	?
SM8	non-polymer	?
SM9	NON-POLYMER	?
SMA	NON-POLYMER	?
SMB	NON-POLYMER	?
SMC	L-PEPTIDE LINKING	CYS
SMD	saccharide	?
SME	L-PEPTIDE LINKING	MET
SMF	L-PEPTIDE LINKING	PHE
SMG	NON-POLYMER	?
SMH	NON-POLYMER	?
SMI	NON-POLYMER	?
SMK	NON-POLYMER	?
SML	NON-POLYMER	?
SMM	NON-POLYMER	?
SMN	NON-POLYMER	?
SMO	NON-POLYMER	?
SMP	DNA LINKING	DA
SMQ	NON-POLYMER	?
SMR	NON-POLYMER	?
SMS	NON-POLYMER	?
SMT	RNA LINKING	DT
SMU	non-polymer	?
SMV	NON-POLYMER	?
SMW	non-polymer	?
SMX	NON-POLYMER	?
SMY	NON-POLYMER	?
SMZ	NON-POLYMER	?
SN0	NON-POLYMER	?
SN1	NON-POLYMER	?
SN2	NON-POLYMER	?
SN3	NON-POLYMER	?
SN4	NON-POLYMER	?
SN5	D-saccharide, beta linking	GCS
SN6	NON-POLYMER	?
SN7	NON-POLYMER	?
SN8	NON-POLYMER	?
SN9	NON-POLYMER	?
SNA	NON-POLYMER	?
SNB	non-polymer	?
SNC	L-PEPTIDE LINKING	CYS
SND	NON-POLYMER	?
SNE	NON-POLYMER	?
SNF	NON-POLYMER	?
SNG	D-saccharide	?
SNH	NON-POLYMER	?
SNI	NON-POLYMER	?
SNJ	NON-POLYMER	?
SNK	L-peptide linking	HIS
SNL	NON-POLYMER	?
SNM	L-peptide NH3 amino terminus	SER
SNN	L-PEPTIDE LINKING	ASN
SNO	NON-POLYMER	?
SNP	NON-POLYMER	?
SNQ	NON-POLYMER	?
SNR	NON-POLYMER	?
SNS	NON-POLYMER	?
SNT	NON-POLYMER	?
SNU	NON-POLYMER	?
SNV	NON-POLYMER	?
SNW	NON-POLYMER	?
SNX	NON-POLYMER	?
SNY	NON-POLYMER	?
SNZ	NON-POLYMER	?
SO0	non-polymer	?
SO1	NON-POLYMER	?
SO2	NON-POLYMER	?
SO3	NON-POLYMER	?
SO4	NON-POLYMER	?
SO5	NON-POLYMER	?
SO7	NON-POLYMER	?
SO8	NON-POLYMER	?
SO9	non-polymer	?
SOA	NON-POLYMER	?
SOC	L-PEPTIDE LINKING	SEC
SOD	NON-POLYMER	?
SOE	L-saccharide, alpha linking	?
SOF	non-polymer	?
SOG	D-saccharide	?
SOH	NON-POLYMER	?
SOI	non-polymer	?
SOJ	NON-POLYMER	?
SOK	non-polymer	?
SOL	L-saccharide	?
SOM	NON-POLYMER	?
SON	NON-POLYMER	?
SOO	NON-POLYMER	?
SOP	NON-POLYMER	?
SOQ	non-polymer	?
SOR	D-saccharide	?
SOS	DNA LINKING	?
SOT	NON-POLYMER	?
SOU	non-polymer	?
SOV	NON-POLYMER	?
SOW	peptide-like	?
SOX	NON-POLYMER	?
SOY	L-PEPTIDE LINKING	SER
SOZ	non-polymer	?
SP0	NON-POLYMER	?
SP1	NON-POLYMER	?
SP2	NON-POLYMER	?
SP3	NON-POLYMER	?
SP5	NON-POLYMER	?
SP6	NON-POLYMER	?
SP7	NON-POLYMER	?
SP8	NON-POLYMER	?
SP9	NON-POLYMER	?
SPA	NON-POLYMER	?
SPB	NON-POLYMER	?
SPC	NON-POLYMER	?
SPD	NON-POLYMER	?
SPE	NON-POLYMER	?
SPF	NON-POLYMER	?
SPG	NON-POLYMER	?
SPH	NON-POLYMER	?
SPI	NON-POLYMER	?
SPJ	NON-POLYMER	?
SPK	NON-POLYMER	?
SPL	NON-POLYMER	?
SPM	NON-POLYMER	?
SPN	NON-POLYMER	?
SPO	NON-POLYMER	?
SPP	NON-POLYMER	?
SPQ	NON-POLYMER	?
SPR	NON-POLYMER	?
SPS	NON-POLYMER	?
SPT	DNA LINKING	DT
SPU	NON-POLYMER	?
SPV	NON-POLYMER	?
SPW	NON-POLYMER	?
SPX	NON-POLYMER	?
SPY	NON-POLYMER	?
SPZ	NON-POLYMER	?
SQ	NON-POLYMER	?
SQ0	non-polymer	?
SQ1	NON-POLYMER	?
SQ2	non-polymer	?
SQ3	non-polymer	?
SQ4	NON-POLYMER	?
SQ5	non-polymer	?
SQ6	peptide-like	?
SQ7	NON-POLYMER	?
SQ8	non-polymer	?
SQ9	NON-POLYMER	?
SQA	NON-POLYMER	?
SQB	non-polymer	?
SQC	non-polymer	?
SQD	NON-POLYMER	?
SQE	non-polymer	?
SQG	NON-POLYMER	?
SQH	non-polymer	?
SQI	non-polymer	?
SQK	non-polymer	?
SQL	NON-POLYMER	?
SQM	NON-POLYMER	?
SQO	NON-POLYMER	?
SQP	NON-POLYMER	?
SQQ	non-polymer	?
SQR	non-polymer	?
SQS	NON-POLYMER	?
SQT	non-polymer	?
SQU	NON-POLYMER	?
SQV	NON-POLYMER	?
SQW	non-polymer	?
SQX	non-polymer	?
SQY	NON-POLYMER	?
SQZ	NON-POLYMER	?
SR	NON-POLYMER	?
SR0	NON-POLYMER	?
SR1	D-saccharide, alpha linking	?
SR2	NON-POLYMER	?
SR3	NON-POLYMER	?
SR4	NON-POLYMER	?
SR5	non-polymer	?
SR6	non-polymer	?
SR7	NON-POLYMER	?
SR8	non-polymer	?
SR9	non-polymer	?
SRA	RNA LINKING	A
SRB	NON-POLYMER	?
SRC	non-polymer	?
SRD	NON-POLYMER	?
SRE	NON-POLYMER	?
SRF	non-polymer	?
SRG	NON-POLYMER	?
SRH	non-polymer	?
SRI	NON-POLYMER	?
SRJ	NON-POLYMER	?
SRK	non-polymer	?
SRL	NON-POLYMER	?
SRM	NON-POLYMER	?
SRN	NON-POLYMER	?
SRO	NON-POLYMER	?
SRP	NON-POLYMER	?
SRQ	non-polymer	?
SRR	NON-POLYMER	?
SRS	NON-POLYMER	?
SRT	NON-POLYMER	?
SRU	non-polymer	?
SRV	NON-POLYMER	?
SRW	non-polymer	?
SRX	NON-POLYMER	?
SRY	NON-POLYMER	?
SRZ	L-PEPTIDE LINKING	SER
SS0	NON-POLYMER	?
SS1	NON-POLYMER	?
SS2	NON-POLYMER	?
SS3	NON-POLYMER	?
SS4	NON-POLYMER	?
SS5	NON-POLYMER	?
SS6	NON-POLYMER	?
SS7	NON-POLYMER	?
SS8	NON-POLYMER	?
SS9	NON-POLYMER	?
SSA	NON-POLYMER	?
SSB	NON-POLYMER	?
SSC	NON-POLYMER	?
SSD	NON-POLYMER	?
SSE	NON-POLYMER	?
SSF	NON-POLYMER	?
SSG	D-saccharide, beta linking	?
SSH	D-saccharide	?
SSI	NON-POLYMER	?
SSJ	NON-POLYMER	?
SSK	NON-POLYMER	?
SSL	NON-POLYMER	?
SSM	NON-POLYMER	?
SSN	NON-POLYMER	?
SSO	NON-POLYMER	?
SSP	NON-POLYMER	?
SSQ	non-polymer	?
SSR	NON-POLYMER	?
SSS	NON-POLYMER	?
SST	NON-POLYMER	?
SSU	RNA LINKING	U
SSV	non-polymer	?
SSW	non-polymer	?
SSX	non-polymer	?
SSY	NON-POLYMER	?
ST0	non-polymer	?
ST1	NON-POLYMER	?
ST2	NON-POLYMER	?
ST3	NON-POLYMER	?
ST4	NON-POLYMER	?
ST5	NON-POLYMER	?
ST6	NON-POLYMER	?
ST7	NON-POLYMER	?
ST8	NON-POLYMER	?
ST9	non-polymer	?
STA	peptide-like	?
STB	NON-POLYMER	?
STC	NON-POLYMER	?
STD	NON-POLYMER	?
STE	NON-POLYMER	?
STF	NON-POLYMER	?
STG	NON-POLYMER	?
STH	NON-POLYMER	?
STI	NON-POLYMER	?
STJ	NON-POLYMER	?
STK	non-polymer	?
STL	NON-POLYMER	?
STM	NON-POLYMER	?
STN	NON-POLYMER	?
STO	NON-POLYMER	?
STP	NON-POLYMER	?
STQ	non-polymer	?
STR	NON-POLYMER	?
STS	NON-POLYMER	?
STT	non-polymer	?
STU	NON-POLYMER	?
STV	NON-POLYMER	?
STW	saccharide	?
STX	NON-POLYMER	?
STY	L-PEPTIDE LINKING	TYR
STZ	D-saccharide, beta linking	GCS
SU0	NON-POLYMER	?
SU1	NON-POLYMER	?
SU2	NON-POLYMER	?
SU3	NON-POLYMER	?
SU4	non-polymer	?
SU5	non-polymer	?
SU6	NON-POLYMER	?
SU7	NON-POLYMER	?
SU8	NON-POLYMER	?
SU9	NON-POLYMER	?
SUA	NON-POLYMER	?
SUB	L-PEPTIDE LINKING	?
SUC	saccharide	?
SUD	NON-POLYMER	?
SUE	NON-POLYMER	?
SUF	NON-POLYMER	?
SUG	NON-POLYMER	?
SUH	NON-POLYMER	?
SUI	L-PEPTIDE LINKING	ASP, GLY
SUJ	NON-POLYMER	?
SUL	NON-POLYMER	?
SUN	L-PEPTIDE LINKING	SER
SUO	NON-POLYMER	?
SUP	saccharide	?
SUQ	non-polymer	?
SUR	RNA LINKING	U
SUS	D-saccharide, alpha linking	PA1
SUT	non-polymer	?
SUU	non-polymer	?
SUV	NON-POLYMER	?
SUW	NON-POLYMER	?
SUX	non-polymer	?
SUY	NON-POLYMER	?
SUZ	NON-POLYMER	?
SV0	non-polymer	?
SV1	non-polymer	?
SV2	NON-POLYMER	?
SV4	NON-POLYMER	?
SV5	non-polymer	?
SV6	PEPTIDE-LIKE	?
SV7	non-polymer	?
SV8	non-polymer	?
SV9	non-polymer	?
SVA	L-PEPTIDE LINKING	SER
SVB	NON-POLYMER	?
SVD	NON-POLYMER	?
SVE	non-polymer	?
SVF	NON-POLYMER	?
SVG	NON-POLYMER	?
SVH	non-polymer	?
SVI	non-polymer	?
SVJ	NON-POLYMER	?
SVK	non-polymer	?
SVL	non-polymer	?
SVM	NON-POLYMER	?
SVN	NON-POLYMER	?
SVO	non-polymer	?
SVP	NON-POLYMER	?
SVQ	non-polymer	?
SVR	NON-POLYMER	?
SVS	NON-POLYMER	?
SVT	non-polymer	?
SVU	non-polymer	?
SVV	L-PEPTIDE LINKING	SER
SVW	L-PEPTIDE LINKING	SER
SVX	L-PEPTIDE LINKING	SER
SVY	L-PEPTIDE LINKING	SER
SVZ	L-PEPTIDE LINKING	SER
SW0	non-polymer	?
SW1	NON-POLYMER	?
SW2	NON-POLYMER	?
SW3	NON-POLYMER	?
SW4	non-polymer	?
SW5	non-polymer	?
SW6	non-polymer	?
SW7	NON-POLYMER	?
SW8	non-polymer	?
SW9	non-polymer	?
SWA	NON-POLYMER	?
SWB	non-polymer	?
SWC	non-polymer	?
SWD	NON-POLYMER	?
SWE	saccharide	?
SWF	NON-POLYMER	?
SWG	L-PEPTIDE LINKING	SER, TRP, GLY
SWH	non-polymer	?
SWI	NON-POLYMER	?
SWJ	non-polymer	?
SWK	non-polymer	?
SWL	non-polymer	?
SWM	non-polymer	?
SWN	non-polymer	?
SWO	non-polymer	?
SWP	non-polymer	?
SWQ	non-polymer	?
SWR	non-polymer	?
SWS	non-polymer	?
SWT	non-polymer	?
SWU	non-polymer	?
SWV	non-polymer	?
SWW	L-peptide linking	SER
SWX	NON-POLYMER	?
SWY	non-polymer	?
SX	NON-POLYMER	?
SX0	NON-POLYMER	?
SX1	NON-POLYMER	?
SX2	NON-POLYMER	?
SX3	NON-POLYMER	?
SX4	NON-POLYMER	?
SX5	NON-POLYMER	?
SX6	NON-POLYMER	?
SX7	NON-POLYMER	?
SX8	NON-POLYMER	?
SX9	non-polymer	?
SXA	NON-POLYMER	?
SXC	NON-POLYMER	?
SXD	NON-POLYMER	?
SXE	L-PEPTIDE LINKING	SER
SXF	non-polymer	?
SXG	NON-POLYMER	?
SXH	NON-POLYMER	?
SXI	NON-POLYMER	?
SXJ	NON-POLYMER	?
SXK	NON-POLYMER	?
SXL	non-polymer	?
SXM	NON-POLYMER	?
SXN	NON-POLYMER	?
SXO	NON-POLYMER	?
SXP	non-polymer	?
SXQ	non-polymer	?
SXR	NON-POLYMER	?
SXS	NON-POLYMER	?
SXU	non-polymer	?
SXV	NON-POLYMER	?
SXX	NON-POLYMER	?
SXZ	NON-POLYMER	?
SY0	non-polymer	?
SY1	NON-POLYMER	?
SY2	NON-POLYMER	?
SY3	non-polymer	?
SY4	NON-POLYMER	?
SY5	non-polymer	?
SY6	non-polymer	?
SY7	NON-POLYMER	?
SY8	non-polymer	?
SY9	NON-POLYMER	?
SYA	NON-POLYMER	?
SYC	NON-POLYMER	?
SYD	NON-POLYMER	?
SYE	NON-POLYMER	?
SYF	non-polymer	?
SYG	NON-POLYMER	?
SYH	non-polymer	?
SYI	non-polymer	?
SYJ	NON-POLYMER	?
SYL	non-polymer	?
SYM	NON-POLYMER	?
SYN	NON-POLYMER	?
SYO	NON-POLYMER	?
SYP	NON-POLYMER	?
SYQ	non-polymer	?
SYR	NON-POLYMER	?
SYS	L-PEPTIDE LINKING	SEC
SYT	NON-POLYMER	?
SYU	non-polymer	?
SYV	NON-POLYMER	?
SYW	non-polymer	?
SYX	non-polymer	?
SYY	NON-POLYMER	?
SYZ	non-polymer	?
SZ0	peptide-like	?
SZ1	NON-POLYMER	?
SZ2	non-polymer	?
SZ3	NON-POLYMER	?
SZ4	NON-POLYMER	?
SZ5	non-polymer	?
SZ6	non-polymer	?
SZ7	NON-POLYMER	?
SZ8	NON-POLYMER	?
SZ9	NON-POLYMER	?
SZA	NON-POLYMER	?
SZB	non-polymer	?
SZC	NON-POLYMER	?
SZD	non-polymer	?
SZE	non-polymer	?
SZF	L-peptide linking	?
SZG	non-polymer	?
SZH	NON-POLYMER	?
SZI	non-polymer	?
SZJ	non-polymer	?
SZK	non-polymer	?
SZL	non-polymer	?
SZN	non-polymer	?
SZO	non-polymer	?
SZP	non-polymer	?
SZQ	non-polymer	?
SZR	non-polymer	?
SZS	non-polymer	GAL
SZU	non-polymer	?
SZV	non-polymer	?
SZW	non-polymer	?
SZX	non-polymer	?
SZY	non-polymer	?
SZZ	D-saccharide	?
T	DNA LINKING	?
T00	peptide-like	?
T01	NON-POLYMER	?
T02	NON-POLYMER	?
T03	NON-POLYMER	?
T04	non-polymer	?
T05	NON-POLYMER	?
T06	NON-POLYMER	?
T07	NON-POLYMER	?
T08	NON-POLYMER	?
T09	L-peptide linking	?
T0A	NON-POLYMER	?
T0B	non-polymer	?
T0C	non-polymer	?
T0D	non-polymer	?
T0E	NON-POLYMER	?
T0F	non-polymer	?
T0H	non-polymer	?
T0I	L-PEPTIDE LINKING	TYR
T0J	non-polymer	?
T0K	non-polymer	?
T0L	non-polymer	?
T0M	non-polymer	?
T0N	DNA linking	DT
T0O	non-polymer	?
T0P	DNA linking	?
T0Q	DNA linking	DT
T0R	NON-POLYMER	?
T0S	non-polymer	?
T0T	DNA LINKING	?
T0U	non-polymer	?
T0V	non-polymer	?
T0W	non-polymer	?
T0X	non-polymer	?
T0Y	non-polymer	?
T10	NON-POLYMER	?
T11	L-PEPTIDE LINKING	PHE
T12	NON-POLYMER	?
T13	NON-POLYMER	?
T14	NON-POLYMER	?
T15	NON-POLYMER	?
T16	NON-POLYMER	?
T17	NON-POLYMER	?
T18	NON-POLYMER	?
T19	peptide-like	?
T1A	NON-POLYMER	?
T1B	non-polymer	?
T1C	NON-POLYMER	?
T1D	NON-POLYMER	?
T1E	non-polymer	?
T1F	non-polymer	?
T1G	NON-POLYMER	?
T1H	non-polymer	?
T1I	non-polymer	?
T1J	non-polymer	?
T1K	non-polymer	?
T1L	non-polymer	?
T1M	non-polymer	?
T1N	NON-POLYMER	?
T1O	NON-POLYMER	?
T1P	NON-POLYMER	?
T1Q	NON-POLYMER	?
T1R	non-polymer	?
T1S	non-polymer	?
T1T	non-polymer	?
T1U	non-polymer	?
T1V	non-polymer	?
T1W	non-polymer	?
T1X	non-polymer	?
T1Y	non-polymer	?
T1Z	non-polymer	?
T20	NON-POLYMER	?
T21	NON-POLYMER	?
T22	NON-POLYMER	?
T23	NON-POLYMER	?
T24	NON-POLYMER	?
T25	NON-POLYMER	?
T26	non-polymer	?
T27	NON-POLYMER	?
T28	NON-POLYMER	?
T29	NON-POLYMER	?
T2A	NON-POLYMER	?
T2B	NON-POLYMER	?
T2C	L-peptide linking	?
T2D	NON-POLYMER	?
T2E	non-polymer	?
T2F	non-polymer	?
T2G	non-polymer	?
T2H	non-polymer	?
T2I	non-polymer	?
T2J	non-polymer	?
T2K	non-polymer	?
T2L	non-polymer	?
T2M	NON-POLYMER	?
T2N	non-polymer	?
T2O	non-polymer	?
T2P	NON-POLYMER	?
T2Q	non-polymer	?
T2R	non-polymer	?
T2S	DNA LINKING	DT
T2T	RNA LINKING	?
T2U	non-polymer	?
T2V	non-polymer	?
T2W	non-polymer	?
T2X	non-polymer	?
T2Y	non-polymer	?
T2Z	non-polymer	?
T3	NON-POLYMER	?
T30	NON-POLYMER	?
T31	RNA LINKING	U
T32	DNA LINKING	DT
T33	NON-POLYMER	?
T34	NON-POLYMER	?
T35	NON-POLYMER	?
T36	DNA LINKING	DT
T37	DNA LINKING	DT
T38	RNA LINKING	DT
T39	RNA LINKING	DT
T3A	NON-POLYMER	?
T3B	non-polymer	?
T3C	non-polymer	?
T3D	NON-POLYMER	?
T3E	non-polymer	?
T3F	NON-POLYMER	?
T3G	non-polymer	?
T3H	non-polymer	?
T3I	non-polymer	?
T3J	non-polymer	?
T3K	non-polymer	?
T3M	non-polymer	?
T3N	non-polymer	?
T3O	NON-POLYMER	?
T3P	DNA LINKING	DT
T3Q	NON-POLYMER	?
T3R	L-peptide linking	LEU
T3S	NON-POLYMER	?
T3T	non-polymer	?
T3U	non-polymer	?
T3V	non-polymer	?
T3W	non-polymer	?
T3X	non-polymer	?
T3Y	NON-POLYMER	?
T3Z	non-polymer	?
T40	non-polymer	?
T41	RNA LINKING	DT
T42	peptide-like	?
T43	non-polymer	?
T44	NON-POLYMER	?
T45	NON-POLYMER	?
T46	NON-POLYMER	?
T47	non-polymer	?
T48	DNA LINKING	DT
T49	DNA LINKING	DT
T4A	NON-POLYMER	?
T4B	NON-POLYMER	?
T4C	non-polymer	?
T4D	non-polymer	?
T4E	NON-POLYMER	?
T4F	NON-POLYMER	?
T4G	NON-POLYMER	?
T4H	non-polymer	?
T4I	non-polymer	?
T4J	non-polymer	?
T4K	NON-POLYMER	?
T4L	non-polymer	?
T4M	non-polymer	?
T4N	non-polymer	?
T4O	non-polymer	?
T4P	NON-POLYMER	?
T4Q	non-polymer	?
T4R	non-polymer	?
T4S	DNA LINKING	DT
T4T	NON-POLYMER	?
T4U	non-polymer	?
T4V	non-polymer	?
T4W	non-polymer	?
T4X	non-polymer	?
T4Y	non-polymer	?
T4Z	non-polymer	?
T50	NON-POLYMER	?
T51	NON-POLYMER	?
T52	non-polymer	?
T53	NON-POLYMER	?
T54	non-polymer	?
T55	non-polymer	?
T56	non-polymer	?
T57	NON-POLYMER	?
T58	non-polymer	?
T5A	NON-POLYMER	?
T5B	non-polymer	?
T5C	NON-POLYMER	?
T5D	non-polymer	?
T5E	NON-POLYMER	?
T5F	NON-POLYMER	?
T5G	non-polymer	?
T5H	non-polymer	?
T5I	non-polymer	?
T5J	non-polymer	?
T5K	NON-POLYMER	?
T5L	non-polymer	?
T5M	non-polymer	?
T5N	non-polymer	?
T5O	DNA LINKING	DU
T5P	NON-POLYMER	?
T5Q	non-polymer	?
T5R	non-polymer	?
T5S	DNA LINKING	DT
T5T	non-polymer	?
T5U	non-polymer	?
T5V	non-polymer	?
T5W	non-polymer	?
T5X	NON-POLYMER	?
T5Y	non-polymer	?
T5Z	non-polymer	?
T60	non-polymer	?
T61	NON-POLYMER	?
T62	non-polymer	?
T63	non-polymer	?
T64	DNA linking	DT
T65	NON-POLYMER	?
T66	L-PEPTIDE LINKING	?
T67	non-polymer	?
T68	D-saccharide	?
T69	non-polymer	?
T6A	RNA LINKING	A
T6B	non-polymer	?
T6C	NON-POLYMER	?
T6D	saccharide	?
T6E	non-polymer	?
T6F	NON-POLYMER	?
T6H	non-polymer	?
T6I	non-polymer	?
T6J	non-polymer	?
T6K	NON-POLYMER	?
T6L	non-polymer	?
T6M	non-polymer	?
T6N	non-polymer	?
T6O	non-polymer	?
T6P	saccharide	?
T6Q	non-polymer	?
T6R	non-polymer	?
T6S	NON-POLYMER	?
T6T	D-saccharide, alpha linking	?
T6U	non-polymer	?
T6V	non-polymer	?
T6W	non-polymer	?
T6X	non-polymer	?
T6Y	non-polymer	?
T6Z	NON-POLYMER	?
T70	non-polymer	?
T71	non-polymer	?
T72	non-polymer	?
T73	NON-POLYMER	?
T74	NON-POLYMER	?
T75	non-polymer	?
T76	NON-POLYMER	?
T77	NON-POLYMER	?
T78	non-polymer	?
T79	L-peptide linking	?
T7A	non-polymer	?
T7B	non-polymer	?
T7C	non-polymer	?
T7D	non-polymer	?
T7F	non-polymer	?
T7G	non-polymer	?
T7H	non-polymer	?
T7I	non-polymer	?
T7J	non-polymer	?
T7K	non-polymer	?
T7L	non-polymer	?
T7M	NON-POLYMER	?
T7O	NON-POLYMER	?
T7P	non-polymer	?
T7Q	peptide linking	?
T7R	non-polymer	?
T7S	non-polymer	?
T7U	non-polymer	?
T7V	non-polymer	?
T7W	non-polymer	?
T7X	NON-POLYMER	?
T7Y	non-polymer	?
T7Z	non-polymer	?
T80	NON-POLYMER	?
T81	non-polymer	?
T82	non-polymer	?
T83	non-polymer	?
T84	non-polymer	?
T85	non-polymer	?
T86	NON-POLYMER	?
T87	NON-POLYMER	?
T88	NON-POLYMER	?
T89	non-polymer	?
T8A	non-polymer	?
T8B	NON-POLYMER	?
T8D	non-polymer	?
T8E	non-polymer	?
T8G	non-polymer	?
T8H	non-polymer	?
T8I	non-polymer	?
T8J	non-polymer	?
T8K	non-polymer	?
T8L	L-peptide linking	THR
T8M	non-polymer	?
T8N	NON-POLYMER	?
T8O	non-polymer	?
T8P	non-polymer	?
T8Q	non-polymer	?
T8R	non-polymer	?
T8S	non-polymer	?
T8T	NON-POLYMER	?
T8U	non-polymer	?
T8V	non-polymer	?
T8W	non-polymer	?
T8X	NON-POLYMER	?
T8Y	non-polymer	?
T8Z	non-polymer	?
T90	NON-POLYMER	?
T91	non-polymer	?
T92	NON-POLYMER	?
T93	NON-POLYMER	?
T94	NON-POLYMER	?
T95	NON-POLYMER	?
T96	non-polymer	?
T97	NON-POLYMER	?
T98	NON-POLYMER	?
T99	NON-POLYMER	?
T9A	non-polymer	?
T9B	non-polymer	?
T9C	non-polymer	?
T9D	non-polymer	?
T9E	L-peptide linking	THR
T9F	non-polymer	?
T9G	non-polymer	?
T9H	non-polymer	?
T9I	non-polymer	?
T9J	non-polymer	?
T9K	non-polymer	?
T9L	non-polymer	?
T9M	non-polymer	?
T9N	non-polymer	?
T9O	non-polymer	?
T9P	non-polymer	?
T9Q	non-polymer	?
T9R	non-polymer	?
T9S	non-polymer	?
T9T	NON-POLYMER	?
T9U	non-polymer	?
T9V	non-polymer	?
T9W	non-polymer	?
T9X	non-polymer	?
T9Y	non-polymer	?
T9Z	non-polymer	?
TA0	NON-POLYMER	?
TA1	NON-POLYMER	?
TA2	NON-POLYMER	?
TA3	DNA LINKING	DT
TA4	L-PEPTIDE LINKING	?
TA5	NON-POLYMER	?
TA6	D-saccharide, beta linking	?
TA7	NON-POLYMER	?
TA8	non-polymer	?
TA9	non-polymer	?
TAA	NON-POLYMER	?
TAB	NON-POLYMER	?
TAC	NON-POLYMER	?
TAD	NON-POLYMER	?
TAE	NON-POLYMER	?
TAF	DNA LINKING	DT
TAG	D-saccharide	?
TAH	non-polymer	?
TAI	non-polymer	?
TAJ	NON-POLYMER	?
TAK	NON-POLYMER	?
TAL	RNA LINKING	?
TAM	NON-POLYMER	?
TAN	NON-POLYMER	?
TAO	NON-POLYMER	?
TAP	NON-POLYMER	?
TAQ	NON-POLYMER	?
TAR	NON-POLYMER	?
TAS	NON-POLYMER	?
TAT	NON-POLYMER	?
TAU	NON-POLYMER	?
TAV	L-PEPTIDE LINKING	ASP
TAW	non-polymer	?
TAX	NON-POLYMER	?
TAY	NON-POLYMER	?
TAZ	non-polymer	?
TB	NON-POLYMER	?
TB0	NON-POLYMER	?
TB1	NON-POLYMER	?
TB2	NON-POLYMER	?
TB3	non-polymer	?
TB4	non-polymer	?
TB5	non-polymer	?
TB6	NON-POLYMER	?
TB7	non-polymer	?
TB8	NON-POLYMER	?
TB9	NON-POLYMER	?
TBA	NON-POLYMER	?
TBB	NON-POLYMER	?
TBC	NON-POLYMER	?
TBD	NON-POLYMER	?
TBE	NON-POLYMER	?
TBF	NON-POLYMER	?
TBG	L-PEPTIDE LINKING	VAL
TBH	NON-POLYMER	?
TBI	NON-POLYMER	?
TBJ	non-polymer	?
TBK	non-polymer	?
TBL	NON-POLYMER	?
TBM	L-PEPTIDE LINKING	THR
TBN	NON-POLYMER	A
TBO	NON-POLYMER	?
TBP	NON-POLYMER	?
TBQ	NON-POLYMER	?
TBR	NON-POLYMER	?
TBS	NON-POLYMER	?
TBT	NON-POLYMER	?
TBU	NON-POLYMER	?
TBV	non-polymer	?
TBW	non-polymer	?
TBX	NON-POLYMER	?
TBY	NON-POLYMER	?
TBZ	NON-POLYMER	?
TC	RNA linking	C
TC0	non-polymer	?
TC1	DNA LINKING	DC
TC2	NON-POLYMER	?
TC3	non-polymer	?
TC4	NON-POLYMER	?
TC5	non-polymer	?
TC6	NON-POLYMER	?
TC7	non-polymer	?
TC8	NON-POLYMER	?
TC9	NON-POLYMER	?
TCA	NON-POLYMER	?
TCB	saccharide	?
TCC	NON-POLYMER	?
TCD	NON-POLYMER	?
TCE	NON-POLYMER	?
TCF	NON-POLYMER	?
TCG	saccharide	?
TCH	NON-POLYMER	?
TCI	NON-POLYMER	?
TCJ	DNA linking	DC
TCK	peptide-like	?
TCL	NON-POLYMER	?
TCM	NON-POLYMER	?
TCN	NON-POLYMER	?
TCO	NON-POLYMER	?
TCP	DNA LINKING	DT
TCQ	L-PEPTIDE LINKING	TYR
TCR	L-PEPTIDE LINKING	TRP
TCT	NON-POLYMER	?
TCU	non-polymer	?
TCV	non-polymer	?
TCW	NON-POLYMER	?
TCX	non-polymer	?
TCY	DNA linking	DA
TCZ	NON-POLYMER	?
TD1	NON-POLYMER	?
TD2	NON-POLYMER	?
TD3	NON-POLYMER	?
TD4	NON-POLYMER	?
TD5	NON-POLYMER	?
TD6	NON-POLYMER	?
TD7	non-polymer	?
TD8	NON-POLYMER	?
TD9	NON-POLYMER	?
TDA	NON-POLYMER	?
TDB	NON-POLYMER	?
TDC	non-polymer	?
TDD	D-peptide linking	?
TDE	NON-POLYMER	?
TDF	D-peptide linking	?
TDG	saccharide	?
TDH	NON-POLYMER	?
TDI	NON-POLYMER	?
TDJ	non-polymer	?
TDK	NON-POLYMER	?
TDL	NON-POLYMER	?
TDM	NON-POLYMER	?
TDN	NON-POLYMER	?
TDO	NON-POLYMER	?
TDP	NON-POLYMER	?
TDR	NON-POLYMER	?
TDS	NON-POLYMER	?
TDT	NON-POLYMER	?
TDU	NON-POLYMER	?
TDV	peptide-like	?
TDW	NON-POLYMER	?
TDX	NON-POLYMER	?
TDY	DNA LINKING	DT
TDZ	NON-POLYMER	?
TE	NON-POLYMER	?
TE0	non-polymer	?
TE1	NON-POLYMER	?
TE2	NON-POLYMER	?
TE3	non-polymer	?
TE4	NON-POLYMER	?
TE5	non-polymer	?
TE6	NON-POLYMER	?
TE7	NON-POLYMER	?
TE8	non-polymer	?
TE9	non-polymer	?
TEA	NON-POLYMER	?
TEB	NON-POLYMER	?
TEC	NON-POLYMER	?
TED	DNA linking	DT
TEE	NON-POLYMER	?
TEF	L-peptide linking	PHE
TEG	NON-POLYMER	?
TEH	non-polymer	?
TEI	NON-POLYMER	?
TEJ	NON-POLYMER	?
TEK	non-polymer	?
TEL	non-polymer	?
TEM	NON-POLYMER	?
TEN	NON-POLYMER	?
TEO	NON-POLYMER	?
TEP	NON-POLYMER	?
TEQ	non-polymer	?
TER	NON-POLYMER	?
TES	NON-POLYMER	?
TET	NON-POLYMER	?
TEU	D-saccharide	GLC
TEV	non-polymer	?
TEW	NON-POLYMER	?
TEX	NON-POLYMER	?
TEY	NON-POLYMER	?
TEZ	non-polymer	?
TF0	saccharide	?
TF1	NON-POLYMER	?
TF2	NON-POLYMER	?
TF3	NON-POLYMER	?
TF4	NON-POLYMER	?
TF5	NON-POLYMER	?
TF6	NON-POLYMER	?
TF7	NON-POLYMER	?
TF8	non-polymer	?
TF9	non-polymer	?
TFA	non-polymer	?
TFB	NON-POLYMER	?
TFC	NON-POLYMER	?
TFD	NON-POLYMER	?
TFE	RNA LINKING	DT
TFF	DNA LINKING	DT
TFG	non-polymer	?
TFH	NON-POLYMER	?
TFI	NON-POLYMER	?
TFJ	non-polymer	?
TFK	NON-POLYMER	?
TFL	NON-POLYMER	?
TFM	NON-POLYMER	?
TFN	PEPTIDE-LIKE	?
TFO	DNA LINKING	DA
TFP	NON-POLYMER	?
TFQ	L-PEPTIDE LINKING	PHE
TFR	D-PEPTIDE LINKING	?
TFS	NON-POLYMER	?
TFT	DNA LINKING	DT
TFU	L-saccharide	?
TFV	NON-POLYMER	?
TFW	non-polymer	TRP
TFX	NON-POLYMER	?
TFY	NON-POLYMER	?
TFZ	NON-POLYMER	?
TG	RNA linking	G
TG0	non-polymer	?
TG1	NON-POLYMER	?
TG2	non-polymer	?
TG3	non-polymer	?
TG4	NON-POLYMER	?
TG5	NON-POLYMER	?
TG6	NON-POLYMER	?
TG7	non-polymer	?
TG8	non-polymer	?
TG9	non-polymer	?
TGA	D-saccharide	GAL
TGB	non-polymer	?
TGC	NON-POLYMER	?
TGD	NON-POLYMER	?
TGE	NON-POLYMER	?
TGF	NON-POLYMER	?
TGG	NON-POLYMER	?
TGH	L-peptide linking	TRP
TGI	non-polymer	?
TGJ	NON-POLYMER	?
TGK	L-saccharide, beta linking	?
TGL	NON-POLYMER	?
TGM	non-polymer	?
TGN	NON-POLYMER	?
TGP	DNA LINKING	DG
TGQ	NON-POLYMER	?
TGR	D-saccharide, alpha linking	?
TGS	NON-POLYMER	?
TGT	NON-POLYMER	?
TGU	non-polymer	?
TGV	non-polymer	?
TGW	non-polymer	?
TGX	non-polymer	?
TGY	D-saccharide, alpha linking	?
TGZ	NON-POLYMER	?
TH	NON-POLYMER	?
TH0	NON-POLYMER	?
TH1	D-saccharide	?
TH2	NON-POLYMER	?
TH3	NON-POLYMER	?
TH4	NON-POLYMER	?
TH5	L-PEPTIDE LINKING	THR
TH6	L-PEPTIDE LINKING	THR
TH7	NON-POLYMER	?
TH8	non-polymer	?
TH9	NON-POLYMER	?
THA	NON-POLYMER	?
THB	NON-POLYMER	?
THC	L-PEPTIDE LINKING	THR
THD	NON-POLYMER	?
THE	NON-POLYMER	?
THF	NON-POLYMER	?
THG	NON-POLYMER	?
THH	NON-POLYMER	?
THI	NON-POLYMER	?
THJ	NON-POLYMER	?
THK	NON-POLYMER	?
THL	NON-POLYMER	?
THM	DNA OH 5 prime terminus	?
THN	NON-POLYMER	?
THO	L-PEPTIDE LINKING	?
THP	DNA LINKING	?
THQ	NON-POLYMER	?
THR	L-PEPTIDE LINKING	?
THS	NON-POLYMER	?
THT	NON-POLYMER	?
THU	NON-POLYMER	?
THV	NON-POLYMER	?
THW	NON-POLYMER	?
THX	DNA LINKING	?
THY	NON-POLYMER	?
THZ	L-PEPTIDE LINKING	ARG
TI0	non-polymer	?
TI1	NON-POLYMER	?
TI2	NON-POLYMER	?
TI3	NON-POLYMER	?
TI4	NON-POLYMER	?
TI5	non-polymer	?
TI6	non-polymer	?
TI7	NON-POLYMER	?
TI8	NON-POLYMER	?
TI9	NON-POLYMER	?
TIA	NON-POLYMER	?
TIB	NON-POLYMER	?
TIC	NON-POLYMER	?
TID	NON-POLYMER	?
TIE	non-polymer	?
TIF	peptide-like	?
TIG	peptide-like	?
TIH	L-PEPTIDE LINKING	ALA
TII	NON-POLYMER	?
TIJ	non-polymer	?
TIK	non-polymer	?
TIL	NON-POLYMER	?
TIM	NON-POLYMER	?
TIN	NON-POLYMER	?
TIO	NON-POLYMER	?
TIQ	non-polymer	?
TIR	NON-POLYMER	?
TIS	L-peptide linking	SER
TIT	NON-POLYMER	?
TIU	non-polymer	?
TIV	NON-POLYMER	?
TIW	non-polymer	?
TIX	non-polymer	?
TIY	NON-POLYMER	?
TIZ	NON-POLYMER	?
TJ0	non-polymer	?
TJ1	non-polymer	?
TJ2	NON-POLYMER	?
TJ3	NON-POLYMER	?
TJ4	non-polymer	?
TJ5	non-polymer	?
TJ7	non-polymer	?
TJ8	non-polymer	?
TJ9	non-polymer	?
TJA	non-polymer	?
TJB	non-polymer	?
TJC	non-polymer	?
TJD	non-polymer	?
TJE	NON-POLYMER	?
TJF	NON-POLYMER	?
TJG	non-polymer	?
TJH	NON-POLYMER	?
TJI	peptide linking	?
TJJ	non-polymer	?
TJK	non-polymer	?
TJL	non-polymer	?
TJM	non-polymer	?
TJN	non-polymer	?
TJO	non-polymer	?
TJP	non-polymer	?
TJQ	non-polymer	?
TJR	non-polymer	?
TJS	non-polymer	?
TJU	non-polymer	?
TJV	non-polymer	?
TJW	non-polymer	?
TJX	non-polymer	?
TJY	non-polymer	?
TJZ	non-polymer	?
TK0	non-polymer	?
TK1	NON-POLYMER	?
TK2	non-polymer	?
TK3	NON-POLYMER	?
TK4	NON-POLYMER	?
TK5	non-polymer	?
TK6	non-polymer	?
TK7	non-polymer	?
TK8	non-polymer	?
TK9	non-polymer	?
TKA	NON-POLYMER	?
TKB	non-polymer	?
TKC	non-polymer	?
TKD	NON-POLYMER	?
TKE	non-polymer	?
TKF	non-polymer	?
TKG	non-polymer	?
TKH	non-polymer	?
TKI	non-polymer	?
TKJ	non-polymer	?
TKK	non-polymer	?
TKL	peptide-like	?
TKM	non-polymer	?
TKN	non-polymer	?
TKO	non-polymer	?
TKP	non-polymer	?
TKQ	non-polymer	?
TKR	non-polymer	?
TKS	non-polymer	?
TKT	NON-POLYMER	?
TKU	non-polymer	?
TKV	non-polymer	?
TKW	RNA linking	C
TKX	non-polymer	?
TKY	non-polymer	?
TKZ	non-polymer	?
TL	NON-POLYMER	?
TL0	non-polymer	?
TL1	NON-POLYMER	?
TL2	NON-POLYMER	?
TL3	NON-POLYMER	?
TL4	NON-POLYMER	?
TL5	NON-POLYMER	?
TL6	NON-POLYMER	?
TL7	non-polymer	?
TL8	non-polymer	?
TLA	NON-POLYMER	?
TLB	RNA LINKING	?
TLC	DNA LINKING	DT
TLD	NON-POLYMER	?
TLE	NON-POLYMER	?
TLF	NON-POLYMER	?
TLG	NON-POLYMER	?
TLH	non-polymer	?
TLI	non-polymer	?
TLJ	NON-POLYMER	?
TLK	non-polymer	?
TLL	NON-POLYMER	?
TLM	NON-POLYMER	?
TLN	RNA LINKING	DU
TLO	NON-POLYMER	?
TLP	NON-POLYMER	?
TLQ	non-polymer	?
TLR	non-polymer	?
TLS	NON-POLYMER	?
TLT	NON-POLYMER	?
TLV	NON-POLYMER	?
TLW	non-polymer	?
TLX	NON-POLYMER	?
TLY	L-peptide linking	LYS
TLZ	NON-POLYMER	?
TM0	non-polymer	?
TM1	NON-POLYMER	?
TM2	non-polymer	?
TM3	NON-POLYMER	?
TM4	NON-POLYMER	?
TM5	saccharide	?
TM6	saccharide	?
TM7	NON-POLYMER	?
TM8	non-polymer	?
TM9	SACCHARIDE	?
TMA	NON-POLYMER	?
TMB	L-PEPTIDE LINKING	THR
TMC	NON-POLYMER	?
TMD	L-PEPTIDE LINKING	THR
TME	NON-POLYMER	?
TMF	NON-POLYMER	?
TMG	NON-POLYMER	?
TMH	NON-POLYMER	?
TMI	NON-POLYMER	?
TMJ	NON-POLYMER	?
TMK	non-polymer	?
TML	NON-POLYMER	?
TMM	NON-POLYMER	?
TMN	NON-POLYMER	?
TMO	NON-POLYMER	?
TMP	NON-POLYMER	?
TMQ	NON-POLYMER	?
TMR	D-saccharide, beta linking	?
TMS	NON-POLYMER	?
TMT	NON-POLYMER	?
TMU	NON-POLYMER	?
TMV	non-polymer	?
TMX	D-saccharide, beta linking	?
TMY	NON-POLYMER	?
TMZ	NON-POLYMER	?
TN0	non-polymer	?
TN1	NON-POLYMER	?
TN2	NON-POLYMER	?
TN3	NON-POLYMER	?
TN4	NON-POLYMER	?
TN5	NON-POLYMER	?
TN6	non-polymer	?
TN7	non-polymer	?
TN8	non-polymer	?
TN9	non-polymer	?
TNA	NON-POLYMER	?
TNB	L-PEPTIDE LINKING	CYS
TNC	NON-POLYMER	?
TND	NON-POLYMER	?
TNE	NON-POLYMER	?
TNF	NON-POLYMER	?
TNG	NON-POLYMER	?
TNH	NON-POLYMER	?
TNI	non-polymer	?
TNJ	non-polymer	?
TNK	NON-POLYMER	?
TNL	NON-POLYMER	?
TNM	NON-POLYMER	?
TNN	NON-POLYMER	?
TNO	non-polymer	?
TNP	NON-POLYMER	?
TNQ	L-peptide linking	TRP
TNR	L-PEPTIDE LINKING	SER
TNS	NON-POLYMER	?
TNT	NON-POLYMER	?
TNU	non-polymer	?
TNV	NON-POLYMER	?
TNW	non-polymer	?
TNX	D-saccharide	?
TNY	L-peptide linking	THR
TNZ	non-polymer	?
TO0	non-polymer	?
TO1	NON-POLYMER	?
TO2	NON-POLYMER	?
TO3	non-polymer	?
TO4	non-polymer	?
TO5	non-polymer	?
TO6	non-polymer	?
TO7	non-polymer	?
TO8	non-polymer	?
TO9	non-polymer	?
TOA	D-saccharide, alpha linking	?
TOB	NON-POLYMER	?
TOC	D-saccharide, alpha linking	?
TOD	NON-POLYMER	?
TOE	NON-POLYMER	?
TOF	NON-POLYMER	?
TOG	NON-POLYMER	?
TOH	NON-POLYMER	?
TOI	NON-POLYMER	?
TOJ	non-polymer	?
TOK	NON-POLYMER	?
TOL	NON-POLYMER	?
TOM	NON-POLYMER	?
TON	NON-POLYMER	?
TOO	non-polymer	?
TOP	NON-POLYMER	?
TOQ	L-PEPTIDE LINKING	TRP
TOR	NON-POLYMER	?
TOS	NON-POLYMER	?
TOT	NON-POLYMER	?
TOU	NON-POLYMER	?
TOV	non-polymer	?
TOW	non-polymer	?
TOX	L-PEPTIDE LINKING	TRP
TOY	NON-POLYMER	?
TOZ	peptide linking	GLY, CYS, SER
TP0	NON-POLYMER	?
TP1	DNA LINKING	DT
TP2	NON-POLYMER	?
TP3	NON-POLYMER	?
TP4	NON-POLYMER	?
TP5	NON-POLYMER	?
TP6	NON-POLYMER	?
TP7	non-polymer	?
TP8	NON-POLYMER	?
TP9	NON-POLYMER	?
TPA	NON-POLYMER	?
TPB	NON-POLYMER	?
TPC	DNA LINKING	DC
TPD	NON-POLYMER	?
TPE	NON-POLYMER	?
TPF	NON-POLYMER	?
TPG	RNA LINKING	G
TPH	L-PEPTIDE LINKING	?
TPI	NON-POLYMER	?
TPJ	L-PEPTIDE LINKING	PRO
TPK	L-PEPTIDE LINKING	PRO
TPL	L-PEPTIDE LINKING	TRP
TPM	NON-POLYMER	?
TPN	PEPTIDE-LIKE	?
TPO	L-PEPTIDE LINKING	THR
TPP	NON-POLYMER	?
TPQ	L-PEPTIDE LINKING	TYR
TPR	NON-POLYMER	?
TPS	NON-POLYMER	?
TPT	NON-POLYMER	?
TPU	non-polymer	?
TPV	NON-POLYMER	?
TPW	NON-POLYMER	?
TPX	NON-POLYMER	?
TPY	NON-POLYMER	?
TPZ	NON-POLYMER	?
TQ0	non-polymer	?
TQ1	NON-POLYMER	?
TQ2	NON-POLYMER	?
TQ3	NON-POLYMER	?
TQ4	NON-POLYMER	?
TQ5	NON-POLYMER	?
TQ6	NON-POLYMER	?
TQ7	non-polymer	?
TQ8	non-polymer	?
TQ9	non-polymer	?
TQA	non-polymer	?
TQB	non-polymer	?
TQC	non-polymer	?
TQD	NON-POLYMER	?
TQE	non-polymer	?
TQF	non-polymer	?
TQG	non-polymer	?
TQH	non-polymer	?
TQI	L-PEPTIDE LINKING	TRP
TQJ	NON-POLYMER	?
TQK	non-polymer	?
TQL	non-polymer	?
TQM	non-polymer	?
TQN	non-polymer	?
TQO	non-polymer	?
TQP	NON-POLYMER	?
TQQ	L-PEPTIDE LINKING	TRP
TQR	non-polymer	?
TQS	non-polymer	?
TQT	NON-POLYMER	?
TQU	NON-POLYMER	?
TQV	NON-POLYMER	?
TQW	non-polymer	?
TQX	NON-POLYMER	?
TQY	D-saccharide, alpha linking	GLC
TQZ	L-PEPTIDE LINKING	CYS
TR0	non-polymer	?
TR1	NON-POLYMER	?
TR2	NON-POLYMER	?
TR3	NON-POLYMER	?
TR4	NON-POLYMER	?
TR5	NON-POLYMER	?
TR6	NON-POLYMER	?
TR7	non-polymer	?
TR8	non-polymer	?
TR9	non-polymer	?
TRA	NON-POLYMER	?
TRB	NON-POLYMER	?
TRC	NON-POLYMER	?
TRD	NON-POLYMER	?
TRE	saccharide	?
TRF	L-PEPTIDE LINKING	TRP
TRG	L-PEPTIDE LINKING	LYS
TRH	NON-POLYMER	?
TRI	NON-POLYMER	?
TRJ	NON-POLYMER	?
TRK	NON-POLYMER	?
TRL	NON-POLYMER	?
TRM	NON-POLYMER	?
TRN	L-PEPTIDE LINKING	TRP
TRO	L-PEPTIDE LINKING	TRP
TRP	L-PEPTIDE LINKING	?
TRQ	L-PEPTIDE LINKING	TRP
TRR	NON-POLYMER	?
TRS	NON-POLYMER	?
TRT	NON-POLYMER	?
TRU	NON-POLYMER	?
TRV	D-saccharide, beta linking	FRU
TRW	L-PEPTIDE LINKING	TRP
TRX	L-PEPTIDE LINKING	TRP
TRY	L-PEPTIDE LINKING	TRP
TRZ	NON-POLYMER	?
TS	DNA LINKING	?
TS0	NON-POLYMER	?
TS1	NON-POLYMER	?
TS2	NON-POLYMER	?
TS3	NON-POLYMER	?
TS4	NON-POLYMER	?
TS5	NON-POLYMER	?
TS6	NON-POLYMER	?
TS7	non-polymer	?
TS8	D-saccharide, beta linking	?
TS9	L-PEPTIDE LINKING	ILE
TSA	NON-POLYMER	?
TSB	NON-POLYMER	?
TSC	NON-POLYMER	?
TSD	NON-POLYMER	?
TSE	NON-POLYMER	?
TSF	NON-POLYMER	?
TSH	NON-POLYMER	?
TSI	NON-POLYMER	?
TSJ	NON-POLYMER	?
TSK	NON-POLYMER	?
TSL	NON-POLYMER	?
TSM	NON-POLYMER	?
TSN	NON-POLYMER	?
TSO	non-polymer	?
TSP	DNA LINKING	DT
TSQ	L-peptide linking	PHE
TSR	NON-POLYMER	?
TSS	NON-POLYMER	?
TST	L-PEPTIDE LINKING	?
TSU	NON-POLYMER	?
TSV	NON-POLYMER	?
TSW	non-polymer	?
TSX	NON-POLYMER	?
TSY	L-peptide linking	CYS
TSZ	NON-POLYMER	?
TT	DNA LINKING	?
TT0	non-polymer	?
TT1	NON-POLYMER	?
TT2	NON-POLYMER	?
TT3	non-polymer	?
TT4	NON-POLYMER	?
TT5	non-polymer	?
TT6	non-polymer	?
TT7	D-saccharide, beta linking	FRU
TT8	NON-POLYMER	?
TT9	non-polymer	?
TTA	NON-POLYMER	?
TTB	NON-POLYMER	?
TTC	NON-POLYMER	?
TTD	DNA LINKING	DT
TTE	NON-POLYMER	?
TTF	NON-POLYMER	?
TTG	NON-POLYMER	?
TTH	NON-POLYMER	?
TTI	DNA linking	DU
TTJ	NON-POLYMER	?
TTL	NON-POLYMER	?
TTM	DNA LINKING	DT
TTN	NON-POLYMER	?
TTO	NON-POLYMER	?
TTP	NON-POLYMER	?
TTQ	L-PEPTIDE LINKING	TRP
TTR	NON-POLYMER	?
TTS	L-PEPTIDE LINKING	TYR
TTT	NON-POLYMER	?
TTU	non-polymer	?
TTV	D-saccharide, beta linking	?
TTW	NON-POLYMER	?
TTX	NON-POLYMER	?
TTY	NON-POLYMER	?
TTZ	D-saccharide	?
TU0	non-polymer	?
TU1	non-polymer	?
TU2	non-polymer	?
TU3	non-polymer	?
TU4	D-saccharide, alpha linking	GLC
TU5	non-polymer	?
TU6	non-polymer	?
TU7	non-polymer	?
TU8	non-polymer	?
TU9	non-polymer	?
TUA	non-polymer	?
TUB	NON-POLYMER	?
TUC	non-polymer	?
TUD	NON-POLYMER	?
TUE	NON-POLYMER	?
TUG	D-saccharide, alpha linking	SHD
TUH	NON-POLYMER	?
TUI	NON-POLYMER	?
TUJ	D-saccharide	AFD
TUK	non-polymer	?
TUL	NON-POLYMER	?
TUM	NON-POLYMER	?
TUN	non-polymer	?
TUO	NON-POLYMER	?
TUP	D-saccharide, alpha linking	?
TUQ	NON-POLYMER	?
TUR	saccharide	?
TUS	non-polymer	?
TUT	NON-POLYMER	?
TUU	non-polymer	?
TUV	non-polymer	?
TUW	non-polymer	?
TUX	NON-POLYMER	?
TUY	non-polymer	?
TUZ	non-polymer	?
TV0	non-polymer	?
TV1	non-polymer	?
TV2	non-polymer	?
TV3	non-polymer	?
TV4	NON-POLYMER	?
TV5	non-polymer	?
TV6	non-polymer	?
TV7	non-polymer	?
TV8	non-polymer	?
TV9	non-polymer	?
TVA	peptide-like	?
TVB	non-polymer	?
TVC	NON-POLYMER	?
TVD	D-saccharide	?
TVE	non-polymer	?
TVF	non-polymer	?
TVG	D-saccharide	GZL
TVH	non-polymer	?
TVI	non-polymer	?
TVJ	non-polymer	?
TVK	non-polymer	?
TVL	non-polymer	?
TVM	D-saccharide, beta linking	GAL
TVN	NON-POLYMER	?
TVO	non-polymer	?
TVP	non-polymer	?
TVQ	non-polymer	?
TVR	non-polymer	?
TVS	D-saccharide	NAG
TVT	non-polymer	?
TVU	non-polymer	?
TVV	D-saccharide, beta linking	GAL
TVW	non-polymer	?
TVX	non-polymer	?
TVY	D-saccharide	MAN
TVZ	NON-POLYMER	?
TW0	non-polymer	?
TW2	non-polymer	?
TW3	non-polymer	?
TW5	non-polymer	?
TW6	non-polymer	?
TW7	D-saccharide	?
TW8	non-polymer	?
TWA	D-saccharide, beta linking	?
TWB	NON-POLYMER	?
TWC	non-polymer	?
TWD	L-saccharide, beta linking	?
TWE	non-polymer	?
TWF	non-polymer	?
TWG	D-saccharide, alpha linking	?
TWH	non-polymer	?
TWI	non-polymer	?
TWJ	D-saccharide, beta linking	?
TWK	non-polymer	?
TWL	non-polymer	?
TWM	non-polymer	?
TWN	NON-POLYMER	?
TWO	NON-POLYMER	?
TWP	non-polymer	?
TWQ	non-polymer	?
TWR	non-polymer	?
TWS	non-polymer	?
TWT	NON-POLYMER	?
TWU	non-polymer	?
TWV	non-polymer	?
TWW	non-polymer	?
TWX	non-polymer	?
TWY	D-saccharide, beta linking	?
TWZ	non-polymer	?
TX0	non-polymer	?
TX1	NON-POLYMER	?
TX2	DNA LINKING	?
TX3	NON-POLYMER	?
TX4	NON-POLYMER	?
TX5	non-polymer	?
TX6	NON-POLYMER	?
TX7	NON-POLYMER	?
TX9	non-polymer	?
TXA	NON-POLYMER	?
TXB	D-saccharide, alpha linking	?
TXC	non-polymer	?
TXD	NON-POLYMER	A
TXE	NON-POLYMER	?
TXF	NON-POLYMER	?
TXG	NON-POLYMER	?
TXH	non-polymer	?
TXI	NON-POLYMER	?
TXJ	non-polymer	?
TXK	non-polymer	?
TXL	NON-POLYMER	?
TXM	non-polymer	?
TXN	NON-POLYMER	?
TXO	non-polymer	?
TXP	NON-POLYMER	A
TXQ	NON-POLYMER	?
TXR	non-polymer	?
TXS	NON-POLYMER	?
TXT	NON-POLYMER	?
TXU	non-polymer	?
TXV	non-polymer	?
TXW	non-polymer	?
TXY	L-PEPTIDE LINKING	TYR
TXZ	NON-POLYMER	?
TY0	peptide-like	?
TY1	L-PEPTIDE LINKING	TYR
TY2	L-PEPTIDE LINKING	TYR
TY3	L-PEPTIDE LINKING	TYR
TY4	NON-POLYMER	?
TY5	L-PEPTIDE LINKING	TYR
TY6	D-saccharide, alpha linking	?
TY8	L-peptide linking	TYR
TY9	L-peptide linking	TYR
TYA	NON-POLYMER	?
TYB	L-PEPTIDE LINKING	TYR
TYC	L-peptide COOH carboxy terminus	TYR
TYD	NON-POLYMER	?
TYE	L-PEPTIDE LINKING	TYR
TYF	NON-POLYMER	?
TYG	non-polymer	?
TYI	L-PEPTIDE LINKING	TYR
TYJ	L-PEPTIDE LINKING	TYR
TYK	NON-POLYMER	?
TYL	NON-POLYMER	?
TYM	NON-POLYMER	?
TYN	L-PEPTIDE LINKING	TYR
TYO	L-PEPTIDE LINKING	TYR
TYP	NON-POLYMER	?
TYQ	L-PEPTIDE LINKING	TYR
TYR	L-PEPTIDE LINKING	?
TYS	L-PEPTIDE LINKING	TYR
TYT	L-PEPTIDE LINKING	TYR
TYU	RNA LINKING	?
TYV	D-saccharide, alpha linking	?
TYW	peptide-like	TYR
TYX	L-PEPTIDE LINKING	?
TYY	L-PEPTIDE LINKING	TYR
TYZ	NON-POLYMER	?
TZ0	NON-POLYMER	?
TZ1	NON-POLYMER	?
TZ2	NON-POLYMER	?
TZ3	non-polymer	?
TZ4	NON-POLYMER	?
TZ5	NON-POLYMER	?
TZ6	non-polymer	?
TZ7	non-polymer	?
TZ8	non-polymer	?
TZ9	non-polymer	?
TZA	NON-POLYMER	?
TZB	L-PEPTIDE LINKING	?
TZC	NON-POLYMER	?
TZD	NON-POLYMER	?
TZE	NON-POLYMER	?
TZF	NON-POLYMER	?
TZG	NON-POLYMER	?
TZH	non-polymer	?
TZI	non-polymer	?
TZJ	non-polymer	?
TZK	non-polymer	?
TZL	NON-POLYMER	?
TZM	NON-POLYMER	?
TZN	NON-POLYMER	?
TZO	L-PEPTIDE LINKING	?
TZP	NON-POLYMER	?
TZQ	non-polymer	?
TZR	non-polymer	?
TZS	non-polymer	?
TZT	NON-POLYMER	?
TZU	non-polymer	?
TZV	non-polymer	?
TZW	non-polymer	?
TZX	non-polymer	?
TZY	NON-POLYMER	?
TZZ	NON-POLYMER	?
U	RNA LINKING	?
U00	non-polymer	?
U01	NON-POLYMER	?
U02	NON-POLYMER	?
U03	NON-POLYMER	?
U04	NON-POLYMER	?
U05	NON-POLYMER	?
U06	NON-POLYMER	?
U07	non-polymer	?
U08	non-polymer	?
U0A	non-polymer	?
U0C	non-polymer	?
U0D	non-polymer	?
U0E	NON-POLYMER	?
U0G	non-polymer	?
U0H	non-polymer	?
U0I	non-polymer	?
U0J	non-polymer	?
U0K	non-polymer	?
U0L	non-polymer	?
U0M	non-polymer	?
U0N	non-polymer	?
U0O	non-polymer	?
U0P	non-polymer	?
U0Q	non-polymer	?
U0R	non-polymer	?
U0S	non-polymer	?
U0T	non-polymer	?
U0U	non-polymer	?
U0V	non-polymer	?
U0W	non-polymer	?
U0X	non-polymer	?
U0Y	non-polymer	?
U0Z	non-polymer	?
U1	NON-POLYMER	?
U10	NON-POLYMER	?
U11	NON-POLYMER	?
U12	NON-POLYMER	?
U13	NON-POLYMER	?
U14	NON-POLYMER	?
U15	NON-POLYMER	?
U16	NON-POLYMER	?
U17	NON-POLYMER	?
U18	NON-POLYMER	?
U19	NON-POLYMER	?
U1A	non-polymer	?
U1B	non-polymer	?
U1C	non-polymer	?
U1D	non-polymer	?
U1E	non-polymer	?
U1F	non-polymer	?
U1G	non-polymer	?
U1H	non-polymer	?
U1I	non-polymer	?
U1J	non-polymer	?
U1K	NON-POLYMER	?
U1L	non-polymer	?
U1M	non-polymer	?
U1N	NON-POLYMER	?
U1O	non-polymer	?
U1P	NON-POLYMER	?
U1Q	non-polymer	?
U1R	non-polymer	?
U1S	NON-POLYMER	?
U1T	non-polymer	?
U1U	non-polymer	?
U1V	non-polymer	?
U1W	non-polymer	?
U1X	non-polymer	?
U1Y	D-saccharide	?
U1Z	non-polymer	?
U20	NON-POLYMER	?
U21	NON-POLYMER	?
U22	NON-POLYMER	?
U23	RNA linking	U
U25	RNA LINKING	U
U26	non-polymer	?
U27	non-polymer	?
U28	non-polymer	?
U29	non-polymer	?
U2A	D-saccharide	?
U2B	non-polymer	?
U2C	non-polymer	?
U2D	D-saccharide	GLC
U2E	non-polymer	?
U2F	NON-POLYMER	?
U2G	NON-POLYMER	?
U2H	non-polymer	?
U2I	non-polymer	?
U2J	non-polymer	?
U2K	non-polymer	?
U2L	RNA LINKING	U
U2M	L-PEPTIDE LINKING	?
U2N	DNA LINKING	DU
U2O	non-polymer	?
U2P	RNA LINKING	U
U2Q	non-polymer	?
U2R	non-polymer	?
U2S	NON-POLYMER	?
U2T	non-polymer	?
U2U	non-polymer	?
U2V	non-polymer	?
U2W	non-polymer	?
U2X	L-PEPTIDE LINKING	TYR
U2Y	non-polymer	?
U2Z	non-polymer	?
U30	non-polymer	?
U31	RNA LINKING	U
U32	NON-POLYMER	?
U33	DNA LINKING	DU
U34	RNA LINKING	U
U35	non-polymer	?
U36	RNA LINKING	U
U37	RNA LINKING	U
U38	non-polymer	?
U39	non-polymer	?
U3A	non-polymer	?
U3B	non-polymer	?
U3C	non-polymer	?
U3D	non-polymer	?
U3E	non-polymer	?
U3F	non-polymer	?
U3G	non-polymer	?
U3H	NON-POLYMER	?
U3I	non-polymer	?
U3J	non-polymer	?
U3K	non-polymer	?
U3L	non-polymer	?
U3M	NON-POLYMER	?
U3N	non-polymer	?
U3O	non-polymer	?
U3P	NON-POLYMER	?
U3Q	non-polymer	?
U3R	non-polymer	?
U3S	NON-POLYMER	?
U3T	non-polymer	?
U3U	non-polymer	?
U3V	non-polymer	?
U3W	non-polymer	?
U3X	L-PEPTIDE LINKING	PHE
U3Y	non-polymer	?
U3Z	non-polymer	?
U40	non-polymer	?
U41	non-polymer	?
U42	non-polymer	?
U43	non-polymer	?
U44	non-polymer	?
U45	non-polymer	?
U46	NON-POLYMER	?
U47	non-polymer	?
U48	DNA linking	DC
U49	NON-POLYMER	?
U4B	non-polymer	?
U4C	non-polymer	?
U4D	non-polymer	?
U4F	non-polymer	?
U4G	non-polymer	?
U4I	non-polymer	?
U4J	NON-POLYMER	?
U4K	non-polymer	?
U4L	non-polymer	?
U4M	RNA linking	?
U4N	non-polymer	?
U4O	non-polymer	?
U4P	non-polymer	?
U4Q	non-polymer	?
U4R	non-polymer	?
U4S	NON-POLYMER	?
U4T	non-polymer	?
U4U	non-polymer	?
U4V	non-polymer	?
U4W	non-polymer	?
U4X	non-polymer	?
U4Y	non-polymer	?
U4Z	non-polymer	?
U50	non-polymer	?
U51	NON-POLYMER	?
U52	NON-POLYMER	?
U53	NON-POLYMER	?
U54	non-polymer	?
U55	NON-POLYMER	?
U56	non-polymer	?
U57	non-polymer	?
U58	non-polymer	?
U59	non-polymer	?
U5A	non-polymer	?
U5B	non-polymer	?
U5C	non-polymer	?
U5D	non-polymer	?
U5E	non-polymer	?
U5F	NON-POLYMER	?
U5G	non-polymer	?
U5H	non-polymer	?
U5I	non-polymer	?
U5J	non-polymer	?
U5L	non-polymer	?
U5M	RNA linking	?
U5N	non-polymer	?
U5O	non-polymer	?
U5P	NON-POLYMER	?
U5Q	non-polymer	?
U5R	NON-POLYMER	?
U5S	non-polymer	?
U5T	non-polymer	?
U5U	non-polymer	?
U5V	non-polymer	?
U5W	non-polymer	VD3
U5X	non-polymer	?
U5Y	non-polymer	?
U5Z	non-polymer	?
U60	non-polymer	?
U61	non-polymer	?
U62	non-polymer	?
U63	saccharide	?
U64	non-polymer	?
U65	non-polymer	?
U66	NON-POLYMER	?
U67	non-polymer	?
U68	non-polymer	?
U69	non-polymer	?
U6A	L-peptide NH3 amino terminus	?
U6B	non-polymer	?
U6C	non-polymer	?
U6D	non-polymer	?
U6E	non-polymer	?
U6F	RNA linking	?
U6G	non-polymer	?
U6H	non-polymer	?
U6J	non-polymer	?
U6K	non-polymer	?
U6L	non-polymer	?
U6M	NON-POLYMER	?
U6N	non-polymer	?
U6O	non-polymer	?
U6Q	non-polymer	?
U6R	non-polymer	?
U6S	non-polymer	?
U6T	non-polymer	?
U6V	non-polymer	?
U6W	non-polymer	?
U6X	non-polymer	?
U6Y	non-polymer	?
U6Z	non-polymer	?
U70	non-polymer	?
U71	non-polymer	?
U72	non-polymer	?
U73	NON-POLYMER	?
U74	non-polymer	?
U75	NON-POLYMER	?
U76	non-polymer	?
U77	non-polymer	?
U78	non-polymer	?
U79	non-polymer	?
U7A	non-polymer	?
U7B	DNA linking	DC
U7C	non-polymer	?
U7D	non-polymer	?
U7E	non-polymer	?
U7F	non-polymer	?
U7G	non-polymer	?
U7H	non-polymer	?
U7I	non-polymer	?
U7J	non-polymer	?
U7K	non-polymer	?
U7L	non-polymer	?
U7M	non-polymer	?
U7O	non-polymer	?
U7P	non-polymer	?
U7Q	non-polymer	?
U7R	non-polymer	?
U7S	non-polymer	?
U7T	non-polymer	?
U7U	non-polymer	?
U7V	non-polymer	?
U7W	non-polymer	?
U7X	non-polymer	?
U7Y	non-polymer	?
U7Z	non-polymer	?
U81	non-polymer	?
U82	non-polymer	?
U83	non-polymer	?
U85	non-polymer	?
U86	non-polymer	?
U87	non-polymer	?
U88	non-polymer	?
U89	NON-POLYMER	?
U8B	non-polymer	?
U8C	non-polymer	?
U8D	NON-POLYMER	?
U8E	non-polymer	?
U8G	non-polymer	?
U8H	non-polymer	?
U8I	non-polymer	?
U8J	non-polymer	?
U8K	NON-POLYMER	?
U8L	non-polymer	?
U8M	non-polymer	?
U8N	non-polymer	?
U8O	non-polymer	?
U8P	non-polymer	?
U8Q	non-polymer	?
U8R	non-polymer	?
U8S	non-polymer	?
U8T	non-polymer	?
U8U	RNA LINKING	U
U8V	D-saccharide, alpha linking	GLC
U8W	non-polymer	?
U8X	non-polymer	?
U8Y	non-polymer	?
U8Z	non-polymer	?
U90	non-polymer	?
U91	NON-POLYMER	?
U93	non-polymer	?
U94	NON-POLYMER	?
U95	non-polymer	?
U96	non-polymer	?
U97	L-saccharide, beta linking	?
U98	NON-POLYMER	?
U99	non-polymer	?
U9A	saccharide	?
U9B	non-polymer	?
U9C	non-polymer	?
U9D	D-saccharide, alpha linking	?
U9E	non-polymer	?
U9F	non-polymer	?
U9G	D-saccharide, alpha linking	GLC
U9H	non-polymer	?
U9I	non-polymer	?
U9J	L-saccharide, alpha linking	?
U9K	non-polymer	?
U9L	non-polymer	?
U9M	D-saccharide, alpha linking	?
U9N	non-polymer	?
U9O	non-polymer	?
U9P	non-polymer	?
U9Q	non-polymer	?
U9R	non-polymer	?
U9S	non-polymer	?
U9T	non-polymer	?
U9U	non-polymer	?
U9V	non-polymer	?
U9W	non-polymer	?
U9X	non-polymer	?
U9Y	non-polymer	?
U9Z	non-polymer	?
UA0	non-polymer	?
UA1	NON-POLYMER	?
UA2	NON-POLYMER	?
UA3	NON-POLYMER	?
UA4	NON-POLYMER	?
UA5	NON-POLYMER	?
UA6	non-polymer	?
UA7	non-polymer	?
UA8	non-polymer	?
UA9	non-polymer	?
UAA	NON-POLYMER	?
UAB	non-polymer	?
UAC	non-polymer	?
UAD	NON-POLYMER	?
UAE	non-polymer	?
UAF	non-polymer	?
UAG	NON-POLYMER	?
UAH	NON-POLYMER	?
UAI	non-polymer	?
UAJ	non-polymer	?
UAK	non-polymer	?
UAL	peptide linking	?
UAM	NON-POLYMER	?
UAN	non-polymer	?
UAO	non-polymer	?
UAP	L-saccharide, alpha linking	?
UAQ	non-polymer	?
UAR	RNA LINKING	U
UAS	non-polymer	?
UAT	non-polymer	?
UAU	non-polymer	?
UAV	non-polymer	?
UAW	non-polymer	?
UAX	non-polymer	?
UAY	non-polymer	?
UAZ	non-polymer	?
UB0	non-polymer	?
UB1	NON-POLYMER	?
UB2	peptide-like	?
UB3	NON-POLYMER	?
UB4	L-peptide linking	?
UB5	non-polymer	?
UB6	non-polymer	?
UB7	non-polymer	?
UB8	non-polymer	?
UB9	non-polymer	?
UBA	NON-POLYMER	?
UBB	NON-POLYMER	U
UBC	NON-POLYMER	?
UBD	RNA LINKING	U
UBE	NON-POLYMER	?
UBF	NON-POLYMER	?
UBG	non-polymer	?
UBH	D-saccharide, alpha linking	XXR
UBI	DNA linking	DU
UBK	non-polymer	?
UBL	non-polymer	?
UBM	non-polymer	?
UBN	non-polymer	?
UBO	D-saccharide, beta linking	?
UBP	NON-POLYMER	?
UBQ	non-polymer	?
UBR	DNA linking	DU
UBS	peptide-like	?
UBT	peptide-like	?
UBU	peptide-like	?
UBV	peptide-like	?
UBW	peptide-like	?
UBX	peptide-like	?
UBY	peptide-like	?
UBZ	peptide-like	?
UC0	non-polymer	?
UC1	NON-POLYMER	?
UC2	NON-POLYMER	?
UC3	NON-POLYMER	?
UC4	NON-POLYMER	?
UC5	NON-POLYMER	?
UC6	non-polymer	?
UC7	non-polymer	?
UC8	non-polymer	?
UC9	NON-POLYMER	?
UCA	NON-POLYMER	?
UCB	NON-POLYMER	?
UCC	NON-POLYMER	?
UCD	saccharide	?
UCE	non-polymer	?
UCF	non-polymer	?
UCG	NON-POLYMER	?
UCH	non-polymer	?
UCI	non-polymer	?
UCJ	non-polymer	?
UCK	non-polymer	?
UCL	DNA LINKING	DU
UCM	NON-POLYMER	?
UCN	NON-POLYMER	?
UCO	non-polymer	?
UCP	NON-POLYMER	?
UCQ	non-polymer	?
UCR	non-polymer	?
UCS	non-polymer	?
UCT	non-polymer	?
UCU	non-polymer	?
UCV	NON-POLYMER	?
UCW	non-polymer	?
UCX	non-polymer	?
UCY	non-polymer	?
UCZ	NON-POLYMER	?
UD0	NON-POLYMER	?
UD1	NON-POLYMER	?
UD2	NON-POLYMER	?
UD4	NON-POLYMER	?
UD5	RNA LINKING	U
UD6	NON-POLYMER	?
UD7	NON-POLYMER	?
UD8	non-polymer	?
UD9	non-polymer	?
UDA	NON-POLYMER	?
UDB	NON-POLYMER	?
UDC	D-saccharide, alpha linking	NDG
UDD	non-polymer	?
UDE	non-polymer	?
UDF	non-polymer	?
UDG	NON-POLYMER	?
UDH	NON-POLYMER	?
UDI	non-polymer	?
UDJ	non-polymer	?
UDK	non-polymer	?
UDL	non-polymer	?
UDM	NON-POLYMER	?
UDN	NON-POLYMER	?
UDO	non-polymer	?
UDP	RNA LINKING	?
UDQ	non-polymer	?
UDR	NON-POLYMER	?
UDS	D-PEPTIDE LINKING	DSN
UDT	NON-POLYMER	?
UDU	non-polymer	?
UDV	non-polymer	?
UDW	non-polymer	?
UDX	NON-POLYMER	?
UDY	NON-POLYMER	?
UDZ	NON-POLYMER	?
UE0	non-polymer	?
UE1	NON-POLYMER	?
UE2	non-polymer	?
UE3	non-polymer	?
UE5	non-polymer	?
UE6	non-polymer	?
UE7	non-polymer	?
UE8	non-polymer	?
UE9	non-polymer	?
UEA	D-saccharide, beta linking	?
UEB	non-polymer	?
UEC	non-polymer	?
UED	non-polymer	?
UEE	non-polymer	?
UEF	non-polymer	?
UEG	non-polymer	?
UEH	non-polymer	?
UEI	non-polymer	?
UEJ	non-polymer	?
UEK	non-polymer	?
UEL	DNA linking	?
UEM	non-polymer	?
UEN	non-polymer	?
UEO	non-polymer	?
UEP	NON-POLYMER	?
UEQ	non-polymer	?
UER	non-polymer	?
UES	non-polymer	?
UET	NON-POLYMER	?
UEU	non-polymer	?
UEV	non-polymer	?
UEW	non-polymer	?
UEX	non-polymer	?
UEY	non-polymer	?
UEZ	non-polymer	?
UF0	L-PEPTIDE LINKING	SER
UF2	DNA LINKING	DU
UF3	non-polymer	?
UF4	non-polymer	?
UF5	non-polymer	?
UF6	non-polymer	?
UF7	non-polymer	?
UF8	non-polymer	?
UF9	non-polymer	?
UFA	non-polymer	?
UFB	RNA linking	?
UFD	non-polymer	?
UFE	NON-POLYMER	?
UFF	non-polymer	?
UFG	NON-POLYMER	?
UFH	non-polymer	?
UFI	non-polymer	?
UFJ	non-polymer	?
UFK	non-polymer	?
UFM	NON-POLYMER	?
UFN	non-polymer	?
UFO	NON-POLYMER	?
UFP	DNA LINKING	?
UFQ	non-polymer	?
UFR	DNA LINKING	DU
UFS	non-polymer	?
UFT	DNA LINKING	DU
UFU	non-polymer	?
UFV	non-polymer	?
UFW	non-polymer	?
UFX	non-polymer	?
UFY	non-polymer	?
UFZ	NON-POLYMER	?
UG0	non-polymer	?
UG1	non-polymer	?
UG2	non-polymer	?
UG3	non-polymer	?
UG4	non-polymer	?
UG5	non-polymer	?
UG6	non-polymer	?
UG7	non-polymer	?
UG8	non-polymer	?
UG9	non-polymer	?
UGA	NON-POLYMER	?
UGB	NON-POLYMER	?
UGC	NON-POLYMER	?
UGD	non-polymer	?
UGE	non-polymer	?
UGF	non-polymer	?
UGG	non-polymer	?
UGH	non-polymer	?
UGI	NON-POLYMER	?
UGJ	non-polymer	?
UGK	non-polymer	?
UGL	non-polymer	?
UGM	non-polymer	?
UGN	non-polymer	?
UGO	non-polymer	?
UGP	non-polymer	?
UGQ	non-polymer	?
UGR	non-polymer	?
UGS	non-polymer	?
UGT	non-polymer	?
UGU	non-polymer	?
UGV	non-polymer	?
UGW	non-polymer	?
UGX	non-polymer	?
UGY	PEPTIDE LINKING	GLY
UGZ	non-polymer	?
UH0	non-polymer	?
UH1	non-polymer	?
UH2	non-polymer	?
UH3	non-polymer	?
UH4	non-polymer	?
UH5	non-polymer	?
UH6	non-polymer	?
UH7	non-polymer	?
UH8	non-polymer	?
UH9	non-polymer	?
UHA	non-polymer	?
UHB	NON-POLYMER	?
UHC	non-polymer	?
UHD	NON-POLYMER	?
UHE	non-polymer	?
UHF	NON-POLYMER	?
UHG	non-polymer	?
UHH	NON-POLYMER	?
UHI	non-polymer	?
UHJ	non-polymer	?
UHK	non-polymer	?
UHL	non-polymer	?
UHM	non-polymer	?
UHN	non-polymer	?
UHO	non-polymer	?
UHP	non-polymer	?
UHQ	non-polymer	?
UHR	non-polymer	?
UHS	non-polymer	?
UHT	non-polymer	?
UHU	non-polymer	?
UHV	non-polymer	?
UHW	non-polymer	?
UHX	NON-POLYMER	?
UHY	non-polymer	?
UHZ	non-polymer	?
UI0	non-polymer	?
UI1	NON-POLYMER	?
UI2	NON-POLYMER	?
UI3	NON-POLYMER	?
UI4	non-polymer	?
UI5	non-polymer	?
UI6	non-polymer	?
UI7	non-polymer	?
UI8	non-polymer	?
UI9	non-polymer	?
UIA	L-peptide linking	?
UIB	NON-POLYMER	?
UIC	NON-POLYMER	?
UID	non-polymer	?
UIE	non-polymer	?
UIF	non-polymer	?
UIH	NON-POLYMER	?
UII	non-polymer	?
UIJ	non-polymer	?
UIK	non-polymer	?
UIL	non-polymer	?
UIM	non-polymer	?
UIN	NON-POLYMER	?
UIO	non-polymer	?
UIP	NON-POLYMER	?
UIQ	NON-POLYMER	?
UIR	NON-POLYMER	?
UIS	non-polymer	?
UIT	non-polymer	?
UIU	non-polymer	?
UIV	non-polymer	?
UIW	non-polymer	?
UIX	non-polymer	?
UIY	non-polymer	?
UIZ	NON-POLYMER	?
UJ0	non-polymer	?
UJ1	non-polymer	?
UJ2	non-polymer	?
UJ3	non-polymer	?
UJ4	non-polymer	?
UJ5	non-polymer	?
UJ6	NON-POLYMER	?
UJ7	non-polymer	?
UJ8	non-polymer	?
UJ9	non-polymer	?
UJA	non-polymer	?
UJB	non-polymer	?
UJC	non-polymer	?
UJD	non-polymer	?
UJE	non-polymer	?
UJF	non-polymer	?
UJG	non-polymer	?
UJH	non-polymer	?
UJI	non-polymer	?
UJJ	non-polymer	?
UJK	non-polymer	?
UJL	non-polymer	?
UJM	non-polymer	?
UJN	non-polymer	?
UJO	non-polymer	?
UJP	non-polymer	?
UJQ	non-polymer	?
UJR	L-peptide linking	CYS
UJS	non-polymer	?
UJT	non-polymer	?
UJU	non-polymer	?
UJV	non-polymer	?
UJW	non-polymer	?
UJX	non-polymer	?
UJY	non-polymer	?
UJZ	non-polymer	?
UK0	non-polymer	?
UK1	non-polymer	?
UK2	non-polymer	?
UK3	non-polymer	?
UK4	non-polymer	?
UK5	non-polymer	?
UK6	non-polymer	?
UK7	non-polymer	?
UK8	non-polymer	?
UK9	non-polymer	?
UKA	NON-POLYMER	?
UKB	non-polymer	?
UKC	NON-POLYMER	?
UKD	L-peptide linking	?
UKE	non-polymer	?
UKF	non-polymer	?
UKG	non-polymer	?
UKH	non-polymer	?
UKI	non-polymer	?
UKJ	non-polymer	?
UKK	non-polymer	?
UKL	non-polymer	?
UKM	non-polymer	?
UKN	non-polymer	?
UKO	non-polymer	?
UKP	NON-POLYMER	?
UKQ	non-polymer	?
UKR	non-polymer	?
UKS	non-polymer	?
UKT	non-polymer	?
UKU	non-polymer	C84
UKV	non-polymer	?
UKW	NON-POLYMER	?
UKX	non-polymer	?
UKY	L-peptide linking	?
UKZ	non-polymer	?
UL0	non-polymer	?
UL1	non-polymer	?
UL2	non-polymer	?
UL4	NON-POLYMER	?
UL5	non-polymer	?
UL6	non-polymer	?
UL7	non-polymer	?
UL8	non-polymer	?
UL9	non-polymer	?
ULA	NON-POLYMER	?
ULB	non-polymer	?
ULC	non-polymer	?
ULD	non-polymer	?
ULE	non-polymer	?
ULF	NON-POLYMER	?
ULG	non-polymer	?
ULH	non-polymer	?
ULI	NON-POLYMER	?
ULJ	non-polymer	?
ULK	non-polymer	?
ULL	non-polymer	?
ULM	non-polymer	?
ULN	non-polymer	?
ULO	non-polymer	?
ULP	NON-POLYMER	?
ULQ	non-polymer	?
ULR	non-polymer	?
ULS	non-polymer	?
ULT	non-polymer	?
ULU	non-polymer	?
ULV	non-polymer	?
ULW	non-polymer	?
ULX	non-polymer	?
ULY	non-polymer	?
ULZ	non-polymer	?
UM0	non-polymer	?
UM1	D-peptide linking	ALA
UM2	L-peptide linking	ALA
UM3	NON-POLYMER	?
UM4	non-polymer	?
UM5	non-polymer	?
UM6	non-polymer	?
UM7	non-polymer	?
UM8	non-polymer	?
UM9	non-polymer	?
UMA	L-PEPTIDE LINKING	ALA
UMB	non-polymer	?
UMC	NON-POLYMER	?
UME	non-polymer	?
UMF	NON-POLYMER	?
UMG	NON-POLYMER	?
UMH	non-polymer	?
UMI	non-polymer	?
UMJ	non-polymer	?
UMK	non-polymer	?
UML	non-polymer	?
UMM	non-polymer	?
UMN	non-polymer	?
UMO	NON-POLYMER	U
UMP	NON-POLYMER	?
UMQ	NON-POLYMER	?
UMR	non-polymer	?
UMS	DNA LINKING	DU
UMT	non-polymer	?
UMU	non-polymer	?
UMV	non-polymer	?
UMW	non-polymer	?
UMX	DNA linking	DU
UMY	non-polymer	?
UMZ	non-polymer	?
UN1	L-PEPTIDE LINKING	?
UN2	L-PEPTIDE LINKING	?
UN3	NON-POLYMER	?
UN4	NON-POLYMER	?
UN5	NON-POLYMER	?
UN6	NON-POLYMER	?
UN7	NON-POLYMER	?
UN8	NON-POLYMER	?
UN9	NON-POLYMER	?
UNA	NON-POLYMER	?
UNB	NON-POLYMER	?
UNC	NON-POLYMER	?
UND	NON-POLYMER	?
UNE	NON-POLYMER	?
UNH	NON-POLYMER	?
UNI	NON-POLYMER	?
UNJ	NON-POLYMER	?
UNK	L-PEPTIDE LINKING	?
UNL	NON-POLYMER	?
UNM	NON-POLYMER	?
UNN	NON-POLYMER	?
UNP	NON-POLYMER	?
UNQ	NON-POLYMER	?
UNR	NON-POLYMER	?
UNS	non-polymer	?
UNT	NON-POLYMER	?
UNU	NON-POLYMER	?
UNV	NON-POLYMER	?
UNW	non-polymer	?
UNX	NON-POLYMER	?
UNY	NON-POLYMER	?
UNZ	NON-POLYMER	?
UO1	NON-POLYMER	?
UO2	non-polymer	?
UO3	non-polymer	?
UO4	non-polymer	?
UO5	non-polymer	?
UO6	non-polymer	?
UO7	non-polymer	?
UO8	non-polymer	?
UO9	non-polymer	?
UOA	RNA linking	?
UOB	RNA linking	?
UOC	NON-POLYMER	?
UOD	non-polymer	?
UOE	non-polymer	?
UOF	non-polymer	?
UOG	non-polymer	?
UOH	non-polymer	?
UOI	NON-POLYMER	?
UOJ	non-polymer	?
UOK	non-polymer	?
UOL	non-polymer	?
UOM	non-polymer	?
UON	non-polymer	?
UOO	non-polymer	?
UOP	non-polymer	?
UOQ	NON-POLYMER	?
UOR	non-polymer	?
UOS	non-polymer	?
UOT	non-polymer	?
UOU	non-polymer	?
UOV	non-polymer	?
UOW	non-polymer	?
UOX	L-PEPTIDE LINKING	SEC
UOY	non-polymer	?
UOZ	non-polymer	?
UP0	non-polymer	?
UP1	NON-POLYMER	?
UP2	non-polymer	?
UP3	NON-POLYMER	?
UP4	non-polymer	?
UP5	NON-POLYMER	?
UP6	NON-POLYMER	?
UP8	non-polymer	?
UP9	non-polymer	?
UPA	NON-POLYMER	?
UPB	non-polymer	?
UPC	NON-POLYMER	?
UPD	non-polymer	?
UPE	DNA linking	DU
UPF	NON-POLYMER	?
UPG	NON-POLYMER	?
UPH	non-polymer	?
UPI	non-polymer	?
UPJ	non-polymer	?
UPK	non-polymer	?
UPL	NON-POLYMER	?
UPM	NON-POLYMER	?
UPN	NON-POLYMER	?
UPO	non-polymer	?
UPP	NON-POLYMER	?
UPQ	non-polymer	?
UPR	NON-POLYMER	?
UPS	DNA linking	DU
UPT	NON-POLYMER	?
UPU	NON-POLYMER	?
UPV	RNA linking	U
UPW	non-polymer	?
UPX	non-polymer	?
UPZ	non-polymer	?
UQ	NON-POLYMER	?
UQ0	non-polymer	?
UQ1	NON-POLYMER	?
UQ2	NON-POLYMER	?
UQ3	non-polymer	?
UQ4	non-polymer	?
UQ5	NON-POLYMER	?
UQ6	NON-POLYMER	?
UQ7	NON-POLYMER	?
UQ8	NON-POLYMER	?
UQ9	NON-POLYMER	?
UQA	non-polymer	?
UQB	non-polymer	?
UQC	non-polymer	?
UQD	non-polymer	?
UQE	non-polymer	?
UQF	non-polymer	?
UQG	non-polymer	?
UQH	non-polymer	?
UQI	non-polymer	?
UQJ	non-polymer	?
UQK	non-polymer	ALA
UQL	non-polymer	?
UQM	non-polymer	?
UQN	non-polymer	?
UQO	non-polymer	?
UQS	non-polymer	?
UQV	non-polymer	?
UQW	non-polymer	?
UQX	non-polymer	?
UQY	non-polymer	?
UQZ	non-polymer	?
UR0	non-polymer	?
UR1	non-polymer	?
UR2	NON-POLYMER	?
UR3	RNA LINKING	U
UR4	non-polymer	?
UR5	non-polymer	?
UR7	non-polymer	?
UR8	non-polymer	?
UR9	non-polymer	?
URA	NON-POLYMER	?
URB	NON-POLYMER	?
URC	NON-POLYMER	?
URD	RNA LINKING	U
URE	NON-POLYMER	?
URF	NON-POLYMER	?
URH	non-polymer	?
URI	NON-POLYMER	?
URJ	non-polymer	?
URK	non-polymer	?
URL	NON-POLYMER	?
URM	NON-POLYMER	?
URN	NON-POLYMER	?
URO	NON-POLYMER	?
URP	NON-POLYMER	?
URQ	NON-POLYMER	?
URR	non-polymer	?
URS	NON-POLYMER	?
URT	DNA OH 3 prime terminus	?
URU	RNA LINKING	?
URV	L-peptide linking	?
URW	non-polymer	?
URX	DNA linking	DU
URY	NON-POLYMER	?
US0	non-polymer	?
US1	DNA LINKING	DU
US2	DNA LINKING	DU
US3	DNA LINKING	DT
US4	DNA LINKING	?
US5	RNA LINKING	U
US6	non-polymer	?
US7	non-polymer	?
US8	non-polymer	?
US9	non-polymer	?
USA	non-polymer	?
USB	non-polymer	?
USC	NON-POLYMER	?
USD	non-polymer	?
USE	non-polymer	?
USF	non-polymer	?
USG	non-polymer	?
USH	non-polymer	?
USI	non-polymer	?
USJ	non-polymer	?
USK	non-polymer	?
USL	non-polymer	?
USM	DNA LINKING	DU
USN	non-polymer	?
USP	non-polymer	?
USQ	NON-POLYMER	?
USR	non-polymer	?
USS	non-polymer	?
UST	non-polymer	?
USU	non-polymer	?
USV	non-polymer	?
USW	non-polymer	?
USX	non-polymer	?
USY	non-polymer	?
USZ	non-polymer	?
UT0	NON-POLYMER	?
UT2	non-polymer	?
UT3	non-polymer	?
UT4	non-polymer	?
UT5	non-polymer	?
UT6	non-polymer	?
UT7	non-polymer	?
UT8	non-polymer	?
UTA	non-polymer	?
UTB	non-polymer	?
UTC	non-polymer	?
UTD	non-polymer	?
UTE	non-polymer	?
UTF	non-polymer	?
UTG	non-polymer	?
UTH	non-polymer	?
UTI	non-polymer	?
UTJ	non-polymer	?
UTK	non-polymer	?
UTL	non-polymer	?
UTM	non-polymer	?
UTN	non-polymer	?
UTO	non-polymer	?
UTP	NON-POLYMER	?
UTQ	non-polymer	?
UTR	non-polymer	?
UTS	non-polymer	?
UTT	non-polymer	?
UTU	non-polymer	?
UTV	non-polymer	?
UTX	NON-POLYMER	?
UTY	non-polymer	?
UTZ	non-polymer	?
UU0	non-polymer	?
UU1	non-polymer	?
UU2	non-polymer	?
UU3	NON-POLYMER	?
UU4	L-PEPTIDE LINKING	?
UU5	L-PEPTIDE LINKING	?
UU6	non-polymer	?
UU8	non-polymer	?
UUA	NON-POLYMER	?
UUB	non-polymer	?
UUC	non-polymer	?
UUD	non-polymer	?
UUE	non-polymer	?
UUF	non-polymer	?
UUG	non-polymer	?
UUH	non-polymer	?
UUI	non-polymer	?
UUJ	non-polymer	?
UUK	non-polymer	?
UUL	NON-POLYMER	?
UUM	non-polymer	?
UUN	NON-POLYMER	?
UUO	non-polymer	?
UUP	non-polymer	?
UUQ	non-polymer	?
UUR	non-polymer	?
UUS	non-polymer	?
UUT	non-polymer	?
UUU	NON-POLYMER	?
UUV	non-polymer	?
UUW	non-polymer	?
UUX	non-polymer	?
UUY	non-polymer	?
UUZ	non-polymer	?
UV0	non-polymer	?
UV1	non-polymer	?
UV2	non-polymer	?
UV3	non-polymer	?
UV4	NON-POLYMER	?
UV5	non-polymer	?
UV6	non-polymer	?
UV7	non-polymer	?
UV8	NON-POLYMER	?
UV9	non-polymer	?
UVA	non-polymer	?
UVB	non-polymer	?
UVC	NON-POLYMER	?
UVD	non-polymer	?
UVE	non-polymer	?
UVF	non-polymer	?
UVG	non-polymer	?
UVH	non-polymer	?
UVI	non-polymer	?
UVJ	non-polymer	?
UVK	non-polymer	?
UVM	non-polymer	?
UVN	non-polymer	?
UVO	non-polymer	?
UVP	NON-POLYMER	?
UVQ	non-polymer	?
UVS	non-polymer	?
UVT	non-polymer	?
UVU	non-polymer	?
UVV	non-polymer	?
UVW	NON-POLYMER	?
UVX	DNA linking	DU
UVY	non-polymer	?
UVZ	non-polymer	?
UW0	non-polymer	?
UW1	NON-POLYMER	?
UW2	NON-POLYMER	?
UW3	NON-POLYMER	?
UW4	NON-POLYMER	?
UW5	NON-POLYMER	?
UW6	non-polymer	?
UW7	non-polymer	?
UW8	non-polymer	?
UW9	NON-POLYMER	?
UWA	NON-POLYMER	?
UWB	NON-POLYMER	?
UWC	non-polymer	?
UWD	non-polymer	?
UWE	non-polymer	?
UWF	non-polymer	?
UWG	non-polymer	?
UWH	non-polymer	?
UWI	non-polymer	?
UWJ	non-polymer	?
UWK	non-polymer	?
UWL	non-polymer	?
UWM	non-polymer	?
UWN	NON-POLYMER	?
UWO	non-polymer	?
UWP	non-polymer	?
UWQ	non-polymer	?
UWR	non-polymer	?
UWS	non-polymer	?
UWT	non-polymer	?
UWU	non-polymer	?
UWV	non-polymer	?
UWX	NON-POLYMER	?
UWY	non-polymer	?
UWZ	non-polymer	?
UX0	non-polymer	?
UX1	non-polymer	?
UX2	non-polymer	?
UX3	non-polymer	?
UX4	NON-POLYMER	?
UX5	non-polymer	?
UX6	non-polymer	?
UX7	non-polymer	?
UX8	L-peptide linking	TRP
UX9	NON-POLYMER	?
UXA	non-polymer	?
UXB	non-polymer	?
UXC	non-polymer	?
UXD	non-polymer	?
UXE	non-polymer	?
UXG	non-polymer	?
UXH	NON-POLYMER	?
UXJ	non-polymer	?
UXK	non-polymer	?
UXL	non-polymer	?
UXM	non-polymer	?
UXN	non-polymer	?
UXO	non-polymer	?
UXP	non-polymer	?
UXQ	peptide linking	PHE
UXR	non-polymer	?
UXS	non-polymer	?
UXT	non-polymer	?
UXU	non-polymer	?
UXW	non-polymer	?
UXX	non-polymer	?
UXY	L-peptide linking	?
UXZ	non-polymer	?
UY0	non-polymer	?
UY1	RNA linking	?
UY2	non-polymer	?
UY3	non-polymer	?
UY4	RNA linking	?
UY5	non-polymer	?
UY6	non-polymer	?
UY7	D-peptide linking	?
UY9	non-polymer	?
UYA	D-peptide linking	?
UYC	non-polymer	?
UYD	non-polymer	?
UYF	non-polymer	?
UYG	non-polymer	?
UYH	non-polymer	?
UYI	non-polymer	?
UYK	non-polymer	?
UYL	non-polymer	?
UYM	non-polymer	?
UYN	non-polymer	?
UYO	non-polymer	?
UYP	non-polymer	?
UYQ	non-polymer	?
UYR	non-polymer	?
UYS	non-polymer	?
UYT	non-polymer	?
UYU	non-polymer	?
UYW	non-polymer	?
UYX	non-polymer	?
UYY	non-polymer	?
UYZ	non-polymer	?
UZ0	NON-POLYMER	?
UZ1	non-polymer	?
UZ2	non-polymer	?
UZ3	non-polymer	?
UZ4	L-peptide linking	?
UZ5	non-polymer	?
UZ6	non-polymer	?
UZ7	non-polymer	?
UZ8	non-polymer	?
UZ9	NON-POLYMER	?
UZA	L-peptide linking	?
UZB	non-polymer	?
UZC	non-polymer	?
UZD	non-polymer	GLC
UZE	non-polymer	?
UZF	non-polymer	?
UZG	non-polymer	?
UZH	non-polymer	?
UZJ	non-polymer	?
UZK	non-polymer	?
UZL	RNA OH 3 prime terminus	?
UZM	non-polymer	?
UZN	L-peptide linking	?
UZO	non-polymer	?
UZP	non-polymer	?
UZQ	non-polymer	?
UZR	NON-POLYMER	U
UZS	non-polymer	?
UZT	non-polymer	?
UZV	non-polymer	?
UZW	non-polymer	?
UZX	non-polymer	?
UZY	non-polymer	?
UZZ	non-polymer	?
V	NON-POLYMER	?
V00	non-polymer	?
V01	non-polymer	?
V02	non-polymer	?
V03	non-polymer	?
V04	NON-POLYMER	?
V05	non-polymer	?
V06	non-polymer	?
V07	non-polymer	?
V08	non-polymer	?
V09	non-polymer	?
V0A	non-polymer	?
V0B	non-polymer	?
V0C	non-polymer	?
V0D	non-polymer	?
V0E	non-polymer	?
V0F	non-polymer	?
V0G	non-polymer	?
V0H	non-polymer	?
V0I	non-polymer	?
V0J	non-polymer	?
V0K	non-polymer	?
V0L	NON-POLYMER	?
V0M	non-polymer	?
V0N	NON-POLYMER	?
V0O	non-polymer	?
V0P	non-polymer	?
V0Q	non-polymer	?
V0R	non-polymer	?
V0S	non-polymer	?
V0T	non-polymer	?
V0U	non-polymer	?
V0V	non-polymer	?
V0W	non-polymer	?
V0X	non-polymer	?
V0Y	non-polymer	?
V0Z	non-polymer	?
V10	non-polymer	?
V11	non-polymer	?
V12	NON-POLYMER	?
V13	NON-POLYMER	?
V14	NON-POLYMER	?
V15	NON-POLYMER	?
V16	NON-POLYMER	?
V17	non-polymer	?
V18	non-polymer	?
V19	non-polymer	?
V1A	NON-POLYMER	?
V1B	non-polymer	?
V1C	L-beta-peptide, C-gamma linking	PHE
V1D	non-polymer	?
V1E	non-polymer	?
V1F	NON-POLYMER	?
V1G	non-polymer	?
V1H	non-polymer	?
V1I	non-polymer	?
V1J	non-polymer	?
V1K	non-polymer	?
V1L	NON-POLYMER	?
V1M	non-polymer	?
V1N	non-polymer	?
V1O	non-polymer	?
V1P	non-polymer	?
V1Q	non-polymer	?
V1S	non-polymer	?
V1T	non-polymer	?
V1U	non-polymer	?
V1V	L-peptide linking	?
V1W	non-polymer	?
V1X	non-polymer	?
V1Y	non-polymer	?
V1Z	non-polymer	?
V20	non-polymer	?
V21	NON-POLYMER	?
V22	non-polymer	?
V23	non-polymer	?
V24	NON-POLYMER	?
V25	non-polymer	?
V26	NON-POLYMER	?
V27	non-polymer	?
V28	NON-POLYMER	?
V29	non-polymer	?
V2A	non-polymer	?
V2C	NON-POLYMER	?
V2D	non-polymer	?
V2E	non-polymer	?
V2F	non-polymer	?
V2G	non-polymer	?
V2H	NON-POLYMER	?
V2I	non-polymer	?
V2J	non-polymer	?
V2K	non-polymer	?
V2L	non-polymer	?
V2M	non-polymer	?
V2N	non-polymer	?
V2O	non-polymer	?
V2P	non-polymer	?
V2Q	non-polymer	?
V2R	non-polymer	?
V2S	non-polymer	?
V2T	non-polymer	?
V2U	non-polymer	?
V2V	non-polymer	?
V2W	non-polymer	?
V2X	non-polymer	?
V2Y	non-polymer	?
V2Z	non-polymer	?
V30	NON-POLYMER	?
V31	non-polymer	?
V32	non-polymer	?
V33	non-polymer	?
V34	non-polymer	?
V35	NON-POLYMER	?
V36	NON-POLYMER	?
V37	non-polymer	?
V38	non-polymer	?
V39	non-polymer	?
V3A	NON-POLYMER	?
V3B	non-polymer	?
V3C	L-peptide linking	PRO
V3D	non-polymer	?
V3E	L-peptide linking	PHE
V3F	non-polymer	?
V3H	non-polymer	0WO
V3J	non-polymer	?
V3K	non-polymer	?
V3L	RNA linking	A
V3M	D-saccharide, alpha linking	?
V3N	non-polymer	?
V3O	non-polymer	?
V3P	D-saccharide	?
V3Q	non-polymer	?
V3R	non-polymer	?
V3S	non-polymer	?
V3T	non-polymer	?
V3U	non-polymer	?
V3V	non-polymer	?
V3W	non-polymer	?
V3X	non-polymer	?
V3Z	non-polymer	?
V40	non-polymer	?
V41	non-polymer	?
V42	non-polymer	?
V44	L-peptide linking	CYS
V45	NON-POLYMER	?
V46	non-polymer	?
V47	non-polymer	?
V48	non-polymer	?
V49	NON-POLYMER	?
V4A	non-polymer	?
V4B	non-polymer	?
V4C	non-polymer	?
V4D	non-polymer	?
V4E	non-polymer	?
V4F	peptide linking	V4F
V4H	non-polymer	?
V4I	non-polymer	?
V4J	non-polymer	?
V4K	non-polymer	?
V4L	non-polymer	?
V4M	non-polymer	?
V4N	non-polymer	?
V4O	non-polymer	?
V4Q	non-polymer	?
V4R	non-polymer	?
V4T	non-polymer	?
V4V	non-polymer	?
V4W	non-polymer	?
V4X	non-polymer	?
V4Y	non-polymer	?
V4Z	non-polymer	?
V50	NON-POLYMER	?
V51	NON-POLYMER	?
V52	non-polymer	?
V53	peptide linking	ES1
V54	non-polymer	?
V55	non-polymer	?
V56	NON-POLYMER	?
V57	non-polymer	?
V58	non-polymer	?
V59	non-polymer	?
V5A	NON-POLYMER	?
V5B	non-polymer	?
V5C	non-polymer	?
V5D	non-polymer	?
V5E	non-polymer	?
V5F	peptide linking	?
V5G	non-polymer	?
V5H	non-polymer	?
V5I	non-polymer	?
V5J	non-polymer	?
V5K	non-polymer	?
V5L	non-polymer	?
V5M	non-polymer	?
V5N	L-peptide linking	HIS
V5O	non-polymer	?
V5P	non-polymer	?
V5Q	non-polymer	?
V5R	non-polymer	?
V5S	non-polymer	?
V5T	non-polymer	?
V5U	non-polymer	?
V5V	non-polymer	?
V5W	non-polymer	?
V5X	NON-POLYMER	?
V5Y	non-polymer	?
V5Z	non-polymer	?
V60	non-polymer	?
V61	L-peptide linking	PHE
V62	non-polymer	?
V63	non-polymer	?
V64	NON-POLYMER	?
V65	non-polymer	?
V66	NON-POLYMER	?
V67	non-polymer	?
V68	NON-POLYMER	?
V69	NON-POLYMER	?
V6A	non-polymer	?
V6B	non-polymer	?
V6C	non-polymer	?
V6D	non-polymer	?
V6E	non-polymer	?
V6F	non-polymer	?
V6G	non-polymer	?
V6H	non-polymer	?
V6I	non-polymer	?
V6K	non-polymer	?
V6L	non-polymer	?
V6M	non-polymer	?
V6N	non-polymer	?
V6P	non-polymer	?
V6Q	non-polymer	?
V6R	non-polymer	?
V6S	non-polymer	?
V6T	non-polymer	?
V6U	non-polymer	?
V6V	non-polymer	?
V6W	L-peptide linking	TRP
V6X	non-polymer	?
V6Y	non-polymer	?
V6Z	non-polymer	?
V70	non-polymer	?
V71	D-saccharide	?
V72	non-polymer	?
V73	non-polymer	?
V74	non-polymer	?
V75	non-polymer	?
V77	NON-POLYMER	?
V78	non-polymer	?
V79	non-polymer	?
V7A	non-polymer	?
V7B	non-polymer	?
V7C	non-polymer	?
V7D	non-polymer	?
V7E	non-polymer	?
V7F	non-polymer	?
V7G	non-polymer	?
V7H	non-polymer	?
V7I	non-polymer	?
V7J	non-polymer	?
V7K	non-polymer	?
V7L	non-polymer	?
V7M	non-polymer	?
V7N	non-polymer	?
V7O	NON-POLYMER	?
V7P	non-polymer	?
V7Q	non-polymer	?
V7R	non-polymer	?
V7S	non-polymer	?
V7T	peptide-like	LYS
V7U	non-polymer	?
V7V	NON-POLYMER	?
V7W	non-polymer	?
V7X	non-polymer	?
V7Y	non-polymer	?
V7Z	non-polymer	?
V80	non-polymer	?
V81	non-polymer	?
V82	non-polymer	?
V83	non-polymer	?
V84	non-polymer	?
V85	non-polymer	?
V86	non-polymer	?
V87	non-polymer	?
V88	non-polymer	?
V8A	non-polymer	?
V8B	non-polymer	?
V8C	non-polymer	?
V8D	non-polymer	?
V8E	non-polymer	?
V8G	non-polymer	?
V8H	non-polymer	?
V8I	non-polymer	?
V8K	non-polymer	?
V8L	non-polymer	?
V8M	non-polymer	?
V8N	peptide-like	?
V8O	non-polymer	?
V8P	non-polymer	?
V8Q	non-polymer	?
V8R	non-polymer	?
V8T	non-polymer	?
V8U	non-polymer	?
V8W	non-polymer	?
V8X	non-polymer	?
V8Y	non-polymer	?
V8Z	non-polymer	?
V90	NON-POLYMER	?
V91	non-polymer	?
V92	non-polymer	?
V95	non-polymer	?
V96	non-polymer	?
V97	non-polymer	?
V98	NON-POLYMER	?
V99	non-polymer	?
V9A	non-polymer	?
V9B	non-polymer	?
V9C	NON-POLYMER	?
V9D	non-polymer	?
V9E	non-polymer	?
V9F	non-polymer	?
V9G	non-polymer	?
V9H	non-polymer	?
V9I	non-polymer	?
V9J	non-polymer	?
V9K	non-polymer	?
V9L	non-polymer	?
V9M	non-polymer	?
V9N	non-polymer	?
V9O	non-polymer	?
V9P	non-polymer	?
V9Q	non-polymer	?
V9R	non-polymer	?
V9S	non-polymer	?
V9T	non-polymer	?
V9U	non-polymer	?
V9V	non-polymer	?
V9W	non-polymer	?
V9X	non-polymer	?
V9Y	non-polymer	?
V9Z	non-polymer	?
VA	NON-POLYMER	?
VA0	non-polymer	?
VA1	NON-POLYMER	?
VA3	NON-POLYMER	?
VA4	NON-POLYMER	?
VA5	NON-POLYMER	?
VA6	NON-POLYMER	?
VA7	NON-POLYMER	?
VA8	non-polymer	?
VA9	non-polymer	?
VAA	NON-POLYMER	?
VAB	non-polymer	?
VAC	NON-POLYMER	?
VAD	L-PEPTIDE LINKING	VAL
VAE	NON-POLYMER	?
VAF	L-PEPTIDE LINKING	VAL
VAH	L-peptide linking	VAL
VAI	peptide-like	VAL
VAJ	non-polymer	?
VAK	NON-POLYMER	?
VAL	L-PEPTIDE LINKING	?
VAO	non-polymer	?
VAP	NON-POLYMER	?
VAQ	non-polymer	?
VAR	NON-POLYMER	?
VAS	peptide-like	?
VAT	non-polymer	?
VAU	NON-POLYMER	?
VAV	non-polymer	?
VAW	non-polymer	?
VAY	non-polymer	?
VAZ	non-polymer	?
VB0	non-polymer	?
VB1	L-PEPTIDE LINKING	LYS
VB2	non-polymer	?
VB3	NON-POLYMER	?
VB4	non-polymer	?
VB5	non-polymer	?
VB6	non-polymer	?
VB7	non-polymer	?
VB8	non-polymer	?
VB9	non-polymer	?
VBA	non-polymer	?
VBB	non-polymer	?
VBC	NON-POLYMER	?
VBD	non-polymer	?
VBE	non-polymer	?
VBF	non-polymer	?
VBG	non-polymer	?
VBH	non-polymer	?
VBI	non-polymer	?
VBJ	non-polymer	?
VBK	non-polymer	?
VBL	non-polymer	?
VBM	non-polymer	?
VBN	NON-POLYMER	?
VBO	non-polymer	?
VBP	NON-POLYMER	?
VBQ	non-polymer	?
VBR	non-polymer	?
VBS	non-polymer	?
VBT	non-polymer	?
VBU	non-polymer	?
VBV	non-polymer	?
VBW	non-polymer	?
VBX	non-polymer	?
VBY	non-polymer	?
VBZ	non-polymer	?
VC1	NON-POLYMER	?
VC2	NON-POLYMER	?
VC3	non-polymer	?
VC4	NON-POLYMER	?
VC5	NON-POLYMER	?
VC6	NON-POLYMER	?
VC7	RNA linking	G
VC8	NON-POLYMER	?
VC9	NON-POLYMER	?
VCA	NON-POLYMER	?
VCB	non-polymer	?
VCC	non-polymer	?
VCD	non-polymer	?
VCE	NON-POLYMER	?
VCF	non-polymer	?
VCG	non-polymer	?
VCH	non-polymer	?
VCI	non-polymer	?
VCJ	non-polymer	?
VCK	non-polymer	?
VCL	non-polymer	?
VCN	non-polymer	?
VCO	non-polymer	?
VCP	non-polymer	?
VCQ	non-polymer	?
VCS	non-polymer	?
VCT	non-polymer	?
VCU	non-polymer	?
VCV	non-polymer	?
VCW	non-polymer	?
VCX	non-polymer	?
VCY	non-polymer	?
VCZ	non-polymer	?
VD1	NON-POLYMER	?
VD2	NON-POLYMER	?
VD3	NON-POLYMER	?
VD4	NON-POLYMER	?
VD5	NON-POLYMER	?
VD6	non-polymer	?
VD8	non-polymer	?
VD9	NON-POLYMER	?
VDA	NON-POLYMER	?
VDB	NON-POLYMER	?
VDC	non-polymer	?
VDD	non-polymer	?
VDE	peptide linking	?
VDF	L-saccharide, beta linking	ARB
VDG	non-polymer	?
VDH	non-polymer	?
VDI	non-polymer	?
VDJ	non-polymer	?
VDK	peptide linking	?
VDL	D-PEPTIDE LINKING	?
VDM	NON-POLYMER	?
VDN	NON-POLYMER	?
VDO	non-polymer	?
VDP	NON-POLYMER	?
VDQ	non-polymer	?
VDS	non-polymer	?
VDT	non-polymer	?
VDU	non-polymer	?
VDV	non-polymer	?
VDW	non-polymer	?
VDX	NON-POLYMER	?
VDY	NON-POLYMER	?
VDZ	NON-POLYMER	?
VE0	non-polymer	?
VE1	non-polymer	?
VE2	non-polymer	?
VE3	non-polymer	?
VE4	non-polymer	?
VE5	non-polymer	?
VE6	non-polymer	?
VE7	non-polymer	?
VE8	non-polymer	?
VE9	non-polymer	?
VEA	NON-POLYMER	?
VEB	non-polymer	?
VEC	non-polymer	?
VED	non-polymer	?
VEE	non-polymer	?
VEF	L-peptide linking	?
VEG	non-polymer	?
VEH	non-polymer	?
VEI	non-polymer	?
VEJ	non-polymer	?
VEK	NON-POLYMER	?
VEL	non-polymer	?
VEM	non-polymer	?
VEN	non-polymer	?
VEO	non-polymer	?
VEP	non-polymer	?
VEQ	non-polymer	?
VER	non-polymer	?
VES	non-polymer	?
VET	DNA LINKING	?
VEU	non-polymer	?
VEV	non-polymer	?
VEW	non-polymer	?
VEX	non-polymer	?
VEY	non-polymer	?
VF0	non-polymer	?
VF1	non-polymer	?
VF2	non-polymer	?
VF3	non-polymer	?
VF4	non-polymer	?
VF5	non-polymer	?
VF6	non-polymer	?
VF8	non-polymer	?
VF9	non-polymer	?
VFA	non-polymer	?
VFB	NON-POLYMER	?
VFC	non-polymer	?
VFD	non-polymer	?
VFE	non-polymer	?
VFF	non-polymer	?
VFG	non-polymer	?
VFH	non-polymer	?
VFI	non-polymer	?
VFJ	non-polymer	?
VFL	non-polymer	?
VFM	non-polymer	?
VFN	non-polymer	?
VFO	non-polymer	?
VFP	non-polymer	?
VFQ	non-polymer	?
VFR	non-polymer	?
VFS	non-polymer	?
VFT	non-polymer	?
VFU	non-polymer	?
VFV	NON-POLYMER	?
VFW	non-polymer	?
VFX	non-polymer	?
VFY	non-polymer	?
VFZ	non-polymer	?
VG0	non-polymer	?
VG1	D-saccharide	GLC
VG2	non-polymer	?
VG3	non-polymer	?
VG4	non-polymer	?
VG5	non-polymer	?
VG6	non-polymer	?
VG7	non-polymer	?
VG8	non-polymer	?
VG9	non-polymer	?
VGA	non-polymer	?
VGB	NON-POLYMER	?
VGC	non-polymer	?
VGD	NON-POLYMER	?
VGF	non-polymer	?
VGG	non-polymer	?
VGH	non-polymer	?
VGI	non-polymer	?
VGJ	non-polymer	?
VGK	non-polymer	?
VGL	non-polymer	?
VGM	non-polymer	?
VGN	NON-POLYMER	?
VGO	non-polymer	?
VGP	NON-POLYMER	?
VGQ	non-polymer	?
VGS	non-polymer	?
VGT	non-polymer	?
VGU	non-polymer	?
VGV	non-polymer	?
VGW	non-polymer	?
VGX	NON-POLYMER	?
VGY	non-polymer	?
VGZ	non-polymer	?
VH0	L-PEPTIDE LINKING	PRO
VH1	NON-POLYMER	?
VH2	non-polymer	?
VH3	non-polymer	?
VH4	non-polymer	?
VH5	non-polymer	?
VH6	non-polymer	?
VH7	non-polymer	?
VH8	non-polymer	?
VH9	non-polymer	?
VHA	NON-POLYMER	?
VHB	non-polymer	?
VHC	NON-POLYMER	?
VHD	non-polymer	?
VHE	NON-POLYMER	?
VHF	L-peptide linking	GLU
VHG	non-polymer	?
VHH	NON-POLYMER	?
VHI	NON-POLYMER	?
VHJ	non-polymer	?
VHK	non-polymer	?
VHL	non-polymer	?
VHM	non-polymer	?
VHN	non-polymer	?
VHO	non-polymer	?
VHP	non-polymer	?
VHQ	non-polymer	?
VHR	non-polymer	?
VHS	non-polymer	?
VHT	NON-POLYMER	?
VHU	non-polymer	?
VHV	non-polymer	?
VHW	NON-POLYMER	?
VHY	non-polymer	?
VHZ	non-polymer	?
VI	NON-POLYMER	?
VI0	non-polymer	?
VI1	non-polymer	?
VI2	non-polymer	?
VI3	L-peptide linking	CYS
VI4	non-polymer	?
VI5	non-polymer	?
VI6	non-polymer	?
VI7	non-polymer	?
VI8	non-polymer	?
VI9	non-polymer	?
VIA	NON-POLYMER	?
VIB	NON-POLYMER	?
VIC	non-polymer	?
VIE	non-polymer	?
VIF	NON-POLYMER	?
VIG	NON-POLYMER	?
VIH	non-polymer	?
VII	NON-POLYMER	?
VIJ	non-polymer	?
VIK	non-polymer	?
VIL	non-polymer	?
VIM	non-polymer	?
VIN	NON-POLYMER	?
VIO	NON-POLYMER	?
VIP	non-polymer	?
VIQ	non-polymer	?
VIR	NON-POLYMER	?
VIS	NON-POLYMER	?
VIT	NON-POLYMER	?
VIU	non-polymer	?
VIV	NON-POLYMER	?
VIW	non-polymer	?
VIX	non-polymer	?
VIY	non-polymer	?
VIZ	non-polymer	?
VJ0	non-polymer	?
VJ1	D-saccharide	PA1
VJ2	non-polymer	?
VJ3	non-polymer	?
VJ4	D-saccharide	GCS
VJ5	non-polymer	?
VJ6	NON-POLYMER	?
VJ7	non-polymer	?
VJ8	non-polymer	?
VJ9	non-polymer	?
VJA	non-polymer	?
VJB	non-polymer	?
VJE	non-polymer	?
VJF	non-polymer	?
VJG	non-polymer	?
VJH	non-polymer	?
VJI	non-polymer	?
VJJ	NON-POLYMER	?
VJK	NON-POLYMER	?
VJL	non-polymer	?
VJM	non-polymer	?
VJN	non-polymer	?
VJO	non-polymer	?
VJP	NON-POLYMER	?
VJQ	non-polymer	?
VJS	non-polymer	?
VJT	non-polymer	?
VJV	non-polymer	?
VJW	non-polymer	?
VJX	non-polymer	?
VJY	non-polymer	?
VJZ	non-polymer	?
VK0	non-polymer	?
VK1	non-polymer	?
VK2	non-polymer	?
VK3	NON-POLYMER	?
VK4	non-polymer	?
VK5	non-polymer	?
VK6	non-polymer	?
VK7	non-polymer	?
VK8	non-polymer	?
VK9	non-polymer	?
VKA	non-polymer	?
VKB	non-polymer	?
VKC	NON-POLYMER	?
VKD	non-polymer	?
VKE	NON-POLYMER	?
VKF	non-polymer	?
VKG	non-polymer	?
VKH	non-polymer	?
VKI	non-polymer	?
VKJ	NON-POLYMER	?
VKK	non-polymer	?
VKL	non-polymer	?
VKM	non-polymer	?
VKN	non-polymer	?
VKO	non-polymer	?
VKP	non-polymer	?
VKQ	non-polymer	?
VKS	non-polymer	?
VKT	non-polymer	?
VKV	non-polymer	?
VKW	non-polymer	?
VKX	non-polymer	?
VKZ	non-polymer	?
VL0	non-polymer	?
VL1	non-polymer	?
VL2	non-polymer	?
VL4	non-polymer	?
VL5	non-polymer	?
VL6	non-polymer	?
VL7	non-polymer	?
VL8	non-polymer	?
VL9	non-polymer	?
VLA	non-polymer	?
VLB	NON-POLYMER	?
VLC	non-polymer	?
VLD	non-polymer	?
VLE	non-polymer	?
VLF	non-polymer	?
VLG	non-polymer	?
VLH	non-polymer	?
VLI	non-polymer	?
VLK	non-polymer	?
VLL	L-PEPTIDE LINKING	?
VLM	L-PEPTIDE LINKING	?
VLN	non-polymer	?
VLO	non-polymer	?
VLP	non-polymer	?
VLQ	non-polymer	?
VLR	non-polymer	?
VLS	non-polymer	?
VLT	peptide-like	?
VLU	non-polymer	?
VLV	non-polymer	?
VLW	non-polymer	?
VLX	non-polymer	?
VLY	non-polymer	?
VLZ	non-polymer	?
VM0	non-polymer	?
VM1	NON-POLYMER	?
VM2	non-polymer	?
VM3	non-polymer	?
VM4	non-polymer	?
VM5	non-polymer	?
VM6	non-polymer	?
VM7	NON-POLYMER	?
VM8	non-polymer	?
VM9	non-polymer	?
VMA	non-polymer	?
VMB	non-polymer	?
VMC	NON-POLYMER	?
VMD	non-polymer	?
VME	peptide-like	?
VMF	non-polymer	?
VMG	non-polymer	?
VMH	non-polymer	?
VMI	non-polymer	?
VMJ	non-polymer	?
VMK	non-polymer	?
VML	non-polymer	?
VMM	non-polymer	?
VMN	non-polymer	?
VMO	non-polymer	?
VMP	non-polymer	?
VMQ	non-polymer	?
VMR	non-polymer	?
VMS	L-PEPTIDE LINKING	?
VMT	non-polymer	?
VMV	non-polymer	?
VMW	non-polymer	?
VMX	NON-POLYMER	?
VMY	non-polymer	?
VMZ	non-polymer	?
VN0	non-polymer	?
VN1	non-polymer	?
VN2	non-polymer	?
VN3	NON-POLYMER	?
VN4	NON-POLYMER	?
VN5	non-polymer	?
VN6	non-polymer	?
VN8	non-polymer	?
VN9	non-polymer	?
VNB	non-polymer	?
VNC	non-polymer	?
VND	non-polymer	?
VNE	non-polymer	?
VNF	NON-POLYMER	?
VNG	non-polymer	?
VNI	NON-POLYMER	?
VNJ	non-polymer	?
VNK	NON-POLYMER	?
VNL	NON-POLYMER	?
VNM	non-polymer	?
VNN	non-polymer	?
VNO	non-polymer	?
VNP	NON-POLYMER	?
VNQ	non-polymer	?
VNR	NON-POLYMER	?
VNS	non-polymer	?
VNT	NON-POLYMER	?
VNU	non-polymer	?
VNV	non-polymer	?
VNW	peptide linking	?
VNX	non-polymer	?
VNY	non-polymer	?
VNZ	non-polymer	?
VO0	non-polymer	?
VO1	NON-POLYMER	?
VO2	NON-POLYMER	?
VO3	NON-POLYMER	?
VO4	NON-POLYMER	?
VO5	non-polymer	?
VO6	non-polymer	?
VO7	non-polymer	?
VO8	non-polymer	?
VO9	non-polymer	?
VOA	non-polymer	?
VOB	non-polymer	?
VOC	non-polymer	?
VOD	non-polymer	?
VOE	non-polymer	?
VOF	non-polymer	?
VOG	NON-POLYMER	?
VOH	NON-POLYMER	?
VOI	non-polymer	?
VOJ	non-polymer	?
VOK	non-polymer	?
VOL	L-PEPTIDE LINKING	?
VOM	non-polymer	?
VON	non-polymer	?
VOO	non-polymer	?
VOP	non-polymer	?
VOQ	non-polymer	?
VOR	NON-POLYMER	?
VOT	non-polymer	?
VOU	non-polymer	?
VOV	NON-POLYMER	?
VOW	non-polymer	?
VOX	non-polymer	?
VOY	non-polymer	?
VOZ	non-polymer	?
VP0	non-polymer	?
VP1	non-polymer	?
VP2	non-polymer	?
VP3	non-polymer	?
VP4	non-polymer	?
VP5	non-polymer	?
VP6	non-polymer	?
VP7	non-polymer	?
VP8	non-polymer	?
VP9	non-polymer	?
VPA	NON-POLYMER	?
VPB	non-polymer	?
VPC	NON-POLYMER	?
VPD	non-polymer	ADN
VPE	non-polymer	?
VPF	peptide-like	?
VPG	non-polymer	ADN
VPH	saccharide	?
VPI	non-polymer	?
VPJ	non-polymer	?
VPK	non-polymer	?
VPL	non-polymer	?
VPM	NON-POLYMER	?
VPN	non-polymer	?
VPP	NON-POLYMER	?
VPQ	saccharide	?
VPR	NON-POLYMER	?
VPS	non-polymer	?
VPT	non-polymer	?
VPU	NON-POLYMER	?
VPV	L-peptide linking	LYS
VPW	non-polymer	?
VPX	NON-POLYMER	?
VPY	non-polymer	?
VPZ	non-polymer	?
VQ0	non-polymer	?
VQ1	non-polymer	?
VQ2	non-polymer	?
VQ5	non-polymer	?
VQ6	non-polymer	?
VQ7	NON-POLYMER	?
VQ8	non-polymer	?
VQ9	non-polymer	?
VQA	non-polymer	?
VQB	non-polymer	?
VQC	non-polymer	?
VQD	non-polymer	?
VQE	non-polymer	?
VQF	non-polymer	?
VQG	non-polymer	?
VQH	non-polymer	?
VQI	non-polymer	?
VQJ	non-polymer	?
VQK	non-polymer	?
VQL	non-polymer	?
VQN	non-polymer	?
VQO	non-polymer	?
VQP	non-polymer	?
VQQ	non-polymer	?
VQR	non-polymer	?
VQS	non-polymer	?
VQT	non-polymer	?
VQU	non-polymer	?
VQV	non-polymer	?
VQW	non-polymer	?
VQX	non-polymer	?
VQY	non-polymer	?
VQZ	non-polymer	?
VR	non-polymer	?
VR0	L-peptide linking	ARG
VR1	NON-POLYMER	?
VR2	non-polymer	?
VR3	non-polymer	?
VR4	non-polymer	?
VR5	non-polymer	?
VR6	non-polymer	?
VR7	non-polymer	?
VR9	non-polymer	?
VRA	NON-POLYMER	?
VRB	NON-POLYMER	?
VRC	non-polymer	?
VRD	NON-POLYMER	?
VRF	non-polymer	?
VRG	NON-POLYMER	?
VRH	non-polymer	?
VRI	non-polymer	?
VRJ	non-polymer	?
VRK	non-polymer	?
VRL	non-polymer	?
VRM	non-polymer	?
VRN	non-polymer	?
VRO	NON-POLYMER	?
VRP	non-polymer	?
VRQ	non-polymer	?
VRR	non-polymer	?
VRT	NON-POLYMER	?
VRU	non-polymer	?
VRV	NON-POLYMER	?
VRW	non-polymer	?
VRX	NON-POLYMER	?
VRY	non-polymer	?
VRZ	NON-POLYMER	?
VS0	NON-POLYMER	?
VS1	NON-POLYMER	?
VS2	NON-POLYMER	?
VS3	NON-POLYMER	?
VS4	NON-POLYMER	?
VS5	non-polymer	?
VS7	non-polymer	?
VS8	non-polymer	?
VS9	non-polymer	?
VSA	NON-POLYMER	?
VSB	NON-POLYMER	?
VSC	peptide-like	?
VSD	non-polymer	?
VSE	NON-POLYMER	?
VSF	NON-POLYMER	?
VSG	NON-POLYMER	?
VSH	NON-POLYMER	?
VSI	NON-POLYMER	?
VSK	NON-POLYMER	?
VSL	non-polymer	?
VSM	non-polymer	?
VSN	RNA linking	G
VSO	NON-POLYMER	?
VSP	NON-POLYMER	?
VSQ	non-polymer	?
VSR	non-polymer	?
VST	non-polymer	?
VSU	non-polymer	?
VSV	non-polymer	?
VSX	non-polymer	?
VSY	non-polymer	?
VSZ	non-polymer	?
VT0	NON-POLYMER	?
VT1	non-polymer	?
VT2	NON-POLYMER	?
VT3	non-polymer	?
VT4	non-polymer	?
VT5	NON-POLYMER	?
VT6	NON-POLYMER	?
VT7	NON-POLYMER	?
VT8	NON-POLYMER	?
VTA	non-polymer	?
VTB	L-saccharide, alpha linking	?
VTC	non-polymer	?
VTD	non-polymer	?
VTE	non-polymer	?
VTF	non-polymer	?
VTG	non-polymer	?
VTH	non-polymer	?
VTI	NON-POLYMER	?
VTJ	non-polymer	?
VTK	non-polymer	?
VTL	non-polymer	?
VTM	non-polymer	?
VTN	non-polymer	?
VTO	non-polymer	?
VTP	NON-POLYMER	?
VTQ	NON-POLYMER	?
VTR	non-polymer	?
VTS	non-polymer	?
VTT	non-polymer	?
VTU	non-polymer	?
VTV	non-polymer	?
VTW	non-polymer	?
VTX	non-polymer	?
VTY	non-polymer	?
VTZ	non-polymer	?
VU0	non-polymer	?
VU1	non-polymer	?
VU2	non-polymer	?
VU3	non-polymer	?
VU4	non-polymer	?
VU5	non-polymer	?
VU6	non-polymer	?
VU7	non-polymer	?
VU8	non-polymer	?
VU9	non-polymer	?
VUA	non-polymer	?
VUB	L-peptide linking	LEU,TYR,GLY
VUC	non-polymer	?
VUD	non-polymer	?
VUE	non-polymer	?
VUF	non-polymer	?
VUG	non-polymer	?
VUI	non-polymer	?
VUJ	non-polymer	?
VUK	non-polymer	?
VUL	non-polymer	?
VUM	non-polymer	?
VUN	non-polymer	?
VUO	non-polymer	?
VUP	non-polymer	?
VUR	NON-POLYMER	?
VUS	non-polymer	?
VUT	non-polymer	?
VUU	non-polymer	?
VUV	non-polymer	?
VUY	non-polymer	?
VUZ	non-polymer	?
VV0	non-polymer	?
VV1	non-polymer	?
VV2	non-polymer	?
VV3	non-polymer	?
VV4	non-polymer	?
VV5	non-polymer	?
VV6	NON-POLYMER	?
VV7	NON-POLYMER	?
VV8	non-polymer	?
VV9	non-polymer	?
VVA	NON-POLYMER	?
VVB	non-polymer	?
VVC	non-polymer	?
VVD	non-polymer	?
VVE	non-polymer	?
VVF	non-polymer	?
VVG	non-polymer	?
VVH	non-polymer	?
VVI	non-polymer	?
VVJ	non-polymer	?
VVK	L-peptide linking	ALA
VVL	non-polymer	?
VVM	non-polymer	?
VVN	non-polymer	?
VVO	NON-POLYMER	?
VVP	non-polymer	?
VVQ	non-polymer	?
VVR	non-polymer	?
VVS	non-polymer	?
VVT	NON-POLYMER	?
VVU	non-polymer	?
VVV	NON-POLYMER	?
VVW	non-polymer	?
VVX	non-polymer	?
VVY	non-polymer	?
VW0	non-polymer	?
VW1	non-polymer	?
VW2	non-polymer	?
VW3	non-polymer	?
VW4	non-polymer	?
VW5	non-polymer	?
VW6	non-polymer	?
VW7	non-polymer	?
VW8	non-polymer	?
VWA	non-polymer	?
VWB	non-polymer	?
VWC	non-polymer	?
VWD	non-polymer	?
VWE	non-polymer	?
VWF	non-polymer	?
VWG	non-polymer	?
VWH	non-polymer	?
VWI	non-polymer	?
VWJ	non-polymer	?
VWK	non-polymer	?
VWL	non-polymer	?
VWM	non-polymer	?
VWN	non-polymer	?
VWO	non-polymer	?
VWP	non-polymer	?
VWR	non-polymer	?
VWS	NON-POLYMER	?
VWT	non-polymer	?
VWU	non-polymer	?
VWV	non-polymer	?
VWW	peptide-like	?
VWX	non-polymer	?
VWY	non-polymer	?
VWZ	non-polymer	?
VX	NON-POLYMER	?
VX0	non-polymer	?
VX1	NON-POLYMER	?
VX2	NON-POLYMER	?
VX3	NON-POLYMER	?
VX4	non-polymer	?
VX5	non-polymer	?
VX6	NON-POLYMER	?
VX7	NON-POLYMER	?
VX8	non-polymer	?
VX9	non-polymer	?
VXA	NON-POLYMER	?
VXB	non-polymer	?
VXC	non-polymer	?
VXD	non-polymer	?
VXE	non-polymer	?
VXF	non-polymer	?
VXG	non-polymer	?
VXH	non-polymer	?
VXI	non-polymer	?
VXJ	non-polymer	?
VXK	non-polymer	?
VXL	NON-POLYMER	?
VXM	non-polymer	?
VXN	non-polymer	?
VXO	non-polymer	?
VXP	non-polymer	?
VXQ	NON-POLYMER	?
VXR	NON-POLYMER	?
VXS	non-polymer	?
VXT	non-polymer	?
VXU	non-polymer	?
VXV	non-polymer	?
VXW	non-polymer	?
VXX	NON-POLYMER	?
VXY	non-polymer	?
VXZ	non-polymer	?
VY0	non-polymer	?
VY1	non-polymer	?
VY2	non-polymer	?
VY3	non-polymer	?
VY4	non-polymer	?
VY5	non-polymer	?
VY6	non-polymer	?
VY7	non-polymer	?
VY8	non-polymer	?
VY9	non-polymer	?
VYA	L-PEPTIDE LINKING	LEU, TYR, GLY
VYB	non-polymer	?
VYC	non-polymer	?
VYD	NON-POLYMER	?
VYE	NON-POLYMER	?
VYF	NON-POLYMER	?
VYG	non-polymer	?
VYH	non-polymer	?
VYI	non-polymer	?
VYJ	non-polymer	?
VYK	non-polymer	?
VYM	non-polymer	?
VYN	non-polymer	?
VYO	non-polymer	?
VYP	non-polymer	?
VYQ	non-polymer	?
VYR	non-polymer	?
VYT	non-polymer	?
VYU	non-polymer	?
VYV	non-polymer	?
VYW	non-polymer	?
VYY	non-polymer	?
VYZ	non-polymer	?
VZ1	non-polymer	?
VZ2	non-polymer	?
VZ3	non-polymer	?
VZ4	NON-POLYMER	?
VZ5	NON-POLYMER	?
VZ6	non-polymer	?
VZ7	non-polymer	?
VZ9	non-polymer	?
VZA	non-polymer	?
VZB	non-polymer	?
VZC	non-polymer	?
VZD	non-polymer	?
VZE	non-polymer	?
VZF	non-polymer	?
VZG	non-polymer	?
VZH	non-polymer	?
VZI	non-polymer	?
VZJ	non-polymer	?
VZK	non-polymer	?
VZL	non-polymer	?
VZM	non-polymer	?
VZN	non-polymer	?
VZO	non-polymer	?
VZP	non-polymer	?
VZQ	non-polymer	?
VZR	non-polymer	?
VZS	non-polymer	?
VZT	non-polymer	?
VZU	non-polymer	?
VZV	NON-POLYMER	?
VZW	non-polymer	?
VZX	non-polymer	?
VZY	non-polymer	?
VZZ	NON-POLYMER	?
W	NON-POLYMER	?
W00	non-polymer	?
W01	NON-POLYMER	?
W02	NON-POLYMER	?
W03	NON-POLYMER	?
W04	non-polymer	?
W05	NON-POLYMER	?
W06	NON-POLYMER	?
W07	NON-POLYMER	?
W08	non-polymer	?
W09	NON-POLYMER	?
W0A	non-polymer	?
W0B	non-polymer	?
W0C	non-polymer	?
W0D	non-polymer	?
W0E	non-polymer	?
W0F	non-polymer	?
W0G	non-polymer	?
W0H	non-polymer	?
W0I	NON-POLYMER	?
W0J	non-polymer	?
W0K	non-polymer	?
W0L	non-polymer	?
W0M	non-polymer	?
W0N	non-polymer	?
W0O	non-polymer	?
W0P	non-polymer	?
W0R	non-polymer	?
W0S	non-polymer	?
W0T	NON-POLYMER	?
W0U	non-polymer	?
W0V	non-polymer	?
W0W	non-polymer	?
W0X	non-polymer	?
W0Y	non-polymer	?
W0Z	non-polymer	?
W10	NON-POLYMER	?
W11	NON-POLYMER	?
W12	NON-POLYMER	?
W13	NON-POLYMER	?
W14	NON-POLYMER	?
W15	non-polymer	?
W16	NON-POLYMER	?
W17	non-polymer	?
W18	non-polymer	?
W19	NON-POLYMER	?
W1A	non-polymer	?
W1B	non-polymer	?
W1C	non-polymer	?
W1D	non-polymer	?
W1E	non-polymer	?
W1F	non-polymer	?
W1G	non-polymer	?
W1H	non-polymer	?
W1I	non-polymer	?
W1J	non-polymer	?
W1K	non-polymer	?
W1L	non-polymer	?
W1M	non-polymer	?
W1N	non-polymer	?
W1O	non-polymer	?
W1P	non-polymer	?
W1Q	non-polymer	?
W1S	non-polymer	?
W1T	non-polymer	?
W1U	non-polymer	?
W1V	non-polymer	?
W1W	non-polymer	?
W1X	non-polymer	?
W1Y	non-polymer	?
W1Z	NON-POLYMER	?
W20	non-polymer	?
W21	non-polymer	?
W22	non-polymer	?
W23	NON-POLYMER	?
W24	non-polymer	?
W25	non-polymer	?
W26	non-polymer	?
W27	non-polymer	?
W28	non-polymer	?
W29	NON-POLYMER	?
W2A	non-polymer	?
W2B	non-polymer	?
W2C	non-polymer	?
W2D	non-polymer	?
W2E	non-polymer	?
W2F	non-polymer	?
W2G	non-polymer	?
W2H	non-polymer	?
W2I	non-polymer	?
W2J	non-polymer	?
W2K	non-polymer	?
W2L	non-polymer	?
W2M	non-polymer	?
W2N	non-polymer	?
W2O	non-polymer	?
W2P	NON-POLYMER	?
W2Q	non-polymer	?
W2R	NON-POLYMER	?
W2S	non-polymer	?
W2T	non-polymer	?
W2U	non-polymer	?
W2V	non-polymer	?
W2W	non-polymer	?
W2X	NON-POLYMER	?
W2Y	non-polymer	?
W2Z	non-polymer	?
W30	non-polymer	?
W31	NON-POLYMER	?
W32	NON-POLYMER	?
W33	NON-POLYMER	?
W34	non-polymer	?
W35	NON-POLYMER	?
W36	non-polymer	?
W37	NON-POLYMER	?
W38	non-polymer	?
W39	non-polymer	?
W3A	non-polymer	?
W3B	non-polymer	?
W3C	non-polymer	?
W3D	non-polymer	?
W3F	non-polymer	?
W3G	non-polymer	?
W3H	non-polymer	?
W3I	non-polymer	?
W3J	non-polymer	?
W3K	non-polymer	?
W3M	non-polymer	?
W3N	non-polymer	?
W3O	non-polymer	?
W3P	non-polymer	?
W3Q	non-polymer	?
W3R	non-polymer	?
W3S	non-polymer	?
W3T	non-polymer	?
W3U	non-polymer	?
W3V	non-polymer	?
W3W	non-polymer	?
W3X	non-polymer	?
W3Y	non-polymer	?
W3Z	non-polymer	?
W40	non-polymer	?
W41	non-polymer	?
W42	NON-POLYMER	?
W43	NON-POLYMER	?
W44	non-polymer	?
W45	NON-POLYMER	?
W46	non-polymer	?
W47	non-polymer	?
W48	non-polymer	?
W49	non-polymer	?
W4A	NON-POLYMER	?
W4B	non-polymer	?
W4C	non-polymer	?
W4D	non-polymer	?
W4E	non-polymer	?
W4F	non-polymer	?
W4G	non-polymer	?
W4H	non-polymer	?
W4I	non-polymer	?
W4J	non-polymer	?
W4K	non-polymer	?
W4L	non-polymer	?
W4M	non-polymer	?
W4N	non-polymer	?
W4O	non-polymer	?
W4P	non-polymer	?
W4Q	non-polymer	?
W4R	non-polymer	?
W4S	non-polymer	?
W4T	peptide linking	SFE
W4U	non-polymer	?
W4V	non-polymer	?
W4W	non-polymer	?
W4X	non-polymer	?
W4Y	non-polymer	?
W4Z	non-polymer	?
W50	non-polymer	?
W51	non-polymer	?
W52	non-polymer	?
W53	non-polymer	?
W54	NON-POLYMER	?
W55	non-polymer	?
W56	NON-POLYMER	?
W57	non-polymer	?
W58	non-polymer	?
W59	NON-POLYMER	?
W5A	non-polymer	?
W5B	non-polymer	?
W5C	non-polymer	?
W5D	non-polymer	?
W5E	non-polymer	?
W5F	non-polymer	?
W5G	non-polymer	?
W5H	non-polymer	?
W5I	non-polymer	?
W5J	non-polymer	?
W5K	non-polymer	?
W5L	non-polymer	?
W5M	non-polymer	?
W5N	non-polymer	?
W5O	non-polymer	?
W5P	non-polymer	?
W5Q	non-polymer	?
W5R	non-polymer	?
W5S	non-polymer	?
W5T	non-polymer	?
W5U	non-polymer	?
W5V	non-polymer	?
W5W	non-polymer	?
W5X	non-polymer	?
W5Y	non-polymer	?
W5Z	non-polymer	?
W61	NON-POLYMER	?
W62	non-polymer	?
W63	non-polymer	?
W64	non-polymer	?
W65	non-polymer	?
W66	non-polymer	?
W67	non-polymer	?
W68	NON-POLYMER	?
W69	NON-POLYMER	?
W6A	non-polymer	?
W6B	non-polymer	?
W6C	non-polymer	?
W6D	non-polymer	?
W6E	non-polymer	?
W6F	non-polymer	?
W6G	non-polymer	?
W6H	non-polymer	?
W6J	non-polymer	?
W6K	non-polymer	?
W6L	non-polymer	?
W6M	non-polymer	?
W6O	non-polymer	?
W6P	non-polymer	?
W6Q	NON-POLYMER	?
W6R	non-polymer	?
W6S	non-polymer	?
W6T	non-polymer	?
W6U	non-polymer	?
W6V	non-polymer	?
W6W	non-polymer	?
W6X	non-polymer	?
W6Y	NON-POLYMER	?
W6Z	non-polymer	?
W70	NON-POLYMER	?
W71	NON-POLYMER	?
W72	NON-POLYMER	?
W73	NON-POLYMER	?
W74	NON-POLYMER	?
W75	NON-POLYMER	?
W76	NON-POLYMER	?
W77	NON-POLYMER	?
W78	non-polymer	?
W79	NON-POLYMER	?
W7A	NON-POLYMER	?
W7B	NON-POLYMER	?
W7C	NON-POLYMER	?
W7D	NON-POLYMER	?
W7E	non-polymer	?
W7F	NON-POLYMER	?
W7G	NON-POLYMER	?
W7H	NON-POLYMER	?
W7I	NON-POLYMER	?
W7J	NON-POLYMER	?
W7K	NON-POLYMER	?
W7L	NON-POLYMER	?
W7M	NON-POLYMER	?
W7N	NON-POLYMER	?
W7O	NON-POLYMER	?
W7P	NON-POLYMER	?
W7Q	NON-POLYMER	?
W7R	non-polymer	?
W7S	non-polymer	?
W7T	non-polymer	?
W7U	non-polymer	?
W7V	non-polymer	?
W7W	non-polymer	?
W7X	non-polymer	?
W7Y	non-polymer	?
W7Z	non-polymer	?
W80	NON-POLYMER	?
W81	NON-POLYMER	?
W82	NON-POLYMER	?
W83	NON-POLYMER	?
W84	NON-POLYMER	?
W85	NON-POLYMER	?
W86	NON-POLYMER	?
W87	NON-POLYMER	?
W88	NON-POLYMER	?
W89	non-polymer	?
W8A	non-polymer	?
W8B	non-polymer	?
W8C	non-polymer	?
W8D	non-polymer	?
W8E	non-polymer	?
W8F	non-polymer	?
W8G	NON-POLYMER	?
W8H	non-polymer	?
W8I	non-polymer	?
W8J	non-polymer	?
W8K	non-polymer	?
W8L	non-polymer	?
W8M	non-polymer	?
W8N	non-polymer	?
W8O	non-polymer	?
W8P	non-polymer	?
W8R	NON-POLYMER	?
W8S	non-polymer	?
W8T	non-polymer	?
W8U	non-polymer	?
W8V	non-polymer	?
W8W	non-polymer	?
W8X	NON-POLYMER	?
W8Y	non-polymer	?
W8Z	NON-POLYMER	?
W90	non-polymer	?
W91	NON-POLYMER	?
W92	non-polymer	?
W93	non-polymer	?
W94	NON-POLYMER	?
W95	non-polymer	?
W96	non-polymer	?
W97	non-polymer	?
W98	non-polymer	?
W99	non-polymer	?
W9A	non-polymer	?
W9B	non-polymer	?
W9C	non-polymer	?
W9D	non-polymer	?
W9E	non-polymer	?
W9F	non-polymer	?
W9G	non-polymer	?
W9H	non-polymer	?
W9I	non-polymer	?
W9J	non-polymer	?
W9K	non-polymer	?
W9L	NON-POLYMER	?
W9M	non-polymer	?
W9N	non-polymer	?
W9O	non-polymer	?
W9P	non-polymer	?
W9Q	non-polymer	?
W9R	non-polymer	?
W9S	non-polymer	?
W9T	saccharide	?
W9U	non-polymer	?
W9V	non-polymer	?
W9W	non-polymer	?
W9X	non-polymer	?
W9Y	non-polymer	?
W9Z	NON-POLYMER	?
WA0	non-polymer	?
WA1	NON-POLYMER	?
WA2	NON-POLYMER	?
WA3	non-polymer	?
WA4	non-polymer	?
WA5	NON-POLYMER	?
WA6	non-polymer	?
WA7	non-polymer	?
WA8	non-polymer	?
WA9	non-polymer	?
WAA	NON-POLYMER	?
WAB	non-polymer	?
WAC	NON-POLYMER	?
WAD	non-polymer	?
WAE	non-polymer	?
WAF	non-polymer	?
WAG	non-polymer	?
WAH	non-polymer	?
WAI	NON-POLYMER	?
WAK	non-polymer	?
WAL	non-polymer	?
WAM	non-polymer	?
WAN	NON-POLYMER	?
WAO	non-polymer	?
WAP	non-polymer	?
WAQ	NON-POLYMER	?
WAR	non-polymer	?
WAS	non-polymer	?
WAU	non-polymer	?
WAV	non-polymer	?
WAW	non-polymer	?
WAX	non-polymer	?
WAY	NON-POLYMER	?
WAZ	non-polymer	?
WB0	non-polymer	?
WB1	non-polymer	?
WB2	non-polymer	?
WB3	non-polymer	?
WB4	non-polymer	?
WB5	non-polymer	?
WB6	non-polymer	?
WB7	non-polymer	?
WB8	non-polymer	?
WB9	non-polymer	?
WBA	non-polymer	?
WBB	non-polymer	?
WBD	non-polymer	?
WBE	non-polymer	?
WBF	non-polymer	?
WBG	non-polymer	?
WBI	NON-POLYMER	?
WBJ	non-polymer	?
WBK	non-polymer	?
WBL	non-polymer	?
WBM	non-polymer	?
WBN	non-polymer	?
WBO	non-polymer	?
WBP	non-polymer	?
WBQ	non-polymer	?
WBR	non-polymer	?
WBS	non-polymer	?
WBT	NON-POLYMER	?
WBU	NON-POLYMER	?
WBV	non-polymer	?
WBW	non-polymer	?
WBX	non-polymer	?
WBY	non-polymer	?
WC0	non-polymer	?
WC1	NON-POLYMER	?
WC2	non-polymer	?
WC3	non-polymer	?
WC4	non-polymer	?
WC5	non-polymer	?
WC6	non-polymer	?
WC7	DNA linking	?
WC8	non-polymer	BYC
WC9	non-polymer	?
WCA	NON-POLYMER	?
WCB	non-polymer	?
WCC	NON-POLYMER	?
WCD	non-polymer	?
WCE	NON-POLYMER	?
WCF	non-polymer	?
WCG	non-polymer	?
WCH	non-polymer	?
WCI	non-polymer	?
WCJ	non-polymer	?
WCK	non-polymer	?
WCM	peptide linking	?
WCN	non-polymer	?
WCO	NON-POLYMER	?
WCP	NON-POLYMER	?
WCQ	non-polymer	?
WCR	L-PEPTIDE LINKING	GLY, TYR, GLY
WCS	non-polymer	?
WCT	non-polymer	?
WCU	NON-POLYMER	?
WCV	non-polymer	?
WCW	non-polymer	?
WCX	non-polymer	?
WCY	non-polymer	?
WCZ	non-polymer	?
WD0	non-polymer	?
WD1	non-polymer	?
WD2	non-polymer	?
WD3	non-polymer	?
WD4	non-polymer	?
WD5	non-polymer	?
WD6	non-polymer	?
WD7	non-polymer	?
WD8	non-polymer	?
WD9	non-polymer	?
WDA	non-polymer	?
WDB	non-polymer	?
WDC	non-polymer	?
WDD	non-polymer	?
WDE	non-polymer	?
WDF	non-polymer	?
WDG	non-polymer	?
WDH	non-polymer	?
WDI	non-polymer	?
WDJ	non-polymer	?
WDK	non-polymer	?
WDL	non-polymer	?
WDM	non-polymer	?
WDN	non-polymer	?
WDO	non-polymer	?
WDP	non-polymer	?
WDQ	non-polymer	?
WDR	NON-POLYMER	?
WDS	NON-POLYMER	?
WDT	NON-POLYMER	?
WDU	NON-POLYMER	?
WDV	NON-POLYMER	?
WDW	NON-POLYMER	?
WDX	NON-POLYMER	?
WDY	non-polymer	?
WDZ	non-polymer	?
WE0	NON-POLYMER	?
WE1	non-polymer	?
WE2	non-polymer	?
WE3	non-polymer	?
WE4	non-polymer	?
WE5	non-polymer	?
WE6	non-polymer	?
WE7	non-polymer	?
WE8	non-polymer	?
WE9	non-polymer	?
WEA	non-polymer	?
WEB	non-polymer	?
WEC	non-polymer	?
WED	non-polymer	?
WEE	non-polymer	?
WEF	NON-POLYMER	?
WEG	non-polymer	?
WEH	non-polymer	?
WEI	non-polymer	?
WEJ	non-polymer	?
WEK	non-polymer	?
WEL	non-polymer	?
WEM	non-polymer	?
WEN	non-polymer	?
WEO	non-polymer	?
WEP	non-polymer	?
WEQ	non-polymer	?
WER	non-polymer	?
WES	non-polymer	?
WET	non-polymer	?
WEU	non-polymer	?
WEV	non-polymer	?
WEW	non-polymer	?
WEX	non-polymer	?
WEZ	non-polymer	?
WF0	non-polymer	?
WF1	non-polymer	?
WF2	non-polymer	?
WF3	NON-POLYMER	?
WF4	NON-POLYMER	?
WF5	non-polymer	?
WF6	non-polymer	?
WF7	non-polymer	?
WF8	non-polymer	?
WF9	non-polymer	?
WFA	non-polymer	?
WFB	non-polymer	?
WFC	non-polymer	?
WFD	non-polymer	?
WFE	NON-POLYMER	?
WFF	NON-POLYMER	?
WFG	NON-POLYMER	?
WFH	non-polymer	?
WFI	non-polymer	?
WFJ	non-polymer	?
WFK	non-polymer	?
WFL	non-polymer	?
WFM	non-polymer	?
WFO	non-polymer	?
WFP	L-peptide linking	PHE
WFQ	non-polymer	?
WFR	non-polymer	?
WFS	non-polymer	?
WFT	non-polymer	?
WFU	non-polymer	?
WFV	non-polymer	?
WFW	non-polymer	?
WFX	non-polymer	?
WFY	non-polymer	?
WFZ	non-polymer	?
WG0	non-polymer	?
WG1	non-polymer	?
WG3	non-polymer	?
WG4	non-polymer	?
WG5	non-polymer	?
WG6	non-polymer	?
WG7	non-polymer	?
WG8	non-polymer	?
WGA	non-polymer	?
WGB	non-polymer	?
WGD	non-polymer	?
WGE	non-polymer	?
WGF	non-polymer	?
WGG	NON-POLYMER	?
WGH	non-polymer	?
WGI	non-polymer	?
WGJ	non-polymer	?
WGK	non-polymer	?
WGL	non-polymer	?
WGM	non-polymer	?
WGN	non-polymer	?
WGO	non-polymer	?
WGP	non-polymer	?
WGQ	non-polymer	?
WGR	non-polymer	?
WGS	non-polymer	?
WGT	NON-POLYMER	?
WGU	non-polymer	?
WGV	non-polymer	?
WGW	non-polymer	?
WGX	NON-POLYMER	?
WGY	non-polymer	?
WGZ	non-polymer	?
WH0	non-polymer	?
WH1	non-polymer	?
WH2	non-polymer	?
WH3	non-polymer	?
WH4	non-polymer	?
WH6	NON-POLYMER	?
WH7	non-polymer	?
WH8	non-polymer	?
WH9	non-polymer	?
WHA	NON-POLYMER	?
WHB	non-polymer	?
WHC	non-polymer	?
WHD	non-polymer	?
WHE	non-polymer	?
WHF	non-polymer	?
WHG	non-polymer	?
WHH	NON-POLYMER	?
WHI	non-polymer	?
WHJ	non-polymer	?
WHK	non-polymer	?
WHL	non-polymer	?
WHM	non-polymer	?
WHN	non-polymer	?
WHO	non-polymer	?
WHP	non-polymer	?
WHQ	non-polymer	?
WHR	non-polymer	?
WHS	non-polymer	?
WHT	non-polymer	?
WHU	non-polymer	?
WHV	non-polymer	?
WHW	NON-POLYMER	?
WHX	non-polymer	?
WHY	non-polymer	?
WHZ	non-polymer	?
WI0	non-polymer	?
WI2	non-polymer	?
WI4	non-polymer	?
WI5	NON-POLYMER	?
WI6	non-polymer	?
WI8	non-polymer	?
WI9	non-polymer	?
WIA	D-saccharide	?
WIB	non-polymer	?
WIC	non-polymer	?
WID	non-polymer	?
WIF	non-polymer	?
WIG	non-polymer	?
WIH	non-polymer	?
WII	non-polymer	?
WIJ	non-polymer	?
WIK	non-polymer	?
WIL	non-polymer	?
WIN	NON-POLYMER	?
WIO	non-polymer	?
WIP	non-polymer	?
WIQ	non-polymer	?
WIR	non-polymer	?
WIU	non-polymer	?
WIV	non-polymer	?
WIW	non-polymer	?
WIX	non-polymer	?
WIY	non-polymer	?
WIZ	non-polymer	?
WJ0	non-polymer	?
WJ1	NON-POLYMER	?
WJ2	NON-POLYMER	?
WJ3	non-polymer	?
WJ4	non-polymer	?
WJ5	non-polymer	?
WJ6	non-polymer	?
WJ7	non-polymer	?
WJ8	non-polymer	?
WJ9	non-polymer	?
WJA	non-polymer	?
WJB	non-polymer	?
WJC	non-polymer	?
WJD	non-polymer	?
WJE	non-polymer	?
WJF	non-polymer	?
WJG	non-polymer	?
WJH	non-polymer	?
WJI	non-polymer	?
WJJ	non-polymer	?
WJK	non-polymer	?
WJL	non-polymer	?
WJM	non-polymer	?
WJN	non-polymer	?
WJO	non-polymer	?
WJP	non-polymer	?
WJQ	non-polymer	?
WJR	non-polymer	?
WJS	non-polymer	?
WJT	non-polymer	?
WJU	non-polymer	?
WJV	non-polymer	?
WJW	non-polymer	?
WJX	non-polymer	?
WJZ	NON-POLYMER	?
WK0	non-polymer	?
WK1	NON-POLYMER	?
WK2	non-polymer	?
WK3	non-polymer	?
WK4	non-polymer	?
WK5	non-polymer	?
WK6	non-polymer	?
WK7	non-polymer	?
WK9	non-polymer	?
WKA	non-polymer	?
WKC	non-polymer	?
WKD	non-polymer	?
WKE	non-polymer	?
WKF	non-polymer	?
WKG	non-polymer	?
WKH	non-polymer	?
WKI	non-polymer	?
WKJ	non-polymer	?
WKK	non-polymer	?
WKL	non-polymer	?
WKM	non-polymer	?
WKN	non-polymer	?
WKO	D-saccharide, beta linking	XYP
WKP	non-polymer	?
WKR	non-polymer	?
WKS	non-polymer	?
WKT	D-saccharide, beta linking	XYP
WKV	non-polymer	?
WKW	non-polymer	?
WKY	non-polymer	?
WKZ	non-polymer	?
WL0	non-polymer	?
WL1	non-polymer	?
WL2	non-polymer	?
WL3	NON-POLYMER	?
WL4	non-polymer	?
WL6	non-polymer	?
WL7	non-polymer	?
WL8	non-polymer	?
WLA	non-polymer	?
WLB	non-polymer	?
WLC	NON-POLYMER	?
WLD	non-polymer	?
WLE	non-polymer	?
WLF	non-polymer	?
WLG	non-polymer	?
WLH	non-polymer	?
WLI	NON-POLYMER	?
WLJ	non-polymer	?
WLK	non-polymer	?
WLL	NON-POLYMER	?
WLM	non-polymer	?
WLN	non-polymer	?
WLO	non-polymer	?
WLP	non-polymer	?
WLQ	non-polymer	?
WLR	non-polymer	?
WLS	non-polymer	?
WLU	L-PEPTIDE LINKING	LEU
WLV	non-polymer	?
WLW	non-polymer	?
WLX	non-polymer	?
WLY	non-polymer	?
WLZ	non-polymer	?
WM0	non-polymer	?
WM1	NON-POLYMER	?
WM2	NON-POLYMER	?
WM3	NON-POLYMER	?
WM4	NON-POLYMER	?
WM5	non-polymer	?
WM6	non-polymer	?
WM7	non-polymer	?
WM8	non-polymer	?
WM9	non-polymer	?
WMA	non-polymer	?
WMB	non-polymer	?
WMC	non-polymer	?
WMD	non-polymer	?
WME	non-polymer	?
WMF	non-polymer	?
WMG	non-polymer	?
WMH	NON-POLYMER	?
WMI	non-polymer	?
WMJ	non-polymer	?
WMK	non-polymer	?
WML	non-polymer	?
WMM	NON-POLYMER	?
WMN	non-polymer	?
WMO	non-polymer	?
WMP	NON-POLYMER	?
WMQ	non-polymer	?
WMR	non-polymer	?
WMS	non-polymer	?
WMT	non-polymer	?
WMU	non-polymer	?
WMV	non-polymer	?
WMW	non-polymer	?
WMX	non-polymer	?
WMY	non-polymer	?
WN0	non-polymer	?
WN1	non-polymer	?
WN2	non-polymer	?
WN3	non-polymer	?
WN4	non-polymer	?
WN5	non-polymer	?
WN6	NON-POLYMER	?
WN7	non-polymer	?
WN8	non-polymer	?
WN9	non-polymer	?
WNA	non-polymer	?
WNB	non-polymer	?
WNC	non-polymer	?
WND	non-polymer	?
WNE	non-polymer	?
WNF	non-polymer	?
WNG	non-polymer	?
WNH	non-polymer	?
WNI	NON-POLYMER	?
WNJ	non-polymer	?
WNK	non-polymer	?
WNL	non-polymer	?
WNM	non-polymer	?
WNN	NON-POLYMER	?
WNO	non-polymer	?
WNP	non-polymer	?
WNQ	non-polymer	?
WNR	non-polymer	?
WNS	non-polymer	?
WNT	non-polymer	?
WNU	non-polymer	?
WNV	non-polymer	?
WNW	non-polymer	?
WNX	non-polymer	?
WNY	non-polymer	?
WNZ	non-polymer	?
WO0	non-polymer	?
WO1	non-polymer	?
WO2	NON-POLYMER	?
WO3	NON-POLYMER	?
WO4	NON-POLYMER	?
WO5	NON-POLYMER	?
WO6	NON-POLYMER	?
WO7	non-polymer	?
WO8	non-polymer	?
WO9	non-polymer	?
WOA	non-polymer	?
WOB	non-polymer	?
WOC	NON-POLYMER	?
WOD	non-polymer	?
WOE	non-polymer	?
WOF	non-polymer	?
WOG	non-polymer	?
WOH	non-polymer	?
WOI	non-polymer	?
WOJ	non-polymer	?
WOK	non-polymer	?
WOL	non-polymer	?
WOM	non-polymer	?
WON	non-polymer	?
WOO	L-saccharide, beta linking	?
WOP	non-polymer	?
WOQ	non-polymer	?
WOR	non-polymer	?
WOS	non-polymer	?
WOT	NON-POLYMER	?
WOU	non-polymer	?
WOV	non-polymer	?
WOW	NON-POLYMER	?
WOX	non-polymer	?
WOY	non-polymer	?
WOZ	non-polymer	?
WP0	non-polymer	?
WP1	NON-POLYMER	?
WP2	non-polymer	?
WP3	non-polymer	?
WP4	non-polymer	?
WP5	non-polymer	?
WP6	non-polymer	?
WP7	non-polymer	?
WP8	non-polymer	?
WP9	non-polymer	?
WPA	L-PEPTIDE LINKING	PHE
WPB	non-polymer	?
WPC	NON-POLYMER	?
WPD	non-polymer	?
WPE	non-polymer	?
WPF	non-polymer	?
WPG	NON-POLYMER	?
WPH	NON-POLYMER	?
WPI	NON-POLYMER	?
WPJ	non-polymer	?
WPK	non-polymer	?
WPL	NON-POLYMER	?
WPM	non-polymer	?
WPN	non-polymer	?
WPO	non-polymer	?
WPP	NON-POLYMER	?
WPQ	non-polymer	?
WPR	non-polymer	?
WPS	non-polymer	?
WPT	non-polymer	?
WPU	non-polymer	?
WPV	non-polymer	?
WPW	non-polymer	?
WPX	non-polymer	?
WPY	non-polymer	?
WPZ	non-polymer	?
WQ0	non-polymer	?
WQ1	non-polymer	?
WQ2	non-polymer	?
WQ3	non-polymer	?
WQ4	non-polymer	?
WQ5	non-polymer	?
WQ6	non-polymer	?
WQ7	non-polymer	?
WQ8	non-polymer	?
WQ9	non-polymer	?
WQA	non-polymer	?
WQB	non-polymer	?
WQC	non-polymer	?
WQD	non-polymer	?
WQE	non-polymer	?
WQF	non-polymer	?
WQG	non-polymer	?
WQH	non-polymer	?
WQI	non-polymer	?
WQJ	non-polymer	?
WQK	non-polymer	?
WQL	non-polymer	?
WQM	non-polymer	?
WQN	non-polymer	?
WQO	non-polymer	?
WQP	non-polymer	?
WQQ	non-polymer	?
WQR	non-polymer	?
WQS	non-polymer	?
WQT	non-polymer	?
WQU	non-polymer	?
WQV	non-polymer	?
WQW	non-polymer	?
WQX	non-polymer	?
WQY	non-polymer	?
WQZ	non-polymer	?
WR1	NON-POLYMER	?
WR2	non-polymer	?
WR6	non-polymer	?
WR7	NON-POLYMER	?
WR8	non-polymer	?
WR9	non-polymer	?
WRA	NON-POLYMER	?
WRB	NON-POLYMER	?
WRC	non-polymer	?
WRD	non-polymer	?
WRE	non-polymer	?
WRF	non-polymer	?
WRG	peptide-like	?
WRH	non-polymer	?
WRI	non-polymer	?
WRJ	non-polymer	?
WRK	non-polymer	?
WRL	non-polymer	?
WRM	non-polymer	?
WRN	non-polymer	?
WRO	NON-POLYMER	?
WRP	L-PEPTIDE LINKING	TRP
WRQ	non-polymer	?
WRR	NON-POLYMER	?
WRS	NON-POLYMER	?
WRT	non-polymer	?
WRU	non-polymer	?
WRV	non-polymer	?
WRW	non-polymer	?
WRX	non-polymer	?
WRY	non-polymer	?
WRZ	non-polymer	?
WS0	non-polymer	?
WS1	NON-POLYMER	?
WS2	NON-POLYMER	?
WS3	NON-POLYMER	?
WS4	non-polymer	?
WS5	non-polymer	?
WS6	non-polymer	?
WS7	non-polymer	?
WS8	non-polymer	?
WS9	non-polymer	?
WSA	NON-POLYMER	?
WSB	non-polymer	?
WSD	non-polymer	?
WSF	non-polymer	?
WSG	non-polymer	?
WSH	non-polymer	?
WSI	non-polymer	?
WSJ	non-polymer	?
WSK	NON-POLYMER	?
WSL	non-polymer	?
WSM	non-polymer	?
WSN	non-polymer	?
WSO	non-polymer	?
WSP	non-polymer	?
WSQ	non-polymer	?
WSR	non-polymer	?
WSS	non-polymer	?
WST	NON-POLYMER	?
WSV	non-polymer	?
WSW	non-polymer	?
WSX	non-polymer	?
WSY	non-polymer	?
WT0	non-polymer	?
WT1	non-polymer	?
WT2	non-polymer	?
WT3	non-polymer	?
WT4	NON-POLYMER	?
WT5	non-polymer	?
WT6	non-polymer	?
WT7	non-polymer	?
WT8	L-saccharide	?
WTA	non-polymer	?
WTB	non-polymer	?
WTC	NON-POLYMER	?
WTD	non-polymer	?
WTE	non-polymer	?
WTF	NON-POLYMER	?
WTG	non-polymer	?
WTI	non-polymer	?
WTJ	non-polymer	?
WTK	non-polymer	?
WTM	non-polymer	?
WTN	non-polymer	?
WTO	non-polymer	?
WTP	non-polymer	?
WTQ	non-polymer	?
WTS	non-polymer	?
WTT	non-polymer	?
WTU	non-polymer	?
WTV	non-polymer	?
WTZ	non-polymer	?
WU0	non-polymer	?
WU1	non-polymer	?
WU2	non-polymer	?
WU3	non-polymer	?
WU4	non-polymer	?
WU5	non-polymer	?
WU6	non-polymer	?
WU7	non-polymer	?
WU8	non-polymer	?
WU9	non-polymer	?
WUA	non-polymer	?
WUB	NON-POLYMER	?
WUC	non-polymer	?
WUD	non-polymer	?
WUE	non-polymer	?
WUF	non-polymer	?
WUG	non-polymer	?
WUH	DNA linking	TTD
WUI	non-polymer	?
WUJ	non-polymer	?
WUK	non-polymer	?
WUL	non-polymer	?
WUM	non-polymer	?
WUN	D-saccharide, alpha linking	PA1
WUO	non-polymer	?
WUP	NON-POLYMER	?
WUQ	non-polymer	?
WUR	non-polymer	?
WUS	non-polymer	?
WUT	non-polymer	?
WUU	non-polymer	?
WUV	non-polymer	?
WUW	non-polymer	?
WUX	non-polymer	?
WUY	non-polymer	?
WUZ	non-polymer	?
WV0	non-polymer	?
WV1	non-polymer	?
WV2	non-polymer	?
WV3	non-polymer	?
WV4	non-polymer	?
WV5	non-polymer	?
WV7	NON-POLYMER	?
WV8	non-polymer	?
WV9	non-polymer	?
WVA	non-polymer	?
WVD	non-polymer	?
WVE	non-polymer	?
WVG	non-polymer	?
WVH	non-polymer	?
WVI	non-polymer	?
WVK	non-polymer	?
WVL	L-PEPTIDE LINKING	VAL
WVM	non-polymer	?
WVN	non-polymer	?
WVP	NON-POLYMER	?
WVQ	DNA linking	?
WVR	non-polymer	?
WVU	non-polymer	?
WVV	NON-POLYMER	?
WVW	non-polymer	?
WVY	non-polymer	?
WVZ	non-polymer	?
WW0	non-polymer	?
WW1	non-polymer	?
WW2	NON-POLYMER	?
WW3	NON-POLYMER	?
WW4	non-polymer	?
WW6	non-polymer	?
WW7	NON-POLYMER	?
WW8	NON-POLYMER	?
WW9	non-polymer	?
WWB	L-peptide linking	TRP
WWC	non-polymer	?
WWE	non-polymer	?
WWF	NON-POLYMER	?
WWH	non-polymer	?
WWJ	non-polymer	?
WWK	non-polymer	?
WWL	NON-POLYMER	?
WWN	non-polymer	?
WWO	NON-POLYMER	?
WWP	non-polymer	?
WWQ	non-polymer	?
WWR	non-polymer	?
WWS	non-polymer	?
WWT	non-polymer	?
WWU	non-polymer	?
WWV	NON-POLYMER	?
WWX	NON-POLYMER	?
WWZ	NON-POLYMER	?
WX0	non-polymer	?
WX4	non-polymer	?
WX5	non-polymer	?
WX6	non-polymer	?
WX7	non-polymer	?
WX8	non-polymer	?
WX9	non-polymer	?
WXA	non-polymer	?
WXB	non-polymer	?
WXC	non-polymer	?
WXD	non-polymer	?
WXE	non-polymer	?
WXF	non-polymer	?
WXG	non-polymer	?
WXH	non-polymer	?
WXJ	non-polymer	?
WXK	non-polymer	?
WXL	non-polymer	?
WXM	non-polymer	?
WXN	non-polymer	?
WXO	non-polymer	?
WXP	NON-POLYMER	?
WXQ	non-polymer	?
WXR	non-polymer	?
WXS	non-polymer	?
WXT	non-polymer	?
WXU	non-polymer	?
WXV	NON-POLYMER	?
WXW	non-polymer	?
WXX	non-polymer	?
WXY	non-polymer	?
WXZ	non-polymer	?
WY0	non-polymer	?
WY1	non-polymer	?
WY2	NON-POLYMER	?
WY3	NON-POLYMER	?
WY4	NON-POLYMER	?
WY5	NON-POLYMER	?
WY6	non-polymer	?
WY7	non-polymer	?
WY8	non-polymer	ADE
WY9	non-polymer	?
WYA	non-polymer	?
WYB	non-polymer	?
WYC	non-polymer	?
WYD	NON-POLYMER	?
WYE	NON-POLYMER	?
WYF	NON-POLYMER	?
WYG	non-polymer	?
WYH	non-polymer	?
WYI	non-polymer	?
WYJ	non-polymer	?
WYK	L-PEPTIDE LINKING	ARG
WYL	non-polymer	?
WYN	non-polymer	?
WYO	non-polymer	?
WYP	NON-POLYMER	?
WYQ	NON-POLYMER	?
WYR	non-polymer	?
WYS	non-polymer	?
WYT	non-polymer	?
WYU	non-polymer	?
WYV	non-polymer	?
WYW	non-polymer	?
WYX	non-polymer	?
WYY	non-polymer	?
WYZ	non-polymer	?
WZ0	non-polymer	?
WZ1	saccharide	?
WZ2	saccharide	?
WZ4	saccharide	?
WZ6	non-polymer	?
WZ7	non-polymer	?
WZ8	non-polymer	?
WZ9	non-polymer	?
WZA	non-polymer	?
WZB	non-polymer	?
WZC	NON-POLYMER	?
WZD	non-polymer	?
WZF	non-polymer	?
WZG	non-polymer	?
WZH	non-polymer	?
WZJ	L-peptide linking	?
WZK	non-polymer	?
WZL	non-polymer	?
WZM	non-polymer	?
WZN	non-polymer	?
WZO	NON-POLYMER	?
WZP	non-polymer	?
WZQ	non-polymer	?
WZR	non-polymer	?
WZS	non-polymer	?
WZT	non-polymer	?
WZU	non-polymer	?
WZV	non-polymer	?
WZW	non-polymer	?
WZX	non-polymer	?
WZY	non-polymer	?
WZZ	non-polymer	?
X	DNA LINKING	DG
X00	NON-POLYMER	?
X01	NON-POLYMER	?
X02	NON-POLYMER	?
X03	NON-POLYMER	?
X04	NON-POLYMER	?
X05	non-polymer	?
X06	NON-POLYMER	?
X07	NON-POLYMER	?
X08	non-polymer	?
X09	NON-POLYMER	?
X0A	NON-POLYMER	?
X0B	non-polymer	?
X0D	non-polymer	?
X0E	non-polymer	?
X0F	RNA linking	?
X0G	non-polymer	?
X0H	non-polymer	?
X0I	non-polymer	?
X0J	NON-POLYMER	?
X0K	non-polymer	?
X0L	non-polymer	?
X0M	non-polymer	?
X0O	RNA linking	?
X0P	non-polymer	?
X0Q	non-polymer	?
X0R	non-polymer	?
X0S	non-polymer	?
X0T	non-polymer	?
X0U	non-polymer	?
X0V	non-polymer	?
X0W	non-polymer	?
X0X	D-saccharide, beta linking	?
X0Y	non-polymer	?
X10	non-polymer	?
X11	NON-POLYMER	?
X12	peptide-like	?
X13	non-polymer	?
X14	NON-POLYMER	?
X15	non-polymer	?
X16	NON-POLYMER	?
X17	NON-POLYMER	?
X18	non-polymer	?
X19	NON-POLYMER	?
X1A	non-polymer	?
X1B	L-peptide linking	HIS, TYR, GLY
X1C	non-polymer	?
X1D	non-polymer	?
X1E	non-polymer	?
X1F	non-polymer	?
X1G	non-polymer	?
X1H	non-polymer	?
X1I	non-polymer	?
X1J	non-polymer	?
X1K	non-polymer	?
X1L	non-polymer	?
X1M	non-polymer	?
X1N	non-polymer	?
X1O	non-polymer	?
X1P	D-saccharide	XYS
X1Q	non-polymer	?
X1R	NON-POLYMER	?
X1S	NON-POLYMER	?
X1T	non-polymer	?
X1V	peptide-like	?
X1W	non-polymer	?
X1X	D-saccharide, alpha linking	?
X1Y	non-polymer	?
X1Z	non-polymer	?
X20	NON-POLYMER	?
X21	NON-POLYMER	?
X22	NON-POLYMER	?
X23	NON-POLYMER	?
X24	NON-POLYMER	?
X25	non-polymer	?
X26	NON-POLYMER	?
X27	NON-POLYMER	?
X28	non-polymer	?
X29	NON-POLYMER	?
X2A	NON-POLYMER	?
X2B	non-polymer	?
X2C	NON-POLYMER	?
X2D	NON-POLYMER	?
X2E	NON-POLYMER	?
X2F	D-saccharide, alpha linking	?
X2G	non-polymer	?
X2H	non-polymer	?
X2I	non-polymer	?
X2J	non-polymer	?
X2K	non-polymer	?
X2L	non-polymer	?
X2M	NON-POLYMER	?
X2N	NON-POLYMER	?
X2O	non-polymer	?
X2P	NON-POLYMER	?
X2Q	non-polymer	?
X2R	non-polymer	?
X2S	non-polymer	?
X2T	non-polymer	?
X2U	non-polymer	?
X2V	non-polymer	?
X2W	L-PEPTIDE LINKING	GLU
X2X	NON-POLYMER	?
X2Y	L-saccharide, alpha linking	FUC
X2Z	non-polymer	?
X30	NON-POLYMER	?
X31	non-polymer	?
X32	peptide-like	?
X33	non-polymer	?
X34	L-saccharide, alpha linking	FUC
X35	NON-POLYMER	?
X36	NON-POLYMER	?
X37	NON-POLYMER	?
X38	non-polymer	?
X39	non-polymer	?
X3A	NON-POLYMER	?
X3B	non-polymer	?
X3C	non-polymer	?
X3D	non-polymer	?
X3E	non-polymer	?
X3F	non-polymer	?
X3G	NON-POLYMER	?
X3H	NON-POLYMER	?
X3I	non-polymer	?
X3J	non-polymer	?
X3K	non-polymer	?
X3L	non-polymer	?
X3M	non-polymer	?
X3N	non-polymer	?
X3O	non-polymer	?
X3P	non-polymer	?
X3Q	non-polymer	?
X3R	non-polymer	?
X3S	non-polymer	?
X3T	non-polymer	?
X3U	non-polymer	?
X3V	non-polymer	?
X3W	non-polymer	?
X3X	NON-POLYMER	?
X3Y	non-polymer	?
X3Z	non-polymer	?
X40	NON-POLYMER	?
X41	NON-POLYMER	?
X42	NON-POLYMER	?
X43	NON-POLYMER	?
X44	NON-POLYMER	?
X45	NON-POLYMER	?
X46	NON-POLYMER	?
X47	non-polymer	?
X48	NON-POLYMER	?
X49	non-polymer	?
X4A	DNA LINKING	?
X4B	NON-POLYMER	?
X4C	NON-POLYMER	?
X4D	NON-POLYMER	?
X4E	non-polymer	?
X4F	non-polymer	?
X4G	NON-POLYMER	?
X4H	non-polymer	?
X4I	non-polymer	?
X4L	non-polymer	?
X4M	non-polymer	?
X4N	non-polymer	?
X4O	non-polymer	?
X4P	non-polymer	?
X4Q	non-polymer	?
X4R	non-polymer	?
X4S	saccharide	?
X4T	non-polymer	?
X4U	non-polymer	?
X4V	non-polymer	?
X4W	non-polymer	?
X4X	non-polymer	?
X4Y	non-polymer	?
X4Z	non-polymer	?
X50	non-polymer	?
X51	non-polymer	?
X52	non-polymer	?
X53	non-polymer	?
X54	non-polymer	?
X55	NON-POLYMER	?
X56	non-polymer	?
X57	non-polymer	?
X58	non-polymer	?
X59	non-polymer	?
X5A	non-polymer	?
X5B	non-polymer	?
X5C	non-polymer	?
X5D	non-polymer	?
X5E	non-polymer	?
X5F	non-polymer	?
X5G	NON-POLYMER	?
X5H	peptide linking	?
X5I	non-polymer	?
X5J	non-polymer	?
X5K	non-polymer	?
X5L	non-polymer	?
X5M	non-polymer	?
X5N	non-polymer	?
X5O	non-polymer	?
X5P	L-peptide NH3 amino terminus	ALA
X5R	non-polymer	?
X5S	saccharide	?
X5T	non-polymer	?
X5U	L-peptide linking	PHE
X5V	L-peptide NH3 amino terminus	THR
X5W	non-polymer	?
X5X	non-polymer	?
X5Y	non-polymer	?
X5Z	non-polymer	?
X60	L-peptide linking	VAL
X62	NON-POLYMER	?
X63	NON-POLYMER	?
X64	NON-POLYMER	?
X65	NON-POLYMER	?
X66	NON-POLYMER	?
X67	NON-POLYMER	?
X68	non-polymer	?
X69	NON-POLYMER	?
X6A	NON-POLYMER	?
X6B	NON-POLYMER	?
X6C	non-polymer	?
X6D	NON-POLYMER	?
X6E	D-peptide linking	?
X6G	NON-POLYMER	?
X6H	non-polymer	DG
X6I	non-polymer	?
X6J	non-polymer	?
X6K	NON-POLYMER	?
X6L	non-polymer	?
X6M	non-polymer	?
X6N	D-saccharide, alpha linking	?
X6O	non-polymer	?
X6P	NON-POLYMER	?
X6Q	non-polymer	?
X6R	non-polymer	?
X6S	non-polymer	?
X6T	non-polymer	?
X6U	non-polymer	?
X6V	non-polymer	?
X6W	non-polymer	?
X6X	D-saccharide, alpha linking	?
X6Y	L-saccharide, alpha linking	FUC
X6Z	D-saccharide, alpha linking	?
X70	non-polymer	?
X71	non-polymer	?
X72	NON-POLYMER	?
X73	NON-POLYMER	?
X74	non-polymer	?
X75	NON-POLYMER	?
X76	NON-POLYMER	?
X77	non-polymer	?
X78	non-polymer	?
X79	non-polymer	?
X7A	NON-POLYMER	?
X7B	non-polymer	?
X7C	non-polymer	?
X7D	non-polymer	?
X7E	NON-POLYMER	?
X7F	non-polymer	?
X7G	NON-POLYMER	?
X7H	non-polymer	?
X7I	non-polymer	?
X7J	non-polymer	?
X7K	non-polymer	?
X7L	non-polymer	?
X7M	non-polymer	?
X7N	non-polymer	?
X7O	NON-POLYMER	?
X7P	non-polymer	?
X7Q	non-polymer	?
X7R	non-polymer	?
X7T	non-polymer	?
X7V	non-polymer	?
X7W	non-polymer	?
X7X	non-polymer	?
X7Y	non-polymer	?
X80	non-polymer	?
X81	NON-POLYMER	?
X82	non-polymer	?
X83	non-polymer	?
X84	NON-POLYMER	?
X85	NON-POLYMER	?
X86	NON-POLYMER	?
X87	NON-POLYMER	?
X88	NON-POLYMER	?
X89	NON-POLYMER	?
X8A	NON-POLYMER	?
X8B	non-polymer	?
X8C	non-polymer	?
X8D	NON-POLYMER	?
X8E	NON-POLYMER	?
X8F	non-polymer	?
X8G	NON-POLYMER	?
X8H	non-polymer	?
X8I	non-polymer	?
X8J	non-polymer	?
X8K	non-polymer	?
X8L	non-polymer	?
X8M	NON-POLYMER	?
X8N	non-polymer	?
X8O	non-polymer	?
X8P	non-polymer	?
X8Q	non-polymer	?
X8R	non-polymer	?
X8S	non-polymer	?
X8T	non-polymer	?
X8U	non-polymer	?
X8V	non-polymer	?
X8W	non-polymer	?
X8X	non-polymer	?
X8Y	non-polymer	?
X8Z	NON-POLYMER	?
X90	NON-POLYMER	?
X92	non-polymer	?
X93	non-polymer	?
X94	non-polymer	?
X95	non-polymer	?
X96	NON-POLYMER	?
X97	NON-POLYMER	?
X98	NON-POLYMER	?
X99	NON-POLYMER	?
X9B	non-polymer	?
X9C	non-polymer	?
X9D	non-polymer	?
X9E	non-polymer	?
X9F	NON-POLYMER	?
X9G	NON-POLYMER	?
X9H	non-polymer	?
X9I	NON-POLYMER	?
X9J	non-polymer	?
X9K	non-polymer	?
X9L	non-polymer	?
X9M	non-polymer	?
X9N	non-polymer	?
X9O	non-polymer	?
X9P	non-polymer	?
X9Q	L-PEPTIDE LINKING	ALA, PHE,GLY
X9S	non-polymer	?
X9T	non-polymer	?
X9U	non-polymer	?
X9V	non-polymer	?
X9W	non-polymer	?
X9X	NON-POLYMER	?
X9Y	non-polymer	?
X9Z	non-polymer	?
XA0	NON-POLYMER	?
XA1	NON-POLYMER	?
XA2	NON-POLYMER	?
XA3	non-polymer	?
XA4	non-polymer	?
XA5	non-polymer	?
XA6	L-peptide linking	PHE
XA7	non-polymer	?
XA8	non-polymer	?
XA9	non-polymer	?
XAA	NON-POLYMER	?
XAC	NON-POLYMER	?
XAD	DNA LINKING	DA
XAE	DNA LINKING	?
XAF	NON-POLYMER	?
XAG	non-polymer	?
XAH	NON-POLYMER	?
XAI	non-polymer	?
XAJ	non-polymer	?
XAK	peptide-like	?
XAL	DNA LINKING	DA
XAM	NON-POLYMER	?
XAN	NON-POLYMER	?
XAO	NON-POLYMER	?
XAP	NON-POLYMER	?
XAQ	non-polymer	?
XAR	DNA LINKING	?
XAT	NON-POLYMER	?
XAU	non-polymer	?
XAV	NON-POLYMER	?
XAW	non-polymer	?
XAX	NON-POLYMER	?
XAY	non-polymer	?
XAZ	non-polymer	?
XB0	non-polymer	?
XB1	non-polymer	?
XB2	non-polymer	?
XB3	non-polymer	?
XB4	non-polymer	?
XB5	non-polymer	?
XB6	non-polymer	?
XB7	non-polymer	?
XB8	non-polymer	?
XB9	non-polymer	?
XBA	non-polymer	?
XBB	NON-POLYMER	?
XBC	non-polymer	?
XBD	non-polymer	?
XBE	non-polymer	?
XBF	non-polymer	?
XBG	non-polymer	?
XBH	non-polymer	?
XBI	non-polymer	?
XBJ	NON-POLYMER	?
XBK	NON-POLYMER	?
XBL	non-polymer	?
XBM	non-polymer	?
XBN	non-polymer	?
XBO	non-polymer	?
XBP	SACCHARIDE	?
XBQ	non-polymer	?
XBR	non-polymer	?
XBS	NON-POLYMER	?
XBT	NON-POLYMER	?
XBU	NON-POLYMER	?
XBV	non-polymer	?
XBW	non-polymer	?
XBX	non-polymer	?
XBY	non-polymer	?
XBZ	NON-POLYMER	?
XC	non-polymer	?
XC0	L-peptide linking	?
XC1	non-polymer	?
XC2	NON-POLYMER	?
XC3	NON-POLYMER	?
XC4	non-polymer	?
XC5	NON-POLYMER	?
XC6	non-polymer	?
XC7	non-polymer	?
XC8	non-polymer	?
XC9	non-polymer	?
XCA	NON-POLYMER	?
XCB	non-polymer	?
XCC	NON-POLYMER	?
XCD	non-polymer	?
XCE	non-polymer	?
XCF	NON-POLYMER	?
XCG	NON-POLYMER	?
XCH	NON-POLYMER	?
XCI	NON-POLYMER	?
XCJ	non-polymer	?
XCK	non-polymer	?
XCL	DNA LINKING	DC
XCM	non-polymer	?
XCN	L-peptide linking	CYS
XCO	NON-POLYMER	?
XCP	peptide-like	?
XCQ	non-polymer	?
XCR	DNA LINKING	DC
XCS	DNA LINKING	?
XCT	DNA LINKING	DC
XCU	NON-POLYMER	?
XCV	non-polymer	?
XCW	non-polymer	?
XCX	NON-POLYMER	?
XCY	DNA LINKING	DC
XCZ	non-polymer	?
XD1	NON-POLYMER	?
XD2	NON-POLYMER	?
XD4	NON-POLYMER	?
XD5	NON-POLYMER	?
XD6	non-polymer	?
XD8	non-polymer	?
XD9	non-polymer	?
XDA	NON-POLYMER	?
XDB	non-polymer	?
XDC	non-polymer	?
XDD	peptide-like	?
XDE	NON-POLYMER	?
XDF	non-polymer	?
XDH	NON-POLYMER	?
XDI	NON-POLYMER	?
XDJ	peptide-like	?
XDK	NON-POLYMER	?
XDL	NON-POLYMER	?
XDM	NON-POLYMER	?
XDN	NON-POLYMER	?
XDO	non-polymer	?
XDP	D-SACCHARIDE	?
XDQ	non-polymer	?
XDR	NON-POLYMER	?
XDS	non-polymer	?
XDT	D-PEPTIDE LINKING	DTH
XDU	non-polymer	?
XDV	non-polymer	?
XDX	D-saccharide	GLC
XDY	peptide-like	?
XDZ	non-polymer	?
XE	NON-POLYMER	?
XE0	non-polymer	?
XE1	non-polymer	?
XE2	non-polymer	?
XE3	non-polymer	?
XE4	NON-POLYMER	?
XE6	RNA linking	?
XE7	non-polymer	?
XE8	non-polymer	?
XE9	non-polymer	?
XEA	non-polymer	?
XEB	NON-POLYMER	?
XEC	RNA linking	?
XED	NON-POLYMER	?
XEE	non-polymer	?
XEF	non-polymer	?
XEG	NON-POLYMER	?
XEH	non-polymer	?
XEI	non-polymer	?
XEJ	non-polymer	?
XEK	non-polymer	?
XEL	non-polymer	?
XEM	non-polymer	?
XEN	NON-POLYMER	?
XEO	non-polymer	?
XEP	non-polymer	?
XEQ	non-polymer	?
XER	non-polymer	?
XES	non-polymer	?
XET	non-polymer	?
XEU	non-polymer	?
XEV	NON-POLYMER	?
XEW	non-polymer	?
XEX	non-polymer	?
XEY	non-polymer	?
XEZ	NON-POLYMER	?
XF0	non-polymer	?
XF1	non-polymer	?
XF2	non-polymer	?
XF3	non-polymer	?
XF4	non-polymer	?
XF5	non-polymer	?
XF6	non-polymer	?
XF7	non-polymer	?
XF8	non-polymer	?
XF9	non-polymer	?
XFA	NON-POLYMER	?
XFB	non-polymer	?
XFC	DNA linking	?
XFD	non-polymer	?
XFE	NON-POLYMER	?
XFF	non-polymer	?
XFG	non-polymer	?
XFH	NON-POLYMER	?
XFI	non-polymer	?
XFJ	NON-POLYMER	?
XFK	NON-POLYMER	?
XFL	NON-POLYMER	?
XFM	NON-POLYMER	?
XFN	NON-POLYMER	?
XFO	non-polymer	?
XFP	non-polymer	?
XFQ	non-polymer	?
XFR	non-polymer	?
XFS	non-polymer	?
XFT	non-polymer	?
XFU	non-polymer	?
XFV	non-polymer	?
XFW	peptide-like	?
XFY	non-polymer	?
XFZ	non-polymer	?
XG0	non-polymer	?
XG1	NON-POLYMER	?
XG2	non-polymer	?
XG3	non-polymer	?
XG4	NON-POLYMER	?
XG5	non-polymer	?
XG6	non-polymer	?
XG7	non-polymer	?
XG8	non-polymer	?
XG9	non-polymer	?
XGA	DNA LINKING	?
XGB	non-polymer	?
XGC	non-polymer	?
XGD	non-polymer	?
XGE	non-polymer	?
XGF	non-polymer	?
XGG	non-polymer	?
XGH	NON-POLYMER	?
XGI	non-polymer	?
XGJ	non-polymer	?
XGK	non-polymer	?
XGL	DNA LINKING	DG
XGM	non-polymer	?
XGN	non-polymer	?
XGO	non-polymer	?
XGP	D-saccharide	BGC
XGQ	non-polymer	?
XGR	DNA LINKING	DG
XGS	non-polymer	?
XGT	non-polymer	?
XGU	DNA LINKING	DG
XGV	non-polymer	?
XGW	non-polymer	?
XGX	non-polymer	?
XGY	non-polymer	?
XGZ	non-polymer	?
XH0	non-polymer	?
XH1	non-polymer	?
XH2	non-polymer	?
XH3	non-polymer	?
XH4	non-polymer	?
XH5	non-polymer	?
XH6	non-polymer	?
XH7	non-polymer	?
XH8	non-polymer	?
XH9	non-polymer	?
XHA	NON-POLYMER	?
XHB	non-polymer	?
XHC	non-polymer	?
XHD	non-polymer	?
XHE	non-polymer	?
XHF	non-polymer	?
XHG	non-polymer	?
XHH	non-polymer	?
XHI	non-polymer	?
XHJ	non-polymer	?
XHK	non-polymer	?
XHL	non-polymer	?
XHM	non-polymer	?
XHN	non-polymer	?
XHO	non-polymer	?
XHP	NON-POLYMER	?
XHQ	non-polymer	?
XHR	non-polymer	?
XHS	non-polymer	?
XHT	non-polymer	?
XHU	non-polymer	?
XHV	non-polymer	?
XHW	non-polymer	?
XHX	non-polymer	?
XHY	non-polymer	?
XHZ	non-polymer	?
XI0	non-polymer	?
XI1	non-polymer	?
XI2	NON-POLYMER	?
XI3	non-polymer	?
XI4	non-polymer	?
XI5	non-polymer	?
XI6	non-polymer	?
XI7	non-polymer	?
XI8	non-polymer	?
XI9	non-polymer	?
XIA	NON-POLYMER	?
XIB	non-polymer	?
XIC	non-polymer	?
XID	non-polymer	?
XIE	non-polymer	?
XIF	NON-POLYMER	?
XIG	NON-POLYMER	?
XIH	NON-POLYMER	?
XII	non-polymer	?
XIJ	non-polymer	?
XIK	non-polymer	?
XIL	D-saccharide	XYP
XIM	NON-POLYMER	?
XIN	NON-POLYMER	?
XIO	non-polymer	?
XIP	non-polymer	?
XIQ	D-saccharide, alpha linking	?
XIR	non-polymer	?
XIS	non-polymer	?
XIT	non-polymer	?
XIU	non-polymer	?
XIV	non-polymer	?
XIW	non-polymer	?
XIX	non-polymer	?
XIY	non-polymer	?
XIZ	non-polymer	?
XJ0	non-polymer	?
XJ1	non-polymer	?
XJ2	NON-POLYMER	?
XJ3	NON-POLYMER	?
XJ4	NON-POLYMER	?
XJ5	non-polymer	?
XJ6	non-polymer	?
XJ7	non-polymer	?
XJ8	non-polymer	?
XJ9	non-polymer	?
XJA	non-polymer	?
XJB	non-polymer	?
XJC	non-polymer	?
XJD	non-polymer	?
XJE	NON-POLYMER	?
XJF	non-polymer	?
XJG	non-polymer	?
XJH	NON-POLYMER	?
XJI	non-polymer	?
XJJ	non-polymer	?
XJK	non-polymer	?
XJL	non-polymer	?
XJM	non-polymer	?
XJN	non-polymer	?
XJO	non-polymer	?
XJP	non-polymer	?
XJQ	non-polymer	?
XJR	non-polymer	?
XJS	NON-POLYMER	?
XJT	non-polymer	?
XJU	non-polymer	?
XJV	non-polymer	?
XJW	non-polymer	?
XJX	non-polymer	?
XJY	non-polymer	?
XJZ	non-polymer	?
XK0	non-polymer	?
XK1	non-polymer	?
XK2	NON-POLYMER	?
XK3	non-polymer	?
XK4	non-polymer	?
XK5	non-polymer	?
XK6	non-polymer	?
XK7	non-polymer	?
XK8	non-polymer	?
XK9	non-polymer	?
XKA	NON-POLYMER	?
XKB	non-polymer	?
XKC	non-polymer	?
XKD	non-polymer	?
XKE	non-polymer	?
XKF	non-polymer	?
XKG	non-polymer	?
XKH	non-polymer	?
XKI	non-polymer	?
XKJ	D-saccharide	BGC
XKK	non-polymer	?
XKL	non-polymer	?
XKM	non-polymer	?
XKN	non-polymer	?
XKO	non-polymer	?
XKP	non-polymer	?
XKQ	non-polymer	?
XKR	non-polymer	?
XKS	non-polymer	?
XKT	non-polymer	?
XKU	non-polymer	?
XKV	non-polymer	?
XKW	non-polymer	?
XKX	non-polymer	?
XKY	non-polymer	?
XL0	non-polymer	?
XL1	NON-POLYMER	?
XL2	NON-POLYMER	?
XL3	NON-POLYMER	?
XL4	non-polymer	?
XL5	NON-POLYMER	?
XL6	NON-POLYMER	?
XL7	NON-POLYMER	?
XL8	NON-POLYMER	?
XL9	NON-POLYMER	?
XLB	NON-POLYMER	?
XLC	NON-POLYMER	?
XLD	NON-POLYMER	?
XLE	non-polymer	?
XLF	D-saccharide, beta linking	?
XLH	non-polymer	?
XLI	peptide-like	?
XLJ	non-polymer	?
XLK	non-polymer	?
XLL	non-polymer	?
XLN	NON-POLYMER	?
XLO	NON-POLYMER	?
XLP	non-polymer	?
XLQ	non-polymer	?
XLR	non-polymer	?
XLS	D-saccharide	?
XLT	non-polymer	?
XLU	non-polymer	?
XLV	non-polymer	?
XLW	non-polymer	?
XLX	NON-POLYMER	?
XLY	non-polymer	?
XLZ	non-polymer	?
XM0	non-polymer	?
XM1	NON-POLYMER	?
XM2	non-polymer	?
XM3	non-polymer	?
XM4	non-polymer	?
XM5	NON-POLYMER	?
XM6	non-polymer	?
XM7	non-polymer	?
XM8	non-polymer	?
XM9	non-polymer	?
XMA	NON-POLYMER	?
XMB	NON-POLYMER	?
XMC	NON-POLYMER	?
XMD	NON-POLYMER	?
XME	NON-POLYMER	?
XMF	NON-POLYMER	?
XMG	NON-POLYMER	?
XMH	NON-POLYMER	?
XMI	NON-POLYMER	?
XMJ	NON-POLYMER	?
XMK	NON-POLYMER	?
XML	non-polymer	?
XMM	D-saccharide	MAN
XMN	non-polymer	?
XMO	non-polymer	?
XMP	NON-POLYMER	?
XMQ	non-polymer	?
XMR	non-polymer	?
XMS	NON-POLYMER	?
XMU	non-polymer	?
XMV	non-polymer	?
XMW	non-polymer	?
XMX	non-polymer	?
XMY	non-polymer	?
XMZ	non-polymer	?
XN0	non-polymer	?
XN1	NON-POLYMER	?
XN2	NON-POLYMER	?
XN3	NON-POLYMER	?
XN4	non-polymer	?
XN5	non-polymer	?
XN6	non-polymer	?
XN7	non-polymer	?
XN8	non-polymer	?
XN9	non-polymer	?
XNA	NON-POLYMER	?
XNB	NON-POLYMER	?
XNC	NON-POLYMER	?
XND	NON-POLYMER	?
XNE	non-polymer	?
XNF	non-polymer	?
XNG	non-polymer	?
XNH	NON-POLYMER	?
XNI	NON-POLYMER	?
XNJ	non-polymer	?
XNK	non-polymer	?
XNL	NON-POLYMER	?
XNM	NON-POLYMER	?
XNN	NON-POLYMER	?
XNO	non-polymer	?
XNP	NON-POLYMER	?
XNR	non-polymer	?
XNS	non-polymer	?
XNT	non-polymer	?
XNU	non-polymer	?
XNV	NON-POLYMER	?
XNW	non-polymer	?
XNX	non-polymer	?
XNY	RNA linking	?
XNZ	NON-POLYMER	?
XO0	non-polymer	?
XO1	non-polymer	?
XO3	non-polymer	?
XO4	non-polymer	?
XO5	non-polymer	?
XO7	non-polymer	?
XO8	non-polymer	?
XO9	non-polymer	?
XOA	non-polymer	?
XOB	non-polymer	?
XOC	non-polymer	?
XOD	non-polymer	?
XOE	non-polymer	?
XOF	non-polymer	?
XOG	NON-POLYMER	?
XOH	non-polymer	?
XOI	non-polymer	?
XOJ	NON-POLYMER	?
XOK	L-peptide linking	lys
XOL	non-polymer	?
XOM	non-polymer	?
XON	non-polymer	?
XOO	non-polymer	?
XOP	NON-POLYMER	?
XOQ	non-polymer	?
XOR	non-polymer	?
XOS	NON-POLYMER	?
XOT	non-polymer	?
XOU	NON-POLYMER	?
XOV	non-polymer	?
XOW	non-polymer	?
XOY	NON-POLYMER	?
XOZ	non-polymer	?
XP0	non-polymer	?
XP1	non-polymer	?
XP2	non-polymer	?
XP3	non-polymer	?
XP4	NON-POLYMER	?
XP5	non-polymer	?
XP6	non-polymer	?
XP7	non-polymer	?
XP8	NON-POLYMER	?
XP9	NON-POLYMER	?
XPA	NON-POLYMER	?
XPB	DNA LINKING	DG
XPC	peptide-like	?
XPD	non-polymer	?
XPE	NON-POLYMER	?
XPF	NON-POLYMER	?
XPG	NON-POLYMER	?
XPH	peptide-like	?
XPI	non-polymer	?
XPJ	non-polymer	?
XPK	non-polymer	?
XPL	L-PEPTIDE LINKING	PYL
XPM	NON-POLYMER	?
XPN	non-polymer	?
XPO	NON-POLYMER	?
XPP	NON-POLYMER	?
XPR	L-PEPTIDE LINKING	PRO
XPS	non-polymer	?
XPT	NON-POLYMER	?
XPU	non-polymer	?
XPV	non-polymer	?
XPW	non-polymer	?
XPX	NON-POLYMER	?
XPY	NON-POLYMER	?
XPZ	non-polymer	?
XQ0	non-polymer	?
XQ1	non-polymer	?
XQ2	non-polymer	?
XQ3	non-polymer	?
XQ4	non-polymer	?
XQ5	non-polymer	?
XQ6	non-polymer	?
XQ7	non-polymer	?
XQ8	non-polymer	?
XQ9	non-polymer	?
XQA	non-polymer	?
XQB	NON-POLYMER	?
XQC	NON-POLYMER	?
XQD	non-polymer	?
XQE	non-polymer	?
XQF	non-polymer	?
XQG	NON-POLYMER	?
XQI	NON-POLYMER	?
XQJ	non-polymer	?
XQK	NON-POLYMER	?
XQL	non-polymer	?
XQM	non-polymer	?
XQN	non-polymer	?
XQO	non-polymer	?
XQP	non-polymer	?
XQQ	non-polymer	?
XQR	non-polymer	?
XQS	non-polymer	?
XQT	non-polymer	?
XQU	non-polymer	?
XQV	non-polymer	?
XQW	non-polymer	?
XQX	non-polymer	?
XQY	non-polymer	?
XQZ	non-polymer	?
XR0	non-polymer	?
XR1	NON-POLYMER	?
XR2	NON-POLYMER	?
XR3	non-polymer	?
XR4	non-polymer	?
XR6	non-polymer	?
XR7	non-polymer	?
XR8	non-polymer	?
XR9	non-polymer	?
XRA	NON-POLYMER	?
XRB	non-polymer	?
XRC	non-polymer	?
XRD	non-polymer	?
XRE	L-peptide linking	PRO
XRF	non-polymer	?
XRG	NON-POLYMER	?
XRH	non-polymer	?
XRI	non-polymer	?
XRJ	non-polymer	?
XRK	non-polymer	?
XRL	non-polymer	?
XRM	non-polymer	?
XRN	non-polymer	?
XRO	NON-POLYMER	?
XRP	non-polymer	?
XRQ	non-polymer	?
XRR	non-polymer	?
XRS	non-polymer	?
XRT	non-polymer	?
XRU	non-polymer	?
XRV	non-polymer	?
XRW	L-peptide linking	LYS
XRX	non-polymer	?
XRZ	non-polymer	?
XS0	non-polymer	?
XS1	non-polymer	?
XS2	saccharide	?
XS4	NON-POLYMER	?
XS5	non-polymer	?
XS6	NON-POLYMER	?
XS8	non-polymer	?
XS9	non-polymer	?
XSA	non-polymer	?
XSB	non-polymer	?
XSD	non-polymer	?
XSE	non-polymer	?
XSF	non-polymer	?
XSG	non-polymer	?
XSH	non-polymer	?
XSI	non-polymer	?
XSK	non-polymer	?
XSL	non-polymer	?
XSM	non-polymer	?
XSN	L-peptide linking	ASN
XSO	non-polymer	?
XSP	NON-POLYMER	?
XSQ	non-polymer	?
XSR	non-polymer	?
XSS	non-polymer	?
XSU	non-polymer	?
XSV	non-polymer	?
XSX	RNA linking	U
XSY	non-polymer	?
XSZ	non-polymer	?
XT0	NON-POLYMER	?
XT1	NON-POLYMER	?
XT2	NON-POLYMER	?
XT3	NON-POLYMER	?
XT4	non-polymer	?
XT5	NON-POLYMER	?
XT7	non-polymer	?
XT8	non-polymer	?
XT9	non-polymer	?
XTA	non-polymer	?
XTB	non-polymer	?
XTC	non-polymer	?
XTD	non-polymer	?
XTE	non-polymer	?
XTF	DNA LINKING	DT
XTG	NON-POLYMER	?
XTH	DNA LINKING	DT
XTI	non-polymer	?
XTJ	non-polymer	?
XTK	non-polymer	?
XTL	DNA LINKING	DT
XTM	non-polymer	?
XTN	NON-POLYMER	?
XTO	non-polymer	?
XTP	non-polymer	?
XTQ	non-polymer	?
XTR	DNA linking	DT
XTS	RNA LINKING	G
XTT	non-polymer	?
XTU	non-polymer	?
XTV	NON-POLYMER	?
XTW	NON-POLYMER	?
XTX	non-polymer	?
XTY	DNA LINKING	?
XTZ	NON-POLYMER	?
XU0	non-polymer	?
XU1	NON-POLYMER	?
XU2	NON-POLYMER	?
XU3	NON-POLYMER	?
XU4	non-polymer	?
XU5	NON-POLYMER	?
XU6	non-polymer	?
XU7	non-polymer	?
XU8	non-polymer	?
XU9	non-polymer	?
XUA	DNA LINKING	DA
XUB	non-polymer	?
XUC	non-polymer	?
XUE	non-polymer	?
XUF	non-polymer	?
XUG	DNA LINKING	DG
XUH	non-polymer	?
XUI	non-polymer	?
XUJ	non-polymer	?
XUK	non-polymer	?
XUL	D-SACCHARIDE	?
XUM	non-polymer	?
XUN	non-polymer	?
XUO	non-polymer	?
XUP	non-polymer	?
XUQ	non-polymer	?
XUR	non-polymer	?
XUS	non-polymer	?
XUT	non-polymer	?
XUV	non-polymer	?
XUX	non-polymer	?
XUY	non-polymer	?
XUZ	non-polymer	?
XV0	non-polymer	?
XV1	NON-POLYMER	?
XV2	non-polymer	?
XV3	non-polymer	?
XV4	non-polymer	?
XV5	non-polymer	?
XV6	NON-POLYMER	?
XV7	non-polymer	?
XV8	non-polymer	?
XV9	non-polymer	?
XVA	non-polymer	?
XVB	non-polymer	?
XVC	non-polymer	?
XVD	non-polymer	?
XVE	non-polymer	?
XVF	non-polymer	?
XVG	non-polymer	?
XVH	non-polymer	?
XVI	non-polymer	?
XVJ	non-polymer	?
XVK	non-polymer	?
XVL	non-polymer	?
XVM	non-polymer	?
XVO	non-polymer	?
XVP	non-polymer	?
XVQ	non-polymer	?
XVR	non-polymer	?
XVS	non-polymer	?
XVT	non-polymer	?
XVU	non-polymer	?
XVV	non-polymer	?
XVW	non-polymer	?
XVY	non-polymer	?
XVZ	non-polymer	?
XW1	L-PEPTIDE LINKING	ALA
XW2	non-polymer	?
XW3	non-polymer	?
XW4	non-polymer	?
XW5	non-polymer	?
XW6	non-polymer	?
XW7	non-polymer	?
XW9	non-polymer	?
XWA	non-polymer	?
XWC	non-polymer	?
XWD	non-polymer	?
XWF	non-polymer	?
XWG	non-polymer	?
XWH	non-polymer	?
XWJ	non-polymer	?
XWK	non-polymer	?
XWN	non-polymer	?
XWO	non-polymer	?
XWP	non-polymer	?
XWR	non-polymer	?
XWS	non-polymer	?
XWV	non-polymer	?
XWW	non-polymer	?
XWX	non-polymer	?
XWY	non-polymer	?
XWZ	non-polymer	?
XX0	NON-POLYMER	?
XX1	L-PEPTIDE LINKING	LYS
XX2	NON-POLYMER	?
XX3	NON-POLYMER	?
XX4	NON-POLYMER	?
XX5	NON-POLYMER	?
XX6	NON-POLYMER	?
XX7	NON-POLYMER	?
XX8	NON-POLYMER	?
XX9	NON-POLYMER	?
XXA	L-PEPTIDE LINKING	?
XXB	NON-POLYMER	?
XXC	NON-POLYMER	?
XXD	NON-POLYMER	?
XXE	NON-POLYMER	?
XXF	non-polymer	?
XXG	NON-POLYMER	?
XXH	NON-POLYMER	?
XXI	non-polymer	?
XXJ	NON-POLYMER	?
XXK	NON-POLYMER	?
XXL	NON-POLYMER	?
XXM	D-saccharide, alpha linking	?
XXN	non-polymer	?
XXO	NON-POLYMER	?
XXP	NON-POLYMER	?
XXQ	non-polymer	?
XXR	D-saccharide, alpha linking	?
XXS	non-polymer	?
XXT	NON-POLYMER	?
XXU	non-polymer	?
XXV	non-polymer	?
XXW	non-polymer	?
XXX	D-saccharide	?
XXY	L-PEPTIDE LINKING	THR, HIS, GLY
XXZ	NON-POLYMER	?
XY0	non-polymer	?
XY1	non-polymer	?
XY2	NON-POLYMER	?
XY3	NON-POLYMER	?
XY4	non-polymer	?
XY5	NON-POLYMER	?
XY6	D-saccharide, beta linking	XYP
XY7	non-polymer	?
XY8	non-polymer	?
XY9	D-saccharide, beta linking	XYP
XYA	NON-POLYMER	?
XYB	SACCHARIDE	?
XYC	L-peptide linking	ALA
XYD	NON-POLYMER	?
XYE	non-polymer	?
XYF	D-saccharide, beta linking	?
XYG	L-PEPTIDE LINKING	ASP, TYR, GLY
XYH	NON-POLYMER	?
XYI	non-polymer	?
XYJ	non-polymer	?
XYK	non-polymer	?
XYL	D-saccharide	?
XYM	NON-POLYMER	?
XYN	NON-POLYMER	?
XYO	non-polymer	?
XYP	D-saccharide, beta linking	?
XYQ	NON-POLYMER	?
XYR	non-polymer	?
XYS	D-saccharide, alpha linking	?
XYT	saccharide	?
XYU	non-polymer	?
XYV	non-polymer	?
XYW	non-polymer	?
XYX	non-polymer	?
XYY	NON-POLYMER	?
XYZ	D-saccharide, beta linking	?
XZ0	non-polymer	?
XZ1	NON-POLYMER	?
XZ2	NON-POLYMER	?
XZ3	non-polymer	?
XZ4	NON-POLYMER	?
XZ5	non-polymer	?
XZ6	non-polymer	?
XZ7	non-polymer	?
XZ8	NON-POLYMER	?
XZ9	non-polymer	?
XZA	peptide-like	?
XZB	non-polymer	?
XZC	non-polymer	?
XZD	non-polymer	?
XZE	non-polymer	?
XZF	non-polymer	?
XZG	non-polymer	?
XZH	non-polymer	?
XZI	non-polymer	?
XZJ	non-polymer	?
XZK	non-polymer	?
XZL	non-polymer	?
XZM	non-polymer	?
XZN	non-polymer	?
XZO	non-polymer	?
XZP	NON-POLYMER	?
XZQ	non-polymer	?
XZR	non-polymer	?
XZS	non-polymer	?
XZT	non-polymer	?
XZU	non-polymer	?
XZV	non-polymer	?
XZW	non-polymer	?
XZX	non-polymer	?
XZY	non-polymer	?
XZZ	non-polymer	?
Y	DNA LINKING	DA
Y00	non-polymer	?
Y01	non-polymer	?
Y02	NON-POLYMER	?
Y03	NON-POLYMER	?
Y04	NON-POLYMER	?
Y05	non-polymer	?
Y06	NON-POLYMER	?
Y07	NON-POLYMER	?
Y08	NON-POLYMER	?
Y09	NON-POLYMER	?
Y0A	non-polymer	?
Y0B	non-polymer	?
Y0C	non-polymer	?
Y0D	non-polymer	?
Y0E	non-polymer	?
Y0F	non-polymer	?
Y0G	non-polymer	?
Y0H	non-polymer	?
Y0I	non-polymer	?
Y0J	non-polymer	?
Y0K	non-polymer	?
Y0L	non-polymer	?
Y0M	non-polymer	?
Y0N	non-polymer	?
Y0O	non-polymer	?
Y0P	non-polymer	?
Y0Q	non-polymer	?
Y0R	NON-POLYMER	?
Y0S	non-polymer	?
Y0T	non-polymer	?
Y0U	non-polymer	?
Y0V	NON-POLYMER	?
Y0W	non-polymer	?
Y0X	NON-POLYMER	?
Y0Y	non-polymer	?
Y0Z	non-polymer	?
Y1	NON-POLYMER	?
Y10	NON-POLYMER	?
Y11	NON-POLYMER	?
Y12	NON-POLYMER	?
Y13	NON-POLYMER	?
Y14	NON-POLYMER	?
Y15	NON-POLYMER	?
Y16	NON-POLYMER	?
Y17	NON-POLYMER	?
Y18	NON-POLYMER	?
Y19	non-polymer	?
Y1A	non-polymer	?
Y1B	non-polymer	?
Y1C	non-polymer	?
Y1D	non-polymer	?
Y1E	non-polymer	?
Y1F	non-polymer	?
Y1G	non-polymer	?
Y1H	non-polymer	?
Y1J	non-polymer	?
Y1K	non-polymer	?
Y1L	non-polymer	?
Y1M	non-polymer	?
Y1N	non-polymer	?
Y1O	non-polymer	?
Y1P	non-polymer	?
Y1Q	non-polymer	?
Y1R	non-polymer	?
Y1S	non-polymer	?
Y1T	non-polymer	?
Y1U	non-polymer	?
Y1V	L-peptide linking	LEU
Y1W	non-polymer	?
Y1X	non-polymer	?
Y1Y	non-polymer	?
Y1Z	NON-POLYMER	?
Y21	non-polymer	?
Y22	NON-POLYMER	?
Y23	non-polymer	?
Y24	non-polymer	?
Y25	non-polymer	?
Y26	non-polymer	?
Y27	NON-POLYMER	?
Y28	D-PEPTIDE LINKING	?
Y29	non-polymer	?
Y2A	non-polymer	?
Y2B	NON-POLYMER	?
Y2C	non-polymer	?
Y2D	non-polymer	?
Y2E	non-polymer	?
Y2F	NON-POLYMER	?
Y2G	non-polymer	?
Y2H	non-polymer	?
Y2I	non-polymer	?
Y2J	non-polymer	?
Y2K	non-polymer	?
Y2L	non-polymer	?
Y2M	non-polymer	?
Y2N	non-polymer	?
Y2O	non-polymer	?
Y2P	non-polymer	?
Y2Q	non-polymer	?
Y2R	non-polymer	?
Y2S	non-polymer	?
Y2U	non-polymer	?
Y2V	non-polymer	?
Y2W	non-polymer	?
Y2Y	non-polymer	?
Y2Z	non-polymer	?
Y3	NON-POLYMER	?
Y30	NON-POLYMER	?
Y31	non-polymer	?
Y32	non-polymer	?
Y33	non-polymer	?
Y34	non-polymer	?
Y35	NON-POLYMER	?
Y36	non-polymer	?
Y37	non-polymer	?
Y38	NON-POLYMER	?
Y39	NON-POLYMER	?
Y3A	NON-POLYMER	?
Y3B	non-polymer	?
Y3C	non-polymer	?
Y3D	non-polymer	?
Y3E	non-polymer	?
Y3F	non-polymer	?
Y3G	non-polymer	?
Y3H	non-polymer	?
Y3I	non-polymer	?
Y3J	NON-POLYMER	?
Y3K	non-polymer	?
Y3L	non-polymer	?
Y3M	non-polymer	?
Y3N	non-polymer	?
Y3O	non-polymer	?
Y3P	non-polymer	?
Y3Q	non-polymer	?
Y3R	non-polymer	?
Y3S	non-polymer	?
Y3T	non-polymer	?
Y3U	NON-POLYMER	?
Y3V	non-polymer	?
Y3W	non-polymer	?
Y3Y	non-polymer	?
Y3Z	non-polymer	?
Y40	non-polymer	?
Y41	non-polymer	?
Y43	non-polymer	?
Y44	non-polymer	?
Y45	non-polymer	?
Y46	non-polymer	?
Y47	non-polymer	?
Y48	non-polymer	?
Y49	non-polymer	?
Y4B	non-polymer	?
Y4C	non-polymer	?
Y4D	non-polymer	?
Y4E	non-polymer	?
Y4F	non-polymer	?
Y4H	non-polymer	?
Y4I	non-polymer	?
Y4J	non-polymer	?
Y4K	non-polymer	?
Y4L	non-polymer	?
Y4N	non-polymer	?
Y4O	non-polymer	?
Y4P	non-polymer	?
Y4Q	non-polymer	?
Y4R	non-polymer	?
Y4T	non-polymer	?
Y4U	non-polymer	?
Y4V	non-polymer	?
Y4W	non-polymer	?
Y4X	non-polymer	?
Y4Y	non-polymer	?
Y4Z	non-polymer	?
Y50	NON-POLYMER	?
Y51	non-polymer	?
Y52	NON-POLYMER	?
Y53	non-polymer	?
Y54	non-polymer	?
Y55	NON-POLYMER	?
Y56	non-polymer	?
Y57	L-peptide linking	LYS
Y58	non-polymer	?
Y59	non-polymer	?
Y5B	non-polymer	?
Y5C	non-polymer	?
Y5D	non-polymer	?
Y5E	non-polymer	?
Y5F	non-polymer	?
Y5G	non-polymer	?
Y5H	non-polymer	?
Y5I	non-polymer	?
Y5J	non-polymer	?
Y5L	non-polymer	?
Y5M	non-polymer	?
Y5N	non-polymer	?
Y5O	non-polymer	?
Y5P	RNA LINKING	?
Y5Q	non-polymer	?
Y5R	non-polymer	?
Y5S	non-polymer	?
Y5T	non-polymer	?
Y5U	non-polymer	?
Y5V	non-polymer	?
Y5X	non-polymer	?
Y5Y	non-polymer	?
Y5Z	non-polymer	?
Y60	non-polymer	?
Y61	non-polymer	?
Y62	non-polymer	?
Y63	non-polymer	?
Y64	non-polymer	?
Y65	non-polymer	?
Y66	non-polymer	?
Y67	non-polymer	?
Y68	non-polymer	?
Y69	NON-POLYMER	?
Y6A	non-polymer	?
Y6C	non-polymer	?
Y6D	non-polymer	?
Y6E	non-polymer	?
Y6F	non-polymer	?
Y6G	non-polymer	?
Y6H	non-polymer	?
Y6I	non-polymer	?
Y6J	non-polymer	?
Y6K	non-polymer	?
Y6L	non-polymer	?
Y6M	NON-POLYMER	?
Y6N	non-polymer	?
Y6O	non-polymer	?
Y6P	non-polymer	?
Y6R	non-polymer	?
Y6S	non-polymer	?
Y6T	non-polymer	?
Y6U	non-polymer	?
Y6V	non-polymer	?
Y6W	NON-POLYMER	?
Y6X	non-polymer	?
Y6Y	non-polymer	?
Y6Z	non-polymer	?
Y70	non-polymer	?
Y71	non-polymer	?
Y72	non-polymer	?
Y73	non-polymer	?
Y74	non-polymer	?
Y75	non-polymer	?
Y76	non-polymer	?
Y77	non-polymer	?
Y78	non-polymer	?
Y79	non-polymer	?
Y7A	non-polymer	?
Y7B	non-polymer	?
Y7C	non-polymer	?
Y7D	non-polymer	?
Y7E	non-polymer	?
Y7F	non-polymer	?
Y7G	non-polymer	?
Y7H	non-polymer	?
Y7I	non-polymer	?
Y7K	non-polymer	?
Y7L	non-polymer	?
Y7M	non-polymer	?
Y7N	non-polymer	?
Y7O	non-polymer	?
Y7Q	non-polymer	?
Y7R	non-polymer	?
Y7S	non-polymer	?
Y7T	non-polymer	?
Y7U	non-polymer	?
Y7V	non-polymer	?
Y7W	non-polymer	?
Y7X	non-polymer	?
Y7Y	NON-POLYMER	?
Y7Z	non-polymer	?
Y80	NON-POLYMER	?
Y81	NON-POLYMER	?
Y82	non-polymer	?
Y83	NON-POLYMER	?
Y84	non-polymer	?
Y85	non-polymer	?
Y86	non-polymer	?
Y87	non-polymer	?
Y88	non-polymer	?
Y89	non-polymer	?
Y8A	non-polymer	?
Y8B	non-polymer	?
Y8C	non-polymer	?
Y8D	non-polymer	?
Y8E	non-polymer	?
Y8F	non-polymer	?
Y8G	non-polymer	?
Y8H	non-polymer	?
Y8I	NON-POLYMER	?
Y8J	non-polymer	?
Y8K	non-polymer	?
Y8L	non-polymer	?
Y8M	non-polymer	?
Y8N	non-polymer	?
Y8O	non-polymer	?
Y8P	non-polymer	?
Y8Q	non-polymer	?
Y8R	non-polymer	?
Y8S	non-polymer	?
Y8U	non-polymer	?
Y8V	non-polymer	?
Y8W	L-saccharide	?
Y8X	non-polymer	?
Y8Y	non-polymer	?
Y8Z	non-polymer	?
Y90	non-polymer	?
Y91	non-polymer	?
Y92	non-polymer	?
Y93	non-polymer	?
Y94	non-polymer	?
Y95	non-polymer	?
Y96	non-polymer	?
Y97	non-polymer	?
Y98	L-saccharide, beta linking	?
Y99	non-polymer	?
Y9A	non-polymer	?
Y9B	NON-POLYMER	?
Y9C	non-polymer	?
Y9D	non-polymer	?
Y9E	non-polymer	?
Y9F	non-polymer	?
Y9G	non-polymer	?
Y9H	non-polymer	?
Y9I	non-polymer	?
Y9J	non-polymer	?
Y9K	non-polymer	?
Y9L	non-polymer	?
Y9M	non-polymer	?
Y9N	non-polymer	?
Y9O	non-polymer	?
Y9P	non-polymer	?
Y9Q	non-polymer	?
Y9R	non-polymer	?
Y9S	non-polymer	?
Y9T	non-polymer	?
Y9V	non-polymer	?
Y9W	non-polymer	?
Y9X	non-polymer	?
Y9Y	non-polymer	?
Y9Z	NON-POLYMER	?
YA0	non-polymer	?
YA1	NON-POLYMER	?
YA2	NON-POLYMER	?
YA3	non-polymer	?
YA4	RNA linking	?
YA5	non-polymer	?
YA6	non-polymer	?
YA7	non-polymer	?
YA8	non-polymer	?
YA9	non-polymer	?
YAA	non-polymer	?
YAB	non-polymer	?
YAC	NON-POLYMER	?
YAD	non-polymer	?
YAE	non-polymer	?
YAF	non-polymer	?
YAG	non-polymer	?
YAI	non-polymer	?
YAJ	non-polymer	?
YAK	NON-POLYMER	?
YAL	non-polymer	?
YAM	NON-POLYMER	?
YAN	NON-POLYMER	?
YAO	non-polymer	?
YAP	NON-POLYMER	?
YAQ	non-polymer	?
YAR	non-polymer	?
YAS	NON-POLYMER	?
YAT	non-polymer	?
YAU	non-polymer	?
YAV	non-polymer	?
YAW	non-polymer	?
YAX	non-polymer	?
YAZ	NON-POLYMER	?
YB	NON-POLYMER	?
YB0	non-polymer	?
YB1	non-polymer	?
YB2	NON-POLYMER	?
YB3	non-polymer	?
YB4	non-polymer	?
YB5	non-polymer	?
YB6	non-polymer	?
YB7	non-polymer	?
YB9	non-polymer	?
YBA	non-polymer	?
YBB	non-polymer	?
YBC	non-polymer	?
YBD	non-polymer	?
YBE	non-polymer	?
YBF	non-polymer	?
YBG	non-polymer	?
YBH	NON-POLYMER	?
YBI	non-polymer	?
YBJ	non-polymer	?
YBK	non-polymer	?
YBL	non-polymer	?
YBM	non-polymer	?
YBN	NON-POLYMER	?
YBO	non-polymer	?
YBP	non-polymer	?
YBR	D-peptide linking	?
YBS	non-polymer	?
YBT	NON-POLYMER	?
YBU	non-polymer	?
YBV	non-polymer	?
YBX	non-polymer	?
YBY	NON-POLYMER	?
YBZ	non-polymer	?
YC0	non-polymer	?
YC1	non-polymer	?
YC2	NON-POLYMER	?
YC3	L-peptide linking	PHE
YC4	non-polymer	?
YC5	non-polymer	?
YC6	non-polymer	?
YC8	NON-POLYMER	?
YC9	non-polymer	?
YCB	non-polymer	?
YCC	non-polymer	?
YCD	non-polymer	?
YCE	non-polymer	?
YCF	NON-POLYMER	?
YCG	non-polymer	?
YCH	non-polymer	?
YCI	non-polymer	?
YCJ	non-polymer	?
YCK	non-polymer	?
YCL	NON-POLYMER	?
YCM	L-PEPTIDE LINKING	CYS
YCN	NON-POLYMER	?
YCO	DNA LINKING	DC
YCP	L-peptide linking	?
YCQ	non-polymer	?
YCR	non-polymer	?
YCS	non-polymer	?
YCT	non-polymer	?
YCU	non-polymer	?
YCV	non-polymer	?
YCW	non-polymer	?
YCX	non-polymer	?
YCY	non-polymer	?
YCZ	non-polymer	?
YD0	non-polymer	?
YD1	non-polymer	?
YD2	non-polymer	?
YD3	non-polymer	?
YD4	NON-POLYMER	?
YD5	L-peptide linking	?
YD6	non-polymer	?
YD7	non-polymer	?
YD8	non-polymer	?
YD9	non-polymer	?
YDA	non-polymer	?
YDB	non-polymer	?
YDD	non-polymer	?
YDE	non-polymer	?
YDF	non-polymer	?
YDG	non-polymer	?
YDH	non-polymer	?
YDI	non-polymer	?
YDJ	NON-POLYMER	?
YDK	non-polymer	?
YDL	non-polymer	?
YDM	non-polymer	?
YDN	non-polymer	?
YDO	non-polymer	?
YDP	NON-POLYMER	?
YDQ	non-polymer	?
YDR	saccharide	?
YDS	non-polymer	?
YDT	non-polymer	?
YDU	non-polymer	?
YDV	non-polymer	?
YDW	non-polymer	?
YDX	non-polymer	?
YDY	non-polymer	?
YDZ	NON-POLYMER	?
YE0	non-polymer	?
YE1	NON-POLYMER	?
YE2	NON-POLYMER	?
YE3	non-polymer	?
YE4	non-polymer	?
YE5	NON-POLYMER	?
YE6	NON-POLYMER	?
YE7	NON-POLYMER	?
YE9	non-polymer	?
YEA	non-polymer	?
YEB	non-polymer	?
YEC	non-polymer	?
YED	non-polymer	?
YEE	non-polymer	?
YEF	non-polymer	?
YEG	NON-POLYMER	?
YEH	non-polymer	?
YEI	non-polymer	?
YEJ	non-polymer	?
YEK	non-polymer	?
YEL	non-polymer	?
YEM	non-polymer	?
YEN	peptide-like	?
YEQ	non-polymer	?
YER	non-polymer	?
YES	NON-POLYMER	?
YET	NON-POLYMER	?
YEU	non-polymer	?
YEV	non-polymer	?
YEW	non-polymer	?
YEX	non-polymer	?
YEY	non-polymer	?
YEZ	non-polymer	?
YF0	non-polymer	?
YF1	NON-POLYMER	?
YF2	NON-POLYMER	?
YF3	NON-POLYMER	?
YF4	NON-POLYMER	?
YF5	peptide linking	YFZ
YF6	non-polymer	?
YF7	NON-POLYMER	?
YF8	non-polymer	?
YF9	non-polymer	?
YFA	non-polymer	?
YFB	non-polymer	?
YFC	non-polymer	?
YFD	non-polymer	?
YFE	non-polymer	?
YFF	NON-POLYMER	?
YFG	non-polymer	?
YFH	non-polymer	?
YFI	non-polymer	?
YFJ	non-polymer	?
YFK	non-polymer	?
YFL	non-polymer	?
YFM	non-polymer	?
YFN	non-polymer	?
YFO	non-polymer	?
YFP	non-polymer	?
YFQ	L-peptide linking	ALA
YFR	non-polymer	?
YFS	non-polymer	?
YFT	non-polymer	?
YFU	non-polymer	?
YFV	non-polymer	?
YFW	non-polymer	?
YFX	non-polymer	?
YFY	non-polymer	?
YFZ	peptide linking	?
YG	RNA LINKING	G
YG0	non-polymer	?
YG1	non-polymer	?
YG2	non-polymer	?
YG3	non-polymer	?
YG4	non-polymer	?
YG5	non-polymer	?
YG6	non-polymer	?
YG7	non-polymer	?
YG8	non-polymer	?
YG9	non-polymer	?
YGB	non-polymer	?
YGC	non-polymer	?
YGE	non-polymer	?
YGF	non-polymer	?
YGG	non-polymer	?
YGH	non-polymer	?
YGI	non-polymer	?
YGJ	non-polymer	?
YGK	non-polymer	?
YGL	non-polymer	?
YGM	non-polymer	?
YGO	non-polymer	?
YGP	NON-POLYMER	?
YGQ	non-polymer	?
YGR	non-polymer	?
YGS	non-polymer	?
YGT	non-polymer	?
YGU	non-polymer	?
YGV	non-polymer	?
YGW	non-polymer	?
YGX	non-polymer	?
YGY	non-polymer	?
YGZ	non-polymer	?
YH	NON-POLYMER	?
YH0	non-polymer	?
YH1	NON-POLYMER	?
YH2	NON-POLYMER	?
YH3	NON-POLYMER	?
YH4	NON-POLYMER	?
YH5	NON-POLYMER	?
YH6	NON-POLYMER	?
YH7	NON-POLYMER	?
YH8	non-polymer	?
YH9	non-polymer	?
YHA	L-peptide linking	LYS
YHB	non-polymer	?
YHC	non-polymer	?
YHD	non-polymer	?
YHE	non-polymer	?
YHF	non-polymer	?
YHG	non-polymer	?
YHH	non-polymer	?
YHI	non-polymer	?
YHJ	non-polymer	?
YHK	non-polymer	?
YHL	non-polymer	?
YHM	non-polymer	?
YHN	non-polymer	?
YHO	NON-POLYMER	?
YHP	non-polymer	?
YHQ	non-polymer	?
YHR	non-polymer	?
YHS	non-polymer	?
YHT	non-polymer	?
YHU	non-polymer	?
YHV	non-polymer	?
YHW	non-polymer	?
YHX	non-polymer	?
YHY	non-polymer	?
YHZ	non-polymer	?
YI0	non-polymer	?
YI1	NON-POLYMER	?
YI2	NON-POLYMER	?
YI3	NON-POLYMER	?
YI4	NON-POLYMER	?
YI5	NON-POLYMER	?
YI6	non-polymer	?
YI7	non-polymer	?
YI8	non-polymer	?
YI9	non-polymer	?
YIA	non-polymer	?
YIB	non-polymer	?
YIC	non-polymer	?
YID	non-polymer	?
YIE	non-polymer	?
YIF	non-polymer	?
YIG	non-polymer	?
YIH	non-polymer	?
YII	non-polymer	?
YIJ	non-polymer	?
YIK	non-polymer	?
YIL	non-polymer	?
YIN	NON-POLYMER	?
YIO	D-saccharide, beta linking	?
YIP	non-polymer	?
YIQ	non-polymer	?
YIR	NON-POLYMER	?
YIS	non-polymer	?
YIT	non-polymer	?
YIU	non-polymer	?
YIV	NON-POLYMER	?
YIW	non-polymer	?
YIX	non-polymer	?
YIY	NON-POLYMER	?
YIZ	non-polymer	?
YJ0	non-polymer	?
YJ1	non-polymer	?
YJ2	NON-POLYMER	?
YJ3	non-polymer	?
YJ4	non-polymer	?
YJ5	non-polymer	?
YJ6	non-polymer	?
YJ7	non-polymer	?
YJ8	NON-POLYMER	?
YJ9	NON-POLYMER	?
YJA	non-polymer	?
YJB	non-polymer	?
YJC	NON-POLYMER	?
YJD	NON-POLYMER	?
YJE	non-polymer	?
YJF	non-polymer	?
YJG	non-polymer	?
YJH	non-polymer	?
YJI	non-polymer	?
YJJ	non-polymer	?
YJK	non-polymer	?
YJM	D-saccharide, alpha linking	PA1
YJN	non-polymer	?
YJO	non-polymer	?
YJQ	non-polymer	?
YJR	non-polymer	?
YJS	non-polymer	?
YJT	non-polymer	?
YJU	non-polymer	?
YJV	non-polymer	?
YJW	NON-POLYMER	?
YJX	non-polymer	?
YJY	non-polymer	?
YJZ	non-polymer	?
YK0	non-polymer	?
YK1	non-polymer	?
YK2	non-polymer	?
YK3	non-polymer	?
YK4	non-polymer	?
YK5	non-polymer	?
YK6	non-polymer	?
YK7	non-polymer	?
YK8	non-polymer	?
YK9	NON-POLYMER	?
YKA	non-polymer	?
YKB	non-polymer	?
YKC	non-polymer	?
YKD	non-polymer	?
YKE	non-polymer	?
YKF	non-polymer	?
YKG	NON-POLYMER	?
YKH	non-polymer	?
YKI	NON-POLYMER	?
YKJ	non-polymer	?
YKK	non-polymer	?
YKL	non-polymer	?
YKM	non-polymer	?
YKN	non-polymer	?
YKO	non-polymer	?
YKP	non-polymer	?
YKQ	non-polymer	?
YKR	D-saccharide, alpha linking	PA1
YKS	non-polymer	?
YKT	non-polymer	?
YKU	non-polymer	?
YKV	non-polymer	?
YKW	non-polymer	?
YKX	non-polymer	?
YKY	non-polymer	?
YKZ	non-polymer	?
YL0	non-polymer	?
YL2	NON-POLYMER	?
YL3	NON-POLYMER	?
YL4	NON-POLYMER	?
YL5	NON-POLYMER	?
YL6	NON-POLYMER	?
YL7	non-polymer	?
YL8	non-polymer	?
YL9	non-polymer	?
YLA	NON-POLYMER	?
YLB	NON-POLYMER	?
YLC	NON-POLYMER	?
YLD	non-polymer	?
YLE	non-polymer	?
YLF	non-polymer	?
YLG	non-polymer	?
YLH	non-polymer	?
YLI	non-polymer	?
YLJ	non-polymer	?
YLK	non-polymer	?
YLL	NON-POLYMER	?
YLM	non-polymer	?
YLN	non-polymer	?
YLO	NON-POLYMER	?
YLP	NON-POLYMER	?
YLQ	NON-POLYMER	?
YLR	non-polymer	?
YLS	non-polymer	?
YLT	non-polymer	?
YLU	non-polymer	?
YLV	non-polymer	?
YLW	non-polymer	?
YLX	non-polymer	?
YLY	NON-POLYMER	?
YLZ	non-polymer	?
YM0	non-polymer	?
YM1	non-polymer	?
YM2	non-polymer	?
YM3	non-polymer	?
YM4	non-polymer	?
YM5	NON-POLYMER	?
YM6	NON-POLYMER	?
YM7	non-polymer	?
YM8	NON-POLYMER	?
YM9	non-polymer	?
YMA	NON-POLYMER	?
YMB	non-polymer	?
YMC	non-polymer	?
YMD	non-polymer	?
YME	non-polymer	?
YMF	non-polymer	?
YMG	non-polymer	?
YMH	non-polymer	?
YMI	non-polymer	?
YMJ	non-polymer	?
YMK	non-polymer	?
YML	NON-POLYMER	?
YMM	non-polymer	?
YMN	non-polymer	?
YMO	non-polymer	?
YMP	NON-POLYMER	?
YMQ	non-polymer	?
YMR	non-polymer	?
YMS	non-polymer	?
YMT	non-polymer	?
YMU	non-polymer	?
YMV	non-polymer	?
YMW	non-polymer	?
YMX	NON-POLYMER	?
YMY	non-polymer	?
YMZ	NON-POLYMER	?
YN0	non-polymer	?
YN1	non-polymer	?
YN2	non-polymer	?
YN3	non-polymer	?
YN4	non-polymer	?
YN5	non-polymer	?
YN6	non-polymer	?
YN7	non-polymer	?
YN8	non-polymer	?
YN9	non-polymer	?
YNA	non-polymer	?
YNB	non-polymer	?
YNC	non-polymer	?
YND	non-polymer	?
YNE	non-polymer	?
YNF	non-polymer	?
YNG	non-polymer	?
YNH	non-polymer	?
YNI	non-polymer	?
YNJ	non-polymer	?
YNK	non-polymer	?
YNL	non-polymer	?
YNM	L-PEPTIDE LINKING	TYR
YNN	non-polymer	?
YNO	non-polymer	?
YNP	non-polymer	?
YNQ	non-polymer	?
YNR	non-polymer	?
YNS	non-polymer	?
YNT	non-polymer	?
YNU	NON-POLYMER	?
YNV	non-polymer	?
YNW	non-polymer	?
YNX	non-polymer	?
YNY	non-polymer	?
YNZ	non-polymer	?
YO0	non-polymer	?
YO1	non-polymer	?
YO2	non-polymer	?
YO3	non-polymer	?
YO4	non-polymer	?
YO5	D-saccharide	?
YO6	non-polymer	?
YO7	non-polymer	?
YO8	non-polymer	?
YO9	non-polymer	?
YOA	non-polymer	?
YOB	non-polymer	?
YOC	non-polymer	?
YOD	non-polymer	?
YOE	non-polymer	?
YOF	L-PEPTIDE LINKING	TYR
YOG	non-polymer	?
YOH	non-polymer	?
YOI	non-polymer	?
YOJ	non-polymer	?
YOK	NON-POLYMER	?
YOL	NON-POLYMER	?
YOM	NON-POLYMER	?
YOO	non-polymer	?
YOP	non-polymer	?
YOQ	non-polymer	?
YOR	non-polymer	?
YOS	non-polymer	?
YOT	non-polymer	?
YOV	non-polymer	?
YOW	non-polymer	?
YOX	non-polymer	?
YOY	non-polymer	?
YOZ	non-polymer	?
YP0	non-polymer	?
YP1	non-polymer	?
YP2	non-polymer	?
YP3	non-polymer	?
YP4	non-polymer	?
YP5	non-polymer	?
YP6	NON-POLYMER	?
YP8	non-polymer	?
YP9	non-polymer	?
YPA	NON-POLYMER	?
YPB	non-polymer	?
YPC	non-polymer	?
YPD	non-polymer	?
YPE	NON-POLYMER	?
YPF	NON-POLYMER	?
YPG	NON-POLYMER	?
YPH	NON-POLYMER	?
YPI	non-polymer	?
YPK	non-polymer	?
YPL	non-polymer	?
YPM	non-polymer	?
YPN	non-polymer	?
YPO	non-polymer	?
YPP	NON-POLYMER	?
YPQ	non-polymer	?
YPR	L-PEPTIDE LINKING	PRO
YPS	non-polymer	?
YPT	NON-POLYMER	?
YPU	non-polymer	?
YPV	non-polymer	?
YPW	NON-POLYMER	?
YPZ	L-PEPTIDE LINKING	TYR
YQ0	non-polymer	?
YQ1	non-polymer	?
YQ2	non-polymer	?
YQ3	non-polymer	?
YQ4	non-polymer	?
YQ5	non-polymer	?
YQ7	non-polymer	?
YQ8	non-polymer	?
YQ9	non-polymer	?
YQA	NON-POLYMER	?
YQB	non-polymer	?
YQC	non-polymer	?
YQD	non-polymer	?
YQF	non-polymer	?
YQG	non-polymer	?
YQH	non-polymer	?
YQI	non-polymer	?
YQJ	non-polymer	?
YQK	non-polymer	?
YQL	non-polymer	?
YQM	non-polymer	?
YQN	non-polymer	?
YQO	non-polymer	?
YQP	non-polymer	?
YQQ	non-polymer	?
YQR	non-polymer	?
YQS	non-polymer	?
YQT	non-polymer	?
YQU	non-polymer	?
YQV	non-polymer	?
YQW	non-polymer	?
YQX	non-polymer	?
YQY	non-polymer	?
YQZ	non-polymer	?
YR0	non-polymer	?
YR1	NON-POLYMER	?
YR2	non-polymer	?
YR3	NON-POLYMER	?
YR4	NON-POLYMER	?
YR5	non-polymer	?
YR6	non-polymer	?
YR7	non-polymer	?
YR8	non-polymer	?
YR9	non-polymer	?
YRA	NON-POLYMER	?
YRB	non-polymer	?
YRC	non-polymer	?
YRD	non-polymer	?
YRE	non-polymer	?
YRF	non-polymer	?
YRG	NON-POLYMER	?
YRH	non-polymer	?
YRI	non-polymer	?
YRJ	non-polymer	?
YRK	non-polymer	?
YRL	NON-POLYMER	?
YRM	non-polymer	?
YRO	NON-POLYMER	?
YRP	non-polymer	?
YRQ	non-polymer	?
YRR	DNA LINKING	?
YRT	non-polymer	?
YRV	L-peptide linking	CYS
YRW	non-polymer	?
YRX	non-polymer	?
YRZ	NON-POLYMER	?
YS1	NON-POLYMER	?
YS2	NON-POLYMER	?
YS3	NON-POLYMER	?
YS4	NON-POLYMER	?
YS5	NON-POLYMER	?
YS6	non-polymer	?
YS7	non-polymer	?
YS8	non-polymer	?
YS9	NON-POLYMER	?
YSA	NON-POLYMER	?
YSB	non-polymer	?
YSC	NON-POLYMER	?
YSD	NON-POLYMER	?
YSE	NON-POLYMER	?
YSG	non-polymer	?
YSH	NON-POLYMER	?
YSI	non-polymer	?
YSJ	non-polymer	?
YSK	non-polymer	?
YSL	NON-POLYMER	?
YSM	non-polymer	?
YSO	non-polymer	?
YSP	non-polymer	?
YSQ	non-polymer	?
YSR	non-polymer	?
YSS	non-polymer	?
YSU	NON-POLYMER	?
YSV	NON-POLYMER	?
YSW	non-polymer	?
YSX	non-polymer	?
YSY	non-polymer	?
YT0	non-polymer	?
YT1	non-polymer	?
YT2	non-polymer	?
YT3	NON-POLYMER	?
YT4	NON-POLYMER	?
YT5	non-polymer	?
YT7	non-polymer	?
YT8	non-polymer	?
YT9	non-polymer	?
YTA	NON-POLYMER	?
YTB	NON-POLYMER	?
YTC	non-polymer	?
YTD	non-polymer	?
YTF	L-peptide COOH carboxy terminus	GLN
YTG	non-polymer	?
YTH	L-peptide linking	THR
YTI	non-polymer	?
YTJ	non-polymer	?
YTL	L-peptide linking	TYR
YTM	non-polymer	?
YTN	non-polymer	?
YTO	non-polymer	?
YTP	NON-POLYMER	?
YTR	NON-POLYMER	?
YTS	non-polymer	?
YTT	NON-POLYMER	?
YTU	non-polymer	?
YTV	non-polymer	?
YTW	NON-POLYMER	?
YTX	NON-POLYMER	?
YTY	non-polymer	?
YTZ	NON-POLYMER	?
YU0	non-polymer	?
YU2	non-polymer	?
YU3	non-polymer	?
YU4	non-polymer	?
YU6	non-polymer	?
YU7	non-polymer	?
YU8	non-polymer	?
YUA	non-polymer	?
YUB	non-polymer	?
YUC	non-polymer	?
YUD	non-polymer	?
YUF	non-polymer	?
YUG	NON-POLYMER	?
YUH	non-polymer	?
YUI	NON-POLYMER	?
YUJ	non-polymer	?
YUK	NON-POLYMER	?
YUM	non-polymer	?
YUN	NON-POLYMER	?
YUO	non-polymer	?
YUP	non-polymer	?
YUQ	non-polymer	?
YUS	non-polymer	?
YUT	non-polymer	?
YUU	non-polymer	?
YUV	non-polymer	?
YUX	non-polymer	?
YUY	non-polymer	?
YUZ	non-polymer	?
YV1	non-polymer	?
YV2	non-polymer	?
YV3	non-polymer	?
YV4	non-polymer	?
YV6	non-polymer	?
YV7	non-polymer	?
YV8	non-polymer	?
YVA	non-polymer	?
YVB	non-polymer	?
YVC	non-polymer	?
YVD	non-polymer	?
YVF	non-polymer	?
YVG	non-polymer	?
YVH	non-polymer	?
YVI	NON-POLYMER	?
YVJ	non-polymer	?
YVK	non-polymer	?
YVM	non-polymer	?
YVN	NON-POLYMER	?
YVO	non-polymer	?
YVP	non-polymer	?
YVQ	non-polymer	?
YVR	NON-POLYMER	?
YVS	non-polymer	?
YVU	non-polymer	?
YVV	non-polymer	?
YVW	non-polymer	?
YVY	non-polymer	?
YVZ	non-polymer	?
YW0	non-polymer	?
YW1	non-polymer	?
YW2	NON-POLYMER	?
YW4	non-polymer	?
YW5	non-polymer	?
YW6	non-polymer	?
YW7	non-polymer	?
YW9	non-polymer	?
YWA	non-polymer	?
YWD	non-polymer	?
YWE	non-polymer	?
YWF	peptide linking	ABU
YWG	non-polymer	?
YWI	non-polymer	?
YWJ	non-polymer	?
YWK	non-polymer	?
YWM	non-polymer	?
YWN	non-polymer	?
YWO	NON-POLYMER	?
YWP	non-polymer	?
YWQ	RNA linking	?
YWR	non-polymer	?
YWS	non-polymer	?
YWV	non-polymer	?
YWX	non-polymer	?
YWY	non-polymer	?
YWZ	NON-POLYMER	?
YX0	L-saccharide	FUC
YX1	D-saccharide	?
YX2	non-polymer	?
YX4	non-polymer	?
YX5	non-polymer	?
YX6	non-polymer	?
YX7	non-polymer	?
YX9	non-polymer	?
YXA	non-polymer	?
YXB	non-polymer	?
YXD	non-polymer	?
YXF	non-polymer	?
YXG	non-polymer	?
YXH	non-polymer	?
YXJ	non-polymer	?
YXK	non-polymer	?
YXM	non-polymer	?
YXN	non-polymer	?
YXO	non-polymer	?
YXP	non-polymer	?
YXR	NON-POLYMER	?
YXS	NON-POLYMER	?
YXT	non-polymer	?
YXU	non-polymer	?
YXW	non-polymer	?
YXX	NON-POLYMER	?
YXY	non-polymer	?
YXZ	NON-POLYMER	?
YY1	NON-POLYMER	?
YY2	NON-POLYMER	?
YY3	NON-POLYMER	?
YY4	NON-POLYMER	?
YY5	NON-POLYMER	?
YY6	NON-POLYMER	?
YY7	NON-POLYMER	?
YY9	NON-POLYMER	?
YYA	L-PEPTIDE LINKING	?
YYB	D-saccharide	?
YYC	non-polymer	?
YYD	D-saccharide	?
YYG	RNA LINKING	G
YYH	D-saccharide, alpha linking	MAN
YYI	non-polymer	?
YYJ	D-saccharide, beta linking	FRU
YYK	D-saccharide, beta linking	?
YYM	D-saccharide, alpha linking	?
YYQ	L-saccharide, alpha linking	?
YYR	SACCHARIDE	?
YYY	NON-POLYMER	?
YYZ	NON-POLYMER	?
YZ0	D-saccharide	BMA
YZ6	NON-POLYMER	?
YZ9	NON-POLYMER	?
YZE	NON-POLYMER	?
YZI	non-polymer	?
YZK	non-polymer	?
YZM	NON-POLYMER	?
YZS	NON-POLYMER	?
YZT	SACCHARIDE	?
YZV	non-polymer	?
YZY	NON-POLYMER	?
Z	DNA LINKING	DC
Z00	non-polymer	?
Z01	L-PEPTIDE LINKING	ALA
Z02	NON-POLYMER	?
Z04	NON-POLYMER	?
Z06	non-polymer	?
Z07	non-polymer	?
Z0A	NON-POLYMER	?
Z0B	non-polymer	?
Z0F	L-saccharide, alpha linking	?
Z0I	non-polymer	?
Z0M	non-polymer	?
Z0O	non-polymer	?
Z0P	NON-POLYMER	?
Z0W	non-polymer	?
Z10	non-polymer	?
Z12	NON-POLYMER	?
Z13	NON-POLYMER	?
Z14	NON-POLYMER	?
Z15	D-saccharide	?
Z16	D-saccharide	?
Z17	NON-POLYMER	?
Z18	NON-POLYMER	?
Z19	NON-POLYMER	?
Z1B	NON-POLYMER	?
Z1E	NON-POLYMER	?
Z1I	non-polymer	?
Z1L	non-polymer	?
Z1T	NON-POLYMER	?
Z1Z	non-polymer	?
Z20	NON-POLYMER	?
Z21	non-polymer	?
Z22	NON-POLYMER	?
Z23	NON-POLYMER	?
Z24	NON-POLYMER	?
Z25	NON-POLYMER	?
Z26	non-polymer	?
Z27	NON-POLYMER	?
Z2C	non-polymer	?
Z2D	L-saccharide, alpha linking	?
Z2F	non-polymer	?
Z2M	NON-POLYMER	?
Z2O	non-polymer	?
Z2T	D-saccharide	?
Z2V	non-polymer	?
Z2Z	non-polymer	?
Z30	NON-POLYMER	?
Z31	NON-POLYMER	?
Z34	NON-POLYMER	?
Z3A	NON-POLYMER	?
Z3D	non-polymer	?
Z3E	L-peptide linking	THR
Z3F	non-polymer	?
Z3H	non-polymer	?
Z3J	non-polymer	?
Z3K	D-saccharide	?
Z3L	D-saccharide, beta linking	GAL
Z3N	non-polymer	?
Z3O	non-polymer	?
Z3P	NON-POLYMER	?
Z3Q	D-saccharide	NAG
Z3R	non-polymer	?
Z3U	D-saccharide, beta linking	?
Z3V	non-polymer	?
Z41	NON-POLYMER	?
Z46	NON-POLYMER	?
Z47	non-polymer	?
Z48	NON-POLYMER	?
Z4I	non-polymer	?
Z4K	D-saccharide, alpha linking	GLC
Z4R	D-saccharide	?
Z4S	D-saccharide	?
Z4U	D-saccharide	?
Z4V	L-saccharide, beta linking	?
Z4W	D-saccharide, beta linking	?
Z4X	non-polymer	?
Z4Y	D-saccharide, alpha linking	?
Z50	PEPTIDE LINKING	?
Z53	non-polymer	?
Z57	D-saccharide	?
Z59	NON-POLYMER	?
Z5A	NON-POLYMER	?
Z5C	non-polymer	?
Z5D	non-polymer	?
Z5G	non-polymer	?
Z5H	non-polymer	?
Z5I	non-polymer	?
Z5J	L-saccharide, beta linking	?
Z5K	non-polymer	?
Z5L	D-saccharide	?
Z5P	non-polymer	?
Z5X	non-polymer	?
Z5Y	non-polymer	?
Z5Z	non-polymer	?
Z60	NON-POLYMER	?
Z61	D-saccharide, alpha linking	?
Z62	NON-POLYMER	?
Z63	NON-POLYMER	?
Z64	NON-POLYMER	?
Z67	NON-POLYMER	?
Z68	NON-POLYMER	?
Z69	NON-POLYMER	?
Z6F	non-polymer	?
Z6G	SACCHARIDE	?
Z6H	L-saccharide, alpha linking	?
Z6I	non-polymer	?
Z6J	L-saccharide, alpha linking	?
Z6P	non-polymer	?
Z6V	non-polymer	?
Z6W	D-saccharide, beta linking	?
Z6X	NON-POLYMER	?
Z70	L-peptide linking	HIS
Z71	NON-POLYMER	?
Z72	NON-POLYMER	?
Z73	NON-POLYMER	?
Z74	NON-POLYMER	?
Z75	NON-POLYMER	?
Z76	NON-POLYMER	?
Z77	NON-POLYMER	?
Z78	NON-POLYMER	?
Z79	NON-POLYMER	?
Z7B	NON-POLYMER	?
Z7D	non-polymer	?
Z7F	non-polymer	?
Z7G	non-polymer	?
Z7H	non-polymer	?
Z7I	non-polymer	?
Z7N	non-polymer	?
Z7P	non-polymer	?
Z7S	non-polymer	?
Z7T	non-polymer	?
Z7Z	NON-POLYMER	?
Z80	NON-POLYMER	?
Z81	NON-POLYMER	?
Z82	NON-POLYMER	?
Z83	NON-POLYMER	?
Z84	NON-POLYMER	?
Z85	NON-POLYMER	?
Z86	NON-POLYMER	?
Z87	NON-POLYMER	?
Z88	NON-POLYMER	?
Z89	NON-POLYMER	?
Z8A	NON-POLYMER	?
Z8B	NON-POLYMER	?
Z8G	non-polymer	?
Z8H	L-saccharide, beta linking	?
Z8I	non-polymer	?
Z8O	non-polymer	?
Z8R	NON-POLYMER	?
Z8T	L-saccharide, beta linking	?
Z8V	non-polymer	?
Z8Z	NON-POLYMER	?
Z90	NON-POLYMER	?
Z92	NON-POLYMER	?
Z93	NON-POLYMER	?
Z94	NON-POLYMER	?
Z96	NON-POLYMER	?
Z97	NON-POLYMER	?
Z98	NON-POLYMER	?
Z99	NON-POLYMER	?
Z9A	non-polymer	?
Z9D	D-saccharide, beta linking	?
Z9E	D-saccharide, alpha linking	?
Z9G	non-polymer	?
Z9H	D-saccharide, alpha linking	GLC
Z9I	non-polymer	?
Z9J	PEPTIDE LINKING	?
Z9K	L-saccharide, alpha linking	Z0F
Z9L	D-saccharide	GLC
Z9M	D-saccharide, beta linking	GCS
Z9N	D-saccharide, alpha linking	?
Z9W	D-saccharide, beta linking	?
Z9Z	NON-POLYMER	?
ZA2	non-polymer	?
ZA3	non-polymer	?
ZA4	non-polymer	?
ZA5	non-polymer	?
ZA6	non-polymer	?
ZA9	non-polymer	?
ZAA	NON-POLYMER	?
ZAB	NON-POLYMER	?
ZAD	RNA LINKING	A
ZAE	D-PEPTIDE LINKING	?
ZAF	NON-POLYMER	?
ZAH	NON-POLYMER	?
ZAI	peptide linking	LYS
ZAL	D-peptide linking	?
ZAM	NON-POLYMER	?
ZAN	NON-POLYMER	?
ZAP	NON-POLYMER	?
ZAR	NON-POLYMER	?
ZAS	NON-POLYMER	?
ZAT	non-polymer	?
ZAW	NON-POLYMER	?
ZAZ	NON-POLYMER	?
ZB0	D-saccharide, alpha linking	GLC
ZB1	D-saccharide, alpha linking	GLC
ZB2	D-saccharide, alpha linking	GLC
ZB3	D-saccharide, alpha linking	GLC
ZB4	non-polymer	?
ZB6	NON-POLYMER	?
ZB9	non-polymer	?
ZBA	NON-POLYMER	?
ZBC	RNA LINKING	C
ZBD	NON-POLYMER	?
ZBF	NON-POLYMER	?
ZBH	non-polymer	?
ZBL	non-polymer	?
ZBR	NON-POLYMER	?
ZBS	NON-POLYMER	?
ZBT	NON-POLYMER	?
ZBU	RNA LINKING	U
ZBX	non-polymer	?
ZBZ	L-peptide linking	CYS
ZC0	non-polymer	?
ZC3	non-polymer	?
ZC9	non-polymer	?
ZCD	D-saccharide, alpha linking	?
ZCF	non-polymer	?
ZCI	non-polymer	?
ZCL	L-peptide linking	PHE
ZCM	NON-POLYMER	?
ZCQ	NON-POLYMER	?
ZCT	NON-POLYMER	?
ZCW	NON-POLYMER	?
ZCY	RNA LINKING	C
ZCZ	D-saccharide, alpha linking	?
ZD0	D-saccharide	?
ZD1	non-polymer	?
ZD2	NON-POLYMER	?
ZD3	non-polymer	?
ZD4	non-polymer	?
ZD5	non-polymer	?
ZD6	NON-POLYMER	?
ZD7	NON-POLYMER	?
ZD9	NON-POLYMER	?
ZDA	NON-POLYMER	?
ZDC	D-saccharide	?
ZDF	non-polymer	?
ZDG	NON-POLYMER	?
ZDJ	L-peptide linking	TYR
ZDK	non-polymer	?
ZDL	non-polymer	?
ZDM	SACCHARIDE	?
ZDO	D-saccharide	PA1
ZDP	NON-POLYMER	?
ZDR	NON-POLYMER	?
ZDU	DNA LINKING	DU
ZDV	NON-POLYMER	?
ZE0	NON-POLYMER	?
ZE2	non-polymer	?
ZE7	NON-POLYMER	?
ZE8	NON-POLYMER	?
ZE9	non-polymer	?
ZEA	NON-POLYMER	?
ZEB	NON-POLYMER	?
ZEC	NON-POLYMER	?
ZED	NON-POLYMER	?
ZEE	L-saccharide, beta linking	?
ZEG	non-polymer	?
ZEI	non-polymer	?
ZEK	non-polymer	?
ZEL	D-saccharide	?
ZEM	NON-POLYMER	?
ZEN	NON-POLYMER	?
ZEP	non-polymer	?
ZER	NON-POLYMER	?
ZES	NON-POLYMER	?
ZEU	NON-POLYMER	?
ZEV	non-polymer	?
ZEX	NON-POLYMER	?
ZEZ	NON-POLYMER	?
ZF0	NON-POLYMER	?
ZF1	NON-POLYMER	?
ZF7	non-polymer	?
ZF9	RNA linking	?
ZFB	L-PEPTIDE LINKING	?
ZFC	NON-POLYMER	?
ZFG	non-polymer	?
ZFI	non-polymer	?
ZFJ	non-polymer	?
ZFP	non-polymer	?
ZFR	NON-POLYMER	?
ZFS	non-polymer	?
ZFW	non-polymer	?
ZFY	non-polymer	?
ZG0	non-polymer	?
ZG1	NON-POLYMER	?
ZG2	NON-POLYMER	?
ZG4	non-polymer	?
ZG5	non-polymer	?
ZG6	non-polymer	?
ZG7	non-polymer	?
ZG9	non-polymer	?
ZGA	NON-POLYMER	?
ZGB	NON-POLYMER	?
ZGC	NON-POLYMER	?
ZGD	non-polymer	?
ZGE	D-saccharide	?
ZGF	non-polymer	?
ZGG	non-polymer	?
ZGI	non-polymer	?
ZGJ	non-polymer	?
ZGK	non-polymer	?
ZGL	D-peptide linking	?
ZGM	non-polymer	?
ZGO	non-polymer	?
ZGP	NON-POLYMER	?
ZGQ	non-polymer	?
ZGR	NON-POLYMER	?
ZGS	non-polymer	?
ZGU	RNA LINKING	G
ZGV	non-polymer	?
ZGW	non-polymer	?
ZGX	non-polymer	?
ZGY	non-polymer	?
ZH0	non-polymer	?
ZH1	NON-POLYMER	?
ZH2	NON-POLYMER	?
ZH3	NON-POLYMER	?
ZH4	NON-POLYMER	?
ZH5	non-polymer	?
ZH7	non-polymer	?
ZH8	non-polymer	?
ZHA	NON-POLYMER	?
ZHB	NON-POLYMER	?
ZHD	non-polymer	?
ZHE	non-polymer	?
ZHF	non-polymer	?
ZHG	non-polymer	?
ZHH	NON-POLYMER	?
ZHJ	non-polymer	?
ZHK	NON-POLYMER	?
ZHL	non-polymer	?
ZHM	non-polymer	?
ZHN	NON-POLYMER	?
ZHO	non-polymer	?
ZHP	RNA LINKING	?
ZHR	non-polymer	?
ZHS	non-polymer	?
ZHT	non-polymer	?
ZHU	non-polymer	?
ZHV	non-polymer	?
ZHW	non-polymer	?
ZHX	non-polymer	?
ZHY	non-polymer	?
ZHZ	NON-POLYMER	?
ZI0	L-PEPTIDE LINKING	PRO
ZI1	NON-POLYMER	?
ZI2	non-polymer	?
ZI3	non-polymer	?
ZI5	non-polymer	?
ZI6	NON-POLYMER	?
ZI7	NON-POLYMER	?
ZI8	non-polymer	?
ZI9	non-polymer	?
ZIA	non-polymer	?
ZIB	non-polymer	?
ZID	NON-POLYMER	?
ZIE	non-polymer	?
ZIF	non-polymer	?
ZIG	NON-POLYMER	?
ZIL	NON-POLYMER	?
ZIM	non-polymer	?
ZIN	NON-POLYMER	?
ZIO	NON-POLYMER	?
ZIP	NON-POLYMER	?
ZIQ	L-peptide linking	TRP
ZIR	NON-POLYMER	?
ZIS	non-polymer	?
ZIT	NON-POLYMER	?
ZIV	non-polymer	?
ZIW	non-polymer	?
ZIY	non-polymer	?
ZIZ	non-polymer	?
ZJ0	NON-POLYMER	?
ZJ1	non-polymer	?
ZJ2	non-polymer	?
ZJ3	non-polymer	?
ZJ4	non-polymer	?
ZJ5	non-polymer	?
ZJ7	non-polymer	?
ZJ8	non-polymer	?
ZJ9	non-polymer	?
ZJA	non-polymer	?
ZJB	NON-POLYMER	?
ZJD	non-polymer	?
ZJE	non-polymer	?
ZJF	non-polymer	?
ZJG	non-polymer	?
ZJI	non-polymer	?
ZJJ	non-polymer	?
ZJK	non-polymer	?
ZJM	non-polymer	?
ZJN	non-polymer	?
ZJO	non-polymer	?
ZJP	non-polymer	?
ZJR	non-polymer	?
ZJS	non-polymer	?
ZJT	non-polymer	?
ZJU	L-PEPTIDE LINKING	ASP
ZJV	non-polymer	?
ZJW	non-polymer	?
ZJX	non-polymer	?
ZJY	non-polymer	?
ZJZ	non-polymer	?
ZK0	non-polymer	?
ZK1	NON-POLYMER	?
ZK2	non-polymer	?
ZK4	non-polymer	?
ZK5	NON-POLYMER	?
ZK6	non-polymer	?
ZK7	non-polymer	?
ZK8	non-polymer	?
ZK9	NON-POLYMER	?
ZKA	non-polymer	?
ZKC	non-polymer	?
ZKD	NON-POLYMER	?
ZKE	non-polymer	?
ZKG	NON-POLYMER	?
ZKH	non-polymer	?
ZKI	non-polymer	?
ZKJ	non-polymer	?
ZKK	non-polymer	?
ZKL	non-polymer	?
ZKM	non-polymer	?
ZKO	L-PEPTIDE LINKING	GLN
ZKP	non-polymer	?
ZKQ	non-polymer	?
ZKR	non-polymer	?
ZKS	non-polymer	?
ZKU	non-polymer	?
ZKV	non-polymer	?
ZKW	NON-POLYMER	?
ZKZ	non-polymer	?
ZL1	non-polymer	?
ZL3	non-polymer	?
ZL4	non-polymer	?
ZL5	non-polymer	?
ZL6	non-polymer	?
ZL7	non-polymer	?
ZL8	non-polymer	?
ZL9	non-polymer	?
ZLA	non-polymer	?
ZLC	non-polymer	?
ZLD	NON-POLYMER	?
ZLE	non-polymer	?
ZLF	L-PEPTIDE LINKING	CYS
ZLG	non-polymer	?
ZLH	non-polymer	?
ZLI	non-polymer	?
ZLJ	non-polymer	?
ZLK	NON-POLYMER	?
ZLL	non-polymer	?
ZLM	non-polymer	?
ZLO	non-polymer	?
ZLP	NON-POLYMER	?
ZLS	non-polymer	?
ZLT	non-polymer	?
ZLV	non-polymer	?
ZLW	non-polymer	?
ZLX	non-polymer	?
ZLY	non-polymer	?
ZM0	non-polymer	?
ZM1	non-polymer	?
ZM2	non-polymer	?
ZM3	NON-POLYMER	?
ZM4	non-polymer	?
ZM5	NON-POLYMER	?
ZM6	non-polymer	?
ZM7	non-polymer	?
ZM8	non-polymer	?
ZMA	NON-POLYMER	?
ZMB	non-polymer	?
ZMC	non-polymer	?
ZMD	non-polymer	?
ZME	NON-POLYMER	?
ZMG	NON-POLYMER	?
ZMH	non-polymer	?
ZMI	non-polymer	?
ZMJ	non-polymer	?
ZMK	NON-POLYMER	?
ZMM	non-polymer	?
ZMN	non-polymer	?
ZMO	NON-POLYMER	?
ZMP	NON-POLYMER	?
ZMQ	NON-POLYMER	?
ZMR	D-saccharide	?
ZMS	non-polymer	?
ZMT	non-polymer	?
ZMV	non-polymer	?
ZMW	non-polymer	?
ZMX	non-polymer	?
ZMY	non-polymer	?
ZN	NON-POLYMER	?
ZN0	NON-POLYMER	?
ZN1	non-polymer	?
ZN2	NON-POLYMER	?
ZN3	NON-POLYMER	?
ZN4	non-polymer	?
ZN5	NON-POLYMER	?
ZN6	NON-POLYMER	?
ZN7	NON-POLYMER	?
ZN8	NON-POLYMER	?
ZN9	NON-POLYMER	?
ZNA	NON-POLYMER	?
ZNB	NON-POLYMER	?
ZNC	non-polymer	?
ZND	NON-POLYMER	?
ZNE	NON-POLYMER	?
ZNF	non-polymer	?
ZNG	non-polymer	?
ZNH	NON-POLYMER	?
ZNI	non-polymer	?
ZNJ	non-polymer	?
ZNL	non-polymer	?
ZNM	non-polymer	?
ZNN	NON-POLYMER	?
ZNO	NON-POLYMER	?
ZNP	NON-POLYMER	?
ZNQ	non-polymer	?
ZNS	non-polymer	?
ZNT	non-polymer	?
ZNU	non-polymer	?
ZNV	non-polymer	?
ZNX	non-polymer	?
ZNY	L-peptide linking	?
ZNZ	non-polymer	?
ZO0	non-polymer	?
ZO1	non-polymer	?
ZO3	NON-POLYMER	?
ZO4	non-polymer	?
ZO5	non-polymer	?
ZO6	non-polymer	?
ZO7	non-polymer	?
ZO8	non-polymer	?
ZO9	NON-POLYMER	?
ZOA	non-polymer	?
ZOB	non-polymer	?
ZOD	NON-POLYMER	?
ZOE	NON-POLYMER	?
ZOF	NON-POLYMER	?
ZOG	non-polymer	?
ZOH	non-polymer	?
ZOI	non-polymer	?
ZOK	non-polymer	?
ZOL	NON-POLYMER	?
ZOM	NON-POLYMER	?
ZON	NON-POLYMER	?
ZOO	NON-POLYMER	?
ZOP	NON-POLYMER	?
ZOQ	non-polymer	?
ZOT	NON-POLYMER	?
ZOU	non-polymer	?
ZOV	non-polymer	?
ZOW	non-polymer	?
ZOY	non-polymer	?
ZOZ	non-polymer	?
ZP0	non-polymer	?
ZP1	NON-POLYMER	?
ZP2	non-polymer	?
ZP4	NON-POLYMER	?
ZP5	non-polymer	?
ZP6	non-polymer	?
ZP7	non-polymer	?
ZP8	non-polymer	?
ZPA	NON-POLYMER	?
ZPB	non-polymer	?
ZPC	NON-POLYMER	?
ZPD	non-polymer	?
ZPE	NON-POLYMER	?
ZPF	NON-POLYMER	?
ZPG	NON-POLYMER	?
ZPH	peptide-like	?
ZPI	non-polymer	?
ZPJ	non-polymer	?
ZPL	non-polymer	?
ZPM	non-polymer	?
ZPN	NON-POLYMER	?
ZPO	peptide-like	PRO
ZPQ	NON-POLYMER	?
ZPR	PEPTIDE-LIKE	?
ZPS	non-polymer	?
ZPT	NON-POLYMER	?
ZPU	non-polymer	?
ZPV	non-polymer	?
ZPX	NON-POLYMER	?
ZPY	NON-POLYMER	?
ZPZ	NON-POLYMER	?
ZQ0	non-polymer	?
ZQ1	non-polymer	?
ZQ2	non-polymer	?
ZQ4	non-polymer	?
ZQ5	non-polymer	?
ZQ6	non-polymer	?
ZQ7	non-polymer	?
ZQ9	non-polymer	?
ZQA	non-polymer	?
ZQB	non-polymer	?
ZQC	NON-POLYMER	?
ZQD	non-polymer	?
ZQF	non-polymer	?
ZQG	non-polymer	?
ZQH	non-polymer	?
ZQJ	non-polymer	?
ZQK	non-polymer	?
ZQM	non-polymer	?
ZQN	L-PEPTIDE LINKING	VAL
ZQQ	non-polymer	?
ZQS	non-polymer	?
ZQT	non-polymer	?
ZQU	NON-POLYMER	?
ZQV	non-polymer	?
ZQW	non-polymer	?
ZQY	non-polymer	?
ZQZ	non-polymer	?
ZR	NON-POLYMER	?
ZR0	non-polymer	?
ZR1	non-polymer	?
ZR2	non-polymer	?
ZR3	non-polymer	?
ZR4	non-polymer	?
ZR5	non-polymer	?
ZR6	non-polymer	?
ZR7	non-polymer	?
ZR9	non-polymer	?
ZRA	peptide-like	?
ZRC	NON-POLYMER	?
ZRD	non-polymer	?
ZRE	non-polymer	?
ZRF	L-PEPTIDE LINKING	ALA, SER, GLY
ZRG	peptide-like	?
ZRH	non-polymer	?
ZRI	non-polymer	?
ZRJ	L-PEPTIDE LINKING	?
ZRK	non-polymer	?
ZRL	NON-POLYMER	?
ZRM	NON-POLYMER	?
ZRN	non-polymer	?
ZRO	NON-POLYMER	?
ZRP	non-polymer	?
ZRR	non-polymer	?
ZRS	non-polymer	?
ZRT	non-polymer	?
ZRU	non-polymer	?
ZRV	non-polymer	?
ZRW	NON-POLYMER	?
ZRY	non-polymer	?
ZRZ	non-polymer	?
ZS0	NON-POLYMER	?
ZS1	non-polymer	?
ZS2	NON-POLYMER	?
ZS3	non-polymer	?
ZS4	non-polymer	?
ZS5	non-polymer	?
ZS7	non-polymer	?
ZS8	NON-POLYMER	?
ZS9	non-polymer	?
ZSA	non-polymer	?
ZSB	non-polymer	?
ZSC	NON-POLYMER	?
ZSD	non-polymer	?
ZSF	non-polymer	?
ZSG	non-polymer	?
ZSI	non-polymer	?
ZSJ	non-polymer	?
ZSL	non-polymer	?
ZSM	non-polymer	?
ZSN	peptide-like	?
ZSO	NON-POLYMER	?
ZSP	NON-POLYMER	?
ZSS	non-polymer	?
ZST	NON-POLYMER	?
ZSV	non-polymer	?
ZSW	non-polymer	?
ZSX	D-peptide linking	GLY
ZSY	non-polymer	?
ZT0	non-polymer	?
ZT1	non-polymer	LYS
ZT2	non-polymer	?
ZT3	non-polymer	?
ZT4	non-polymer	?
ZT6	L-peptide linking	TYR
ZT7	non-polymer	?
ZT9	D-peptide linking	?
ZTA	non-polymer	?
ZTC	D-peptide linking	?
ZTD	NON-POLYMER	?
ZTE	non-polymer	?
ZTG	D-peptide linking	?
ZTH	NON-POLYMER	?
ZTI	non-polymer	?
ZTK	L-peptide linking	ALA
ZTL	non-polymer	?
ZTM	NON-POLYMER	?
ZTN	NON-POLYMER	?
ZTO	non-polymer	?
ZTP	NON-POLYMER	?
ZTQ	non-polymer	?
ZTR	non-polymer	?
ZTS	non-polymer	?
ZTT	non-polymer	?
ZTV	non-polymer	?
ZTW	NON-POLYMER	?
ZTX	NON-POLYMER	?
ZTY	non-polymer	?
ZU0	L-PEPTIDE LINKING	THR
ZU3	peptide-like	?
ZU4	non-polymer	?
ZU5	peptide-like	?
ZU6	non-polymer	?
ZU7	non-polymer	?
ZU9	non-polymer	?
ZUC	non-polymer	?
ZUD	non-polymer	?
ZUE	non-polymer	?
ZUF	NON-POLYMER	?
ZUG	non-polymer	?
ZUI	NON-POLYMER	?
ZUJ	non-polymer	?
ZUK	D-PEPTIDE LINKING	?
ZUL	non-polymer	?
ZUN	NON-POLYMER	?
ZUO	non-polymer	?
ZUP	non-polymer	?
ZUQ	non-polymer	?
ZUS	non-polymer	?
ZUT	non-polymer	?
ZUV	non-polymer	?
ZUW	non-polymer	?
ZUY	non-polymer	?
ZUZ	non-polymer	?
ZV1	non-polymer	?
ZV2	non-polymer	?
ZV4	L-peptide linking	PHE
ZV5	non-polymer	?
ZV7	non-polymer	?
ZV8	non-polymer	?
ZVA	non-polymer	?
ZVB	non-polymer	?
ZVD	non-polymer	?
ZVE	non-polymer	?
ZVG	non-polymer	?
ZVH	non-polymer	?
ZVJ	non-polymer	?
ZVK	non-polymer	?
ZVM	non-polymer	?
ZVN	non-polymer	?
ZVO	NON-POLYMER	?
ZVP	non-polymer	?
ZVR	non-polymer	?
ZVS	non-polymer	?
ZVT	non-polymer	?
ZVU	non-polymer	?
ZVV	non-polymer	?
ZVW	non-polymer	?
ZVX	non-polymer	?
ZVY	non-polymer	?
ZVZ	non-polymer	?
ZW0	non-polymer	?
ZW1	non-polymer	?
ZW2	NON-POLYMER	?
ZW3	non-polymer	?
ZW4	non-polymer	?
ZW5	non-polymer	?
ZW6	non-polymer	?
ZW7	non-polymer	?
ZW9	non-polymer	?
ZWA	non-polymer	?
ZWB	non-polymer	?
ZWD	non-polymer	?
ZWE	non-polymer	?
ZWG	non-polymer	?
ZWH	non-polymer	?
ZWI	NON-POLYMER	?
ZWK	non-polymer	?
ZWL	non-polymer	?
ZWN	non-polymer	?
ZWO	non-polymer	?
ZWP	NON-POLYMER	?
ZWS	non-polymer	?
ZWV	non-polymer	?
ZWW	non-polymer	?
ZWY	non-polymer	?
ZWZ	NON-POLYMER	?
ZX0	non-polymer	?
ZX1	NON-POLYMER	?
ZX3	non-polymer	?
ZX4	non-polymer	?
ZX5	NON-POLYMER	?
ZX6	NON-POLYMER	?
ZX7	NON-POLYMER	?
ZX8	NON-POLYMER	?
ZX9	NON-POLYMER	?
ZXA	NON-POLYMER	?
ZXB	NON-POLYMER	?
ZXC	NON-POLYMER	?
ZXD	NON-POLYMER	?
ZXE	non-polymer	?
ZXF	non-polymer	?
ZXG	NON-POLYMER	?
ZXH	non-polymer	?
ZXI	NON-POLYMER	?
ZXJ	non-polymer	?
ZXK	non-polymer	?
ZXL	non-polymer	?
ZXM	NON-POLYMER	?
ZXN	non-polymer	?
ZXO	non-polymer	?
ZXP	non-polymer	?
ZXQ	non-polymer	?
ZXR	non-polymer	?
ZXS	non-polymer	?
ZXT	non-polymer	?
ZXU	NON-POLYMER	?
ZXV	non-polymer	?
ZXW	NON-POLYMER	?
ZXX	peptide-like	?
ZXY	NON-POLYMER	?
ZXZ	NON-POLYMER	?
ZY0	non-polymer	?
ZY1	non-polymer	?
ZY2	non-polymer	?
ZY3	non-polymer	?
ZY4	non-polymer	?
ZY5	non-polymer	?
ZY6	non-polymer	?
ZY7	non-polymer	?
ZY8	non-polymer	?
ZY9	L-peptide linking	?
ZYA	peptide-like	?
ZYB	non-polymer	?
ZYC	NON-POLYMER	?
ZYD	NON-POLYMER	?
ZYE	non-polymer	?
ZYF	NON-POLYMER	?
ZYG	NON-POLYMER	?
ZYH	NON-POLYMER	?
ZYI	NON-POLYMER	?
ZYJ	L-peptide linking	PRO
ZYK	L-peptide linking	PRO
ZYL	NON-POLYMER	?
ZYM	NON-POLYMER	?
ZYN	NON-POLYMER	?
ZYO	NON-POLYMER	?
ZYP	NON-POLYMER	?
ZYQ	non-polymer	?
ZYR	non-polymer	?
ZYS	non-polymer	?
ZYT	non-polymer	?
ZYU	non-polymer	?
ZYV	non-polymer	?
ZYW	non-polymer	?
ZYX	NON-POLYMER	?
ZYY	NON-POLYMER	?
ZYZ	NON-POLYMER	?
ZZ0	non-polymer	?
ZZ1	NON-POLYMER	?
ZZ2	non-polymer	?
ZZ3	non-polymer	?
ZZ4	non-polymer	?
ZZ5	non-polymer	?
ZZ6	non-polymer	?
ZZ7	non-polymer	?
ZZ8	non-polymer	?
ZZ9	NON-POLYMER	?
ZZA	non-polymer	?
ZZB	NON-POLYMER	?
ZZC	NON-POLYMER	?
ZZD	L-PEPTIDE LINKING	CYS
ZZE	non-polymer	?
ZZF	non-polymer	?
ZZG	non-polymer	?
ZZH	NON-POLYMER	?
ZZI	non-polymer	?
ZZJ	L-PEPTIDE LINKING	ALA
ZZK	non-polymer	?
ZZL	non-polymer	?
ZZM	NON-POLYMER	?
ZZN	non-polymer	?
ZZO	non-polymer	?
ZZP	NON-POLYMER	?
ZZQ	NON-POLYMER	?
ZZR	non-polymer	?
ZZS	non-polymer	?
ZZT	non-polymer	?
ZZU	L-PEPTIDE LINKING	?
ZZV	NON-POLYMER	?
ZZW	NON-POLYMER	?
ZZX	NON-POLYMER	?
ZZY	non-polymer	?
ZZZ	NON-POLYMER	?
